grid_id,col,row,centroid_lat,centroid_lon,elevation_mean_m,elevation_min_m,elevation_max_m,slope_mean_deg,water_pct_gsw
G00000,0,0,18.849536,72.700886,0.0,0.0,0.0,0.0,1.0
G00001,1,0,18.849595,72.705628,0.0,0.0,0.0,0.0,1.0
G00002,2,0,18.849653,72.710371,0.0,0.0,0.0,0.0,1.0
G00003,3,0,18.849711,72.715113,0.0,0.0,0.0,0.0,1.0
G00004,4,0,18.849769,72.719856,0.0,0.0,0.0,0.0,1.0
G00005,5,0,18.849827,72.724598,0.0,0.0,0.0,0.0,1.0
G00006,6,0,18.849885,72.729341,0.0,0.0,0.0,0.0,1.0
G00007,7,0,18.849943,72.734084,0.0,0.0,0.0,0.0,1.0
G00008,8,0,18.850001,72.738826,0.0,0.0,0.0,0.0,1.0
G00009,9,0,18.850058,72.743569,0.0,0.0,0.0,0.0,1.0
G00010,10,0,18.850116,72.748312,0.0,0.0,0.0,0.0,1.0
G00011,11,0,18.850173,72.753054,0.0,0.0,0.0,0.0,1.0
G00012,12,0,18.85023,72.757797,0.0,0.0,0.0,0.0,1.0
G00013,13,0,18.850287,72.76254,0.0,0.0,0.0,0.0,1.0
G00014,14,0,18.850344,72.767282,0.0,0.0,0.0,0.0,1.0
G00015,15,0,18.850401,72.772025,0.0,0.0,0.0,0.0,1.0
G00016,16,0,18.850458,72.776768,0.0,0.0,0.0,0.0,1.0
G00017,17,0,18.850514,72.781511,0.0,0.0,0.0,0.0,1.0
G00018,18,0,18.850571,72.786254,0.0,0.0,0.0,0.0,1.0
G00019,19,0,18.850627,72.790996,0.0,0.0,0.0,0.0,1.0
G00020,20,0,18.850683,72.795739,0.0,0.0,0.0,0.0,1.0
G00021,21,0,18.850739,72.800482,0.0,0.0,0.0,0.0,1.0
G00022,22,0,18.850795,72.805225,0.0,0.0,0.0,0.0,1.0
G00023,23,0,18.850851,72.809968,0.0,0.0,0.0,0.0,1.0
G00024,24,0,18.850907,72.814711,0.0,0.0,0.0,0.0,1.0
G00025,25,0,18.850963,72.819454,0.0,0.0,0.0,0.0,1.0
G00026,26,0,18.851018,72.824197,0.0,0.0,0.0,0.0,1.0
G00027,27,0,18.851074,72.82894,0.0,0.0,0.0,0.0,1.0
G00028,28,0,18.851129,72.833683,0.0,0.0,0.0,0.0,1.0
G00029,29,0,18.851184,72.838426,0.0,0.0,0.0,0.0,1.0
G00030,30,0,18.851239,72.843169,0.0,0.0,0.0,0.0,1.0
G00031,31,0,18.851294,72.847912,0.0,0.0,0.0,0.0,1.0
G00032,32,0,18.851349,72.852655,0.0,0.0,0.0,0.0,1.0
G00033,33,0,18.851403,72.857398,0.0,0.0,0.0,0.0,1.0
G00034,34,0,18.851458,72.862141,0.0,0.0,0.0,0.0,1.0
G00035,35,0,18.851512,72.866884,0.0,0.0,0.0,0.0,1.0
G00036,36,0,18.851566,72.871627,0.0,0.0,0.0,0.0,1.0
G00037,37,0,18.851621,72.87637,0.0,0.0,0.0,0.0,1.0
G00038,38,0,18.851675,72.881113,0.0,0.0,0.0,0.0,1.0
G00039,39,0,18.851729,72.885856,0.0,0.0,0.0,0.0,1.0
G00040,40,0,18.851782,72.8906,0.0,0.0,0.0,0.0,1.0
G00041,41,0,18.851836,72.895343,0.0,0.0,0.0,0.0,1.0
G00042,42,0,18.85189,72.900086,0.0,0.0,0.0,0.0,1.0
G00043,43,0,18.851943,72.904829,0.0,0.0,0.0,0.0,1.0
G00044,44,0,18.851996,72.909572,0.0,0.0,0.0,0.0,1.0
G00045,45,0,18.85205,72.914316,0.0,0.0,0.0,0.0,1.0
G00046,46,0,18.852103,72.919059,0.02,-0.07,1.23,0.053,1.0
G00047,47,0,18.852156,72.923802,2.39,0.0,31.7,2.07,0.8237
G00048,48,0,18.852208,72.928545,24.75,0.0,98.31,11.067,0.2798
G00049,49,0,18.852261,72.933289,109.3,0.0,237.77,23.953,0.0316
G00050,50,0,18.852314,72.938032,122.96,23.0,266.94,24.006,0.0
G00051,51,0,18.852366,72.942775,86.1,36.53,238.39,19.417,0.0
G00052,52,0,18.852419,72.947519,23.38,9.31,46.73,4.013,0.0
G00053,53,0,18.852471,72.952262,8.01,1.54,16.9,2.55,0.0
G00054,54,0,18.852523,72.957006,2.3,0.0,6.86,1.259,0.1108
G00055,55,0,18.852575,72.961749,1.07,0.0,6.66,0.755,0.5069
G00056,56,0,18.852627,72.966492,0.34,0.0,2.94,0.21,0.8053
G00057,57,0,18.852679,72.971236,0.0,0.0,0.0,0.0,1.0
G00058,58,0,18.85273,72.975979,0.0,0.0,0.0,0.0,1.0
G00059,59,0,18.852782,72.980723,1.28,0.0,4.5,0.61,0.7091
G00060,60,0,18.852833,72.985466,2.29,0.0,3.12,0.366,0.0316
G00061,61,0,18.852884,72.99021,1.78,1.2,2.45,0.292,0.1468
G00062,62,0,18.852936,72.994953,1.6,1.02,2.07,0.255,0.25
G00063,63,0,18.852987,72.999697,1.52,1.06,1.94,0.22,0.0
G00064,64,0,18.853038,73.00444,1.42,1.03,2.04,0.195,0.0
G00065,65,0,18.853088,73.009184,1.57,1.04,2.73,0.37,0.0
G00066,66,0,18.853139,73.013927,2.63,0.88,8.08,0.813,0.0
G00067,67,0,18.85319,73.018671,14.86,2.68,39.96,4.307,0.0
G00068,68,0,18.85324,73.023415,28.88,15.21,55.84,6.624,0.0
G00069,69,0,18.85329,73.028158,74.01,18.58,118.33,11.641,0.0
G00070,70,0,18.85334,73.032902,81.97,24.28,127.78,14.288,0.0
G00071,71,0,18.853391,73.037646,26.5,11.02,90.92,9.38,0.0
G00072,72,0,18.85344,73.042389,36.4,13.78,70.28,10.945,0.0
G00073,73,0,18.85349,73.047133,49.31,15.0,91.45,13.757,0.0055
G00074,74,0,18.85354,73.051877,63.63,26.41,105.63,14.346,0.0
G00075,75,0,18.85359,73.05662,52.42,23.6,110.18,9.803,0.0
G00076,76,0,18.853639,73.061364,150.32,40.65,260.28,21.123,0.0
G00077,77,0,18.853688,73.066108,230.87,154.21,275.04,18.824,0.0
G00078,78,0,18.853738,73.070852,150.43,48.8,246.93,20.038,0.0
G00079,79,0,18.853787,73.075595,44.52,25.61,98.41,9.463,0.0
G00080,80,0,18.853836,73.080339,45.11,25.61,67.97,5.296,0.0
G00081,81,0,18.853885,73.085083,32.73,8.89,46.16,6.711,0.0
G00082,82,0,18.853933,73.089827,18.74,2.75,50.26,6.552,0.0
G00083,83,0,18.853982,73.094571,4.54,2.79,18.64,1.352,0.0
G00084,84,0,18.85403,73.099314,24.84,6.66,45.28,6.463,0.0
G00085,85,0,18.854079,73.104058,34.16,17.34,55.9,5.316,0.0
G00086,0,1,18.854051,72.700824,0.0,0.0,0.0,0.0,1.0
G00087,1,1,18.85411,72.705567,0.0,0.0,0.0,0.0,1.0
G00088,2,1,18.854168,72.710309,0.0,0.0,0.0,0.0,1.0
G00089,3,1,18.854227,72.715052,0.0,0.0,0.0,0.0,1.0
G00090,4,1,18.854285,72.719795,0.0,0.0,0.0,0.0,1.0
G00091,5,1,18.854343,72.724537,0.0,0.0,0.0,0.0,1.0
G00092,6,1,18.854401,72.72928,0.0,0.0,0.0,0.0,1.0
G00093,7,1,18.854458,72.734023,0.0,0.0,0.0,0.0,1.0
G00094,8,1,18.854516,72.738766,0.0,0.0,0.0,0.0,1.0
G00095,9,1,18.854574,72.743508,0.0,0.0,0.0,0.0,1.0
G00096,10,1,18.854631,72.748251,0.0,0.0,0.0,0.0,1.0
G00097,11,1,18.854688,72.752994,0.0,0.0,0.0,0.0,1.0
G00098,12,1,18.854746,72.757737,0.0,0.0,0.0,0.0,1.0
G00099,13,1,18.854803,72.76248,0.0,0.0,0.0,0.0,1.0
G00100,14,1,18.85486,72.767223,0.0,0.0,0.0,0.0,1.0
G00101,15,1,18.854917,72.771966,0.0,0.0,0.0,0.0,1.0
G00102,16,1,18.854973,72.776708,0.0,0.0,0.0,0.0,1.0
G00103,17,1,18.85503,72.781451,0.0,0.0,0.0,0.0,1.0
G00104,18,1,18.855086,72.786194,0.0,0.0,0.0,0.0,1.0
G00105,19,1,18.855143,72.790937,0.0,0.0,0.0,0.0,1.0
G00106,20,1,18.855199,72.79568,0.0,0.0,0.0,0.0,1.0
G00107,21,1,18.855255,72.800423,0.0,0.0,0.0,0.0,1.0
G00108,22,1,18.855311,72.805166,0.0,0.0,0.0,0.0,1.0
G00109,23,1,18.855367,72.809909,0.0,0.0,0.0,0.0,1.0
G00110,24,1,18.855423,72.814652,0.0,0.0,0.0,0.0,1.0
G00111,25,1,18.855478,72.819395,0.0,0.0,0.0,0.0,1.0
G00112,26,1,18.855534,72.824138,0.0,0.0,0.0,0.0,1.0
G00113,27,1,18.855589,72.828881,0.0,0.0,0.0,0.0,1.0
G00114,28,1,18.855644,72.833625,0.0,0.0,0.0,0.0,1.0
G00115,29,1,18.8557,72.838368,0.0,0.0,0.0,0.0,1.0
G00116,30,1,18.855755,72.843111,0.0,0.0,0.0,0.0,1.0
G00117,31,1,18.85581,72.847854,0.0,0.0,0.0,0.0,1.0
G00118,32,1,18.855864,72.852597,0.0,0.0,0.0,0.0,1.0
G00119,33,1,18.855919,72.85734,0.0,0.0,0.0,0.0,1.0
G00120,34,1,18.855974,72.862084,0.0,0.0,0.0,0.0,1.0
G00121,35,1,18.856028,72.866827,0.0,0.0,0.0,0.0,1.0
G00122,36,1,18.856082,72.87157,0.0,0.0,0.0,0.0,1.0
G00123,37,1,18.856136,72.876313,0.0,0.0,0.0,0.0,1.0
G00124,38,1,18.85619,72.881056,0.0,0.0,0.0,0.0,1.0
G00125,39,1,18.856244,72.8858,0.0,0.0,0.0,0.0,1.0
G00126,40,1,18.856298,72.890543,0.0,0.0,0.0,0.0,1.0
G00127,41,1,18.856352,72.895286,0.0,0.0,0.0,0.0,1.0
G00128,42,1,18.856406,72.90003,0.0,0.0,0.0,0.0,1.0
G00129,43,1,18.856459,72.904773,0.0,0.0,0.0,0.0,1.0
G00130,44,1,18.856512,72.909516,0.0,0.0,0.0,0.0,1.0
G00131,45,1,18.856566,72.91426,0.0,0.0,0.0,0.0,1.0
G00132,46,1,18.856619,72.919003,0.03,-0.16,1.23,0.066,1.0
G00133,47,1,18.856672,72.923747,5.95,0.0,21.39,2.593,0.435
G00134,48,1,18.856724,72.92849,31.81,11.36,80.28,8.457,0.0
G00135,49,1,18.856777,72.933233,163.76,48.54,260.74,20.713,0.0
G00136,50,1,18.85683,72.937977,258.85,125.29,302.0,18.12,0.0
G00137,51,1,18.856882,72.94272,82.94,30.2,247.37,18.587,0.01
G00138,52,1,18.856935,72.947464,23.02,10.44,41.87,3.066,0.0
G00139,53,1,18.856987,72.952207,9.83,1.66,17.24,2.443,0.0
G00140,54,1,18.857039,72.956951,2.0,1.17,10.12,0.722,0.0
G00141,55,1,18.857091,72.961694,1.93,0.12,2.92,0.472,0.0026
G00142,56,1,18.857143,72.966438,1.62,0.0,5.39,1.157,0.225
G00143,57,1,18.857195,72.971182,0.91,0.0,3.67,0.586,0.5658
G00144,58,1,18.857246,72.975925,0.0,0.0,0.2,0.008,0.99
G00145,59,1,18.857298,72.980669,0.0,0.0,0.0,0.006,1.0
G00146,60,1,18.857349,72.985412,1.17,0.0,3.04,0.49,0.45
G00147,61,1,18.857401,72.990156,1.48,0.56,2.38,0.364,0.0921
G00148,62,1,18.857452,72.9949,1.35,0.71,2.26,0.316,0.0975
G00149,63,1,18.857503,72.999643,1.36,0.9,1.8,0.212,0.0
G00150,64,1,18.857554,73.004387,1.6,0.95,3.53,0.396,0.0
G00151,65,1,18.857604,73.009131,1.56,0.96,3.78,0.391,0.0
G00152,66,1,18.857655,73.013874,2.84,0.92,9.57,0.962,0.0
G00153,67,1,18.857706,73.018618,8.79,3.62,33.9,2.619,0.0237
G00154,68,1,18.857756,73.023362,34.6,6.37,72.35,8.524,0.0
G00155,69,1,18.857806,73.028106,64.19,29.86,91.53,9.011,0.0
G00156,70,1,18.857857,73.032849,21.73,4.97,83.17,8.557,0.0
G00157,71,1,18.857907,73.037593,16.64,6.37,39.02,5.026,0.0
G00158,72,1,18.857957,73.042337,18.5,5.56,47.99,6.84,0.0
G00159,73,1,18.858007,73.047081,26.51,9.19,60.12,10.093,0.0
G00160,74,1,18.858056,73.051824,47.58,14.17,89.25,12.29,0.0
G00161,75,1,18.858106,73.056568,23.97,15.9,45.4,4.045,0.0
G00162,76,1,18.858155,73.061312,78.14,24.82,154.23,14.548,0.0
G00163,77,1,18.858205,73.066056,203.64,108.88,286.51,20.255,0.0
G00164,78,1,18.858254,73.0708,202.18,98.41,285.79,20.603,0.0
G00165,79,1,18.858303,73.075544,105.58,47.45,181.79,17.756,0.0
G00166,80,1,18.858352,73.080288,54.27,41.25,83.61,6.463,0.0
G00167,81,1,18.858401,73.085032,39.53,12.09,60.71,5.893,0.0
G00168,82,1,18.85845,73.089776,11.57,3.41,49.27,4.158,0.0
G00169,83,1,18.858498,73.09452,5.41,3.41,11.49,1.318,0.0
G00170,84,1,18.858547,73.099264,24.49,6.87,74.2,6.095,0.0
G00171,85,1,18.858595,73.104007,50.32,29.52,78.96,8.153,0.0
G00172,0,2,18.858567,72.700763,0.0,0.0,0.0,0.0,1.0
G00173,1,2,18.858625,72.705505,0.0,0.0,0.0,0.0,1.0
G00174,2,2,18.858684,72.710248,0.0,0.0,0.0,0.0,1.0
G00175,3,2,18.858742,72.714991,0.0,0.0,0.0,0.0,1.0
G00176,4,2,18.8588,72.719734,0.0,0.0,0.0,0.0,1.0
G00177,5,2,18.858858,72.724477,0.0,0.0,0.0,0.0,1.0
G00178,6,2,18.858916,72.729219,0.0,0.0,0.0,0.0,1.0
G00179,7,2,18.858974,72.733962,0.0,0.0,0.0,0.0,1.0
G00180,8,2,18.859032,72.738705,0.0,0.0,0.0,0.0,1.0
G00181,9,2,18.859089,72.743448,0.0,0.0,0.0,0.0,1.0
G00182,10,2,18.859147,72.748191,0.0,0.0,0.0,0.0,1.0
G00183,11,2,18.859204,72.752934,0.0,0.0,0.0,0.0,1.0
G00184,12,2,18.859261,72.757677,0.0,0.0,0.0,0.0,1.0
G00185,13,2,18.859318,72.76242,0.0,0.0,0.0,0.0,1.0
G00186,14,2,18.859375,72.767163,0.0,0.0,0.0,0.0,1.0
G00187,15,2,18.859432,72.771906,0.0,0.0,0.0,0.0,1.0
G00188,16,2,18.859489,72.776649,0.0,0.0,0.0,0.0,1.0
G00189,17,2,18.859545,72.781392,0.0,0.0,0.0,0.0,1.0
G00190,18,2,18.859602,72.786135,0.0,0.0,0.0,0.0,1.0
G00191,19,2,18.859658,72.790878,0.0,0.0,0.0,0.0,1.0
G00192,20,2,18.859714,72.795621,0.0,0.0,0.0,0.0,1.0
G00193,21,2,18.859771,72.800364,0.0,0.0,0.0,0.0,1.0
G00194,22,2,18.859827,72.805107,0.0,0.0,0.0,0.0,1.0
G00195,23,2,18.859882,72.809851,0.0,0.0,0.0,0.0,1.0
G00196,24,2,18.859938,72.814594,0.0,0.0,0.0,0.0,1.0
G00197,25,2,18.859994,72.819337,0.0,0.0,0.0,0.0,1.0
G00198,26,2,18.860049,72.82408,0.0,0.0,0.0,0.0,1.0
G00199,27,2,18.860105,72.828823,0.0,0.0,0.0,0.0,1.0
G00200,28,2,18.86016,72.833567,0.0,0.0,0.0,0.0,1.0
G00201,29,2,18.860215,72.83831,0.0,0.0,0.0,0.0,1.0
G00202,30,2,18.86027,72.843053,0.0,0.0,0.0,0.0,1.0
G00203,31,2,18.860325,72.847796,0.0,0.0,0.0,0.0,1.0
G00204,32,2,18.86038,72.85254,0.0,0.0,0.0,0.0,1.0
G00205,33,2,18.860435,72.857283,0.0,0.0,0.0,0.0,1.0
G00206,34,2,18.860489,72.862026,0.0,0.0,0.0,0.0,1.0
G00207,35,2,18.860544,72.86677,0.0,0.0,0.0,0.0,1.0
G00208,36,2,18.860598,72.871513,0.0,0.0,0.0,0.0,1.0
G00209,37,2,18.860652,72.876256,0.0,0.0,0.0,0.0,1.0
G00210,38,2,18.860706,72.881,0.0,0.0,0.0,0.0,1.0
G00211,39,2,18.86076,72.885743,0.0,0.0,0.0,0.0,1.0
G00212,40,2,18.860814,72.890487,0.0,0.0,0.0,0.0,1.0
G00213,41,2,18.860868,72.89523,0.0,0.0,0.0,0.0,1.0
G00214,42,2,18.860921,72.899973,0.0,0.0,0.0,0.0,1.0
G00215,43,2,18.860975,72.904717,0.0,0.0,0.0,0.0,1.0
G00216,44,2,18.861028,72.90946,0.0,0.0,0.0,0.0,1.0
G00217,45,2,18.861081,72.914204,0.0,0.0,0.0,0.0,1.0
G00218,46,2,18.861135,72.918947,0.0,0.0,0.14,0.003,1.0
G00219,47,2,18.861188,72.923691,4.85,0.0,16.63,1.984,0.5474
G00220,48,2,18.86124,72.928435,23.83,9.74,73.94,5.692,0.0055
G00221,49,2,18.861293,72.933178,120.58,34.08,257.41,22.591,0.0
G00222,50,2,18.861346,72.937922,225.28,99.0,293.76,21.628,0.0
G00223,51,2,18.861398,72.942665,52.28,28.0,125.29,10.468,0.0079
G00224,52,2,18.861451,72.947409,20.07,10.52,33.46,2.908,0.0
G00225,53,2,18.861503,72.952153,10.18,1.91,17.19,2.787,0.0
G00226,54,2,18.861555,72.956896,2.0,1.05,6.83,0.612,0.0
G00227,55,2,18.861607,72.96164,1.66,0.0,2.46,0.594,0.0139
G00228,56,2,18.861659,72.966384,1.92,0.0,2.89,0.543,0.0
G00229,57,2,18.861711,72.971127,2.48,0.0,4.19,0.781,0.0111
G00230,58,2,18.861762,72.975871,1.86,0.0,4.85,0.899,0.3026
G00231,59,2,18.861814,72.980615,0.68,0.0,3.98,0.494,0.7452
G00232,60,2,18.861865,72.985358,0.32,0.0,2.19,0.257,0.8526
G00233,61,2,18.861917,72.990102,1.42,0.0,3.75,0.388,0.0416
G00234,62,2,18.861968,72.994846,1.16,0.7,1.47,0.227,0.0
G00235,63,2,18.862019,72.99959,1.56,0.91,5.47,0.553,0.0
G00236,64,2,18.86207,73.004333,2.94,1.03,5.62,1.053,0.0
G00237,65,2,18.862121,73.009077,2.98,1.23,7.7,1.231,0.0
G00238,66,2,18.862171,73.013821,2.62,0.94,12.09,1.163,0.0053
G00239,67,2,18.862222,73.018565,3.89,1.13,9.32,1.219,0.0
G00240,68,2,18.862272,73.023309,27.0,5.45,72.35,8.171,0.0
G00241,69,2,18.862323,73.028053,47.35,8.5,80.99,13.448,0.0
G00242,70,2,18.862373,73.032797,10.06,2.01,42.94,5.383,0.0
G00243,71,2,18.862423,73.037541,18.11,3.92,38.49,6.832,0.0
G00244,72,2,18.862473,73.042284,9.31,2.0,31.11,3.991,0.0
G00245,73,2,18.862523,73.047028,10.24,2.96,54.86,3.624,0.0
G00246,74,2,18.862573,73.051772,15.91,7.78,57.11,3.971,0.0026
G00247,75,2,18.862622,73.056516,17.6,9.91,29.36,2.425,0.0
G00248,76,2,18.862672,73.06126,53.32,21.32,119.48,12.994,0.0
G00249,77,2,18.862721,73.066004,133.72,45.71,219.48,18.384,0.0
G00250,78,2,18.86277,73.070748,218.38,152.91,288.36,19.383,0.0
G00251,79,2,18.862819,73.075492,183.88,79.44,263.68,15.399,0.0
G00252,80,2,18.862868,73.080236,104.08,51.91,184.86,15.871,0.0
G00253,81,2,18.862917,73.08498,44.02,12.15,77.94,7.427,0.0
G00254,82,2,18.862966,73.089724,13.55,5.79,31.38,3.066,0.0
G00255,83,2,18.863015,73.094469,8.17,4.51,24.0,2.464,0.0
G00256,84,2,18.863063,73.099213,15.49,6.68,30.83,3.419,0.0
G00257,85,2,18.863112,73.103957,55.65,18.22,96.06,9.967,0.0
G00258,0,3,18.863082,72.700701,0.0,0.0,0.0,0.0,1.0
G00259,1,3,18.86314,72.705444,0.0,0.0,0.0,0.0,1.0
G00260,2,3,18.863199,72.710187,0.0,0.0,0.0,0.0,1.0
G00261,3,3,18.863257,72.71493,0.0,0.0,0.0,0.0,1.0
G00262,4,3,18.863315,72.719673,0.0,0.0,0.0,0.0,1.0
G00263,5,3,18.863373,72.724416,0.0,0.0,0.0,0.0,1.0
G00264,6,3,18.863431,72.729159,0.0,0.0,0.0,0.0,1.0
G00265,7,3,18.863489,72.733902,0.0,0.0,0.0,0.0,1.0
G00266,8,3,18.863547,72.738645,0.0,0.0,0.0,0.0,1.0
G00267,9,3,18.863605,72.743388,0.0,0.0,0.0,0.0,1.0
G00268,10,3,18.863662,72.748131,0.0,0.0,0.0,0.0,1.0
G00269,11,3,18.863719,72.752874,0.0,0.0,0.0,0.0,1.0
G00270,12,3,18.863777,72.757617,0.0,0.0,0.0,0.0,1.0
G00271,13,3,18.863834,72.76236,0.0,0.0,0.0,0.0,1.0
G00272,14,3,18.863891,72.767103,0.0,0.0,0.0,0.0,1.0
G00273,15,3,18.863948,72.771846,0.0,0.0,0.0,0.0,1.0
G00274,16,3,18.864004,72.776589,0.0,0.0,0.0,0.0,1.0
G00275,17,3,18.864061,72.781333,0.0,0.0,0.0,0.0,1.0
G00276,18,3,18.864117,72.786076,0.0,0.0,0.0,0.0,1.0
G00277,19,3,18.864174,72.790819,0.0,0.0,0.0,0.0,1.0
G00278,20,3,18.86423,72.795562,0.0,0.0,0.0,0.0,1.0
G00279,21,3,18.864286,72.800305,0.0,0.0,0.0,0.0,1.0
G00280,22,3,18.864342,72.805049,0.0,0.0,0.0,0.0,1.0
G00281,23,3,18.864398,72.809792,0.0,0.0,0.0,0.0,1.0
G00282,24,3,18.864454,72.814535,0.0,0.0,0.0,0.0,1.0
G00283,25,3,18.86451,72.819279,0.0,0.0,0.0,0.0,1.0
G00284,26,3,18.864565,72.824022,0.0,0.0,0.0,0.0,1.0
G00285,27,3,18.86462,72.828765,0.0,0.0,0.0,0.0,1.0
G00286,28,3,18.864676,72.833509,0.0,0.0,0.0,0.0,1.0
G00287,29,3,18.864731,72.838252,0.0,0.0,0.0,0.0,1.0
G00288,30,3,18.864786,72.842995,0.0,0.0,0.0,0.0,1.0
G00289,31,3,18.864841,72.847739,0.0,0.0,0.0,0.0,1.0
G00290,32,3,18.864896,72.852482,0.0,0.0,0.0,0.0,1.0
G00291,33,3,18.86495,72.857226,0.0,0.0,0.0,0.0,1.0
G00292,34,3,18.865005,72.861969,0.0,0.0,0.0,0.0,1.0
G00293,35,3,18.865059,72.866713,0.0,0.0,0.0,0.0,1.0
G00294,36,3,18.865114,72.871456,0.0,0.0,0.0,0.0,1.0
G00295,37,3,18.865168,72.876199,0.0,0.0,0.0,0.0,1.0
G00296,38,3,18.865222,72.880943,0.0,0.0,0.0,0.0,1.0
G00297,39,3,18.865276,72.885687,0.0,0.0,0.0,0.0,1.0
G00298,40,3,18.86533,72.89043,0.0,0.0,0.0,0.0,1.0
G00299,41,3,18.865384,72.895174,0.0,0.0,0.0,0.0,1.0
G00300,42,3,18.865437,72.899917,0.0,0.0,0.0,0.0,1.0
G00301,43,3,18.865491,72.904661,0.0,0.0,0.0,0.0,1.0
G00302,44,3,18.865544,72.909404,0.0,0.0,0.0,0.0,1.0
G00303,45,3,18.865597,72.914148,0.0,0.0,0.0,0.0,1.0
G00304,46,3,18.86565,72.918892,0.0,0.0,0.0,0.0,1.0
G00305,47,3,18.865703,72.923635,7.68,0.0,24.41,3.473,0.3175
G00306,48,3,18.865756,72.928379,21.48,8.56,76.89,5.494,0.0
G00307,49,3,18.865809,72.933123,107.08,25.22,222.3,21.173,0.0
G00308,50,3,18.865862,72.937866,173.75,75.04,252.9,23.676,0.0
G00309,51,3,18.865914,72.94261,40.59,20.63,99.36,8.275,0.0
G00310,52,3,18.865967,72.947354,16.74,9.2,29.77,2.339,0.0
G00311,53,3,18.866019,72.952098,7.08,1.54,14.55,1.802,0.0
G00312,54,3,18.866071,72.956841,2.48,1.5,3.45,0.49,0.0
G00313,55,3,18.866123,72.961585,1.73,0.0,3.14,0.802,0.2658
G00314,56,3,18.866175,72.966329,2.51,1.72,3.67,0.403,0.0
G00315,57,3,18.866227,72.971073,2.43,1.15,4.51,0.566,0.1237
G00316,58,3,18.866278,72.975817,3.27,0.0,5.91,1.226,0.1
G00317,59,3,18.86633,72.980561,3.06,1.21,5.02,1.05,0.2368
G00318,60,3,18.866381,72.985304,1.88,0.0,4.95,0.993,0.41
G00319,61,3,18.866433,72.990048,1.24,0.0,3.75,0.757,0.5053
G00320,62,3,18.866484,72.994792,2.17,0.68,9.92,1.143,0.0
G00321,63,3,18.866535,72.999536,2.79,1.13,6.0,1.27,0.0026
G00322,64,3,18.866586,73.00428,2.57,0.72,6.53,1.145,0.0
G00323,65,3,18.866637,73.009024,1.73,0.58,4.24,0.556,0.0
G00324,66,3,18.866688,73.013768,1.43,0.58,2.21,0.301,0.0025
G00325,67,3,18.866738,73.018512,1.98,0.77,5.53,0.442,0.0026
G00326,68,3,18.866789,73.023256,3.98,1.29,14.16,1.305,0.0
G00327,69,3,18.866839,73.028,7.49,1.01,43.53,4.247,0.0053
G00328,70,3,18.866889,73.032744,4.18,0.89,20.99,1.976,0.0
G00329,71,3,18.866939,73.037488,12.61,1.59,30.2,5.038,0.0
G00330,72,3,18.866989,73.042232,2.72,1.3,14.7,1.133,0.0
G00331,73,3,18.867039,73.046976,5.18,2.05,11.19,1.662,0.0
G00332,74,3,18.867089,73.05172,8.87,3.58,13.04,1.618,0.0
G00333,75,3,18.867138,73.056464,13.58,8.93,27.22,2.734,0.0
G00334,76,3,18.867188,73.061208,67.15,18.27,115.44,16.546,0.0
G00335,77,3,18.867237,73.065952,95.6,34.88,187.68,16.52,0.0
G00336,78,3,18.867287,73.070697,235.11,145.89,291.72,18.591,0.0
G00337,79,3,18.867336,73.075441,231.35,161.09,294.16,15.602,0.0
G00338,80,3,18.867385,73.080185,124.41,70.23,191.3,14.195,0.0
G00339,81,3,18.867434,73.084929,62.4,17.72,96.06,10.264,0.0
G00340,82,3,18.867482,73.089673,25.12,6.37,76.51,6.578,0.0
G00341,83,3,18.867531,73.094417,14.43,6.21,36.24,4.512,0.0
G00342,84,3,18.86758,73.099162,18.2,8.25,33.85,4.991,0.0
G00343,85,3,18.867628,73.103906,50.92,18.74,106.57,9.721,0.0
G00344,0,4,18.867597,72.700639,0.0,0.0,0.0,0.0,1.0
G00345,1,4,18.867656,72.705382,0.0,0.0,0.0,0.0,1.0
G00346,2,4,18.867714,72.710125,0.0,0.0,0.0,0.0,1.0
G00347,3,4,18.867772,72.714869,0.0,0.0,0.0,0.0,1.0
G00348,4,4,18.867831,72.719612,0.0,0.0,0.0,0.0,1.0
G00349,5,4,18.867889,72.724355,0.0,0.0,0.0,0.0,1.0
G00350,6,4,18.867947,72.729098,0.0,0.0,0.0,0.0,1.0
G00351,7,4,18.868005,72.733841,0.0,0.0,0.0,0.0,1.0
G00352,8,4,18.868062,72.738584,0.0,0.0,0.0,0.0,1.0
G00353,9,4,18.86812,72.743327,0.0,0.0,0.0,0.0,1.0
G00354,10,4,18.868177,72.74807,0.0,0.0,0.0,0.0,1.0
G00355,11,4,18.868235,72.752814,0.0,0.0,0.0,0.0,1.0
G00356,12,4,18.868292,72.757557,0.0,0.0,0.0,0.0,1.0
G00357,13,4,18.868349,72.7623,0.0,0.0,0.0,0.0,1.0
G00358,14,4,18.868406,72.767043,0.0,0.0,0.0,0.0,1.0
G00359,15,4,18.868463,72.771787,0.0,0.0,0.0,0.0,1.0
G00360,16,4,18.86852,72.77653,0.0,0.0,0.0,0.0,1.0
G00361,17,4,18.868576,72.781273,0.0,0.0,0.0,0.0,1.0
G00362,18,4,18.868633,72.786016,0.0,0.0,0.0,0.0,1.0
G00363,19,4,18.868689,72.79076,0.0,0.0,0.0,0.0,1.0
G00364,20,4,18.868746,72.795503,0.0,0.0,0.0,0.0,1.0
G00365,21,4,18.868802,72.800247,0.0,0.0,0.0,0.0,1.0
G00366,22,4,18.868858,72.80499,0.0,0.0,0.0,0.0,1.0
G00367,23,4,18.868914,72.809733,0.0,0.0,0.0,0.0,1.0
G00368,24,4,18.868969,72.814477,0.0,0.0,0.0,0.0,1.0
G00369,25,4,18.869025,72.81922,0.0,0.0,0.0,0.0,1.0
G00370,26,4,18.869081,72.823964,0.0,0.0,0.0,0.0,1.0
G00371,27,4,18.869136,72.828707,0.0,0.0,0.0,0.0,1.0
G00372,28,4,18.869191,72.833451,0.0,0.0,0.0,0.0,1.0
G00373,29,4,18.869247,72.838194,0.0,0.0,0.0,0.0,1.0
G00374,30,4,18.869302,72.842938,0.0,0.0,0.0,0.0,1.0
G00375,31,4,18.869357,72.847681,0.0,0.0,0.0,0.0,1.0
G00376,32,4,18.869411,72.852425,0.0,0.0,0.0,0.0,1.0
G00377,33,4,18.869466,72.857168,0.0,0.0,0.0,0.0,1.0
G00378,34,4,18.869521,72.861912,0.0,0.0,0.0,0.0,1.0
G00379,35,4,18.869575,72.866655,0.0,0.0,0.0,0.0,1.0
G00380,36,4,18.86963,72.871399,0.0,0.0,0.0,0.0,1.0
G00381,37,4,18.869684,72.876143,0.0,0.0,0.0,0.0,1.0
G00382,38,4,18.869738,72.880886,0.0,0.0,0.0,0.0,1.0
G00383,39,4,18.869792,72.88563,0.0,0.0,0.0,0.0,1.0
G00384,40,4,18.869846,72.890374,0.0,0.0,0.0,0.0,1.0
G00385,41,4,18.869899,72.895117,0.0,0.0,0.0,0.0,1.0
G00386,42,4,18.869953,72.899861,0.0,0.0,0.0,0.0,1.0
G00387,43,4,18.870007,72.904605,0.0,0.0,0.0,0.0,1.0
G00388,44,4,18.87006,72.909348,0.0,0.0,0.0,0.0,1.0
G00389,45,4,18.870113,72.914092,0.0,0.0,0.0,0.0,1.0
G00390,46,4,18.870166,72.918836,2.91,0.0,19.06,2.232,0.7368
G00391,47,4,18.870219,72.92358,10.64,0.0,19.62,3.441,0.0184
G00392,48,4,18.870272,72.928324,16.44,9.28,26.91,2.69,0.0
G00393,49,4,18.870325,72.933067,43.02,15.69,141.38,9.896,0.0
G00394,50,4,18.870378,72.937811,57.85,18.1,159.25,14.97,0.0
G00395,51,4,18.87043,72.942555,25.63,8.44,81.56,5.646,0.0
G00396,52,4,18.870483,72.947299,9.87,1.99,20.63,2.106,0.0
G00397,53,4,18.870535,72.952043,5.14,0.84,12.73,1.827,0.0474
G00398,54,4,18.870587,72.956787,1.61,-0.03,6.54,0.918,0.2687
G00399,55,4,18.870639,72.961531,1.61,0.0,4.25,0.83,0.3629
G00400,56,4,18.870691,72.966275,2.46,1.64,3.39,0.473,0.0211
G00401,57,4,18.870743,72.971019,2.53,1.54,3.63,0.491,0.0139
G00402,58,4,18.870795,72.975762,3.49,1.89,5.5,0.704,0.0079
G00403,59,4,18.870846,72.980506,2.42,1.29,4.45,0.526,0.0526
G00404,60,4,18.870898,72.98525,2.21,0.5,4.61,0.794,0.3132
G00405,61,4,18.870949,72.989994,1.59,0.0,4.61,1.175,0.4709
G00406,62,4,18.871,72.994738,2.1,0.0,10.13,1.412,0.4842
G00407,63,4,18.871051,72.999483,2.23,-7.23,8.67,1.568,0.0388
G00408,64,4,18.871102,73.004227,2.85,1.03,8.8,1.394,0.0
G00409,65,4,18.871153,73.008971,2.58,0.83,8.8,0.915,0.0
G00410,66,4,18.871204,73.013715,1.49,0.84,2.03,0.31,0.0368
G00411,67,4,18.871254,73.018459,1.71,-0.49,4.43,0.488,0.1385
G00412,68,4,18.871305,73.023203,1.53,0.99,2.45,0.282,0.0026
G00413,69,4,18.871355,73.027947,2.0,0.83,15.77,0.914,0.0
G00414,70,4,18.871405,73.032691,2.08,0.79,14.64,0.809,0.0
G00415,71,4,18.871455,73.037435,2.41,1.34,6.86,0.747,0.0
G00416,72,4,18.871505,73.04218,1.96,1.24,4.26,0.536,0.0
G00417,73,4,18.871555,73.046924,3.29,1.47,8.71,0.93,0.0
G00418,74,4,18.871605,73.051668,7.51,3.58,11.51,1.632,0.0105
G00419,75,4,18.871655,73.056412,12.21,6.88,29.66,2.258,0.0
G00420,76,4,18.871704,73.061156,38.07,14.96,106.61,11.944,0.0
G00421,77,4,18.871754,73.065901,65.17,20.6,170.19,14.39,0.0
G00422,78,4,18.871803,73.070645,179.84,63.28,281.96,19.53,0.0
G00423,79,4,18.871852,73.075389,222.82,154.72,289.51,16.236,0.0
G00424,80,4,18.871901,73.080133,149.01,89.88,210.16,15.678,0.0
G00425,81,4,18.87195,73.084878,96.27,75.14,142.24,8.456,0.0
G00426,82,4,18.871999,73.089622,50.29,8.15,105.8,11.019,0.0
G00427,83,4,18.872047,73.094366,14.99,7.81,40.08,4.542,0.0
G00428,84,4,18.872096,73.099111,26.86,12.45,51.44,7.629,0.0
G00429,85,4,18.872144,73.103855,33.22,14.84,90.16,6.205,0.0
G00430,0,5,18.872112,72.700578,0.0,0.0,0.0,0.0,1.0
G00431,1,5,18.872171,72.705321,0.0,0.0,0.0,0.0,1.0
G00432,2,5,18.872229,72.710064,0.0,0.0,0.0,0.0,1.0
G00433,3,5,18.872288,72.714807,0.0,0.0,0.0,0.0,1.0
G00434,4,5,18.872346,72.719551,0.0,0.0,0.0,0.0,1.0
G00435,5,5,18.872404,72.724294,0.0,0.0,0.0,0.0,1.0
G00436,6,5,18.872462,72.729037,0.0,0.0,0.0,0.0,1.0
G00437,7,5,18.87252,72.73378,0.0,0.0,0.0,0.0,1.0
G00438,8,5,18.872578,72.738523,0.0,0.0,0.0,0.0,1.0
G00439,9,5,18.872635,72.743267,0.0,0.0,0.0,0.0,1.0
G00440,10,5,18.872693,72.74801,0.0,0.0,0.0,0.0,1.0
G00441,11,5,18.87275,72.752753,0.0,0.0,0.0,0.0,1.0
G00442,12,5,18.872807,72.757497,0.0,0.0,0.0,0.0,1.0
G00443,13,5,18.872865,72.76224,0.0,0.0,0.0,0.0,1.0
G00444,14,5,18.872922,72.766983,0.0,0.0,0.0,0.0,1.0
G00445,15,5,18.872978,72.771727,0.0,0.0,0.0,0.0,1.0
G00446,16,5,18.873035,72.77647,0.0,0.0,0.0,0.0,1.0
G00447,17,5,18.873092,72.781214,0.0,0.0,0.0,0.0,1.0
G00448,18,5,18.873148,72.785957,0.0,0.0,0.0,0.0,1.0
G00449,19,5,18.873205,72.790701,0.0,0.0,0.0,0.0,1.0
G00450,20,5,18.873261,72.795444,0.0,0.0,0.0,0.0,1.0
G00451,21,5,18.873317,72.800188,0.0,0.0,0.0,0.0,1.0
G00452,22,5,18.873373,72.804931,0.0,0.0,0.0,0.0,1.0
G00453,23,5,18.873429,72.809675,0.0,0.0,0.0,0.0,1.0
G00454,24,5,18.873485,72.814418,0.0,0.0,0.0,0.0,1.0
G00455,25,5,18.873541,72.819162,0.0,0.0,0.0,0.0,1.0
G00456,26,5,18.873596,72.823905,0.0,0.0,0.0,0.0,1.0
G00457,27,5,18.873652,72.828649,0.0,0.0,0.0,0.0,1.0
G00458,28,5,18.873707,72.833392,0.0,0.0,0.0,0.0,1.0
G00459,29,5,18.873762,72.838136,0.0,0.0,0.0,0.0,1.0
G00460,30,5,18.873817,72.84288,0.0,0.0,0.0,0.0,1.0
G00461,31,5,18.873872,72.847623,0.0,0.0,0.0,0.0,1.0
G00462,32,5,18.873927,72.852367,0.0,0.0,0.0,0.0,1.0
G00463,33,5,18.873982,72.857111,0.0,0.0,0.0,0.0,1.0
G00464,34,5,18.874036,72.861854,0.0,0.0,0.0,0.0,1.0
G00465,35,5,18.874091,72.866598,0.0,0.0,0.0,0.0,1.0
G00466,36,5,18.874145,72.871342,0.0,0.0,0.0,0.0,1.0
G00467,37,5,18.8742,72.876086,0.0,0.0,0.0,0.0,1.0
G00468,38,5,18.874254,72.880829,0.0,0.0,0.0,0.0,1.0
G00469,39,5,18.874308,72.885573,0.0,0.0,0.0,0.0,1.0
G00470,40,5,18.874362,72.890317,0.0,0.0,0.0,0.0,1.0
G00471,41,5,18.874415,72.895061,0.0,0.0,0.0,0.0,1.0
G00472,42,5,18.874469,72.899805,0.0,0.0,0.0,0.0,1.0
G00473,43,5,18.874522,72.904549,0.0,0.0,0.0,0.0,1.0
G00474,44,5,18.874576,72.909292,0.0,0.0,0.0,0.0,1.0
G00475,45,5,18.874629,72.914036,0.07,0.0,8.64,0.189,0.97
G00476,46,5,18.874682,72.91878,6.67,0.0,17.09,3.304,0.15
G00477,47,5,18.874735,72.923524,7.54,3.4,16.68,2.52,0.0
G00478,48,5,18.874788,72.928268,12.46,6.29,20.74,2.824,0.0
G00479,49,5,18.874841,72.933012,16.99,11.69,26.69,2.937,0.0
G00480,50,5,18.874894,72.937756,17.61,10.51,26.96,2.742,0.0
G00481,51,5,18.874946,72.9425,12.58,3.16,23.34,2.71,0.0
G00482,52,5,18.874999,72.947244,3.73,1.15,9.69,1.244,0.0316
G00483,53,5,18.875051,72.951988,2.36,0.46,6.94,1.11,0.1275
G00484,54,5,18.875103,72.956732,3.07,0.56,7.78,1.046,0.0342
G00485,55,5,18.875155,72.961476,2.54,1.74,3.77,0.442,0.0
G00486,56,5,18.875207,72.96622,2.65,1.44,4.7,0.646,0.0175
G00487,57,5,18.875259,72.970964,3.04,1.5,6.23,0.752,0.0237
G00488,58,5,18.875311,72.975708,3.56,1.18,8.25,1.501,0.0125
G00489,59,5,18.875362,72.980452,2.82,1.46,4.2,0.827,0.05
G00490,60,5,18.875414,72.985196,2.78,0.57,8.58,1.166,0.22
G00491,61,5,18.875465,72.989941,2.86,0.0,8.58,1.545,0.1895
G00492,62,5,18.875516,72.994685,2.56,0.0,6.26,1.052,0.2575
G00493,63,5,18.875567,72.999429,1.35,0.0,6.22,1.063,0.5447
G00494,64,5,18.875618,73.004173,1.57,0.0,3.12,0.566,0.0775
G00495,65,5,18.875669,73.008917,1.68,0.85,3.08,0.441,0.0
G00496,66,5,18.87572,73.013662,1.56,0.37,2.78,0.425,0.26
G00497,67,5,18.87577,73.018406,1.68,0.16,5.33,0.599,0.2184
G00498,68,5,18.875821,73.02315,1.67,1.02,2.7,0.346,0.0025
G00499,69,5,18.875871,73.027894,7.2,1.01,29.56,2.858,0.0
G00500,70,5,18.875922,73.032638,6.34,-0.29,29.56,3.749,0.0125
G00501,71,5,18.875972,73.037383,1.68,1.23,2.71,0.252,0.0
G00502,72,5,18.876022,73.042127,1.88,0.8,2.96,0.44,0.005
G00503,73,5,18.876072,73.046871,3.93,1.48,11.32,1.384,0.0
G00504,74,5,18.876121,73.051616,7.18,4.01,12.31,1.692,0.0
G00505,75,5,18.876171,73.05636,15.76,8.24,47.66,3.879,0.0
G00506,76,5,18.876221,73.061104,52.06,22.21,84.17,11.142,0.0
G00507,77,5,18.87627,73.065849,80.41,22.42,142.8,16.013,0.0
G00508,78,5,18.876319,73.070593,101.22,62.98,172.59,13.647,0.0
G00509,79,5,18.876368,73.075338,154.69,74.18,197.26,14.272,0.0
G00510,80,5,18.876417,73.080082,155.7,93.12,193.34,14.882,0.0
G00511,81,5,18.876466,73.084826,96.8,57.26,149.73,8.199,0.0
G00512,82,5,18.876515,73.089571,55.32,11.1,107.4,13.552,0.0
G00513,83,5,18.876564,73.094315,18.22,9.57,45.59,4.665,0.0
G00514,84,5,18.876612,73.09906,19.43,10.96,40.59,3.752,0.0
G00515,85,5,18.876661,73.103804,27.25,17.88,39.13,2.899,0.0
G00516,0,6,18.876628,72.700516,0.0,0.0,0.0,0.0,1.0
G00517,1,6,18.876686,72.705259,0.0,0.0,0.0,0.0,1.0
G00518,2,6,18.876745,72.710003,0.0,0.0,0.0,0.0,1.0
G00519,3,6,18.876803,72.714746,0.0,0.0,0.0,0.0,1.0
G00520,4,6,18.876861,72.719489,0.0,0.0,0.0,0.0,1.0
G00521,5,6,18.876919,72.724233,0.0,0.0,0.0,0.0,1.0
G00522,6,6,18.876977,72.728976,0.0,0.0,0.0,0.0,1.0
G00523,7,6,18.877035,72.733719,0.0,0.0,0.0,0.0,1.0
G00524,8,6,18.877093,72.738463,0.0,0.0,0.0,0.0,1.0
G00525,9,6,18.877151,72.743206,0.0,0.0,0.0,0.0,1.0
G00526,10,6,18.877208,72.74795,0.0,0.0,0.0,0.0,1.0
G00527,11,6,18.877266,72.752693,0.0,0.0,0.0,0.0,1.0
G00528,12,6,18.877323,72.757437,0.0,0.0,0.0,0.0,1.0
G00529,13,6,18.87738,72.76218,0.0,0.0,0.0,0.0,1.0
G00530,14,6,18.877437,72.766924,0.0,0.0,0.0,0.0,1.0
G00531,15,6,18.877494,72.771667,0.0,0.0,0.0,0.0,1.0
G00532,16,6,18.877551,72.776411,0.0,0.0,0.0,0.0,1.0
G00533,17,6,18.877607,72.781154,0.0,0.0,0.0,0.0,1.0
G00534,18,6,18.877664,72.785898,0.0,0.0,0.0,0.0,1.0
G00535,19,6,18.87772,72.790641,0.0,0.0,0.0,0.0,1.0
G00536,20,6,18.877777,72.795385,0.0,0.0,0.0,0.0,1.0
G00537,21,6,18.877833,72.800129,0.0,0.0,0.0,0.0,1.0
G00538,22,6,18.877889,72.804872,0.0,0.0,0.0,0.0,1.0
G00539,23,6,18.877945,72.809616,0.0,0.0,0.0,0.0,1.0
G00540,24,6,18.878001,72.81436,0.0,0.0,0.0,0.0,1.0
G00541,25,6,18.878056,72.819103,0.0,0.0,0.0,0.0,1.0
G00542,26,6,18.878112,72.823847,0.0,0.0,0.0,0.0,1.0
G00543,27,6,18.878167,72.828591,0.0,0.0,0.0,0.0,1.0
G00544,28,6,18.878223,72.833334,0.0,0.0,0.0,0.0,1.0
G00545,29,6,18.878278,72.838078,0.0,0.0,0.0,0.0,1.0
G00546,30,6,18.878333,72.842822,0.0,0.0,0.0,0.0,1.0
G00547,31,6,18.878388,72.847566,0.0,0.0,0.0,0.0,1.0
G00548,32,6,18.878443,72.85231,0.0,0.0,0.0,0.0,1.0
G00549,33,6,18.878498,72.857053,0.0,0.0,0.0,0.0,1.0
G00550,34,6,18.878552,72.861797,0.0,0.0,0.0,0.0,1.0
G00551,35,6,18.878607,72.866541,0.0,0.0,0.0,0.0,1.0
G00552,36,6,18.878661,72.871285,0.0,0.0,0.0,0.0,1.0
G00553,37,6,18.878715,72.876029,0.0,0.0,0.0,0.0,1.0
G00554,38,6,18.878769,72.880773,0.0,0.0,0.0,0.0,1.0
G00555,39,6,18.878823,72.885517,0.0,0.0,0.0,0.0,1.0
G00556,40,6,18.878877,72.890261,0.0,0.0,0.0,0.0,1.0
G00557,41,6,18.878931,72.895004,0.0,0.0,0.0,0.0,1.0
G00558,42,6,18.878985,72.899748,0.0,0.0,0.0,0.0,1.0
G00559,43,6,18.879038,72.904492,0.0,0.0,0.0,0.0,1.0
G00560,44,6,18.879092,72.909236,0.0,0.0,0.0,0.0,1.0
G00561,45,6,18.879145,72.91398,2.25,0.0,11.57,1.759,0.5868
G00562,46,6,18.879198,72.918724,7.16,2.64,14.69,2.709,0.0
G00563,47,6,18.879251,72.923468,6.73,3.4,14.09,1.939,0.0
G00564,48,6,18.879304,72.928213,10.52,4.16,16.79,3.0,0.0
G00565,49,6,18.879357,72.932957,11.52,4.86,21.25,3.275,0.0
G00566,50,6,18.87941,72.937701,10.7,2.04,19.4,3.449,0.0443
G00567,51,6,18.879462,72.942445,7.4,1.34,19.4,2.57,0.0
G00568,52,6,18.879515,72.947189,2.42,0.72,5.79,0.93,0.0249
G00569,53,6,18.879567,72.951933,2.2,0.28,4.18,0.867,0.0553
G00570,54,6,18.879619,72.956677,2.32,0.31,4.82,0.915,0.0166
G00571,55,6,18.879671,72.961421,2.26,-0.83,4.54,0.88,0.0194
G00572,56,6,18.879723,72.966166,2.64,-0.83,5.29,0.918,0.0579
G00573,57,6,18.879775,72.97091,5.29,0.52,31.97,3.228,0.1911
G00574,58,6,18.879827,72.975654,3.09,-0.37,6.56,1.293,0.1184
G00575,59,6,18.879878,72.980398,2.35,-0.35,6.5,1.389,0.2687
G00576,60,6,18.87993,72.985142,3.23,0.0,6.74,1.59,0.1763
G00577,61,6,18.879981,72.989887,3.67,0.13,8.29,1.381,0.0166
G00578,62,6,18.880032,72.994631,2.78,1.01,6.8,0.637,0.0
G00579,63,6,18.880083,72.999375,2.41,0.0,4.59,0.935,0.0776
G00580,64,6,18.880134,73.00412,1.34,0.0,4.52,0.877,0.4474
G00581,65,6,18.880185,73.008864,1.95,0.0,4.26,0.644,0.1191
G00582,66,6,18.880236,73.013608,1.64,0.99,2.57,0.379,0.0053
G00583,67,6,18.880287,73.018353,1.49,0.86,1.96,0.293,0.0
G00584,68,6,18.880337,73.023097,1.45,0.82,2.36,0.341,0.0
G00585,69,6,18.880388,73.027841,1.79,0.91,10.86,0.582,0.0
G00586,70,6,18.880438,73.032586,2.24,0.65,17.74,1.078,0.0
G00587,71,6,18.880488,73.03733,1.96,1.26,2.39,0.231,0.0
G00588,72,6,18.880538,73.042075,2.01,1.01,4.63,0.47,0.0
G00589,73,6,18.880588,73.046819,8.79,1.48,27.2,2.619,0.0139
G00590,74,6,18.880638,73.051564,12.98,4.98,26.22,3.406,0.0
G00591,75,6,18.880687,73.056308,25.16,9.21,55.58,6.676,0.0
G00592,76,6,18.880737,73.061052,64.26,47.66,93.59,7.816,0.0
G00593,77,6,18.880786,73.065797,67.79,49.19,118.35,6.202,0.0
G00594,78,6,18.880836,73.070541,71.0,44.83,107.04,7.178,0.0
G00595,79,6,18.880885,73.075286,92.24,58.92,170.35,8.784,0.0
G00596,80,6,18.880934,73.080031,125.4,82.96,189.79,14.416,0.0
G00597,81,6,18.880983,73.084775,145.17,86.95,199.07,17.463,0.0
G00598,82,6,18.881032,73.08952,112.47,43.44,197.44,9.34,0.0
G00599,83,6,18.88108,73.094264,57.46,13.1,122.42,13.041,0.0
G00600,84,6,18.881129,73.099009,18.47,12.17,47.99,3.141,0.0
G00601,85,6,18.881177,73.103754,28.63,18.86,72.64,5.064,0.0
G00602,0,7,18.881143,72.700455,0.0,0.0,0.0,0.0,1.0
G00603,1,7,18.881201,72.705198,0.0,0.0,0.0,0.0,1.0
G00604,2,7,18.88126,72.709941,0.0,0.0,0.0,0.0,1.0
G00605,3,7,18.881318,72.714685,0.0,0.0,0.0,0.0,1.0
G00606,4,7,18.881377,72.719428,0.0,0.0,0.0,0.0,1.0
G00607,5,7,18.881435,72.724172,0.0,0.0,0.0,0.0,1.0
G00608,6,7,18.881493,72.728915,0.0,0.0,0.0,0.0,1.0
G00609,7,7,18.881551,72.733659,0.0,0.0,0.0,0.0,1.0
G00610,8,7,18.881608,72.738402,0.0,0.0,0.0,0.0,1.0
G00611,9,7,18.881666,72.743146,0.0,0.0,0.0,0.0,1.0
G00612,10,7,18.881724,72.747889,0.0,0.0,0.0,0.0,1.0
G00613,11,7,18.881781,72.752633,0.0,0.0,0.0,0.0,1.0
G00614,12,7,18.881838,72.757377,0.0,0.0,0.0,0.0,1.0
G00615,13,7,18.881895,72.76212,0.0,0.0,0.0,0.0,1.0
G00616,14,7,18.881952,72.766864,0.0,0.0,0.0,0.0,1.0
G00617,15,7,18.882009,72.771607,0.0,0.0,0.0,0.0,1.0
G00618,16,7,18.882066,72.776351,0.0,0.0,0.0,0.0,1.0
G00619,17,7,18.882123,72.781095,0.0,0.0,0.0,0.0,1.0
G00620,18,7,18.882179,72.785838,0.0,0.0,0.0,0.0,1.0
G00621,19,7,18.882236,72.790582,0.0,0.0,0.0,0.0,1.0
G00622,20,7,18.882292,72.795326,0.0,0.0,0.0,0.0,1.0
G00623,21,7,18.882348,72.80007,0.0,0.0,0.0,0.0,1.0
G00624,22,7,18.882404,72.804813,0.0,0.0,0.0,0.0,1.0
G00625,23,7,18.88246,72.809557,0.0,0.0,0.0,0.0,1.0
G00626,24,7,18.882516,72.814301,0.0,0.0,0.0,0.0,1.0
G00627,25,7,18.882572,72.819045,0.0,0.0,0.0,0.0,1.0
G00628,26,7,18.882628,72.823789,0.0,0.0,0.0,0.0,1.0
G00629,27,7,18.882683,72.828532,0.0,0.0,0.0,0.0,1.0
G00630,28,7,18.882738,72.833276,0.0,0.0,0.0,0.0,1.0
G00631,29,7,18.882794,72.83802,0.0,0.0,0.0,0.0,1.0
G00632,30,7,18.882849,72.842764,0.0,0.0,0.0,0.0,1.0
G00633,31,7,18.882904,72.847508,0.0,0.0,0.0,0.0,1.0
G00634,32,7,18.882959,72.852252,0.0,0.0,0.0,0.0,1.0
G00635,33,7,18.883013,72.856996,0.0,0.0,0.0,0.0,1.0
G00636,34,7,18.883068,72.86174,0.0,0.0,0.0,0.0,1.0
G00637,35,7,18.883122,72.866484,0.0,0.0,0.0,0.0,1.0
G00638,36,7,18.883177,72.871228,0.0,0.0,0.0,0.0,1.0
G00639,37,7,18.883231,72.875972,0.0,0.0,0.0,0.0,1.0
G00640,38,7,18.883285,72.880716,0.0,0.0,0.0,0.0,1.0
G00641,39,7,18.883339,72.88546,0.0,0.0,0.0,0.0,1.0
G00642,40,7,18.883393,72.890204,0.0,0.0,0.0,0.0,1.0
G00643,41,7,18.883447,72.894948,0.0,0.0,0.0,0.0,1.0
G00644,42,7,18.883501,72.899692,0.0,0.0,0.0,0.0,1.0
G00645,43,7,18.883554,72.904436,0.0,0.0,0.26,0.004,1.0
G00646,44,7,18.883608,72.90918,1.89,0.0,16.66,1.357,0.723
G00647,45,7,18.883661,72.913924,7.13,0.0,15.62,2.738,0.1158
G00648,46,7,18.883714,72.918669,10.87,4.92,17.26,2.836,0.0
G00649,47,7,18.883767,72.923413,14.18,7.23,25.56,3.852,0.0
G00650,48,7,18.88382,72.928157,12.66,6.48,22.95,3.094,0.0
G00651,49,7,18.883873,72.932901,11.86,2.8,24.2,3.092,0.0
G00652,50,7,18.883926,72.937645,4.45,1.37,14.71,2.142,0.0
G00653,51,7,18.883978,72.94239,2.15,1.35,6.13,0.462,0.0
G00654,52,7,18.884031,72.947134,2.57,1.56,3.71,0.579,0.0
G00655,53,7,18.884083,72.951878,2.82,1.76,3.96,0.537,0.0
G00656,54,7,18.884135,72.956622,2.83,1.18,5.54,0.703,0.0
G00657,55,7,18.884187,72.961367,2.47,0.81,6.65,1.117,0.0
G00658,56,7,18.884239,72.966111,3.44,0.59,9.88,1.593,0.0184
G00659,57,7,18.884291,72.970855,3.97,0.15,13.68,2.071,0.1385
G00660,58,7,18.884343,72.9756,2.81,0.0,6.77,1.413,0.1421
G00661,59,7,18.884394,72.980344,1.59,-0.84,6.57,0.889,0.4294
G00662,60,7,18.884446,72.985088,1.32,-3.0,6.31,1.522,0.4632
G00663,61,7,18.884497,72.989833,3.6,-2.7,9.89,1.531,0.0443
G00664,62,7,18.884548,72.994577,2.57,0.5,4.88,0.628,0.0605
G00665,63,7,18.8846,72.999322,2.53,0.0,4.84,1.247,0.2355
G00666,64,7,18.884651,73.004066,2.0,0.0,4.45,1.392,0.2684
G00667,65,7,18.884701,73.008811,1.8,0.0,3.87,0.866,0.7036
G00668,66,7,18.884752,73.013555,1.89,0.0,3.8,0.875,0.3711
G00669,67,7,18.884803,73.018299,1.58,0.58,2.47,0.404,0.0
G00670,68,7,18.884853,73.023044,1.34,0.57,2.05,0.405,0.0
G00671,69,7,18.884904,73.027788,1.56,0.25,3.57,0.518,0.0416
G00672,70,7,18.884954,73.032533,1.74,0.16,2.75,0.499,0.0658
G00673,71,7,18.885004,73.037278,1.96,0.32,2.9,0.369,0.0111
G00674,72,7,18.885054,73.042022,2.07,1.28,8.32,0.546,0.0
G00675,73,7,18.885104,73.046767,13.83,2.17,37.74,4.518,0.0111
G00676,74,7,18.885154,73.051511,23.48,12.99,41.25,4.864,0.0
G00677,75,7,18.885204,73.056256,36.72,12.37,94.09,8.139,0.0
G00678,76,7,18.885253,73.061,70.36,49.86,94.09,6.932,0.0
G00679,77,7,18.885303,73.065745,58.13,39.4,75.55,6.563,0.0
G00680,78,7,18.885352,73.07049,65.61,39.86,79.42,7.307,0.0
G00681,79,7,18.885401,73.075234,65.73,37.12,88.35,8.706,0.0
G00682,80,7,18.88545,73.079979,83.12,62.7,92.5,5.221,0.0
G00683,81,7,18.885499,73.084724,103.14,68.2,199.18,9.697,0.0
G00684,82,7,18.885548,73.089468,128.32,57.51,201.18,16.292,0.0
G00685,83,7,18.885597,73.094213,70.19,20.96,131.69,14.608,0.0
G00686,84,7,18.885645,73.098958,30.27,16.56,82.61,7.403,0.0
G00687,85,7,18.885694,73.103703,42.63,23.86,89.3,10.641,0.0
G00688,0,8,18.885658,72.700393,0.0,0.0,0.0,0.0,1.0
G00689,1,8,18.885717,72.705136,0.0,0.0,0.0,0.0,1.0
G00690,2,8,18.885775,72.70988,0.0,0.0,0.0,0.0,1.0
G00691,3,8,18.885834,72.714624,0.0,0.0,0.0,0.0,1.0
G00692,4,8,18.885892,72.719367,0.0,0.0,0.0,0.0,1.0
G00693,5,8,18.88595,72.724111,0.0,0.0,0.0,0.0,1.0
G00694,6,8,18.886008,72.728854,0.0,0.0,0.0,0.0,1.0
G00695,7,8,18.886066,72.733598,0.0,0.0,0.0,0.0,1.0
G00696,8,8,18.886124,72.738342,0.0,0.0,0.0,0.0,1.0
G00697,9,8,18.886181,72.743085,0.0,0.0,0.0,0.0,1.0
G00698,10,8,18.886239,72.747829,0.0,0.0,0.0,0.0,1.0
G00699,11,8,18.886296,72.752573,0.0,0.0,0.0,0.0,1.0
G00700,12,8,18.886354,72.757316,0.0,0.0,0.0,0.0,1.0
G00701,13,8,18.886411,72.76206,0.0,0.0,0.0,0.0,1.0
G00702,14,8,18.886468,72.766804,0.0,0.0,0.0,0.0,1.0
G00703,15,8,18.886525,72.771548,0.0,0.0,0.0,0.0,1.0
G00704,16,8,18.886582,72.776291,0.0,0.0,0.0,0.0,1.0
G00705,17,8,18.886638,72.781035,0.0,0.0,0.0,0.0,1.0
G00706,18,8,18.886695,72.785779,0.0,0.0,0.0,0.0,1.0
G00707,19,8,18.886751,72.790523,0.0,0.0,0.0,0.0,1.0
G00708,20,8,18.886808,72.795267,0.0,0.0,0.0,0.0,1.0
G00709,21,8,18.886864,72.800011,0.0,0.0,0.0,0.0,1.0
G00710,22,8,18.88692,72.804755,0.0,0.0,0.44,0.013,1.0
G00711,23,8,18.886976,72.809498,0.0,0.0,0.0,0.0,1.0
G00712,24,8,18.887032,72.814242,0.0,0.0,0.0,0.0,1.0
G00713,25,8,18.887088,72.818986,0.0,0.0,0.0,0.0,1.0
G00714,26,8,18.887143,72.82373,0.0,0.0,0.0,0.0,1.0
G00715,27,8,18.887199,72.828474,0.0,0.0,0.0,0.0,1.0
G00716,28,8,18.887254,72.833218,0.0,0.0,0.0,0.0,1.0
G00717,29,8,18.887309,72.837962,0.0,0.0,0.0,0.0,1.0
G00718,30,8,18.887364,72.842706,0.0,0.0,0.0,0.0,1.0
G00719,31,8,18.887419,72.84745,0.0,0.0,0.0,0.0,1.0
G00720,32,8,18.887474,72.852194,0.0,0.0,0.0,0.0,1.0
G00721,33,8,18.887529,72.856938,0.0,0.0,0.0,0.0,1.0
G00722,34,8,18.887584,72.861683,0.0,0.0,0.0,0.0,1.0
G00723,35,8,18.887638,72.866427,0.0,0.0,0.0,0.0,1.0
G00724,36,8,18.887693,72.871171,0.0,0.0,0.0,0.0,1.0
G00725,37,8,18.887747,72.875915,0.0,0.0,0.0,0.0,1.0
G00726,38,8,18.887801,72.880659,0.0,0.0,0.0,0.0,1.0
G00727,39,8,18.887855,72.885403,0.0,0.0,0.0,0.0,1.0
G00728,40,8,18.887909,72.890147,0.0,0.0,0.0,0.0,1.0
G00729,41,8,18.887963,72.894892,0.0,0.0,0.0,0.0,1.0
G00730,42,8,18.888016,72.899636,0.0,0.0,0.0,0.0,1.0
G00731,43,8,18.88807,72.90438,0.0,0.0,0.26,0.013,1.0
G00732,44,8,18.888123,72.909124,6.41,0.0,15.98,2.326,0.3211
G00733,45,8,18.888177,72.913869,13.6,6.52,22.65,2.897,0.0
G00734,46,8,18.88823,72.918613,18.37,10.48,29.07,2.702,0.0
G00735,47,8,18.888283,72.923357,22.54,12.6,32.57,3.304,0.0
G00736,48,8,18.888336,72.928101,21.28,11.63,33.99,3.52,0.0
G00737,49,8,18.888389,72.932846,20.72,2.08,51.8,7.429,0.0
G00738,50,8,18.888442,72.93759,2.84,1.4,14.29,1.004,0.0
G00739,51,8,18.888494,72.942334,2.01,1.49,2.52,0.245,0.0
G00740,52,8,18.888547,72.947079,2.23,1.28,3.25,0.467,0.0263
G00741,53,8,18.888599,72.951823,2.14,0.69,3.55,0.533,0.0275
G00742,54,8,18.888651,72.956568,2.5,0.5,9.23,1.2,0.0316
G00743,55,8,18.888703,72.961312,2.58,0.5,6.65,1.002,0.0368
G00744,56,8,18.888755,72.966057,2.63,0.7,7.99,0.981,0.28
G00745,57,8,18.888807,72.970801,3.05,0.6,6.26,1.064,0.2763
G00746,58,8,18.888859,72.975545,3.07,0.0,6.22,1.078,0.025
G00747,59,8,18.88891,72.98029,1.94,0.5,4.54,0.637,0.0526
G00748,60,8,18.888962,72.985034,2.55,0.5,9.13,1.278,0.095
G00749,61,8,18.889013,72.989779,3.79,1.0,10.27,1.596,0.3368
G00750,62,8,18.889065,72.994523,2.66,0.5,6.05,0.908,0.3375
G00751,63,8,18.889116,72.999268,2.52,1.64,4.27,0.508,0.0079
G00752,64,8,18.889167,73.004013,2.34,0.0,4.66,1.068,0.1225
G00753,65,8,18.889218,73.008757,1.89,0.0,3.36,0.683,0.2105
G00754,66,8,18.889268,73.013502,1.57,0.02,3.2,0.586,0.1675
G00755,67,8,18.889319,73.018246,1.71,0.08,2.64,0.613,0.1395
G00756,68,8,18.88937,73.022991,1.67,0.3,2.63,0.473,0.0875
G00757,69,8,18.88942,73.027736,1.52,0.0,2.55,0.62,0.1289
G00758,70,8,18.88947,73.03248,2.86,1.0,15.39,1.409,0.0
G00759,71,8,18.88952,73.037225,2.51,1.0,15.28,1.156,0.0
G00760,72,8,18.88957,73.04197,2.81,0.87,9.59,1.336,0.0075
G00761,73,8,18.88962,73.046714,20.02,4.44,48.09,5.759,0.0
G00762,74,8,18.88967,73.051459,31.98,17.28,46.67,5.448,0.0
G00763,75,8,18.88972,73.056204,39.7,11.7,94.09,8.698,0.0263
G00764,76,8,18.889769,73.060948,56.58,17.38,94.09,9.927,0.0
G00765,77,8,18.889819,73.065693,48.94,33.0,75.9,7.324,0.275
G00766,78,8,18.889868,73.070438,41.29,33.0,65.87,5.905,0.3711
G00767,79,8,18.889917,73.075183,43.83,33.0,77.79,5.459,0.0525
G00768,80,8,18.889967,73.079928,64.96,41.97,91.78,9.972,0.0
G00769,81,8,18.890015,73.084672,82.51,53.32,100.59,10.296,0.0
G00770,82,8,18.890064,73.089417,100.69,61.57,129.97,9.263,0.0
G00771,83,8,18.890113,73.094162,125.27,68.63,171.37,12.633,0.0
G00772,84,8,18.890162,73.098907,82.82,26.75,141.38,14.616,0.0
G00773,85,8,18.89021,73.103652,85.26,26.54,145.31,16.861,0.0
G00774,0,9,18.890173,72.700331,0.0,0.0,0.0,0.0,1.0
G00775,1,9,18.890232,72.705075,0.0,0.0,0.0,0.0,1.0
G00776,2,9,18.89029,72.709819,0.0,0.0,0.0,0.0,1.0
G00777,3,9,18.890349,72.714562,0.0,0.0,0.0,0.0,1.0
G00778,4,9,18.890407,72.719306,0.0,0.0,0.0,0.0,1.0
G00779,5,9,18.890465,72.72405,0.0,0.0,0.0,0.0,1.0
G00780,6,9,18.890523,72.728793,0.0,0.0,0.0,0.0,1.0
G00781,7,9,18.890581,72.733537,0.0,0.0,0.0,0.0,1.0
G00782,8,9,18.890639,72.738281,0.0,0.0,0.0,0.0,1.0
G00783,9,9,18.890697,72.743025,0.0,0.0,0.0,0.0,1.0
G00784,10,9,18.890754,72.747769,0.0,0.0,0.0,0.0,1.0
G00785,11,9,18.890812,72.752512,0.0,0.0,0.0,0.0,1.0
G00786,12,9,18.890869,72.757256,0.0,0.0,0.0,0.0,1.0
G00787,13,9,18.890926,72.762,0.0,0.0,0.0,0.0,1.0
G00788,14,9,18.890983,72.766744,0.0,0.0,0.0,0.0,1.0
G00789,15,9,18.89104,72.771488,0.0,0.0,0.0,0.0,1.0
G00790,16,9,18.891097,72.776232,0.0,0.0,0.0,0.0,1.0
G00791,17,9,18.891154,72.780976,0.0,0.0,0.0,0.0,1.0
G00792,18,9,18.89121,72.78572,0.0,0.0,0.0,0.0,1.0
G00793,19,9,18.891267,72.790464,0.0,0.0,0.0,0.0,1.0
G00794,20,9,18.891323,72.795208,0.0,0.0,0.0,0.0,1.0
G00795,21,9,18.891379,72.799952,0.0,0.0,0.0,0.0,1.0
G00796,22,9,18.891436,72.804696,0.03,0.0,0.91,0.067,1.0
G00797,23,9,18.891492,72.80944,0.8,0.0,6.95,0.63,0.7064
G00798,24,9,18.891547,72.814184,0.0,0.0,0.84,0.026,0.9947
G00799,25,9,18.891603,72.818928,0.0,0.0,0.0,0.0,1.0
G00800,26,9,18.891659,72.823672,0.0,0.0,0.0,0.0,1.0
G00801,27,9,18.891714,72.828416,0.0,0.0,0.0,0.0,1.0
G00802,28,9,18.89177,72.83316,0.0,0.0,0.0,0.0,1.0
G00803,29,9,18.891825,72.837904,0.0,0.0,0.0,0.0,1.0
G00804,30,9,18.89188,72.842648,0.0,0.0,0.0,0.0,1.0
G00805,31,9,18.891935,72.847393,0.0,0.0,0.0,0.0,1.0
G00806,32,9,18.89199,72.852137,0.0,0.0,0.0,0.0,1.0
G00807,33,9,18.892045,72.856881,0.0,0.0,0.0,0.0,1.0
G00808,34,9,18.892099,72.861625,0.0,0.0,0.0,0.0,1.0
G00809,35,9,18.892154,72.866369,0.0,0.0,0.0,0.0,1.0
G00810,36,9,18.892208,72.871114,0.0,0.0,0.0,0.0,1.0
G00811,37,9,18.892263,72.875858,0.0,0.0,0.0,0.0,1.0
G00812,38,9,18.892317,72.880602,0.0,0.0,0.0,0.0,1.0
G00813,39,9,18.892371,72.885346,0.0,0.0,0.0,0.0,1.0
G00814,40,9,18.892425,72.890091,0.0,0.0,0.0,0.0,1.0
G00815,41,9,18.892479,72.894835,0.0,0.0,0.0,0.0,1.0
G00816,42,9,18.892532,72.899579,0.0,0.0,0.0,0.0,1.0
G00817,43,9,18.892586,72.904324,0.0,0.0,0.0,0.0,1.0
G00818,44,9,18.892639,72.909068,6.54,0.0,16.75,2.433,0.3158
G00819,45,9,18.892693,72.913813,25.66,10.44,76.51,5.719,0.0
G00820,46,9,18.892746,72.918557,57.6,21.11,151.24,13.132,0.0
G00821,47,9,18.892799,72.923301,37.15,21.56,94.27,5.694,0.0
G00822,48,9,18.892852,72.928046,51.26,14.2,128.07,14.147,0.0
G00823,49,9,18.892905,72.93279,7.78,1.44,30.87,3.202,0.0
G00824,50,9,18.892957,72.937535,2.2,0.21,3.15,0.496,0.0
G00825,51,9,18.89301,72.942279,1.92,0.0,3.1,0.896,0.1658
G00826,52,9,18.893063,72.947024,1.94,0.0,3.33,0.833,0.2465
G00827,53,9,18.893115,72.951768,1.25,0.0,4.02,0.901,0.4079
G00828,54,9,18.893167,72.956513,4.36,0.73,24.35,2.384,0.0471
G00829,55,9,18.893219,72.961257,2.87,1.45,6.58,0.892,0.0803
G00830,56,9,18.893271,72.966002,2.48,0.7,4.69,0.659,0.3737
G00831,57,9,18.893323,72.970747,2.97,1.54,5.9,0.741,0.1717
G00832,58,9,18.893375,72.975491,4.0,1.76,10.14,1.273,0.0
G00833,59,9,18.893427,72.980236,3.81,1.81,10.17,1.458,0.0
G00834,60,9,18.893478,72.98498,3.08,1.14,7.45,1.031,0.0263
G00835,61,9,18.893529,72.989725,2.66,1.15,5.76,1.0,0.1136
G00836,62,9,18.893581,72.99447,2.88,0.92,6.79,1.082,0.0447
G00837,63,9,18.893632,72.999214,2.8,1.59,10.4,0.764,0.0499
G00838,64,9,18.893683,73.003959,2.83,0.0,13.27,1.037,0.0868
G00839,65,9,18.893734,73.008704,1.66,0.0,3.87,0.863,0.1828
G00840,66,9,18.893785,73.013448,1.98,-0.25,7.38,0.849,0.0053
G00841,67,9,18.893835,73.018193,1.69,0.67,5.99,0.53,0.0222
G00842,68,9,18.893886,73.022938,1.53,0.0,2.74,0.501,0.0316
G00843,69,9,18.893936,73.027683,1.52,0.0,3.02,0.428,0.0139
G00844,70,9,18.893986,73.032427,2.15,1.24,12.72,0.638,0.0
G00845,71,9,18.894037,73.037172,2.24,1.3,9.67,0.54,0.0055
G00846,72,9,18.894087,73.041917,7.63,0.73,23.7,2.685,0.0
G00847,73,9,18.894137,73.046662,15.68,4.83,29.82,4.714,0.0
G00848,74,9,18.894186,73.051407,17.48,7.57,33.23,5.045,0.0447
G00849,75,9,18.894236,73.056152,14.08,6.6,43.27,3.923,0.0
G00850,76,9,18.894286,73.060896,23.61,11.11,54.08,6.655,0.0055
G00851,77,9,18.894335,73.065641,31.73,16.88,62.2,5.898,0.0263
G00852,78,9,18.894385,73.070386,33.18,21.05,41.23,1.136,0.8476
G00853,79,9,18.894434,73.075131,38.36,33.0,53.16,4.144,0.5605
G00854,80,9,18.894483,73.079876,51.55,33.0,82.0,7.023,0.1662
G00855,81,9,18.894532,73.084621,47.31,33.0,78.63,6.072,0.0632
G00856,82,9,18.894581,73.089366,62.73,40.3,113.94,9.36,0.0
G00857,83,9,18.894629,73.094111,114.65,72.09,129.21,8.883,0.0
G00858,84,9,18.894678,73.098856,147.13,102.69,189.68,12.097,0.0
G00859,85,9,18.894726,73.103601,165.56,99.48,238.57,15.23,0.0
G00860,0,10,18.894689,72.70027,0.0,0.0,0.0,0.0,1.0
G00861,1,10,18.894747,72.705013,0.0,0.0,0.0,0.0,1.0
G00862,2,10,18.894806,72.709757,0.0,0.0,0.0,0.0,1.0
G00863,3,10,18.894864,72.714501,0.0,0.0,0.0,0.0,1.0
G00864,4,10,18.894922,72.719245,0.0,0.0,0.0,0.0,1.0
G00865,5,10,18.894981,72.723989,0.0,0.0,0.0,0.0,1.0
G00866,6,10,18.895039,72.728733,0.0,0.0,0.0,0.0,1.0
G00867,7,10,18.895097,72.733476,0.0,0.0,0.0,0.0,1.0
G00868,8,10,18.895154,72.73822,0.0,0.0,0.0,0.0,1.0
G00869,9,10,18.895212,72.742964,0.0,0.0,0.0,0.0,1.0
G00870,10,10,18.89527,72.747708,0.0,0.0,0.0,0.0,1.0
G00871,11,10,18.895327,72.752452,0.0,0.0,0.0,0.0,1.0
G00872,12,10,18.895384,72.757196,0.0,0.0,0.0,0.0,1.0
G00873,13,10,18.895442,72.76194,0.0,0.0,0.0,0.0,1.0
G00874,14,10,18.895499,72.766684,0.0,0.0,0.0,0.0,1.0
G00875,15,10,18.895556,72.771428,0.0,0.0,0.0,0.0,1.0
G00876,16,10,18.895613,72.776172,0.0,0.0,0.0,0.0,1.0
G00877,17,10,18.895669,72.780916,0.0,0.0,0.0,0.0,1.0
G00878,18,10,18.895726,72.78566,0.0,0.0,0.0,0.0,1.0
G00879,19,10,18.895782,72.790404,0.0,0.0,0.0,0.0,1.0
G00880,20,10,18.895839,72.795149,0.0,0.0,0.0,0.0,1.0
G00881,21,10,18.895895,72.799893,0.0,0.0,0.0,0.0,1.0
G00882,22,10,18.895951,72.804637,0.51,0.0,7.35,0.496,0.8725
G00883,23,10,18.896007,72.809381,8.91,0.0,24.68,4.117,0.1
G00884,24,10,18.896063,72.814125,5.17,0.0,24.68,2.587,0.5425
G00885,25,10,18.896119,72.818869,0.0,0.0,0.0,0.0,1.0
G00886,26,10,18.896174,72.823614,0.0,0.0,0.0,0.0,1.0
G00887,27,10,18.89623,72.828358,0.0,0.0,0.0,0.0,1.0
G00888,28,10,18.896285,72.833102,0.0,0.0,0.0,0.0,1.0
G00889,29,10,18.896341,72.837846,0.0,0.0,0.0,0.0,1.0
G00890,30,10,18.896396,72.842591,0.0,0.0,0.0,0.0,1.0
G00891,31,10,18.896451,72.847335,0.0,0.0,0.0,0.0,1.0
G00892,32,10,18.896506,72.852079,0.0,0.0,0.0,0.0,1.0
G00893,33,10,18.89656,72.856823,0.0,0.0,0.0,0.0,1.0
G00894,34,10,18.896615,72.861568,0.0,0.0,0.0,0.0,1.0
G00895,35,10,18.89667,72.866312,0.0,0.0,0.0,0.0,1.0
G00896,36,10,18.896724,72.871057,0.0,0.0,0.0,0.0,1.0
G00897,37,10,18.896778,72.875801,0.0,0.0,0.0,0.0,1.0
G00898,38,10,18.896833,72.880545,0.0,0.0,0.0,0.0,1.0
G00899,39,10,18.896887,72.88529,0.0,0.0,0.0,0.0,1.0
G00900,40,10,18.896941,72.890034,0.0,0.0,0.0,0.0,1.0
G00901,41,10,18.896994,72.894779,0.0,0.0,0.0,0.0,1.0
G00902,42,10,18.897048,72.899523,0.0,0.0,0.0,0.0,1.0
G00903,43,10,18.897102,72.904268,0.0,0.0,0.0,0.013,1.0
G00904,44,10,18.897155,72.909012,6.48,0.0,17.12,2.244,0.3079
G00905,45,10,18.897209,72.913757,25.12,10.2,76.98,6.047,0.0
G00906,46,10,18.897262,72.918501,110.41,33.89,199.3,20.882,0.0026
G00907,47,10,18.897315,72.923246,94.51,41.05,183.84,18.985,0.0
G00908,48,10,18.897368,72.92799,58.37,2.15,130.52,15.738,0.0
G00909,49,10,18.897421,72.932735,3.51,1.18,14.2,1.313,0.0
G00910,50,10,18.897473,72.937479,2.76,0.0,5.58,0.661,0.0289
G00911,51,10,18.897526,72.942224,1.44,0.0,3.45,0.732,0.4
G00912,52,10,18.897579,72.946969,1.79,-0.13,3.24,0.698,0.0974
G00913,53,10,18.897631,72.951713,0.59,-0.14,2.9,0.687,0.7625
G00914,54,10,18.897683,72.956458,3.92,-0.32,24.35,2.431,0.2184
G00915,55,10,18.897735,72.961203,2.11,0.52,3.47,0.563,0.1026
G00916,56,10,18.897787,72.965947,2.33,0.5,3.47,0.561,0.12
G00917,57,10,18.897839,72.970692,3.69,2.01,10.1,1.191,0.0
G00918,58,10,18.897891,72.975437,8.63,2.01,15.24,3.117,0.0
G00919,59,10,18.897943,72.980182,8.31,3.51,15.54,3.33,0.0
G00920,60,10,18.897994,72.984926,4.4,1.45,13.34,1.615,0.0075
G00921,61,10,18.898046,72.989671,3.07,1.62,4.56,0.683,0.0184
G00922,62,10,18.898097,72.994416,3.28,1.61,6.74,0.803,0.0025
G00923,63,10,18.898148,72.999161,5.05,2.34,13.43,2.011,0.0053
G00924,64,10,18.898199,73.003905,6.02,1.71,13.34,2.599,0.0
G00925,65,10,18.89825,73.00865,3.18,0.0,6.8,1.393,0.1842
G00926,66,10,18.898301,73.013395,2.72,0.0,9.17,1.263,0.145
G00927,67,10,18.898351,73.01814,1.83,0.57,4.55,0.46,0.0447
G00928,68,10,18.898402,73.022885,1.48,-2.09,2.14,0.431,0.0
G00929,69,10,18.898452,73.02763,1.58,0.84,2.67,0.267,0.0
G00930,70,10,18.898503,73.032375,1.59,1.14,2.43,0.245,0.01
G00931,71,10,18.898553,73.03712,1.92,0.64,3.3,0.354,0.05
G00932,72,10,18.898603,73.041865,4.72,0.64,12.31,1.608,0.0325
G00933,73,10,18.898653,73.046609,6.6,1.43,19.74,2.632,0.0026
G00934,74,10,18.898703,73.051354,8.91,3.42,15.37,3.151,0.0
G00935,75,10,18.898752,73.056099,23.64,7.59,64.03,6.465,0.0
G00936,76,10,18.898802,73.060844,16.42,11.36,45.51,3.936,0.0053
G00937,77,10,18.898852,73.065589,35.85,14.05,63.73,7.591,0.0
G00938,78,10,18.898901,73.070334,36.9,29.97,60.13,4.364,0.6421
G00939,79,10,18.89895,73.07508,41.46,33.0,77.78,5.322,0.52
G00940,80,10,18.898999,73.079825,43.95,33.0,75.72,7.289,0.4263
G00941,81,10,18.899048,73.08457,52.31,33.0,99.18,8.564,0.035
G00942,82,10,18.899097,73.089315,50.6,41.01,91.8,4.778,0.0
G00943,83,10,18.899146,73.09406,90.94,49.63,131.17,11.497,0.0
G00944,84,10,18.899194,73.098805,132.04,69.8,191.58,10.998,0.0
G00945,85,10,18.899243,73.10355,217.08,145.96,295.81,18.315,0.0
G00946,0,11,18.899204,72.700208,0.0,0.0,0.0,0.0,1.0
G00947,1,11,18.899262,72.704952,0.0,0.0,0.0,0.0,1.0
G00948,2,11,18.899321,72.709696,0.0,0.0,0.0,0.0,1.0
G00949,3,11,18.899379,72.71444,0.0,0.0,0.0,0.0,1.0
G00950,4,11,18.899438,72.719184,0.0,0.0,0.0,0.0,1.0
G00951,5,11,18.899496,72.723928,0.0,0.0,0.0,0.0,1.0
G00952,6,11,18.899554,72.728672,0.0,0.0,0.0,0.0,1.0
G00953,7,11,18.899612,72.733416,0.0,0.0,0.0,0.0,1.0
G00954,8,11,18.89967,72.73816,0.0,0.0,0.0,0.0,1.0
G00955,9,11,18.899728,72.742904,0.0,0.0,0.0,0.0,1.0
G00956,10,11,18.899785,72.747648,0.0,0.0,0.0,0.0,1.0
G00957,11,11,18.899843,72.752392,0.0,0.0,0.0,0.0,1.0
G00958,12,11,18.8999,72.757136,0.0,0.0,0.0,0.0,1.0
G00959,13,11,18.899957,72.76188,0.0,0.0,0.0,0.0,1.0
G00960,14,11,18.900014,72.766624,0.0,0.0,0.0,0.0,1.0
G00961,15,11,18.900071,72.771368,0.0,0.0,0.0,0.0,1.0
G00962,16,11,18.900128,72.776113,0.0,0.0,0.0,0.0,1.0
G00963,17,11,18.900185,72.780857,0.0,0.0,0.0,0.0,1.0
G00964,18,11,18.900241,72.785601,0.0,0.0,0.0,0.0,1.0
G00965,19,11,18.900298,72.790345,0.0,0.0,0.0,0.0,1.0
G00966,20,11,18.900354,72.795089,0.0,0.0,0.0,0.0,1.0
G00967,21,11,18.900411,72.799834,0.0,0.0,0.0,0.0,1.0
G00968,22,11,18.900467,72.804578,3.58,0.0,16.91,2.33,0.4632
G00969,23,11,18.900523,72.809322,10.06,3.1,20.61,3.885,0.0
G00970,24,11,18.900579,72.814066,11.67,0.0,28.07,4.491,0.0421
G00971,25,11,18.900634,72.818811,1.49,0.0,28.07,1.4,0.8587
G00972,26,11,18.90069,72.823555,0.0,0.0,0.0,0.0,1.0
G00973,27,11,18.900746,72.828299,0.22,0.0,9.09,0.485,0.9945
G00974,28,11,18.900801,72.833044,0.0,0.0,0.0,0.0,1.0
G00975,29,11,18.900856,72.837788,0.0,0.0,0.0,0.0,1.0
G00976,30,11,18.900911,72.842533,0.0,0.0,0.0,0.0,1.0
G00977,31,11,18.900966,72.847277,0.0,0.0,0.0,0.0,1.0
G00978,32,11,18.901021,72.852022,0.0,0.0,0.0,0.0,1.0
G00979,33,11,18.901076,72.856766,0.0,0.0,0.0,0.0,1.0
G00980,34,11,18.901131,72.86151,0.0,0.0,0.0,0.0,1.0
G00981,35,11,18.901185,72.866255,0.0,0.0,0.0,0.0,1.0
G00982,36,11,18.90124,72.870999,0.0,0.0,0.0,0.0,1.0
G00983,37,11,18.901294,72.875744,0.0,0.0,0.0,0.0,1.0
G00984,38,11,18.901348,72.880488,0.0,0.0,0.0,0.0,1.0
G00985,39,11,18.901402,72.885233,0.0,0.0,0.0,0.0,1.0
G00986,40,11,18.901456,72.889978,0.0,0.0,0.0,0.0,1.0
G00987,41,11,18.90151,72.894722,0.0,0.0,0.0,0.0,1.0
G00988,42,11,18.901564,72.899467,0.0,0.0,0.0,0.0,1.0
G00989,43,11,18.901618,72.904211,0.0,0.0,0.0,0.016,1.0
G00990,44,11,18.901671,72.908956,4.24,0.0,16.73,1.931,0.4598
G00991,45,11,18.901724,72.913701,9.33,0.0,33.89,3.213,0.1579
G00992,46,11,18.901778,72.918445,42.63,2.75,128.4,12.634,0.0
G00993,47,11,18.901831,72.92319,133.04,69.39,198.11,20.93,0.0
G00994,48,11,18.901884,72.927935,69.51,2.53,172.23,18.059,0.0
G00995,49,11,18.901937,72.932679,3.31,0.76,8.56,1.099,0.0079
G00996,50,11,18.901989,72.937424,1.47,0.0,5.58,1.008,0.6427
G00997,51,11,18.902042,72.942169,0.93,0.0,3.48,0.492,0.5974
G00998,52,11,18.902095,72.946914,1.51,0.29,2.92,0.62,0.097
G00999,53,11,18.902147,72.951658,1.51,-2.45,10.72,1.506,0.3842
G01000,54,11,18.902199,72.956403,1.8,0.88,3.16,0.465,0.0859
G01001,55,11,18.902251,72.961148,1.8,0.49,3.35,0.46,0.0111
G01002,56,11,18.902303,72.965893,1.38,-0.59,4.23,0.829,0.4105
G01003,57,11,18.902355,72.970638,2.48,0.5,4.23,0.519,0.2438
G01004,58,11,18.902407,72.975382,6.72,1.81,15.39,3.163,0.0974
G01005,59,11,18.902459,72.980127,9.58,4.7,14.51,2.646,0.0
G01006,60,11,18.90251,72.984872,5.14,0.99,12.99,2.207,0.0
G01007,61,11,18.902562,72.989617,3.17,1.39,5.52,0.854,0.0
G01008,62,11,18.902613,72.994362,2.54,1.34,3.88,0.518,0.0
G01009,63,11,18.902664,72.999107,3.14,1.35,11.96,1.045,0.0028
G01010,64,11,18.902715,73.003852,3.04,0.12,11.34,1.362,0.0237
G01011,65,11,18.902766,73.008597,4.55,1.35,9.93,1.759,0.0499
G01012,66,11,18.902817,73.013342,5.06,0.75,14.57,1.801,0.0105
G01013,67,11,18.902868,73.018087,2.4,0.0,5.97,1.349,0.1468
G01014,68,11,18.902918,73.022832,1.84,0.5,3.71,0.719,0.1211
G01015,69,11,18.902969,73.027577,1.58,0.69,3.08,0.3,0.0166
G01016,70,11,18.903019,73.032322,1.63,1.1,3.2,0.333,0.0
G01017,71,11,18.903069,73.037067,2.46,0.4,4.25,0.71,0.0249
G01018,72,11,18.903119,73.041812,6.59,0.99,16.71,2.112,0.0
G01019,73,11,18.903169,73.046557,6.43,1.43,14.97,2.041,0.0
G01020,74,11,18.903219,73.051302,7.93,4.24,13.66,1.425,0.0
G01021,75,11,18.903269,73.056047,39.79,8.72,85.51,9.264,0.0
G01022,76,11,18.903318,73.060792,29.16,13.68,71.46,6.978,0.0
G01023,77,11,18.903368,73.065538,35.11,14.05,66.09,7.948,0.0
G01024,78,11,18.903417,73.070283,40.95,33.0,63.34,5.125,0.3601
G01025,79,11,18.903466,73.075028,57.7,33.0,85.19,9.568,0.2026
G01026,80,11,18.903516,73.079773,63.57,33.0,88.63,10.316,0.0443
G01027,81,11,18.903565,73.084518,90.51,43.91,115.89,10.803,0.0
G01028,82,11,18.903613,73.089263,60.65,43.38,102.75,9.362,0.0
G01029,83,11,18.903662,73.094009,80.48,53.61,127.39,13.526,0.0
G01030,84,11,18.903711,73.098754,94.6,61.83,167.91,13.753,0.0
G01031,85,11,18.903759,73.103499,206.81,112.85,301.22,18.345,0.0
G01032,0,12,18.903719,72.700146,0.0,0.0,0.0,0.0,1.0
G01033,1,12,18.903778,72.70489,0.0,0.0,0.0,0.0,1.0
G01034,2,12,18.903836,72.709634,0.0,0.0,0.0,0.0,1.0
G01035,3,12,18.903895,72.714378,0.0,0.0,0.0,0.0,1.0
G01036,4,12,18.903953,72.719122,0.0,0.0,0.0,0.0,1.0
G01037,5,12,18.904011,72.723867,0.0,0.0,0.0,0.0,1.0
G01038,6,12,18.904069,72.728611,0.0,0.0,0.0,0.0,1.0
G01039,7,12,18.904127,72.733355,0.0,0.0,0.0,0.0,1.0
G01040,8,12,18.904185,72.738099,0.0,0.0,0.0,0.0,1.0
G01041,9,12,18.904243,72.742843,0.0,0.0,0.0,0.0,1.0
G01042,10,12,18.9043,72.747587,0.0,0.0,0.0,0.0,1.0
G01043,11,12,18.904358,72.752332,0.0,0.0,0.0,0.0,1.0
G01044,12,12,18.904415,72.757076,0.0,0.0,0.0,0.0,1.0
G01045,13,12,18.904473,72.76182,0.0,0.0,0.0,0.0,1.0
G01046,14,12,18.90453,72.766564,0.0,0.0,0.0,0.0,1.0
G01047,15,12,18.904587,72.771309,0.0,0.0,0.0,0.0,1.0
G01048,16,12,18.904644,72.776053,0.0,0.0,0.0,0.0,1.0
G01049,17,12,18.9047,72.780797,0.0,0.0,0.0,0.0,1.0
G01050,18,12,18.904757,72.785541,0.0,0.0,0.0,0.0,1.0
G01051,19,12,18.904813,72.790286,0.0,0.0,0.0,0.0,1.0
G01052,20,12,18.90487,72.79503,0.0,0.0,0.0,0.0,1.0
G01053,21,12,18.904926,72.799775,0.0,0.0,0.0,0.0,1.0
G01054,22,12,18.904982,72.804519,6.26,0.0,22.19,3.531,0.3625
G01055,23,12,18.905038,72.809263,11.3,4.29,19.4,3.916,0.0
G01056,24,12,18.905094,72.814008,12.46,4.29,19.38,3.313,0.0
G01057,25,12,18.90515,72.818752,3.58,0.0,17.66,2.317,0.6605
G01058,26,12,18.905206,72.823497,0.0,0.0,0.0,0.015,0.9975
G01059,27,12,18.905261,72.828241,0.03,0.0,4.28,0.107,1.0
G01060,28,12,18.905317,72.832986,0.0,0.0,0.0,0.0,1.0
G01061,29,12,18.905372,72.83773,0.0,0.0,0.0,0.0,1.0
G01062,30,12,18.905427,72.842475,0.0,0.0,0.0,0.0,1.0
G01063,31,12,18.905482,72.847219,0.0,0.0,0.0,0.0,1.0
G01064,32,12,18.905537,72.851964,0.0,0.0,0.0,0.0,1.0
G01065,33,12,18.905592,72.856708,0.0,0.0,0.0,0.0,1.0
G01066,34,12,18.905647,72.861453,0.0,0.0,0.0,0.0,1.0
G01067,35,12,18.905701,72.866198,0.0,0.0,0.0,0.0,1.0
G01068,36,12,18.905756,72.870942,0.0,0.0,0.0,0.0,1.0
G01069,37,12,18.90581,72.875687,0.0,0.0,0.0,0.0,1.0
G01070,38,12,18.905864,72.880432,0.0,0.0,0.0,0.0,1.0
G01071,39,12,18.905918,72.885176,0.0,0.0,0.0,0.0,1.0
G01072,40,12,18.905972,72.889921,0.0,0.0,0.0,0.0,1.0
G01073,41,12,18.906026,72.894666,0.0,0.0,0.0,0.0,1.0
G01074,42,12,18.90608,72.89941,0.0,0.0,0.0,0.0,1.0
G01075,43,12,18.906133,72.904155,0.0,0.0,0.0,0.0,1.0
G01076,44,12,18.906187,72.9089,0.09,0.0,2.64,0.177,1.0
G01077,45,12,18.90624,72.913645,0.07,-0.01,3.22,0.195,0.9975
G01078,46,12,18.906294,72.918389,22.85,-0.01,81.3,8.575,0.3079
G01079,47,12,18.906347,72.923134,56.3,14.28,110.4,13.12,0.0
G01080,48,12,18.9064,72.927879,54.47,5.31,143.88,17.644,0.0
G01081,49,12,18.906453,72.932624,2.25,0.0,9.78,1.506,0.6525
G01082,50,12,18.906505,72.937369,0.0,0.0,0.76,0.021,1.0
G01083,51,12,18.906558,72.942114,1.36,0.0,14.05,1.301,0.6
G01084,52,12,18.90661,72.946859,1.49,-0.15,12.77,1.114,0.5711
G01085,53,12,18.906663,72.951603,7.49,-0.69,29.45,4.922,0.1475
G01086,54,12,18.906715,72.956348,2.15,-0.09,5.44,0.694,0.1053
G01087,55,12,18.906767,72.961093,2.1,0.5,3.13,0.445,0.0368
G01088,56,12,18.906819,72.965838,1.78,-0.92,4.41,0.838,0.48
G01089,57,12,18.906871,72.970583,2.66,0.17,4.39,0.82,0.3605
G01090,58,12,18.906923,72.975328,5.18,1.95,16.08,2.164,0.0025
G01091,59,12,18.906975,72.980073,6.16,0.5,15.28,2.697,0.0553
G01092,60,12,18.907026,72.984818,2.41,0.96,9.01,1.004,0.03
G01093,61,12,18.907078,72.989563,2.72,0.37,6.62,1.231,0.1
G01094,62,12,18.907129,72.994308,2.04,0.9,4.18,0.895,0.25
G01095,63,12,18.90718,72.999053,2.27,-0.27,4.03,0.818,0.05
G01096,64,12,18.907231,73.003798,2.28,1.2,3.18,0.502,0.0125
G01097,65,12,18.907282,73.008543,2.67,1.14,10.43,0.876,0.0
G01098,66,12,18.907333,73.013289,3.72,1.01,14.57,1.276,0.0
G01099,67,12,18.907384,73.018034,3.88,1.45,9.85,1.467,0.0026
G01100,68,12,18.907434,73.022779,2.46,0.7,5.47,1.009,0.0725
G01101,69,12,18.907485,73.027524,1.99,0.18,8.37,0.942,0.1789
G01102,70,12,18.907535,73.032269,1.76,0.56,3.4,0.537,0.005
G01103,71,12,18.907585,73.037014,2.08,0.36,3.79,0.734,0.0395
G01104,72,12,18.907635,73.041759,3.71,0.7,14.05,1.544,0.005
G01105,73,12,18.907685,73.046505,6.2,2.23,12.16,1.706,0.0289
G01106,74,12,18.907735,73.05125,9.81,5.53,16.83,1.601,0.0
G01107,75,12,18.907785,73.055995,48.25,11.6,104.33,11.124,0.0
G01108,76,12,18.907835,73.06074,49.87,16.48,95.7,11.337,0.0026
G01109,77,12,18.907884,73.065486,48.82,17.41,80.86,9.424,0.0025
G01110,78,12,18.907933,73.070231,50.3,33.0,80.86,9.33,0.1421
G01111,79,12,18.907983,73.074976,64.87,33.0,90.83,8.914,0.005
G01112,80,12,18.908032,73.079721,74.42,39.51,99.6,11.25,0.0
G01113,81,12,18.908081,73.084467,113.71,75.15,163.49,12.595,0.0
G01114,82,12,18.90813,73.089212,107.54,56.07,188.13,15.855,0.0
G01115,83,12,18.908179,73.093957,142.8,62.54,218.47,19.219,0.0
G01116,84,12,18.908227,73.098703,137.23,72.79,217.35,18.471,0.0
G01117,85,12,18.908276,73.103448,232.19,157.63,279.93,19.757,0.0
G01118,0,13,18.908234,72.700084,0.0,0.0,0.0,0.0,1.0
G01119,1,13,18.908293,72.704829,0.0,0.0,0.0,0.0,1.0
G01120,2,13,18.908352,72.709573,0.0,0.0,0.0,0.0,1.0
G01121,3,13,18.90841,72.714317,0.0,0.0,0.0,0.0,1.0
G01122,4,13,18.908468,72.719061,0.0,0.0,0.0,0.0,1.0
G01123,5,13,18.908527,72.723805,0.0,0.0,0.0,0.0,1.0
G01124,6,13,18.908585,72.72855,0.0,0.0,0.0,0.0,1.0
G01125,7,13,18.908643,72.733294,0.0,0.0,0.0,0.0,1.0
G01126,8,13,18.908701,72.738038,0.0,0.0,0.0,0.0,1.0
G01127,9,13,18.908758,72.742783,0.0,0.0,0.0,0.0,1.0
G01128,10,13,18.908816,72.747527,0.0,0.0,0.0,0.0,1.0
G01129,11,13,18.908873,72.752271,0.0,0.0,0.0,0.0,1.0
G01130,12,13,18.908931,72.757016,0.0,0.0,0.0,0.0,1.0
G01131,13,13,18.908988,72.76176,0.0,0.0,0.0,0.0,1.0
G01132,14,13,18.909045,72.766504,0.0,0.0,0.0,0.0,1.0
G01133,15,13,18.909102,72.771249,0.0,0.0,0.0,0.0,1.0
G01134,16,13,18.909159,72.775993,0.0,0.0,0.0,0.0,1.0
G01135,17,13,18.909216,72.780738,0.0,0.0,0.0,0.0,1.0
G01136,18,13,18.909272,72.785482,0.0,0.0,0.0,0.0,1.0
G01137,19,13,18.909329,72.790226,0.0,0.0,0.0,0.0,1.0
G01138,20,13,18.909385,72.794971,0.0,0.0,0.0,0.0,1.0
G01139,21,13,18.909442,72.799715,0.0,0.0,0.0,0.0,1.0
G01140,22,13,18.909498,72.80446,4.16,0.0,17.74,2.373,0.5816
G01141,23,13,18.909554,72.809205,11.18,0.81,23.72,4.596,0.0
G01142,24,13,18.90961,72.813949,8.65,0.12,22.93,3.219,0.0684
G01143,25,13,18.909666,72.818694,9.59,0.0,20.68,4.126,0.1136
G01144,26,13,18.909721,72.823438,5.92,0.0,22.29,3.65,0.4053
G01145,27,13,18.909777,72.828183,0.52,0.0,11.37,0.943,0.9141
G01146,28,13,18.909832,72.832928,0.0,0.0,0.0,0.0,1.0
G01147,29,13,18.909888,72.837672,0.0,0.0,0.0,0.0,1.0
G01148,30,13,18.909943,72.842417,0.0,0.0,0.0,0.0,1.0
G01149,31,13,18.909998,72.847161,0.0,0.0,0.0,0.0,1.0
G01150,32,13,18.910053,72.851906,0.0,0.0,0.0,0.0,1.0
G01151,33,13,18.910108,72.856651,0.0,0.0,0.0,0.0,1.0
G01152,34,13,18.910162,72.861396,0.0,0.0,0.0,0.0,1.0
G01153,35,13,18.910217,72.86614,0.0,0.0,0.0,0.0,1.0
G01154,36,13,18.910271,72.870885,0.0,0.0,0.0,0.0,1.0
G01155,37,13,18.910326,72.87563,0.0,0.0,0.0,0.0,1.0
G01156,38,13,18.91038,72.880375,0.0,0.0,0.0,0.0,1.0
G01157,39,13,18.910434,72.885119,0.0,0.0,0.0,0.0,1.0
G01158,40,13,18.910488,72.889864,0.0,0.0,0.0,0.0,1.0
G01159,41,13,18.910542,72.894609,0.0,0.0,0.0,0.0,1.0
G01160,42,13,18.910596,72.899354,0.0,0.0,0.0,0.0,1.0
G01161,43,13,18.910649,72.904099,0.0,0.0,0.0,0.0,1.0
G01162,44,13,18.910703,72.908844,0.13,0.0,2.52,0.258,1.0
G01163,45,13,18.910756,72.913589,0.0,0.0,0.0,0.0,1.0
G01164,46,13,18.910809,72.918334,3.77,0.0,46.13,2.674,0.7922
G01165,47,13,18.910863,72.923078,8.16,0.0,42.3,3.573,0.4632
G01166,48,13,18.910916,72.927823,7.63,0.0,56.33,4.684,0.5568
G01167,49,13,18.910968,72.932568,0.09,0.0,6.15,0.232,0.9868
G01168,50,13,18.911021,72.937313,0.0,0.0,0.0,0.0,1.0
G01169,51,13,18.911074,72.942058,0.05,0.0,4.28,0.201,1.0
G01170,52,13,18.911126,72.946803,2.58,0.0,24.61,2.231,0.7701
G01171,53,13,18.911179,72.951548,1.82,-0.83,28.98,1.612,0.8816
G01172,54,13,18.911231,72.956293,0.85,-0.83,5.33,0.71,0.831
G01173,55,13,18.911283,72.961039,2.95,0.06,5.01,0.715,0.0748
G01174,56,13,18.911335,72.965784,2.14,0.5,3.36,0.595,0.1447
G01175,57,13,18.911387,72.970529,2.45,0.67,4.43,0.798,0.1828
G01176,58,13,18.911439,72.975274,2.86,1.45,6.93,0.892,0.0184
G01177,59,13,18.911491,72.980019,2.95,-0.09,10.28,1.463,0.0693
G01178,60,13,18.911542,72.984764,3.14,-1.28,6.98,1.466,0.0079
G01179,61,13,18.911594,72.989509,3.17,1.0,8.51,1.245,0.0028
G01180,62,13,18.911645,72.994254,2.43,0.76,8.73,0.91,0.1237
G01181,63,13,18.911696,72.999,1.89,-0.35,4.1,0.797,0.446
G01182,64,13,18.911747,73.003745,2.21,0.84,4.29,0.978,0.0316
G01183,65,13,18.911798,73.00849,1.73,0.1,4.29,0.754,0.1357
G01184,66,13,18.911849,73.013235,1.71,0.59,4.22,0.659,0.1105
G01185,67,13,18.9119,73.01798,2.32,0.88,9.85,0.864,0.0388
G01186,68,13,18.911951,73.022726,3.09,0.18,10.3,1.473,0.0263
G01187,69,13,18.912001,73.027471,3.69,0.52,16.36,1.791,0.0609
G01188,70,13,18.912051,73.032216,1.52,0.89,3.34,0.417,0.0079
G01189,71,13,18.912102,73.036962,1.45,0.76,3.19,0.412,0.0
G01190,72,13,18.912152,73.041707,2.03,0.96,5.42,0.535,0.0
G01191,73,13,18.912202,73.046452,5.44,1.96,11.14,1.489,0.0222
G01192,74,13,18.912252,73.051198,12.74,6.53,33.54,2.929,0.0132
G01193,75,13,18.912301,73.055943,58.11,16.26,109.87,14.005,0.0
G01194,76,13,18.912351,73.060688,80.02,32.01,123.55,12.51,0.0
G01195,77,13,18.9124,73.065434,51.6,20.25,92.72,11.841,0.0
G01196,78,13,18.91245,73.070179,65.12,34.44,99.48,8.721,0.0
G01197,79,13,18.912499,73.074924,66.91,37.78,104.26,9.154,0.0
G01198,80,13,18.912548,73.07967,104.16,54.5,154.11,16.186,0.0
G01199,81,13,18.912597,73.084415,132.98,99.6,178.95,13.763,0.0
G01200,82,13,18.912646,73.089161,183.81,123.26,241.8,15.054,0.0
G01201,83,13,18.912695,73.093906,217.24,125.38,281.32,14.151,0.0
G01202,84,13,18.912744,73.098652,228.31,141.96,298.61,16.633,0.0
G01203,85,13,18.912792,73.103397,175.1,95.07,273.11,20.1,0.0
G01204,0,14,18.912749,72.700023,0.0,0.0,0.0,0.0,1.0
G01205,1,14,18.912808,72.704767,0.0,0.0,0.0,0.0,1.0
G01206,2,14,18.912867,72.709511,0.0,0.0,0.0,0.0,1.0
G01207,3,14,18.912925,72.714256,0.0,0.0,0.0,0.0,1.0
G01208,4,14,18.912984,72.719,0.0,0.0,0.0,0.0,1.0
G01209,5,14,18.913042,72.723744,0.0,0.0,0.0,0.0,1.0
G01210,6,14,18.9131,72.728489,0.0,0.0,0.0,0.0,1.0
G01211,7,14,18.913158,72.733233,0.0,0.0,0.0,0.0,1.0
G01212,8,14,18.913216,72.737977,0.0,0.0,0.0,0.0,1.0
G01213,9,14,18.913274,72.742722,0.0,0.0,0.0,0.0,1.0
G01214,10,14,18.913331,72.747466,0.0,0.0,0.0,0.0,1.0
G01215,11,14,18.913389,72.752211,0.0,0.0,0.0,0.0,1.0
G01216,12,14,18.913446,72.756955,0.0,0.0,0.0,0.0,1.0
G01217,13,14,18.913503,72.7617,0.0,0.0,0.0,0.0,1.0
G01218,14,14,18.913561,72.766444,0.0,0.0,0.0,0.0,1.0
G01219,15,14,18.913618,72.771189,0.0,0.0,0.0,0.0,1.0
G01220,16,14,18.913674,72.775933,0.0,0.0,0.0,0.0,1.0
G01221,17,14,18.913731,72.780678,0.0,0.0,0.0,0.0,1.0
G01222,18,14,18.913788,72.785423,0.0,0.0,0.0,0.0,1.0
G01223,19,14,18.913844,72.790167,0.0,0.0,0.0,0.0,1.0
G01224,20,14,18.913901,72.794912,0.0,0.0,0.0,0.0,1.0
G01225,21,14,18.913957,72.799656,0.0,0.0,0.0,0.0,1.0
G01226,22,14,18.914013,72.804401,0.27,0.0,9.1,0.333,0.9775
G01227,23,14,18.914069,72.809146,3.2,0.0,21.1,2.43,0.6789
G01228,24,14,18.914125,72.81389,1.02,0.0,10.4,0.912,0.835
G01229,25,14,18.914181,72.818635,10.41,0.0,23.65,4.221,0.0237
G01230,26,14,18.914237,72.82338,11.87,0.0,23.65,4.752,0.045
G01231,27,14,18.914292,72.828125,8.12,0.0,22.74,4.384,0.1395
G01232,28,14,18.914348,72.832869,0.21,0.0,6.86,0.378,0.965
G01233,29,14,18.914403,72.837614,0.0,0.0,0.0,0.0,1.0
G01234,30,14,18.914458,72.842359,0.0,0.0,0.0,0.0,1.0
G01235,31,14,18.914514,72.847104,0.0,0.0,0.0,0.0,1.0
G01236,32,14,18.914568,72.851849,0.0,0.0,0.0,0.0,1.0
G01237,33,14,18.914623,72.856593,0.0,0.0,0.0,0.0,1.0
G01238,34,14,18.914678,72.861338,0.0,0.0,0.0,0.0,1.0
G01239,35,14,18.914733,72.866083,0.0,0.0,0.0,0.0,1.0
G01240,36,14,18.914787,72.870828,0.0,0.0,0.0,0.0,1.0
G01241,37,14,18.914842,72.875573,0.0,0.0,0.0,0.0,1.0
G01242,38,14,18.914896,72.880318,0.0,0.0,0.0,0.0,1.0
G01243,39,14,18.91495,72.885063,0.0,0.0,0.0,0.0,1.0
G01244,40,14,18.915004,72.889808,0.0,0.0,0.0,0.0,1.0
G01245,41,14,18.915058,72.894553,0.0,0.0,0.0,0.0,1.0
G01246,42,14,18.915112,72.899298,0.0,0.0,0.0,0.0,1.0
G01247,43,14,18.915165,72.904043,0.0,0.0,0.0,0.0,1.0
G01248,44,14,18.915219,72.908788,0.25,0.0,4.13,0.448,1.0
G01249,45,14,18.915272,72.913533,0.06,0.0,2.21,0.122,1.0
G01250,46,14,18.915325,72.918278,0.0,0.0,0.0,0.0,1.0
G01251,47,14,18.915378,72.923023,0.0,0.0,0.0,0.001,1.0
G01252,48,14,18.915432,72.927768,0.0,0.0,0.0,0.0,1.0
G01253,49,14,18.915484,72.932513,0.0,0.0,0.0,0.0,1.0
G01254,50,14,18.915537,72.937258,0.0,0.0,0.0,0.0,1.0
G01255,51,14,18.91559,72.942003,0.0,0.0,0.0,0.0,1.0
G01256,52,14,18.915642,72.946748,0.0,0.0,0.0,0.0,1.0
G01257,53,14,18.915695,72.951493,0.0,0.0,0.0,0.0,1.0
G01258,54,14,18.915747,72.956239,0.0,0.0,0.06,0.016,1.0
G01259,55,14,18.915799,72.960984,2.99,0.0,5.68,1.033,0.3737
G01260,56,14,18.915851,72.965729,3.15,0.84,4.69,0.586,0.0
G01261,57,14,18.915903,72.970474,2.55,0.96,6.29,0.835,0.1316
G01262,58,14,18.915955,72.975219,3.63,0.78,8.22,1.226,0.02
G01263,59,14,18.916007,72.979965,2.72,-0.35,4.73,0.949,0.0053
G01264,60,14,18.916058,72.98471,2.34,0.23,5.75,0.738,0.0
G01265,61,14,18.91611,72.989455,3.21,1.16,7.67,1.079,0.0
G01266,62,14,18.916161,72.9942,3.69,1.25,8.78,1.368,0.0425
G01267,63,14,18.916212,72.998946,2.46,-0.32,3.91,0.667,0.0211
G01268,64,14,18.916264,73.003691,2.74,0.8,4.74,0.515,0.0
G01269,65,14,18.916314,73.008436,2.14,0.8,3.98,0.903,0.1
G01270,66,14,18.916365,73.013182,1.42,-0.35,3.2,0.709,0.2675
G01271,67,14,18.916416,73.017927,1.54,0.76,3.25,0.57,0.2868
G01272,68,14,18.916467,73.022673,1.84,0.95,4.35,0.582,0.08
G01273,69,14,18.916517,73.027418,4.78,1.31,18.23,2.11,0.0
G01274,70,14,18.916568,73.032163,1.72,1.11,4.7,0.446,0.0
G01275,71,14,18.916618,73.036909,1.8,0.95,6.48,0.671,0.0
G01276,72,14,18.916668,73.041654,2.33,1.1,6.57,0.728,0.0
G01277,73,14,18.916718,73.0464,8.1,1.99,15.37,1.716,0.0
G01278,74,14,18.916768,73.051145,21.22,8.69,74.48,6.779,0.0
G01279,75,14,18.916818,73.055891,93.16,26.55,124.99,13.393,0.0
G01280,76,14,18.916867,73.060636,116.0,79.1,131.32,9.523,0.0
G01281,77,14,18.916917,73.065382,69.19,29.49,119.77,13.329,0.0
G01282,78,14,18.916966,73.070127,84.9,62.49,124.79,9.317,0.0
G01283,79,14,18.917015,73.074873,97.38,58.79,141.65,13.299,0.0
G01284,80,14,18.917065,73.079618,123.23,90.34,158.02,12.885,0.0
G01285,81,14,18.917114,73.084364,159.43,99.31,213.1,14.175,0.0
G01286,82,14,18.917162,73.08911,200.17,136.83,242.32,11.913,0.0
G01287,83,14,18.917211,73.093855,235.94,185.03,288.93,12.511,0.0
G01288,84,14,18.91726,73.098601,288.4,239.96,331.65,14.733,0.0
G01289,85,14,18.917308,73.103346,222.1,144.16,292.14,20.17,0.0
G01290,0,15,18.917265,72.699961,0.0,0.0,0.0,0.0,1.0
G01291,1,15,18.917323,72.704705,0.0,0.0,0.0,0.0,1.0
G01292,2,15,18.917382,72.70945,0.0,0.0,0.0,0.0,1.0
G01293,3,15,18.917441,72.714194,0.0,0.0,0.0,0.0,1.0
G01294,4,15,18.917499,72.718939,0.0,0.0,0.0,0.0,1.0
G01295,5,15,18.917557,72.723683,0.0,0.0,0.0,0.0,1.0
G01296,6,15,18.917615,72.728428,0.0,0.0,0.0,0.0,1.0
G01297,7,15,18.917673,72.733172,0.0,0.0,0.0,0.0,1.0
G01298,8,15,18.917731,72.737917,0.0,0.0,0.0,0.0,1.0
G01299,9,15,18.917789,72.742661,0.0,0.0,0.0,0.0,1.0
G01300,10,15,18.917847,72.747406,0.0,0.0,0.0,0.0,1.0
G01301,11,15,18.917904,72.75215,0.0,0.0,0.0,0.0,1.0
G01302,12,15,18.917962,72.756895,0.0,0.0,0.0,0.0,1.0
G01303,13,15,18.918019,72.76164,0.0,0.0,0.0,0.0,1.0
G01304,14,15,18.918076,72.766384,0.0,0.0,0.0,0.0,1.0
G01305,15,15,18.918133,72.771129,0.0,0.0,0.0,0.0,1.0
G01306,16,15,18.91819,72.775874,0.0,0.0,0.0,0.0,1.0
G01307,17,15,18.918247,72.780618,0.0,0.0,0.0,0.0,1.0
G01308,18,15,18.918303,72.785363,0.0,0.0,0.0,0.0,1.0
G01309,19,15,18.91836,72.790108,0.0,0.0,0.0,0.0,1.0
G01310,20,15,18.918416,72.794853,0.0,0.0,0.0,0.0,1.0
G01311,21,15,18.918473,72.799597,0.0,0.0,0.0,0.0,1.0
G01312,22,15,18.918529,72.804342,0.0,0.0,0.0,0.0,1.0
G01313,23,15,18.918585,72.809087,0.05,0.0,1.19,0.112,1.0
G01314,24,15,18.918641,72.813832,0.23,0.0,10.48,0.545,0.9763
G01315,25,15,18.918697,72.818577,2.6,0.0,18.33,2.346,0.7618
G01316,26,15,18.918752,72.823321,3.88,0.0,18.37,2.562,0.65
G01317,27,15,18.918808,72.828066,12.36,1.19,23.65,5.129,0.0028
G01318,28,15,18.918864,72.832811,5.95,0.0,22.93,3.166,0.5658
G01319,29,15,18.918919,72.837556,0.62,0.0,12.64,0.673,0.9114
G01320,30,15,18.918974,72.842301,0.08,0.0,5.93,0.149,0.9816
G01321,31,15,18.919029,72.847046,0.09,0.0,7.02,0.254,0.9917
G01322,32,15,18.919084,72.851791,0.0,0.0,0.0,0.0,1.0
G01323,33,15,18.919139,72.856536,0.0,0.0,0.0,0.0,1.0
G01324,34,15,18.919194,72.861281,0.0,0.0,0.0,0.0,1.0
G01325,35,15,18.919248,72.866026,0.0,0.0,0.0,0.0,1.0
G01326,36,15,18.919303,72.870771,0.0,0.0,0.0,0.0,1.0
G01327,37,15,18.919357,72.875516,0.0,0.0,0.0,0.0,1.0
G01328,38,15,18.919412,72.880261,0.0,0.0,0.0,0.0,1.0
G01329,39,15,18.919466,72.885006,0.0,0.0,0.0,0.0,1.0
G01330,40,15,18.91952,72.889751,0.0,0.0,0.0,0.0,1.0
G01331,41,15,18.919574,72.894496,0.0,0.0,0.0,0.0,1.0
G01332,42,15,18.919627,72.899241,0.0,0.0,0.0,0.0,1.0
G01333,43,15,18.919681,72.903986,0.0,0.0,0.0,0.0,1.0
G01334,44,15,18.919735,72.908731,0.0,0.0,0.2,0.008,1.0
G01335,45,15,18.919788,72.913477,0.01,0.0,1.74,0.037,1.0
G01336,46,15,18.919841,72.918222,0.0,0.0,0.0,0.0,1.0
G01337,47,15,18.919894,72.922967,0.0,0.0,0.0,0.0,1.0
G01338,48,15,18.919947,72.927712,0.0,0.0,0.0,0.0,1.0
G01339,49,15,18.92,72.932457,0.0,0.0,0.0,0.0,1.0
G01340,50,15,18.920053,72.937203,0.0,0.0,0.0,0.0,1.0
G01341,51,15,18.920106,72.941948,0.0,0.0,0.0,0.0,1.0
G01342,52,15,18.920158,72.946693,0.0,0.0,0.0,0.0,1.0
G01343,53,15,18.920211,72.951438,0.0,0.0,0.0,0.0,1.0
G01344,54,15,18.920263,72.956184,0.03,0.0,1.77,0.071,1.0
G01345,55,15,18.920315,72.960929,3.01,0.0,6.18,1.1,0.3213
G01346,56,15,18.920367,72.965674,4.01,0.84,10.04,1.097,0.0026
G01347,57,15,18.920419,72.97042,4.86,1.8,11.86,1.755,0.0
G01348,58,15,18.920471,72.975165,3.86,-2.05,13.61,1.88,0.0132
G01349,59,15,18.920523,72.97991,2.56,-2.4,5.02,1.003,0.0277
G01350,60,15,18.920575,72.984656,1.94,1.06,3.42,0.388,0.0
G01351,61,15,18.920626,72.989401,1.92,1.25,4.31,0.368,0.0
G01352,62,15,18.920677,72.994147,1.9,0.93,3.63,0.489,0.0421
G01353,63,15,18.920729,72.998892,2.19,0.72,3.42,0.514,0.1662
G01354,64,15,18.92078,73.003637,2.54,1.42,5.12,0.545,0.0053
G01355,65,15,18.920831,73.008383,2.68,1.24,3.61,0.667,0.0499
G01356,66,15,18.920881,73.013128,1.91,-1.07,5.16,0.904,0.0974
G01357,67,15,18.920932,73.017874,1.67,0.08,6.02,0.63,0.3296
G01358,68,15,18.920983,73.022619,2.77,1.03,7.95,1.281,0.0
G01359,69,15,18.921033,73.027365,3.19,0.61,6.94,1.325,0.0526
G01360,70,15,18.921084,73.032111,2.85,0.82,7.83,1.155,0.0
G01361,71,15,18.921134,73.036856,1.99,0.95,6.21,0.707,0.0
G01362,72,15,18.921184,73.041602,4.05,1.27,13.32,1.75,0.0
G01363,73,15,18.921234,73.046347,8.2,3.32,12.75,1.801,0.0
G01364,74,15,18.921284,73.051093,15.06,8.35,36.72,3.143,0.0
G01365,75,15,18.921334,73.055838,38.93,17.07,122.0,10.737,0.0
G01366,76,15,18.921383,73.060584,88.71,28.88,139.26,13.2,0.0
G01367,77,15,18.921433,73.06533,125.81,63.41,172.61,12.073,0.0
G01368,78,15,18.921482,73.070075,123.4,78.42,172.61,12.348,0.0
G01369,79,15,18.921532,73.074821,121.36,83.25,164.25,12.334,0.0
G01370,80,15,18.921581,73.079567,131.77,59.34,166.11,15.439,0.0
G01371,81,15,18.92163,73.084312,112.68,50.0,190.83,14.411,0.0
G01372,82,15,18.921679,73.089058,143.63,75.69,198.8,15.696,0.0
G01373,83,15,18.921728,73.093804,184.09,107.85,263.45,18.8,0.0
G01374,84,15,18.921776,73.09855,254.37,178.45,298.83,13.895,0.0
G01375,85,15,18.921825,73.103295,222.66,129.69,295.67,16.105,0.0
G01376,0,16,18.92178,72.699899,0.0,0.0,0.0,0.0,1.0
G01377,1,16,18.921839,72.704644,0.0,0.0,0.0,0.0,1.0
G01378,2,16,18.921897,72.709388,0.0,0.0,0.0,0.0,1.0
G01379,3,16,18.921956,72.714133,0.0,0.0,0.0,0.0,1.0
G01380,4,16,18.922014,72.718877,0.0,0.0,0.0,0.0,1.0
G01381,5,16,18.922072,72.723622,0.0,0.0,0.0,0.0,1.0
G01382,6,16,18.922131,72.728367,0.0,0.0,0.0,0.0,1.0
G01383,7,16,18.922189,72.733111,0.0,0.0,0.0,0.0,1.0
G01384,8,16,18.922247,72.737856,0.0,0.0,0.0,0.0,1.0
G01385,9,16,18.922304,72.742601,0.0,0.0,0.0,0.0,1.0
G01386,10,16,18.922362,72.747345,0.0,0.0,0.0,0.0,1.0
G01387,11,16,18.92242,72.75209,0.0,0.0,0.0,0.0,1.0
G01388,12,16,18.922477,72.756835,0.0,0.0,0.0,0.0,1.0
G01389,13,16,18.922534,72.76158,0.0,0.0,0.0,0.0,1.0
G01390,14,16,18.922591,72.766324,0.0,0.0,0.0,0.0,1.0
G01391,15,16,18.922648,72.771069,0.0,0.0,0.0,0.0,1.0
G01392,16,16,18.922705,72.775814,0.0,0.0,0.0,0.0,1.0
G01393,17,16,18.922762,72.780559,0.0,0.0,0.0,0.0,1.0
G01394,18,16,18.922819,72.785304,0.0,0.0,0.0,0.0,1.0
G01395,19,16,18.922875,72.790048,0.0,0.0,0.0,0.0,1.0
G01396,20,16,18.922932,72.794793,0.0,0.0,0.0,0.0,1.0
G01397,21,16,18.922988,72.799538,0.0,0.0,0.0,0.0,1.0
G01398,22,16,18.923044,72.804283,0.0,0.0,0.0,0.0,1.0
G01399,23,16,18.923101,72.809028,0.0,0.0,0.0,0.0,1.0
G01400,24,16,18.923157,72.813773,0.01,0.0,1.35,0.035,1.0
G01401,25,16,18.923212,72.818518,1.1,0.0,16.62,1.076,0.8526
G01402,26,16,18.923268,72.823263,7.13,0.0,23.43,3.654,0.36
G01403,27,16,18.923324,72.828008,11.44,4.13,23.44,4.698,0.0
G01404,28,16,18.923379,72.832753,13.09,0.0,24.04,5.006,0.1125
G01405,29,16,18.923435,72.837498,7.06,0.0,28.0,4.504,0.3132
G01406,30,16,18.92349,72.842243,0.35,0.0,6.59,0.889,0.99
G01407,31,16,18.923545,72.846988,0.0,0.0,0.0,0.015,1.0
G01408,32,16,18.9236,72.851733,0.0,0.0,0.0,0.0,1.0
G01409,33,16,18.923655,72.856478,0.0,0.0,0.0,0.0,1.0
G01410,34,16,18.923709,72.861223,0.0,0.0,0.0,0.0,1.0
G01411,35,16,18.923764,72.865968,0.0,0.0,0.0,0.0,1.0
G01412,36,16,18.923819,72.870714,0.0,0.0,0.0,0.0,1.0
G01413,37,16,18.923873,72.875459,0.0,0.0,0.0,0.0,1.0
G01414,38,16,18.923927,72.880204,0.0,0.0,0.0,0.0,1.0
G01415,39,16,18.923981,72.884949,0.0,0.0,0.0,0.0,1.0
G01416,40,16,18.924035,72.889694,0.0,0.0,0.0,0.0,1.0
G01417,41,16,18.924089,72.894439,0.0,0.0,0.0,0.0,1.0
G01418,42,16,18.924143,72.899185,0.0,0.0,0.0,0.0,1.0
G01419,43,16,18.924197,72.90393,0.0,0.0,0.0,0.0,1.0
G01420,44,16,18.92425,72.908675,0.0,0.0,0.0,0.0,1.0
G01421,45,16,18.924304,72.91342,0.0,0.0,0.0,0.0,1.0
G01422,46,16,18.924357,72.918166,0.0,0.0,0.0,0.0,1.0
G01423,47,16,18.92441,72.922911,0.0,0.0,0.0,0.0,1.0
G01424,48,16,18.924463,72.927656,0.0,0.0,0.0,0.0,1.0
G01425,49,16,18.924516,72.932402,0.0,0.0,0.0,0.0,1.0
G01426,50,16,18.924569,72.937147,0.0,0.0,0.0,0.0,1.0
G01427,51,16,18.924622,72.941893,0.0,0.0,0.0,0.0,1.0
G01428,52,16,18.924674,72.946638,0.0,0.0,0.0,0.0,1.0
G01429,53,16,18.924727,72.951383,0.0,0.0,0.0,0.0,1.0
G01430,54,16,18.924779,72.956129,1.19,0.0,10.79,0.782,0.7684
G01431,55,16,18.924831,72.960874,4.27,0.6,10.69,1.784,0.0763
G01432,56,16,18.924883,72.96562,3.44,0.93,10.64,1.415,0.1075
G01433,57,16,18.924935,72.970365,2.76,-1.54,5.55,0.992,0.0237
G01434,58,16,18.924987,72.975111,2.85,-1.17,12.12,1.286,0.0
G01435,59,16,18.925039,72.979856,2.11,1.41,3.58,0.376,0.0
G01436,60,16,18.925091,72.984602,1.97,1.11,3.01,0.321,0.0
G01437,61,16,18.925142,72.989347,1.88,0.5,2.61,0.424,0.0
G01438,62,16,18.925193,72.994093,1.74,0.5,2.48,0.31,0.0525
G01439,63,16,18.925245,72.998838,1.97,0.5,16.7,0.905,0.2342
G01440,64,16,18.925296,73.003584,18.07,1.34,82.77,7.334,0.0375
G01441,65,16,18.925347,73.008329,8.37,0.47,71.75,4.38,0.0868
G01442,66,16,18.925398,73.013075,1.73,0.7,4.4,0.905,0.2725
G01443,67,16,18.925448,73.017821,2.05,0.18,8.04,0.896,0.4711
G01444,68,16,18.925499,73.022566,3.49,1.03,10.71,1.724,0.0
G01445,69,16,18.92555,73.027312,3.43,0.34,8.68,1.317,0.1132
G01446,70,16,18.9256,73.032058,4.43,1.49,11.69,1.795,0.0
G01447,71,16,18.92565,73.036803,2.51,0.95,10.92,0.805,0.0
G01448,72,16,18.9257,73.041549,2.86,1.27,6.59,0.835,0.0
G01449,73,16,18.92575,73.046295,6.66,3.01,14.77,1.371,0.0
G01450,74,16,18.9258,73.05104,19.06,7.18,63.84,6.027,0.0
G01451,75,16,18.92585,73.055786,78.65,29.0,156.25,17.208,0.0
G01452,76,16,18.9259,73.060532,85.43,31.01,148.78,13.968,0.0
G01453,77,16,18.925949,73.065278,160.7,100.15,190.76,8.944,0.0
G01454,78,16,18.925999,73.070024,155.39,95.07,190.76,12.227,0.0
G01455,79,16,18.926048,73.074769,94.8,46.29,162.19,12.771,0.0
G01456,80,16,18.926097,73.079515,89.54,30.32,164.19,15.148,0.0
G01457,81,16,18.926146,73.084261,49.2,28.32,106.12,8.525,0.0
G01458,82,16,18.926195,73.089007,76.39,33.34,149.0,13.824,0.0
G01459,83,16,18.926244,73.093753,137.41,60.32,231.45,23.671,0.0
G01460,84,16,18.926293,73.098499,257.62,187.97,296.85,12.839,0.0
G01461,85,16,18.926341,73.103244,233.17,110.71,295.45,18.76,0.0
G01462,0,17,18.926295,72.699837,0.0,0.0,0.0,0.0,1.0
G01463,1,17,18.926354,72.704582,0.0,0.0,0.0,0.0,1.0
G01464,2,17,18.926413,72.709327,0.0,0.0,0.0,0.0,1.0
G01465,3,17,18.926471,72.714071,0.0,0.0,0.0,0.0,1.0
G01466,4,17,18.926529,72.718816,0.0,0.0,0.0,0.0,1.0
G01467,5,17,18.926588,72.723561,0.0,0.0,0.0,0.0,1.0
G01468,6,17,18.926646,72.728306,0.0,0.0,0.0,0.0,1.0
G01469,7,17,18.926704,72.73305,0.0,0.0,0.0,0.0,1.0
G01470,8,17,18.926762,72.737795,0.0,0.0,0.0,0.0,1.0
G01471,9,17,18.92682,72.74254,0.0,0.0,0.0,0.0,1.0
G01472,10,17,18.926877,72.747285,0.0,0.0,0.0,0.0,1.0
G01473,11,17,18.926935,72.75203,0.0,0.0,0.0,0.0,1.0
G01474,12,17,18.926992,72.756775,0.0,0.0,0.0,0.0,1.0
G01475,13,17,18.92705,72.761519,0.0,0.0,0.0,0.0,1.0
G01476,14,17,18.927107,72.766264,0.0,0.0,0.0,0.0,1.0
G01477,15,17,18.927164,72.771009,0.0,0.0,0.0,0.0,1.0
G01478,16,17,18.927221,72.775754,0.0,0.0,0.0,0.0,1.0
G01479,17,17,18.927278,72.780499,0.0,0.0,0.0,0.0,1.0
G01480,18,17,18.927334,72.785244,0.0,0.0,0.0,0.0,1.0
G01481,19,17,18.927391,72.789989,0.0,0.0,0.0,0.0,1.0
G01482,20,17,18.927447,72.794734,0.0,0.0,0.0,0.0,1.0
G01483,21,17,18.927504,72.799479,0.0,0.0,0.0,0.0,1.0
G01484,22,17,18.92756,72.804224,0.0,0.0,0.0,0.0,1.0
G01485,23,17,18.927616,72.808969,0.0,0.0,0.0,0.0,1.0
G01486,24,17,18.927672,72.813714,0.0,0.0,0.0,0.0,1.0
G01487,25,17,18.927728,72.818459,1.85,0.0,19.68,1.484,0.8892
G01488,26,17,18.927784,72.823204,12.42,0.0,32.38,5.84,0.0921
G01489,27,17,18.927839,72.82795,12.55,-1.57,32.3,6.897,0.0
G01490,28,17,18.927895,72.832695,15.32,2.84,27.17,5.325,0.0026
G01491,29,17,18.92795,72.83744,4.57,-5.34,26.68,4.707,0.5125
G01492,30,17,18.928005,72.842185,0.66,0.0,11.8,0.932,0.9737
G01493,31,17,18.928061,72.84693,0.02,0.0,2.96,0.13,1.0
G01494,32,17,18.928116,72.851675,0.0,0.0,0.0,0.0,1.0
G01495,33,17,18.92817,72.856421,0.0,0.0,0.0,0.0,1.0
G01496,34,17,18.928225,72.861166,0.0,0.0,0.0,0.0,1.0
G01497,35,17,18.92828,72.865911,0.0,0.0,0.0,0.0,1.0
G01498,36,17,18.928334,72.870656,0.0,0.0,0.0,0.0,1.0
G01499,37,17,18.928389,72.875402,0.0,0.0,0.0,0.0,1.0
G01500,38,17,18.928443,72.880147,0.0,0.0,0.0,0.0,1.0
G01501,39,17,18.928497,72.884892,0.0,0.0,0.0,0.0,1.0
G01502,40,17,18.928551,72.889638,0.0,0.0,0.0,0.0,1.0
G01503,41,17,18.928605,72.894383,0.0,0.0,0.0,0.0,1.0
G01504,42,17,18.928659,72.899128,0.0,0.0,0.0,0.0,1.0
G01505,43,17,18.928713,72.903874,0.0,0.0,0.0,0.0,1.0
G01506,44,17,18.928766,72.908619,0.0,0.0,0.0,0.0,1.0
G01507,45,17,18.92882,72.913364,0.0,0.0,0.0,0.0,1.0
G01508,46,17,18.928873,72.91811,0.0,0.0,0.0,0.0,1.0
G01509,47,17,18.928926,72.922855,0.0,0.0,0.0,0.0,1.0
G01510,48,17,18.928979,72.927601,0.0,0.0,0.0,0.0,1.0
G01511,49,17,18.929032,72.932346,0.0,0.0,0.0,0.0,1.0
G01512,50,17,18.929085,72.937092,0.0,0.0,0.0,0.0,1.0
G01513,51,17,18.929138,72.941837,0.0,0.0,0.0,0.0,1.0
G01514,52,17,18.92919,72.946583,0.0,0.0,0.0,0.0,1.0
G01515,53,17,18.929243,72.951328,0.94,0.0,8.07,0.701,0.8158
G01516,54,17,18.929295,72.956074,7.72,0.0,35.26,3.696,0.1136
G01517,55,17,18.929347,72.960819,12.11,1.71,41.19,4.872,0.0
G01518,56,17,18.929399,72.965565,2.31,0.99,4.27,0.898,0.0
G01519,57,17,18.929451,72.970311,1.83,0.53,3.38,0.444,0.0
G01520,58,17,18.929503,72.975056,1.89,1.02,3.2,0.401,0.0289
G01521,59,17,18.929555,72.979802,2.14,1.55,2.88,0.373,0.0
G01522,60,17,18.929607,72.984547,1.97,1.52,2.88,0.322,0.0158
G01523,61,17,18.929658,72.989293,1.88,0.5,3.33,0.554,0.0028
G01524,62,17,18.92971,72.994039,1.94,0.5,2.63,0.346,0.0053
G01525,63,17,18.929761,72.998784,2.07,0.4,15.19,1.304,0.1191
G01526,64,17,18.929812,73.00353,30.46,1.0,82.77,9.134,0.0605
G01527,65,17,18.929863,73.008276,47.27,1.37,82.46,13.877,0.0028
G01528,66,17,18.929914,73.013022,3.83,0.42,25.69,2.28,0.2658
G01529,67,17,18.929965,73.017767,4.7,1.54,10.86,1.53,0.0111
G01530,68,17,18.930015,73.022513,5.57,1.88,15.84,2.626,0.0211
G01531,69,17,18.930066,73.027259,5.14,2.28,16.24,1.885,0.0
G01532,70,17,18.930116,73.032005,8.34,2.4,42.31,3.494,0.0
G01533,71,17,18.930166,73.036751,12.21,2.05,46.73,4.337,0.0
G01534,72,17,18.930217,73.041496,5.12,1.57,11.08,1.385,0.0184
G01535,73,17,18.930267,73.046242,16.8,5.41,58.88,4.898,0.0
G01536,74,17,18.930317,73.050988,49.11,11.46,151.44,12.92,0.0
G01537,75,17,18.930366,73.055734,128.79,43.76,185.5,18.435,0.0
G01538,76,17,18.930416,73.06048,142.94,67.24,183.17,12.004,0.0
G01539,77,17,18.930466,73.065226,166.17,143.59,193.89,7.27,0.0
G01540,78,17,18.930515,73.069972,133.46,54.65,189.03,13.477,0.0
G01541,79,17,18.930564,73.074718,74.67,31.26,131.05,13.662,0.0
G01542,80,17,18.930614,73.079464,36.88,20.88,98.25,8.308,0.0
G01543,81,17,18.930663,73.084209,29.92,20.9,51.91,3.568,0.0
G01544,82,17,18.930712,73.088955,74.83,30.92,145.38,15.029,0.0
G01545,83,17,18.93076,73.093701,168.73,105.89,220.37,15.521,0.0
G01546,84,17,18.930809,73.098447,249.0,160.91,299.29,13.425,0.0
G01547,85,17,18.930858,73.103193,299.72,235.67,352.69,11.773,0.0
G01548,0,18,18.93081,72.699775,0.0,0.0,0.0,0.0,1.0
G01549,1,18,18.930869,72.70452,0.0,0.0,0.0,0.0,1.0
G01550,2,18,18.930928,72.709265,0.0,0.0,0.0,0.0,1.0
G01551,3,18,18.930986,72.71401,0.0,0.0,0.0,0.0,1.0
G01552,4,18,18.931045,72.718755,0.0,0.0,0.0,0.0,1.0
G01553,5,18,18.931103,72.7235,0.0,0.0,0.0,0.0,1.0
G01554,6,18,18.931161,72.728245,0.0,0.0,0.0,0.0,1.0
G01555,7,18,18.931219,72.732989,0.0,0.0,0.0,0.0,1.0
G01556,8,18,18.931277,72.737734,0.0,0.0,0.0,0.0,1.0
G01557,9,18,18.931335,72.742479,0.0,0.0,0.0,0.0,1.0
G01558,10,18,18.931393,72.747224,0.0,0.0,0.0,0.0,1.0
G01559,11,18,18.93145,72.751969,0.0,0.0,0.0,0.0,1.0
G01560,12,18,18.931508,72.756714,0.0,0.0,0.0,0.0,1.0
G01561,13,18,18.931565,72.761459,0.0,0.0,0.0,0.0,1.0
G01562,14,18,18.931622,72.766204,0.0,0.0,0.0,0.0,1.0
G01563,15,18,18.931679,72.770949,0.0,0.0,0.0,0.0,1.0
G01564,16,18,18.931736,72.775694,0.0,0.0,0.0,0.0,1.0
G01565,17,18,18.931793,72.780439,0.0,0.0,0.0,0.0,1.0
G01566,18,18,18.93185,72.785185,0.0,0.0,0.0,0.0,1.0
G01567,19,18,18.931906,72.78993,0.0,0.0,0.0,0.0,1.0
G01568,20,18,18.931963,72.794675,0.0,0.0,0.0,0.0,1.0
G01569,21,18,18.932019,72.79942,0.0,0.0,0.0,0.0,1.0
G01570,22,18,18.932076,72.804165,0.0,0.0,0.0,0.0,1.0
G01571,23,18,18.932132,72.80891,0.0,0.0,0.0,0.0,1.0
G01572,24,18,18.932188,72.813655,0.0,0.0,0.0,0.0,1.0
G01573,25,18,18.932244,72.818401,0.0,0.0,0.0,0.0,1.0
G01574,26,18,18.932299,72.823146,7.76,0.0,28.66,4.39,0.4925
G01575,27,18,18.932355,72.827891,12.04,3.29,27.72,5.754,0.0
G01576,28,18,18.93241,72.832636,17.32,5.78,28.78,6.25,0.0
G01577,29,18,18.932466,72.837382,14.24,0.0,28.41,5.687,0.0105
G01578,30,18,18.932521,72.842127,4.71,-2.46,24.28,3.971,0.665
G01579,31,18,18.932576,72.846872,0.0,0.0,0.29,0.074,1.0
G01580,32,18,18.932631,72.851618,0.0,0.0,0.0,0.0,1.0
G01581,33,18,18.932686,72.856363,0.0,0.0,0.0,0.0,1.0
G01582,34,18,18.932741,72.861108,0.0,0.0,0.0,0.0,1.0
G01583,35,18,18.932796,72.865854,0.0,0.0,0.0,0.0,1.0
G01584,36,18,18.93285,72.870599,0.0,0.0,0.0,0.0,1.0
G01585,37,18,18.932905,72.875344,0.0,0.0,0.0,0.0,1.0
G01586,38,18,18.932959,72.88009,0.0,0.0,0.0,0.0,1.0
G01587,39,18,18.933013,72.884835,0.0,0.0,0.0,0.0,1.0
G01588,40,18,18.933067,72.889581,0.0,0.0,0.0,0.0,1.0
G01589,41,18,18.933121,72.894326,0.0,0.0,0.0,0.0,1.0
G01590,42,18,18.933175,72.899072,0.0,0.0,0.0,0.0,1.0
G01591,43,18,18.933229,72.903817,0.0,0.0,0.0,0.0,1.0
G01592,44,18,18.933282,72.908563,0.0,0.0,0.0,0.0,1.0
G01593,45,18,18.933336,72.913308,0.0,0.0,0.0,0.0,1.0
G01594,46,18,18.933389,72.918054,0.0,0.0,0.0,0.0,1.0
G01595,47,18,18.933442,72.922799,0.0,0.0,0.0,0.0,1.0
G01596,48,18,18.933495,72.927545,0.0,0.0,0.0,0.0,1.0
G01597,49,18,18.933548,72.932291,0.0,0.0,0.0,0.0,1.0
G01598,50,18,18.933601,72.937036,0.0,0.0,0.0,0.0,1.0
G01599,51,18,18.933654,72.941782,0.0,0.0,0.0,0.0,1.0
G01600,52,18,18.933706,72.946528,0.69,0.0,7.56,0.495,0.85
G01601,53,18,18.933759,72.951273,6.55,0.0,31.41,3.399,0.155
G01602,54,18,18.933811,72.956019,24.99,1.15,42.57,6.896,0.0526
G01603,55,18,18.933863,72.960765,23.68,1.9,48.24,7.308,0.0
G01604,56,18,18.933915,72.96551,2.96,0.38,28.4,1.833,0.0275
G01605,57,18,18.933967,72.970256,1.88,1.02,2.73,0.342,0.0
G01606,58,18,18.934019,72.975002,1.86,1.29,2.59,0.287,0.0
G01607,59,18,18.934071,72.979747,2.05,0.0,3.8,0.647,0.05
G01608,60,18,18.934123,72.984493,1.89,0.0,4.26,0.905,0.195
G01609,61,18,18.934174,72.989239,1.95,0.69,2.83,0.401,0.0
G01610,62,18,18.934226,72.993985,1.87,1.37,2.62,0.256,0.0
G01611,63,18,18.934277,72.998731,1.97,1.51,2.57,0.237,0.0053
G01612,64,18,18.934328,73.003477,4.57,0.0,27.51,2.323,0.15
G01613,65,18,18.934379,73.008222,36.63,3.13,76.46,9.011,0.0105
G01614,66,18,18.93443,73.012968,34.51,1.89,97.47,12.615,0.0
G01615,67,18,18.934481,73.017714,7.1,1.8,15.61,1.877,0.0026
G01616,68,18,18.934531,73.02246,9.13,3.44,15.52,1.951,0.015
G01617,69,18,18.934582,73.027206,5.85,2.19,15.8,2.12,0.0
G01618,70,18,18.934632,73.031952,12.21,3.23,54.78,4.995,0.0025
G01619,71,18,18.934683,73.036698,39.4,7.16,74.29,11.961,0.0
G01620,72,18,18.934733,73.041444,12.24,4.36,62.93,3.717,0.0025
G01621,73,18,18.934783,73.04619,14.23,6.07,56.95,3.485,0.0026
G01622,74,18,18.934833,73.050936,72.88,13.88,153.58,16.213,0.0
G01623,75,18,18.934883,73.055682,184.91,134.77,217.13,11.607,0.0
G01624,76,18,18.934932,73.060428,181.96,142.16,220.07,10.997,0.0
G01625,77,18,18.934982,73.065174,146.09,101.47,184.1,9.453,0.0
G01626,78,18,18.935031,73.06992,121.61,58.26,168.66,12.158,0.0
G01627,79,18,18.935081,73.074666,42.01,18.21,92.37,11.621,0.0
G01628,80,18,18.93513,73.079412,21.42,16.9,39.8,2.616,0.0
G01629,81,18,18.935179,73.084158,27.37,18.46,43.03,3.879,0.0
G01630,82,18,18.935228,73.088904,48.59,30.17,109.21,8.548,0.0
G01631,83,18,18.935277,73.09365,169.3,62.46,236.78,19.385,0.0
G01632,84,18,18.935325,73.098396,268.71,212.23,302.76,10.276,0.0
G01633,85,18,18.935374,73.103142,328.05,281.89,363.73,11.436,0.0
G01634,0,19,18.935326,72.699714,0.0,0.0,0.0,0.0,1.0
G01635,1,19,18.935384,72.704459,0.0,0.0,0.0,0.0,1.0
G01636,2,19,18.935443,72.709203,0.0,0.0,0.0,0.0,1.0
G01637,3,19,18.935502,72.713948,0.0,0.0,0.0,0.0,1.0
G01638,4,19,18.93556,72.718693,0.0,0.0,0.0,0.0,1.0
G01639,5,19,18.935618,72.723438,0.0,0.0,0.0,0.0,1.0
G01640,6,19,18.935677,72.728183,0.0,0.0,0.0,0.0,1.0
G01641,7,19,18.935735,72.732928,0.0,0.0,0.0,0.0,1.0
G01642,8,19,18.935793,72.737674,0.0,0.0,0.0,0.0,1.0
G01643,9,19,18.93585,72.742419,0.0,0.0,0.0,0.0,1.0
G01644,10,19,18.935908,72.747164,0.0,0.0,0.0,0.0,1.0
G01645,11,19,18.935966,72.751909,0.0,0.0,0.0,0.0,1.0
G01646,12,19,18.936023,72.756654,0.0,0.0,0.0,0.0,1.0
G01647,13,19,18.93608,72.761399,0.0,0.0,0.0,0.0,1.0
G01648,14,19,18.936138,72.766144,0.0,0.0,0.0,0.0,1.0
G01649,15,19,18.936195,72.770889,0.0,0.0,0.0,0.0,1.0
G01650,16,19,18.936252,72.775635,0.0,0.0,0.0,0.0,1.0
G01651,17,19,18.936309,72.78038,0.0,0.0,0.0,0.0,1.0
G01652,18,19,18.936365,72.785125,0.0,0.0,0.0,0.0,1.0
G01653,19,19,18.936422,72.78987,0.0,0.0,0.0,0.0,1.0
G01654,20,19,18.936478,72.794615,0.0,0.0,0.0,0.011,1.0
G01655,21,19,18.936535,72.799361,0.0,0.0,0.0,0.0,1.0
G01656,22,19,18.936591,72.804106,0.0,0.0,0.0,0.0,1.0
G01657,23,19,18.936647,72.808851,0.0,0.0,0.0,0.0,1.0
G01658,24,19,18.936703,72.813597,0.0,0.0,0.0,0.0,1.0
G01659,25,19,18.936759,72.818342,0.0,0.0,0.0,0.0,1.0
G01660,26,19,18.936815,72.823087,4.92,0.0,31.94,3.018,0.7079
G01661,27,19,18.936871,72.827833,11.93,-7.86,30.79,6.369,0.0
G01662,28,19,18.936926,72.832578,16.36,5.55,29.72,4.886,0.0
G01663,29,19,18.936981,72.837324,15.49,3.79,24.49,4.517,0.0
G01664,30,19,18.937037,72.842069,6.69,-5.1,25.8,4.453,0.3789
G01665,31,19,18.937092,72.846814,0.09,0.0,7.95,0.19,0.9889
G01666,32,19,18.937147,72.85156,0.0,0.0,0.0,0.001,1.0
G01667,33,19,18.937202,72.856305,0.0,0.0,0.0,0.0,1.0
G01668,34,19,18.937257,72.861051,0.0,0.0,0.0,0.0,1.0
G01669,35,19,18.937311,72.865796,0.0,0.0,0.0,0.0,1.0
G01670,36,19,18.937366,72.870542,0.0,0.0,0.0,0.0,1.0
G01671,37,19,18.93742,72.875287,0.0,0.0,0.0,0.0,1.0
G01672,38,19,18.937475,72.880033,0.0,0.0,0.0,0.0,1.0
G01673,39,19,18.937529,72.884778,0.0,0.0,0.0,0.0,1.0
G01674,40,19,18.937583,72.889524,0.0,0.0,0.0,0.0,1.0
G01675,41,19,18.937637,72.89427,0.0,0.0,0.0,0.0,1.0
G01676,42,19,18.937691,72.899015,0.0,0.0,0.0,0.0,1.0
G01677,43,19,18.937744,72.903761,0.0,0.0,0.0,0.0,1.0
G01678,44,19,18.937798,72.908507,0.0,0.0,0.0,0.0,1.0
G01679,45,19,18.937851,72.913252,0.0,0.0,0.0,0.0,1.0
G01680,46,19,18.937905,72.917998,0.0,0.0,0.0,0.0,1.0
G01681,47,19,18.937958,72.922744,0.0,0.0,0.0,0.0,1.0
G01682,48,19,18.938011,72.927489,0.0,0.0,0.0,0.0,1.0
G01683,49,19,18.938064,72.932235,0.0,0.0,0.0,0.0,1.0
G01684,50,19,18.938117,72.936981,0.0,0.0,0.0,0.0,1.0
G01685,51,19,18.93817,72.941727,0.0,0.0,0.0,0.0,1.0
G01686,52,19,18.938222,72.946472,3.63,-3.25,10.5,1.802,0.41
G01687,53,19,18.938275,72.951218,16.8,2.83,38.51,4.691,0.0
G01688,54,19,18.938327,72.955964,30.03,13.88,41.83,4.33,0.0
G01689,55,19,18.938379,72.96071,37.8,19.9,52.51,5.158,0.0
G01690,56,19,18.938431,72.965456,13.49,1.17,57.68,5.981,0.0026
G01691,57,19,18.938483,72.970201,1.93,0.75,3.35,0.499,0.0
G01692,58,19,18.938535,72.974947,2.06,1.06,3.13,0.43,0.0053
G01693,59,19,18.938587,72.979693,1.74,0.0,3.91,1.087,0.3573
G01694,60,19,18.938639,72.984439,2.2,0.0,2.9,0.455,0.0053
G01695,61,19,18.93869,72.989185,2.09,1.46,2.88,0.294,0.0
G01696,62,19,18.938742,72.993931,2.06,1.36,2.82,0.316,0.0
G01697,63,19,18.938793,72.998677,1.99,1.47,2.59,0.257,0.0
G01698,64,19,18.938844,73.003423,2.04,0.0,5.01,1.05,0.1842
G01699,65,19,18.938895,73.008169,18.34,2.6,43.43,6.982,0.0166
G01700,66,19,18.938946,73.012915,53.63,11.68,108.27,15.096,0.0
G01701,67,19,18.938997,73.017661,15.48,5.98,46.31,4.088,0.0
G01702,68,19,18.939048,73.022407,28.99,8.99,72.8,8.162,0.0
G01703,69,19,18.939098,73.027153,6.13,2.24,17.67,2.148,0.0
G01704,70,19,18.939149,73.031899,11.56,4.46,33.64,3.071,0.0289
G01705,71,19,18.939199,73.036645,51.12,10.28,92.25,9.664,0.0055
G01706,72,19,18.939249,73.041391,42.57,10.29,68.57,8.194,0.0079
G01707,73,19,18.939299,73.046137,25.78,10.21,67.87,7.13,0.0
G01708,74,19,18.939349,73.050883,58.51,14.71,154.42,15.524,0.0
G01709,75,19,18.939399,73.055629,169.76,123.28,222.27,14.131,0.0416
G01710,76,19,18.939449,73.060376,161.18,86.51,221.02,12.63,0.0
G01711,77,19,18.939498,73.065122,110.88,74.94,156.36,11.85,0.0
G01712,78,19,18.939548,73.069868,90.73,48.31,126.15,8.31,0.0
G01713,79,19,18.939597,73.074614,26.94,13.49,90.5,6.326,0.0
G01714,80,19,18.939646,73.07936,18.18,13.4,23.49,1.668,0.0111
G01715,81,19,18.939695,73.084106,31.46,18.22,67.39,4.972,0.0
G01716,82,19,18.939744,73.088853,55.07,30.17,118.6,9.652,0.0
G01717,83,19,18.939793,73.093599,141.08,55.2,218.64,19.751,0.0
G01718,84,19,18.939842,73.098345,239.25,174.45,295.34,11.926,0.0
G01719,85,19,18.93989,73.103091,321.89,263.06,386.1,12.924,0.0
G01720,0,20,18.939841,72.699652,0.0,0.0,0.0,0.0,1.0
G01721,1,20,18.9399,72.704397,0.0,0.0,0.0,0.0,1.0
G01722,2,20,18.939958,72.709142,0.0,0.0,0.0,0.0,1.0
G01723,3,20,18.940017,72.713887,0.0,0.0,0.0,0.0,1.0
G01724,4,20,18.940075,72.718632,0.0,0.0,0.0,0.0,1.0
G01725,5,20,18.940134,72.723377,0.0,0.0,0.0,0.0,1.0
G01726,6,20,18.940192,72.728122,0.0,0.0,0.0,0.0,1.0
G01727,7,20,18.94025,72.732868,0.0,0.0,0.0,0.0,1.0
G01728,8,20,18.940308,72.737613,0.0,0.0,0.0,0.0,1.0
G01729,9,20,18.940366,72.742358,0.0,0.0,0.0,0.0,1.0
G01730,10,20,18.940423,72.747103,0.0,0.0,0.0,0.0,1.0
G01731,11,20,18.940481,72.751848,0.0,0.0,0.0,0.0,1.0
G01732,12,20,18.940539,72.756594,0.0,0.0,0.0,0.0,1.0
G01733,13,20,18.940596,72.761339,0.0,0.0,0.0,0.0,1.0
G01734,14,20,18.940653,72.766084,0.0,0.0,0.0,0.0,1.0
G01735,15,20,18.94071,72.770829,0.0,0.0,0.0,0.0,1.0
G01736,16,20,18.940767,72.775575,0.0,0.0,0.0,0.0,1.0
G01737,17,20,18.940824,72.78032,0.0,0.0,0.0,0.0,1.0
G01738,18,20,18.940881,72.785065,0.0,0.0,0.0,0.0,1.0
G01739,19,20,18.940937,72.789811,0.01,0.0,0.79,0.054,1.0
G01740,20,20,18.940994,72.794556,7.15,0.0,30.65,5.63,0.635
G01741,21,20,18.94105,72.799302,0.0,0.0,0.0,0.0,1.0
G01742,22,20,18.941107,72.804047,0.0,0.0,0.0,0.0,1.0
G01743,23,20,18.941163,72.808792,0.0,0.0,0.0,0.0,1.0
G01744,24,20,18.941219,72.813538,0.0,0.0,0.0,0.0,1.0
G01745,25,20,18.941275,72.818283,0.0,0.0,0.0,0.0,1.0
G01746,26,20,18.94133,72.823029,4.12,0.0,22.16,2.769,0.615
G01747,27,20,18.941386,72.827774,11.83,2.52,26.94,6.341,0.0
G01748,28,20,18.941442,72.83252,13.08,4.88,29.86,5.152,0.0
G01749,29,20,18.941497,72.837265,11.52,4.27,25.31,4.201,0.0079
G01750,30,20,18.941552,72.842011,2.86,0.0,9.29,2.367,0.815
G01751,31,20,18.941608,72.846756,1.1,0.0,9.77,1.005,0.9263
G01752,32,20,18.941663,72.851502,0.23,0.0,4.59,0.546,1.0
G01753,33,20,18.941718,72.856248,0.02,0.0,2.26,0.086,1.0
G01754,34,20,18.941772,72.860993,0.0,0.0,0.0,0.0,1.0
G01755,35,20,18.941827,72.865739,0.0,0.0,0.0,0.0,1.0
G01756,36,20,18.941882,72.870485,0.0,0.0,0.0,0.0,1.0
G01757,37,20,18.941936,72.87523,0.0,0.0,0.0,0.0,1.0
G01758,38,20,18.94199,72.879976,0.0,0.0,0.0,0.0,1.0
G01759,39,20,18.942045,72.884722,0.0,0.0,0.0,0.0,1.0
G01760,40,20,18.942099,72.889467,0.0,0.0,0.0,0.0,1.0
G01761,41,20,18.942153,72.894213,0.0,0.0,0.0,0.0,1.0
G01762,42,20,18.942206,72.898959,0.0,0.0,0.0,0.0,1.0
G01763,43,20,18.94226,72.903705,0.0,0.0,0.0,0.0,1.0
G01764,44,20,18.942314,72.90845,0.0,0.0,0.0,0.0,1.0
G01765,45,20,18.942367,72.913196,0.0,0.0,0.0,0.0,1.0
G01766,46,20,18.942421,72.917942,0.0,0.0,0.0,0.0,1.0
G01767,47,20,18.942474,72.922688,0.0,0.0,0.0,0.0,1.0
G01768,48,20,18.942527,72.927434,0.0,0.0,0.0,0.0,1.0
G01769,49,20,18.94258,72.932179,0.0,0.0,0.0,0.0,1.0
G01770,50,20,18.942633,72.936925,0.0,0.0,0.0,0.0,1.0
G01771,51,20,18.942686,72.941671,0.78,0.0,8.2,0.671,0.975
G01772,52,20,18.942738,72.946417,5.8,0.0,12.41,1.793,0.5053
G01773,53,20,18.942791,72.951163,9.52,1.64,31.21,3.474,0.045
G01774,54,20,18.942843,72.955909,13.19,2.5,31.21,4.126,0.1
G01775,55,20,18.942895,72.960655,19.87,2.81,44.55,5.2,0.0
G01776,56,20,18.942947,72.965401,14.46,1.17,46.89,5.122,0.0175
G01777,57,20,18.942999,72.970147,2.31,1.19,4.12,0.616,0.0
G01778,58,20,18.943051,72.974893,2.13,0.0,4.12,0.891,0.1775
G01779,59,20,18.943103,72.979639,0.77,0.0,3.36,0.597,0.8105
G01780,60,20,18.943155,72.984385,0.91,0.0,2.76,0.399,0.6575
G01781,61,20,18.943206,72.989131,1.46,0.0,2.61,0.441,0.4395
G01782,62,20,18.943258,72.993877,2.11,1.41,2.63,0.373,0.03
G01783,63,20,18.943309,72.998623,2.07,0.0,3.14,0.497,0.0263
G01784,64,20,18.94336,73.003369,1.88,0.0,4.4,0.771,0.1575
G01785,65,20,18.943411,73.008115,12.0,1.84,42.25,5.33,0.1184
G01786,66,20,18.943462,73.012861,49.38,18.85,104.83,13.844,0.0125
G01787,67,20,18.943513,73.017607,22.28,10.79,45.72,5.327,0.0105
G01788,68,20,18.943564,73.022354,38.21,11.98,72.8,9.537,0.0075
G01789,69,20,18.943614,73.0271,10.52,5.53,21.6,2.553,0.0
G01790,70,20,18.943665,73.031846,17.06,5.74,56.86,4.748,0.0
G01791,71,20,18.943715,73.036592,69.09,33.64,101.03,9.891,0.0
G01792,72,20,18.943765,73.041338,68.2,44.55,102.97,7.742,0.0
G01793,73,20,18.943815,73.046085,83.95,31.48,127.78,10.128,0.0
G01794,74,20,18.943865,73.050831,96.77,28.31,147.85,14.823,0.0
G01795,75,20,18.943915,73.055577,111.5,52.13,168.92,16.042,0.0026
G01796,76,20,18.943965,73.060323,132.0,70.81,188.78,14.812,0.0158
G01797,77,20,18.944014,73.06507,75.17,49.07,101.15,7.342,0.0
G01798,78,20,18.944064,73.069816,71.14,25.88,99.39,10.9,0.0
G01799,79,20,18.944113,73.074562,45.03,10.55,102.32,11.857,0.0
G01800,80,20,18.944162,73.079309,15.71,11.8,21.14,1.343,0.0
G01801,81,20,18.944212,73.084055,46.63,16.84,135.07,10.571,0.0
G01802,82,20,18.944261,73.088801,82.55,40.21,143.37,15.877,0.0
G01803,83,20,18.944309,73.093548,166.52,99.78,219.19,16.831,0.0
G01804,84,20,18.944358,73.098294,174.99,76.56,264.96,18.311,0.0
G01805,85,20,18.944407,73.10304,264.42,115.52,354.61,18.114,0.0
G01806,0,21,18.944356,72.69959,0.0,0.0,0.0,0.0,1.0
G01807,1,21,18.944415,72.704335,0.0,0.0,0.0,0.0,1.0
G01808,2,21,18.944474,72.70908,0.0,0.0,0.0,0.0,1.0
G01809,3,21,18.944532,72.713825,0.0,0.0,0.0,0.0,1.0
G01810,4,21,18.944591,72.718571,0.0,0.0,0.0,0.0,1.0
G01811,5,21,18.944649,72.723316,0.0,0.0,0.0,0.0,1.0
G01812,6,21,18.944707,72.728061,0.0,0.0,0.0,0.0,1.0
G01813,7,21,18.944765,72.732807,0.0,0.0,0.0,0.0,1.0
G01814,8,21,18.944823,72.737552,0.0,0.0,0.0,0.0,1.0
G01815,9,21,18.944881,72.742297,0.0,0.0,0.0,0.0,1.0
G01816,10,21,18.944939,72.747042,0.0,0.0,0.0,0.0,1.0
G01817,11,21,18.944996,72.751788,0.0,0.0,0.0,0.0,1.0
G01818,12,21,18.945054,72.756533,0.0,0.0,0.0,0.0,1.0
G01819,13,21,18.945111,72.761279,0.0,0.0,0.0,0.0,1.0
G01820,14,21,18.945169,72.766024,0.0,0.0,0.0,0.0,1.0
G01821,15,21,18.945226,72.770769,0.0,0.0,0.0,0.0,1.0
G01822,16,21,18.945283,72.775515,0.0,0.0,0.0,0.0,1.0
G01823,17,21,18.94534,72.78026,0.0,0.0,0.0,0.0,1.0
G01824,18,21,18.945396,72.785006,0.0,0.0,0.0,0.0,1.0
G01825,19,21,18.945453,72.789751,0.03,-0.18,1.33,0.13,1.0
G01826,20,21,18.945509,72.794497,17.33,0.0,48.05,6.995,0.1921
G01827,21,21,18.945566,72.799242,3.13,0.0,51.31,2.671,0.8504
G01828,22,21,18.945622,72.803988,0.0,0.0,0.0,0.0,1.0
G01829,23,21,18.945678,72.808733,0.0,0.0,0.0,0.0,1.0
G01830,24,21,18.945734,72.813479,0.0,0.0,0.0,0.0,1.0
G01831,25,21,18.94579,72.818225,0.07,0.0,6.46,0.138,0.9889
G01832,26,21,18.945846,72.82297,6.02,0.0,19.09,2.543,0.25
G01833,27,21,18.945902,72.827716,15.11,6.42,26.05,4.025,0.0
G01834,28,21,18.945957,72.832462,14.95,5.94,28.88,5.115,0.0
G01835,29,21,18.946013,72.837207,8.5,4.57,19.81,3.055,0.0
G01836,30,21,18.946068,72.841953,6.3,0.0,19.19,3.005,0.2395
G01837,31,21,18.946123,72.846699,1.8,0.0,8.97,1.837,0.8227
G01838,32,21,18.946178,72.851444,0.6,0.0,13.32,1.071,0.9723
G01839,33,21,18.946233,72.85619,0.24,0.0,7.85,0.392,1.0
G01840,34,21,18.946288,72.860936,0.0,0.0,0.0,0.0,1.0
G01841,35,21,18.946343,72.865681,0.0,0.0,0.0,0.0,1.0
G01842,36,21,18.946397,72.870427,0.0,0.0,0.0,0.0,1.0
G01843,37,21,18.946452,72.875173,0.0,0.0,0.0,0.0,1.0
G01844,38,21,18.946506,72.879919,0.0,0.0,0.0,0.0,1.0
G01845,39,21,18.94656,72.884665,0.0,0.0,0.0,0.0,1.0
G01846,40,21,18.946614,72.889411,0.0,0.0,0.0,0.0,1.0
G01847,41,21,18.946668,72.894156,0.0,0.0,0.0,0.0,1.0
G01848,42,21,18.946722,72.898902,0.0,0.0,0.0,0.0,1.0
G01849,43,21,18.946776,72.903648,0.0,0.0,0.0,0.0,1.0
G01850,44,21,18.94683,72.908394,0.0,0.0,0.0,0.0,1.0
G01851,45,21,18.946883,72.91314,0.0,0.0,0.0,0.0,1.0
G01852,46,21,18.946936,72.917886,0.0,0.0,0.0,0.0,1.0
G01853,47,21,18.94699,72.922632,0.0,0.0,0.0,0.0,1.0
G01854,48,21,18.947043,72.927378,0.0,0.0,0.0,0.0,1.0
G01855,49,21,18.947096,72.932124,0.0,0.0,0.0,0.0,1.0
G01856,50,21,18.947149,72.93687,0.0,0.0,0.0,0.0,1.0
G01857,51,21,18.947201,72.941616,0.15,0.0,8.2,0.219,0.9868
G01858,52,21,18.947254,72.946362,4.35,0.0,8.76,1.334,0.903
G01859,53,21,18.947307,72.951108,5.4,1.27,11.57,1.777,0.1421
G01860,54,21,18.947359,72.955854,7.11,2.5,16.85,2.98,0.0305
G01861,55,21,18.947411,72.9606,28.47,4.18,61.21,8.33,0.0
G01862,56,21,18.947463,72.965346,9.81,-0.65,46.43,5.271,0.0053
G01863,57,21,18.947516,72.970092,2.42,0.0,3.98,0.601,0.1302
G01864,58,21,18.947567,72.974838,0.63,0.0,3.98,0.389,0.8263
G01865,59,21,18.947619,72.979584,1.16,0.0,3.18,0.498,0.4349
G01866,60,21,18.947671,72.984331,1.83,0.0,3.22,0.852,0.1053
G01867,61,21,18.947722,72.989077,1.39,0.0,3.12,0.632,0.3657
G01868,62,21,18.947774,72.993823,1.33,0.0,2.83,0.581,0.5447
G01869,63,21,18.947825,72.998569,1.78,0.0,3.17,0.492,0.2078
G01870,64,21,18.947876,73.003315,2.04,0.0,9.29,1.185,0.2842
G01871,65,21,18.947927,73.008062,19.15,2.13,41.76,7.973,0.1551
G01872,66,21,18.947978,73.012808,29.97,16.09,44.66,5.657,0.0132
G01873,67,21,18.948029,73.017554,31.81,17.85,46.39,4.731,0.0
G01874,68,21,18.94808,73.0223,43.93,12.93,81.42,10.372,0.0053
G01875,69,21,18.94813,73.027047,18.88,10.48,37.82,4.304,0.072
G01876,70,21,18.948181,73.031793,24.34,11.58,62.29,6.453,0.0
G01877,71,21,18.948231,73.036539,67.59,44.49,106.68,10.218,0.0
G01878,72,21,18.948281,73.041286,65.16,42.07,96.15,6.966,0.0
G01879,73,21,18.948332,73.046032,98.88,62.56,127.78,7.309,0.0
G01880,74,21,18.948382,73.050778,122.79,87.57,155.07,10.616,0.0
G01881,75,21,18.948431,73.055525,76.92,41.56,138.61,13.667,0.0
G01882,76,21,18.948481,73.060271,59.2,28.4,135.76,10.485,0.0
G01883,77,21,18.948531,73.065018,51.12,25.75,92.13,8.971,0.0
G01884,78,21,18.94858,73.069764,35.56,10.24,88.51,9.25,0.0
G01885,79,21,18.94863,73.07451,17.08,9.47,64.96,4.514,0.0
G01886,80,21,18.948679,73.079257,16.27,11.18,24.73,1.597,0.0
G01887,81,21,18.948728,73.084003,28.97,16.9,104.43,5.477,0.0
G01888,82,21,18.948777,73.08875,51.07,22.35,132.59,10.996,0.0
G01889,83,21,18.948826,73.093496,60.06,30.59,160.18,11.858,0.0
G01890,84,21,18.948875,73.098243,78.62,43.74,182.32,14.051,0.0
G01891,85,21,18.948923,73.102989,197.66,82.67,296.69,22.206,0.0
G01892,0,22,18.948871,72.699528,0.0,0.0,0.0,0.0,1.0
G01893,1,22,18.94893,72.704273,0.0,0.0,0.0,0.0,1.0
G01894,2,22,18.948989,72.709019,0.0,0.0,0.0,0.0,1.0
G01895,3,22,18.949047,72.713764,0.0,0.0,0.0,0.0,1.0
G01896,4,22,18.949106,72.718509,0.0,0.0,0.0,0.0,1.0
G01897,5,22,18.949164,72.723255,0.0,0.0,0.0,0.0,1.0
G01898,6,22,18.949222,72.728,0.0,0.0,0.0,0.0,1.0
G01899,7,22,18.949281,72.732746,0.0,0.0,0.0,0.0,1.0
G01900,8,22,18.949339,72.737491,0.0,0.0,0.0,0.0,1.0
G01901,9,22,18.949396,72.742236,0.0,0.0,0.0,0.0,1.0
G01902,10,22,18.949454,72.746982,0.0,0.0,0.0,0.0,1.0
G01903,11,22,18.949512,72.751727,0.0,0.0,0.0,0.0,1.0
G01904,12,22,18.949569,72.756473,0.0,0.0,0.0,0.0,1.0
G01905,13,22,18.949627,72.761218,0.0,0.0,0.0,0.0,1.0
G01906,14,22,18.949684,72.765964,0.0,0.0,0.0,0.0,1.0
G01907,15,22,18.949741,72.770709,0.0,0.0,0.0,0.0,1.0
G01908,16,22,18.949798,72.775455,0.0,0.0,0.0,0.0,1.0
G01909,17,22,18.949855,72.780201,0.0,0.0,0.0,0.0,1.0
G01910,18,22,18.949912,72.784946,0.0,0.0,0.0,0.0,1.0
G01911,19,22,18.949968,72.789692,0.15,-0.13,6.11,0.347,0.9842
G01912,20,22,18.950025,72.794437,19.89,0.0,43.7,5.372,0.13
G01913,21,22,18.950081,72.799183,39.95,0.0,63.39,8.813,0.0789
G01914,22,22,18.950138,72.803929,11.23,0.0,65.25,5.374,0.5825
G01915,23,22,18.950194,72.808674,0.0,0.0,0.0,0.0,1.0
G01916,24,22,18.95025,72.81342,0.06,0.0,7.21,0.143,0.97
G01917,25,22,18.950306,72.818166,4.97,0.0,18.08,2.839,0.4605
G01918,26,22,18.950362,72.822912,11.96,-15.38,22.04,4.995,0.0
G01919,27,22,18.950417,72.827657,16.23,8.44,23.5,3.79,0.0
G01920,28,22,18.950473,72.832403,15.82,6.69,21.52,3.646,0.0
G01921,29,22,18.950528,72.837149,12.88,5.06,21.07,3.68,0.0
G01922,30,22,18.950584,72.841895,6.62,0.74,14.1,2.236,0.0675
G01923,31,22,18.950639,72.846641,2.73,0.0,13.93,1.842,0.8316
G01924,32,22,18.950694,72.851386,0.09,0.0,9.42,0.241,1.0
G01925,33,22,18.950749,72.856132,0.0,0.0,0.0,0.0,1.0
G01926,34,22,18.950804,72.860878,0.0,0.0,0.0,0.0,1.0
G01927,35,22,18.950858,72.865624,0.0,0.0,0.0,0.0,1.0
G01928,36,22,18.950913,72.87037,0.0,0.0,0.0,0.0,1.0
G01929,37,22,18.950968,72.875116,0.0,0.0,0.0,0.0,1.0
G01930,38,22,18.951022,72.879862,0.0,0.0,0.0,0.0,1.0
G01931,39,22,18.951076,72.884608,0.0,0.0,0.0,0.0,1.0
G01932,40,22,18.95113,72.889354,0.0,0.0,0.0,0.0,1.0
G01933,41,22,18.951184,72.8941,0.0,0.0,0.0,0.0,1.0
G01934,42,22,18.951238,72.898846,0.0,0.0,0.0,0.0,1.0
G01935,43,22,18.951292,72.903592,0.0,0.0,0.0,0.0,1.0
G01936,44,22,18.951345,72.908338,0.0,0.0,0.0,0.0,1.0
G01937,45,22,18.951399,72.913084,0.0,0.0,0.0,0.0,1.0
G01938,46,22,18.951452,72.91783,0.0,0.0,0.0,0.0,1.0
G01939,47,22,18.951506,72.922576,0.0,0.0,0.0,0.0,1.0
G01940,48,22,18.951559,72.927322,0.0,0.0,0.0,0.0,1.0
G01941,49,22,18.951612,72.932068,0.75,0.0,26.03,0.855,0.9475
G01942,50,22,18.951665,72.936814,0.58,0.0,24.91,0.685,0.9421
G01943,51,22,18.951717,72.94156,0.0,0.0,0.0,0.0,0.9975
G01944,52,22,18.95177,72.946307,0.77,-1.07,5.42,0.753,0.9974
G01945,53,22,18.951823,72.951053,5.07,-1.07,8.49,1.638,0.3825
G01946,54,22,18.951875,72.955799,5.44,1.84,9.85,1.49,0.2974
G01947,55,22,18.951927,72.960545,6.91,0.0,51.64,3.319,0.3368
G01948,56,22,18.951979,72.965291,3.09,-0.65,29.99,1.903,0.57
G01949,57,22,18.952032,72.970038,0.42,0.0,3.55,0.331,0.9342
G01950,58,22,18.952083,72.974784,0.4,0.0,3.29,0.364,0.835
G01951,59,22,18.952135,72.97953,2.08,0.0,3.29,0.613,0.0553
G01952,60,22,18.952187,72.984276,2.15,0.33,2.77,0.243,0.0
G01953,61,22,18.952239,72.989023,2.12,0.06,3.1,0.563,0.0
G01954,62,22,18.95229,72.993769,1.69,0.0,3.1,0.591,0.265
G01955,63,22,18.952341,72.998515,1.14,0.0,4.05,0.843,0.5684
G01956,64,22,18.952392,73.003262,2.34,0.07,9.51,0.694,0.015
G01957,65,22,18.952444,73.008008,10.06,1.79,27.97,3.679,0.0553
G01958,66,22,18.952494,73.012754,18.39,9.57,40.18,4.274,0.0725
G01959,67,22,18.952545,73.017501,28.87,12.77,50.82,5.708,0.0789
G01960,68,22,18.952596,73.022247,28.86,12.63,57.59,6.416,0.07
G01961,69,22,18.952647,73.026994,21.69,11.48,37.83,3.756,0.1105
G01962,70,22,18.952697,73.03174,19.3,10.26,46.33,3.888,0.0
G01963,71,22,18.952747,73.036486,42.63,17.58,74.16,8.874,0.0026
G01964,72,22,18.952798,73.041233,48.77,24.58,74.68,8.165,0.0
G01965,73,22,18.952848,73.045979,72.35,47.03,102.29,6.825,0.1263
G01966,74,22,18.952898,73.050726,112.85,54.88,155.07,13.385,0.0175
G01967,75,22,18.952948,73.055472,71.38,38.1,123.09,13.371,0.0053
G01968,76,22,18.952997,73.060219,60.26,27.33,101.11,10.378,0.0
G01969,77,22,18.953047,73.064965,35.67,18.1,83.96,7.246,0.0
G01970,78,22,18.953096,73.069712,33.01,7.86,94.23,9.317,0.0053
G01971,79,22,18.953146,73.074459,12.87,8.95,19.84,1.67,0.0
G01972,80,22,18.953195,73.079205,17.38,11.99,24.09,2.243,0.0132
G01973,81,22,18.953244,73.083952,28.68,16.82,83.15,4.856,0.0
G01974,82,22,18.953293,73.088698,35.21,21.78,77.75,5.418,0.0
G01975,83,22,18.953342,73.093445,66.49,33.3,151.34,13.17,0.0
G01976,84,22,18.953391,73.098192,143.45,53.64,245.72,22.606,0.0
G01977,85,22,18.95344,73.102938,247.48,126.65,311.07,18.141,0.0
G01978,0,23,18.953386,72.699466,0.0,0.0,0.0,0.0,1.0
G01979,1,23,18.953445,72.704212,0.0,0.0,0.0,0.0,1.0
G01980,2,23,18.953504,72.708957,0.0,0.0,0.0,0.0,1.0
G01981,3,23,18.953563,72.713702,0.0,0.0,0.0,0.0,1.0
G01982,4,23,18.953621,72.718448,0.0,0.0,0.0,0.0,1.0
G01983,5,23,18.953679,72.723193,0.0,0.0,0.0,0.0,1.0
G01984,6,23,18.953738,72.727939,0.0,0.0,0.0,0.0,1.0
G01985,7,23,18.953796,72.732685,0.0,0.0,0.0,0.0,1.0
G01986,8,23,18.953854,72.73743,0.0,0.0,0.0,0.0,1.0
G01987,9,23,18.953912,72.742176,0.0,0.0,0.0,0.0,1.0
G01988,10,23,18.95397,72.746921,0.0,0.0,0.0,0.0,1.0
G01989,11,23,18.954027,72.751667,0.0,0.0,0.0,0.0,1.0
G01990,12,23,18.954085,72.756412,0.0,0.0,0.0,0.0,1.0
G01991,13,23,18.954142,72.761158,0.0,0.0,0.0,0.0,1.0
G01992,14,23,18.954199,72.765904,0.0,0.0,0.0,0.0,1.0
G01993,15,23,18.954257,72.770649,0.0,0.0,0.0,0.0,1.0
G01994,16,23,18.954314,72.775395,0.0,0.0,0.0,0.0,1.0
G01995,17,23,18.95437,72.780141,0.0,0.0,0.0,0.0,1.0
G01996,18,23,18.954427,72.784887,0.0,0.0,0.0,0.0,1.0
G01997,19,23,18.954484,72.789632,0.0,0.0,0.0,0.0,1.0
G01998,20,23,18.95454,72.794378,3.96,0.0,21.09,2.261,0.7368
G01999,21,23,18.954597,72.799124,27.79,0.0,59.04,6.595,0.036
G02000,22,23,18.954653,72.80387,49.24,0.0,65.25,8.731,0.0105
G02001,23,23,18.954709,72.808616,8.24,0.0,60.2,5.062,0.4127
G02002,24,23,18.954765,72.813361,7.25,0.0,26.88,4.47,0.1895
G02003,25,23,18.954821,72.818107,12.49,-3.17,20.1,4.005,0.0111
G02004,26,23,18.954877,72.822853,14.12,4.85,21.61,3.362,0.0079
G02005,27,23,18.954933,72.827599,12.71,6.43,19.53,3.107,0.0
G02006,28,23,18.954989,72.832345,13.97,1.13,25.09,4.195,0.0
G02007,29,23,18.955044,72.837091,15.45,4.98,27.02,4.679,0.0
G02008,30,23,18.955099,72.841837,7.48,3.11,19.98,2.714,0.0316
G02009,31,23,18.955155,72.846583,3.23,0.0,13.74,2.182,0.687
G02010,32,23,18.95521,72.851329,0.1,0.0,3.4,0.177,0.9806
G02011,33,23,18.955265,72.856075,0.0,0.0,0.0,0.0,1.0
G02012,34,23,18.955319,72.860821,0.0,0.0,0.0,0.0,1.0
G02013,35,23,18.955374,72.865567,0.0,0.0,0.0,0.0,1.0
G02014,36,23,18.955429,72.870313,0.0,0.0,0.0,0.0,1.0
G02015,37,23,18.955483,72.875059,0.0,0.0,0.0,0.0,1.0
G02016,38,23,18.955538,72.879805,0.0,0.0,0.0,0.0,1.0
G02017,39,23,18.955592,72.884551,0.0,0.0,0.0,0.0,1.0
G02018,40,23,18.955646,72.889297,0.0,0.0,0.0,0.0,1.0
G02019,41,23,18.9557,72.894043,0.0,0.0,0.0,0.0,1.0
G02020,42,23,18.955754,72.898789,0.0,0.0,0.0,0.0,1.0
G02021,43,23,18.955808,72.903535,0.88,0.0,12.23,1.209,0.8342
G02022,44,23,18.955861,72.908281,0.01,0.0,1.65,0.028,1.0
G02023,45,23,18.955915,72.913028,0.0,0.0,0.0,0.0,1.0
G02024,46,23,18.955968,72.917774,0.0,0.0,0.0,0.0,1.0
G02025,47,23,18.956021,72.92252,0.0,0.0,0.0,0.0,1.0
G02026,48,23,18.956075,72.927266,2.56,0.0,45.03,2.524,0.8476
G02027,49,23,18.956128,72.932012,14.5,0.0,66.29,6.276,0.2316
G02028,50,23,18.956181,72.936759,11.81,0.0,73.42,6.165,0.5845
G02029,51,23,18.956233,72.941505,0.0,0.0,0.0,0.0,1.0
G02030,52,23,18.956286,72.946251,0.01,0.0,2.17,0.061,0.9945
G02031,53,23,18.956339,72.950998,4.4,0.0,8.79,1.664,0.6105
G02032,54,23,18.956391,72.955744,3.68,-1.16,9.1,1.56,0.7645
G02033,55,23,18.956443,72.96049,0.12,-1.16,2.48,0.181,1.0
G02034,56,23,18.956495,72.965237,0.0,0.0,0.18,0.008,0.9974
G02035,57,23,18.956548,72.969983,0.32,0.0,4.07,0.4,0.7452
G02036,58,23,18.956599,72.974729,2.11,0.0,3.47,0.7,0.15
G02037,59,23,18.956651,72.979476,2.16,1.32,2.94,0.331,0.0
G02038,60,23,18.956703,72.984222,1.94,0.33,2.41,0.347,0.0
G02039,61,23,18.956755,72.988969,2.31,0.33,3.02,0.372,0.0
G02040,62,23,18.956806,72.993715,2.54,2.03,3.4,0.295,0.0
G02041,63,23,18.956857,72.998461,1.7,0.0,3.06,0.822,0.2632
G02042,64,23,18.956909,73.003208,2.29,0.1,10.5,1.032,0.0605
G02043,65,23,18.95696,73.007954,7.28,1.54,21.09,2.037,0.0
G02044,66,23,18.957011,73.012701,10.81,5.3,21.1,2.141,0.0
G02045,67,23,18.957061,73.017447,10.21,3.46,18.56,2.263,0.0028
G02046,68,23,18.957112,73.022194,15.57,6.34,27.78,3.775,0.0026
G02047,69,23,18.957163,73.02694,18.39,9.59,30.08,3.116,0.0332
G02048,70,23,18.957213,73.031687,16.2,8.23,32.46,3.188,0.0132
G02049,71,23,18.957264,73.036434,26.28,8.65,46.38,5.534,0.0
G02050,72,23,18.957314,73.04118,32.47,19.44,58.85,6.805,0.0
G02051,73,23,18.957364,73.045927,38.72,23.1,63.83,6.42,0.0748
G02052,74,23,18.957414,73.050673,78.28,24.79,147.87,14.395,0.0184
G02053,75,23,18.957464,73.05542,51.1,30.49,102.35,8.84,0.0
G02054,76,23,18.957514,73.060167,51.68,26.81,81.81,9.846,0.0
G02055,77,23,18.957563,73.064913,27.81,7.52,60.02,6.724,0.0079
G02056,78,23,18.957613,73.06966,11.13,6.12,35.87,2.733,0.0
G02057,79,23,18.957662,73.074407,12.07,9.21,15.21,1.173,0.0
G02058,80,23,18.957711,73.079153,17.15,13.05,23.86,1.437,0.0
G02059,81,23,18.957761,73.0839,55.26,19.34,148.77,14.156,0.0
G02060,82,23,18.95781,73.088647,104.21,37.44,169.5,16.521,0.0
G02061,83,23,18.957859,73.093394,100.41,43.7,192.99,17.974,0.0
G02062,84,23,18.957907,73.09814,232.28,135.94,306.68,16.36,0.0
G02063,85,23,18.957956,73.102887,294.61,210.06,344.17,16.544,0.0
G02064,0,24,18.957902,72.699404,0.0,0.0,0.0,0.0,1.0
G02065,1,24,18.95796,72.70415,0.0,0.0,0.0,0.0,1.0
G02066,2,24,18.958019,72.708895,0.0,0.0,0.0,0.0,1.0
G02067,3,24,18.958078,72.713641,0.0,0.0,0.0,0.0,1.0
G02068,4,24,18.958136,72.718387,0.0,0.0,0.0,0.0,1.0
G02069,5,24,18.958195,72.723132,0.0,0.0,0.0,0.0,1.0
G02070,6,24,18.958253,72.727878,0.0,0.0,0.0,0.0,1.0
G02071,7,24,18.958311,72.732623,0.0,0.0,0.0,0.0,1.0
G02072,8,24,18.958369,72.737369,0.0,0.0,0.0,0.0,1.0
G02073,9,24,18.958427,72.742115,0.0,0.0,0.0,0.0,1.0
G02074,10,24,18.958485,72.746861,0.0,0.0,0.0,0.0,1.0
G02075,11,24,18.958543,72.751606,0.0,0.0,0.0,0.0,1.0
G02076,12,24,18.9586,72.756352,0.0,0.0,0.0,0.0,1.0
G02077,13,24,18.958657,72.761098,0.0,0.0,0.0,0.0,1.0
G02078,14,24,18.958715,72.765844,0.0,0.0,0.0,0.0,1.0
G02079,15,24,18.958772,72.770589,0.0,0.0,0.0,0.0,1.0
G02080,16,24,18.958829,72.775335,0.0,0.0,0.0,0.0,1.0
G02081,17,24,18.958886,72.780081,0.0,0.0,0.0,0.0,1.0
G02082,18,24,18.958943,72.784827,0.0,0.0,0.0,0.0,1.0
G02083,19,24,18.958999,72.789573,0.0,0.0,0.0,0.0,1.0
G02084,20,24,18.959056,72.794319,0.0,0.0,0.0,0.02,1.0
G02085,21,24,18.959112,72.799065,6.06,0.0,35.48,3.528,0.5579
G02086,22,24,18.959169,72.803811,43.81,10.07,64.82,7.082,0.0
G02087,23,24,18.959225,72.808557,31.13,6.32,65.21,7.726,0.0
G02088,24,24,18.959281,72.813302,12.5,5.0,21.37,4.612,0.0
G02089,25,24,18.959337,72.818048,12.32,5.2,20.9,4.106,0.0237
G02090,26,24,18.959393,72.822794,11.84,5.72,20.63,3.65,0.0075
G02091,27,24,18.959449,72.82754,9.26,3.76,14.85,2.911,0.0
G02092,28,24,18.959504,72.832286,11.56,3.94,17.76,3.25,0.0
G02093,29,24,18.95956,72.837033,16.1,6.17,25.21,4.241,0.0
G02094,30,24,18.959615,72.841779,7.38,2.53,13.65,2.556,0.0
G02095,31,24,18.95967,72.846525,5.13,0.0,15.99,3.087,0.1605
G02096,32,24,18.959725,72.851271,0.11,0.0,4.95,0.302,0.9605
G02097,33,24,18.95978,72.856017,0.0,0.0,0.0,0.0,1.0
G02098,34,24,18.959835,72.860763,0.0,0.0,0.0,0.0,1.0
G02099,35,24,18.95989,72.865509,0.0,0.0,0.0,0.0,1.0
G02100,36,24,18.959945,72.870255,0.0,0.0,0.0,0.0,1.0
G02101,37,24,18.959999,72.875001,0.0,0.0,0.0,0.0,1.0
G02102,38,24,18.960053,72.879748,0.0,0.0,0.0,0.0,1.0
G02103,39,24,18.960108,72.884494,0.0,0.0,0.0,0.0,1.0
G02104,40,24,18.960162,72.88924,0.0,0.0,0.0,0.0,1.0
G02105,41,24,18.960216,72.893986,0.0,0.0,0.0,0.0,1.0
G02106,42,24,18.96027,72.898733,1.35,0.0,16.06,1.104,0.9105
G02107,43,24,18.960323,72.903479,8.81,0.0,24.91,4.761,0.34
G02108,44,24,18.960377,72.908225,0.19,0.0,5.85,0.387,0.9868
G02109,45,24,18.960431,72.912971,0.0,0.0,0.0,0.0,1.0
G02110,46,24,18.960484,72.917718,0.0,0.0,0.0,0.0,1.0
G02111,47,24,18.960537,72.922464,0.38,0.0,13.48,0.94,1.0
G02112,48,24,18.960591,72.92721,50.82,0.0,124.35,17.145,0.1368
G02113,49,24,18.960644,72.931957,52.98,14.63,126.14,16.414,0.0325
G02114,50,24,18.960696,72.936703,38.81,0.0,133.42,12.831,0.1079
G02115,51,24,18.960749,72.94145,0.19,0.0,4.71,0.262,0.905
G02116,52,24,18.960802,72.946196,0.0,0.0,0.0,0.0,1.0
G02117,53,24,18.960855,72.950942,1.15,0.0,7.69,0.749,0.9775
G02118,54,24,18.960907,72.955689,0.53,0.0,6.16,0.45,1.0
G02119,55,24,18.960959,72.960435,2.11,0.0,23.23,1.51,0.6395
G02120,56,24,18.961011,72.965182,6.06,0.0,47.23,3.422,0.185
G02121,57,24,18.961064,72.969928,6.41,0.18,49.06,2.959,0.0132
G02122,58,24,18.961116,72.974675,2.6,0.4,4.57,0.85,0.0825
G02123,59,24,18.961167,72.979421,2.44,0.9,3.77,0.561,0.1711
G02124,60,24,18.961219,72.984168,2.55,1.27,6.7,0.892,0.0
G02125,61,24,18.961271,72.988914,2.35,1.43,3.15,0.27,0.0
G02126,62,24,18.961322,72.993661,2.48,1.84,3.12,0.342,0.0
G02127,63,24,18.961373,72.998408,1.72,0.0,2.76,0.769,0.2368
G02128,64,24,18.961425,73.003154,1.87,0.0,2.77,0.633,0.1525
G02129,65,24,18.961476,73.007901,2.01,1.0,8.5,0.551,0.0
G02130,66,24,18.961527,73.012647,6.47,1.49,17.24,1.982,0.0
G02131,67,24,18.961578,73.017394,7.05,1.01,17.97,2.222,0.0395
G02132,68,24,18.961628,73.022141,7.97,3.85,29.97,2.506,0.0525
G02133,69,24,18.961679,73.026887,22.14,6.5,32.3,4.887,0.0184
G02134,70,24,18.961729,73.031634,13.23,6.63,32.06,3.143,0.0075
G02135,71,24,18.96178,73.036381,20.88,6.63,40.01,5.96,0.0474
G02136,72,24,18.96183,73.041127,18.29,7.49,37.66,4.399,0.01
G02137,73,24,18.96188,73.045874,24.58,11.71,51.83,5.089,0.0
G02138,74,24,18.96193,73.050621,34.57,16.09,75.62,8.143,0.07
G02139,75,24,18.96198,73.055368,36.68,28.87,67.4,4.548,0.0
G02140,76,24,18.96203,73.060114,30.32,12.52,57.83,5.827,0.0
G02141,77,24,18.96208,73.064861,13.34,5.02,36.38,3.195,0.005
G02142,78,24,18.962129,73.069608,9.54,5.16,14.99,2.012,0.0079
G02143,79,24,18.962178,73.074355,16.58,8.14,46.76,4.556,0.0
G02144,80,24,18.962228,73.079102,30.37,14.46,99.17,9.032,0.0
G02145,81,24,18.962277,73.083849,96.65,23.86,161.71,20.666,0.0
G02146,82,24,18.962326,73.088595,169.95,79.19,221.79,19.548,0.0
G02147,83,24,18.962375,73.093342,163.17,64.71,247.83,18.905,0.0
G02148,84,24,18.962424,73.098089,240.14,135.94,302.76,18.415,0.0
G02149,85,24,18.962472,73.102836,259.99,140.21,333.13,24.632,0.0
G02150,0,25,18.962417,72.699342,0.0,0.0,0.0,0.0,1.0
G02151,1,25,18.962476,72.704088,0.0,0.0,0.0,0.0,1.0
G02152,2,25,18.962534,72.708834,0.0,0.0,0.0,0.0,1.0
G02153,3,25,18.962593,72.713579,0.0,0.0,0.0,0.0,1.0
G02154,4,25,18.962652,72.718325,0.0,0.0,0.0,0.0,1.0
G02155,5,25,18.96271,72.723071,0.0,0.0,0.0,0.0,1.0
G02156,6,25,18.962768,72.727817,0.0,0.0,0.0,0.0,1.0
G02157,7,25,18.962826,72.732562,0.0,0.0,0.0,0.0,1.0
G02158,8,25,18.962885,72.737308,0.0,0.0,0.0,0.0,1.0
G02159,9,25,18.962942,72.742054,0.0,0.0,0.0,0.0,1.0
G02160,10,25,18.963,72.7468,0.0,0.0,0.0,0.0,1.0
G02161,11,25,18.963058,72.751546,0.0,0.0,0.0,0.0,1.0
G02162,12,25,18.963115,72.756292,0.0,0.0,0.0,0.0,1.0
G02163,13,25,18.963173,72.761038,0.0,0.0,0.0,0.0,1.0
G02164,14,25,18.96323,72.765783,0.0,0.0,0.0,0.0,1.0
G02165,15,25,18.963287,72.770529,0.0,0.0,0.0,0.0,1.0
G02166,16,25,18.963344,72.775275,0.0,0.0,0.0,0.0,1.0
G02167,17,25,18.963401,72.780021,0.0,0.0,0.0,0.0,1.0
G02168,18,25,18.963458,72.784767,0.0,0.0,0.0,0.0,1.0
G02169,19,25,18.963515,72.789513,0.0,0.0,0.0,0.0,1.0
G02170,20,25,18.963571,72.794259,0.0,0.0,0.0,0.0,1.0
G02171,21,25,18.963628,72.799005,0.64,0.0,13.07,0.682,0.9584
G02172,22,25,18.963684,72.803751,18.67,0.0,43.02,6.86,0.1553
G02173,23,25,18.96374,72.808498,30.84,9.69,59.69,7.609,0.0
G02174,24,25,18.963797,72.813244,11.13,3.97,44.96,4.593,0.0
G02175,25,25,18.963853,72.81799,10.53,3.2,28.38,5.021,0.0083
G02176,26,25,18.963908,72.822736,8.54,4.05,28.1,2.92,0.0
G02177,27,25,18.963964,72.827482,8.54,4.39,20.65,2.839,0.0
G02178,28,25,18.96402,72.832228,11.8,2.52,23.04,4.187,0.0158
G02179,29,25,18.964075,72.836974,14.25,5.2,25.46,4.246,0.0
G02180,30,25,18.964131,72.84172,14.03,4.43,51.74,4.972,0.0
G02181,31,25,18.964186,72.846467,9.66,0.0,37.77,4.241,0.0471
G02182,32,25,18.964241,72.851213,0.76,-0.01,9.02,0.89,0.856
G02183,33,25,18.964296,72.855959,0.0,0.0,0.0,0.0,1.0
G02184,34,25,18.964351,72.860705,0.0,0.0,0.0,0.0,1.0
G02185,35,25,18.964406,72.865452,0.0,0.0,0.0,0.0,1.0
G02186,36,25,18.96446,72.870198,0.0,0.0,0.0,0.0,1.0
G02187,37,25,18.964515,72.874944,0.0,0.0,0.0,0.0,1.0
G02188,38,25,18.964569,72.879691,0.0,0.0,0.0,0.0,1.0
G02189,39,25,18.964623,72.884437,0.0,0.0,0.0,0.0,1.0
G02190,40,25,18.964678,72.889183,0.0,0.0,0.0,0.0,1.0
G02191,41,25,18.964732,72.89393,0.0,0.0,0.0,0.0,1.0
G02192,42,25,18.964786,72.898676,0.33,0.0,12.19,0.417,0.9917
G02193,43,25,18.964839,72.903422,0.9,0.0,12.19,0.827,0.9447
G02194,44,25,18.964893,72.908169,0.0,0.0,0.0,0.0,1.0
G02195,45,25,18.964947,72.912915,0.0,0.0,0.0,0.0,1.0
G02196,46,25,18.965,72.917662,0.0,0.0,0.0,0.0,1.0
G02197,47,25,18.965053,72.922408,0.05,0.0,3.62,0.118,1.0
G02198,48,25,18.965106,72.927155,12.23,0.0,75.32,6.249,0.5429
G02199,49,25,18.965159,72.931901,41.47,0.93,129.66,13.598,0.0105
G02200,50,25,18.965212,72.936648,95.83,4.71,167.07,22.725,0.0
G02201,51,25,18.965265,72.941394,6.54,0.0,86.77,5.841,0.5026
G02202,52,25,18.965318,72.946141,0.0,0.0,0.0,0.0,1.0
G02203,53,25,18.96537,72.950887,0.0,0.0,0.0,0.006,1.0
G02204,54,25,18.965423,72.955634,4.35,0.0,17.32,2.971,0.554
G02205,55,25,18.965475,72.96038,22.16,0.0,47.64,7.268,0.0055
G02206,56,25,18.965527,72.965127,14.42,0.0,49.83,6.027,0.2026
G02207,57,25,18.96558,72.969874,8.15,0.0,49.83,3.715,0.4765
G02208,58,25,18.965632,72.97462,0.28,0.0,4.13,0.369,0.9763
G02209,59,25,18.965683,72.979367,0.28,0.0,3.03,0.308,0.9778
G02210,60,25,18.965735,72.984114,2.89,0.0,7.62,1.365,0.2579
G02211,61,25,18.965787,72.98886,2.11,-0.32,3.38,0.529,0.0554
G02212,62,25,18.965838,72.993607,2.52,1.24,3.48,0.435,0.0711
G02213,63,25,18.96589,72.998354,2.37,0.9,3.48,0.383,0.0
G02214,64,25,18.965941,73.0031,1.97,0.0,2.92,0.758,0.1132
G02215,65,25,18.965992,73.007847,1.99,0.13,5.3,0.559,0.0665
G02216,66,25,18.966043,73.012594,6.32,1.71,17.8,1.654,0.0
G02217,67,25,18.966094,73.017341,8.94,2.72,19.69,2.538,0.0111
G02218,68,25,18.966145,73.022087,6.42,2.87,18.55,1.868,0.2289
G02219,69,25,18.966195,73.026834,17.9,8.64,32.3,3.754,0.0
G02220,70,25,18.966246,73.031581,11.95,3.76,29.23,3.68,0.0026
G02221,71,25,18.966296,73.036328,16.98,4.84,27.88,4.375,0.0222
G02222,72,25,18.966346,73.041075,7.3,3.5,18.89,2.306,0.1447
G02223,73,25,18.966396,73.045822,11.33,5.58,30.77,2.252,0.1025
G02224,74,25,18.966446,73.050568,17.98,9.59,35.71,3.718,0.0
G02225,75,25,18.966496,73.055315,29.04,17.52,46.6,3.804,0.0083
G02226,76,25,18.966546,73.060062,27.26,13.29,50.38,5.543,0.0
G02227,77,25,18.966596,73.064809,10.42,2.76,39.74,3.481,0.0
G02228,78,25,18.966645,73.069556,9.06,3.29,16.13,2.217,0.0416
G02229,79,25,18.966695,73.074303,11.45,7.2,21.82,2.123,0.0
G02230,80,25,18.966744,73.07905,21.92,8.08,68.82,6.878,0.0
G02231,81,25,18.966793,73.083797,44.99,16.42,142.79,12.437,0.0
G02232,82,25,18.966842,73.088544,123.84,31.82,218.49,17.861,0.0
G02233,83,25,18.966891,73.093291,206.88,122.34,253.79,14.946,0.0
G02234,84,25,18.96694,73.098038,147.15,32.46,263.89,22.696,0.0
G02235,85,25,18.966989,73.102785,102.87,25.09,263.27,20.891,0.0
G02236,0,26,18.966932,72.69928,0.0,0.0,0.0,0.0,1.0
G02237,1,26,18.966991,72.704026,0.0,0.0,0.0,0.0,1.0
G02238,2,26,18.96705,72.708772,0.0,0.0,0.0,0.0,1.0
G02239,3,26,18.967108,72.713518,0.0,0.0,0.0,0.0,1.0
G02240,4,26,18.967167,72.718264,0.0,0.0,0.0,0.0,1.0
G02241,5,26,18.967225,72.72301,0.0,0.0,0.0,0.0,1.0
G02242,6,26,18.967284,72.727755,0.0,0.0,0.0,0.0,1.0
G02243,7,26,18.967342,72.732501,0.0,0.0,0.0,0.0,1.0
G02244,8,26,18.9674,72.737247,0.0,0.0,0.0,0.0,1.0
G02245,9,26,18.967458,72.741993,0.0,0.0,0.0,0.0,1.0
G02246,10,26,18.967516,72.746739,0.0,0.0,0.0,0.0,1.0
G02247,11,26,18.967573,72.751485,0.0,0.0,0.0,0.0,1.0
G02248,12,26,18.967631,72.756231,0.0,0.0,0.0,0.0,1.0
G02249,13,26,18.967688,72.760977,0.0,0.0,0.0,0.0,1.0
G02250,14,26,18.967746,72.765723,0.0,0.0,0.0,0.0,1.0
G02251,15,26,18.967803,72.770469,0.0,0.0,0.0,0.0,1.0
G02252,16,26,18.96786,72.775215,0.0,0.0,0.0,0.0,1.0
G02253,17,26,18.967917,72.779962,0.0,0.0,0.0,0.0,1.0
G02254,18,26,18.967974,72.784708,0.0,0.0,0.0,0.0,1.0
G02255,19,26,18.96803,72.789454,0.0,0.0,0.0,0.0,1.0
G02256,20,26,18.968087,72.7942,0.0,0.0,0.0,0.0,1.0
G02257,21,26,18.968143,72.798946,0.0,0.0,0.45,0.021,1.0
G02258,22,26,18.9682,72.803692,9.59,0.0,36.09,4.742,0.2575
G02259,23,26,18.968256,72.808438,44.04,14.76,70.29,7.637,0.0
G02260,24,26,18.968312,72.813185,22.05,4.34,70.29,8.246,0.0
G02261,25,26,18.968368,72.817931,9.38,-0.29,26.06,4.984,0.0
G02262,26,26,18.968424,72.822677,9.57,1.94,24.13,5.006,0.0
G02263,27,26,18.96848,72.827423,9.35,3.82,15.93,2.771,0.0
G02264,28,26,18.968535,72.83217,11.41,5.1,20.25,4.16,0.0
G02265,29,26,18.968591,72.836916,14.09,5.85,23.53,3.738,0.0
G02266,30,26,18.968646,72.841662,22.18,12.9,51.74,5.133,0.0
G02267,31,26,18.968701,72.846409,11.26,4.11,37.77,4.027,0.0184
G02268,32,26,18.968757,72.851155,3.44,0.0,27.93,2.669,0.6184
G02269,33,26,18.968812,72.855901,0.0,0.0,0.0,0.0,1.0
G02270,34,26,18.968867,72.860648,0.0,0.0,0.0,0.0,1.0
G02271,35,26,18.968921,72.865394,0.0,0.0,0.0,0.0,1.0
G02272,36,26,18.968976,72.870141,0.0,0.0,0.0,0.0,1.0
G02273,37,26,18.96903,72.874887,0.0,0.0,0.0,0.0,1.0
G02274,38,26,18.969085,72.879633,0.0,0.0,0.0,0.0,1.0
G02275,39,26,18.969139,72.88438,0.0,0.0,0.0,0.0,1.0
G02276,40,26,18.969193,72.889126,0.0,0.0,0.0,0.0,1.0
G02277,41,26,18.969247,72.893873,0.0,0.0,0.0,0.0,1.0
G02278,42,26,18.969301,72.898619,0.0,0.0,0.0,0.0,1.0
G02279,43,26,18.969355,72.903366,0.0,0.0,0.0,0.0,1.0
G02280,44,26,18.969409,72.908112,0.0,0.0,0.0,0.0,1.0
G02281,45,26,18.969462,72.912859,0.0,0.0,0.0,0.0,1.0
G02282,46,26,18.969516,72.917606,0.0,0.0,0.0,0.0,1.0
G02283,47,26,18.969569,72.922352,0.0,0.0,0.0,0.0,1.0
G02284,48,26,18.969622,72.927099,0.04,0.0,2.57,0.067,1.0
G02285,49,26,18.969675,72.931845,1.81,0.0,22.98,1.444,0.8425
G02286,50,26,18.969728,72.936592,36.8,0.0,144.3,14.697,0.3816
G02287,51,26,18.969781,72.941339,5.9,0.0,86.08,4.648,0.6575
G02288,52,26,18.969834,72.946085,0.0,0.0,0.0,0.0,1.0
G02289,53,26,18.969886,72.950832,0.0,0.0,0.03,0.024,1.0
G02290,54,26,18.969939,72.955579,8.24,0.0,31.95,3.821,0.2921
G02291,55,26,18.969991,72.960325,11.49,0.0,41.71,4.742,0.1684
G02292,56,26,18.970043,72.965072,0.33,0.0,13.68,0.478,0.95
G02293,57,26,18.970096,72.969819,0.0,0.0,0.0,0.001,1.0
G02294,58,26,18.970148,72.974566,0.0,0.0,0.0,0.0,1.0
G02295,59,26,18.970199,72.979312,0.0,0.0,0.0,0.0,1.0
G02296,60,26,18.970251,72.984059,0.72,0.0,4.58,0.603,0.7825
G02297,61,26,18.970303,72.988806,0.48,0.0,3.23,0.368,0.85
G02298,62,26,18.970354,72.993553,0.34,0.0,3.46,0.341,0.9675
G02299,63,26,18.970406,72.9983,0.92,0.0,3.35,0.414,0.7316
G02300,64,26,18.970457,73.003047,2.08,0.0,3.4,0.589,0.255
G02301,65,26,18.970508,73.007793,3.61,1.37,5.74,0.887,0.0105
G02302,66,26,18.970559,73.01254,5.11,3.85,9.38,0.854,0.285
G02303,67,26,18.97061,73.017287,6.85,0.8,23.24,2.637,0.0684
G02304,68,26,18.970661,73.022034,6.27,0.46,20.26,3.018,0.31
G02305,69,26,18.970711,73.026781,9.07,3.27,25.66,2.921,0.0
G02306,70,26,18.970762,73.031528,5.57,1.76,10.51,2.056,0.05
G02307,71,26,18.970812,73.036275,16.64,4.41,31.22,4.892,0.0053
G02308,72,26,18.970862,73.041022,6.39,2.04,17.91,2.583,0.14
G02309,73,26,18.970913,73.045769,6.88,2.65,10.96,1.337,0.0579
G02310,74,26,18.970963,73.050516,28.08,7.1,84.53,9.542,0.085
G02311,75,26,18.971013,73.055263,33.56,17.78,61.89,5.693,0.0053
G02312,76,26,18.971062,73.06001,30.39,9.92,60.75,8.066,0.0079
G02313,77,26,18.971112,73.064757,15.15,1.66,60.75,6.237,0.01
G02314,78,26,18.971162,73.069504,6.52,2.16,14.43,2.481,0.0
G02315,79,26,18.971211,73.074251,7.87,5.17,11.1,1.476,0.015
G02316,80,26,18.97126,73.078998,12.48,8.16,19.64,1.449,0.0158
G02317,81,26,18.97131,73.083745,38.94,15.69,146.53,9.647,0.0125
G02318,82,26,18.971359,73.088492,92.02,32.11,172.41,17.478,0.0
G02319,83,26,18.971408,73.09324,114.1,36.51,220.49,23.241,0.0
G02320,84,26,18.971456,73.097987,82.66,18.32,229.25,19.537,0.0
G02321,85,26,18.971505,73.102734,21.89,14.26,36.92,2.437,0.0
G02322,0,27,18.971447,72.699218,0.0,0.0,0.0,0.0,1.0
G02323,1,27,18.971506,72.703964,0.0,0.0,0.0,0.0,1.0
G02324,2,27,18.971565,72.70871,0.0,0.0,0.0,0.0,1.0
G02325,3,27,18.971624,72.713456,0.0,0.0,0.0,0.0,1.0
G02326,4,27,18.971682,72.718202,0.0,0.0,0.0,0.0,1.0
G02327,5,27,18.971741,72.722948,0.0,0.0,0.0,0.0,1.0
G02328,6,27,18.971799,72.727694,0.0,0.0,0.0,0.0,1.0
G02329,7,27,18.971857,72.73244,0.0,0.0,0.0,0.0,1.0
G02330,8,27,18.971915,72.737186,0.0,0.0,0.0,0.0,1.0
G02331,9,27,18.971973,72.741932,0.0,0.0,0.0,0.0,1.0
G02332,10,27,18.972031,72.746679,0.0,0.0,0.0,0.0,1.0
G02333,11,27,18.972089,72.751425,0.0,0.0,0.0,0.0,1.0
G02334,12,27,18.972146,72.756171,0.0,0.0,0.0,0.0,1.0
G02335,13,27,18.972204,72.760917,0.0,0.0,0.0,0.0,1.0
G02336,14,27,18.972261,72.765663,0.0,0.0,0.0,0.0,1.0
G02337,15,27,18.972318,72.770409,0.0,0.0,0.0,0.0,1.0
G02338,16,27,18.972375,72.775156,0.0,0.0,0.0,0.0,1.0
G02339,17,27,18.972432,72.779902,0.0,0.0,0.0,0.0,1.0
G02340,18,27,18.972489,72.784648,0.0,0.0,0.0,0.0,1.0
G02341,19,27,18.972546,72.789394,0.0,0.0,0.0,0.0,1.0
G02342,20,27,18.972602,72.794141,0.0,0.0,0.0,0.0,1.0
G02343,21,27,18.972659,72.798887,0.0,0.0,0.0,0.0,1.0
G02344,22,27,18.972715,72.803633,5.52,0.0,24.12,3.239,0.5553
G02345,23,27,18.972772,72.808379,31.85,8.56,54.33,6.823,0.0
G02346,24,27,18.972828,72.813126,23.15,1.63,55.32,7.718,0.0
G02347,25,27,18.972884,72.817872,7.99,2.67,15.89,3.338,0.0
G02348,26,27,18.97294,72.822619,9.88,-3.58,22.13,5.508,0.0
G02349,27,27,18.972995,72.827365,8.86,1.16,20.48,3.367,0.0
G02350,28,27,18.973051,72.832111,9.68,4.13,18.91,3.785,0.0
G02351,29,27,18.973106,72.836858,14.74,7.02,29.09,3.769,0.0
G02352,30,27,18.973162,72.841604,16.29,6.93,29.27,3.71,0.0
G02353,31,27,18.973217,72.846351,9.08,5.39,24.16,2.374,0.0
G02354,32,27,18.973272,72.851097,4.33,0.0,11.65,2.903,0.41
G02355,33,27,18.973327,72.855844,0.69,0.0,6.91,0.799,0.8526
G02356,34,27,18.973382,72.86059,0.0,0.0,0.0,0.0,1.0
G02357,35,27,18.973437,72.865337,0.0,0.0,0.0,0.0,1.0
G02358,36,27,18.973492,72.870083,0.0,0.0,0.0,0.0,1.0
G02359,37,27,18.973546,72.87483,0.0,0.0,0.0,0.0,1.0
G02360,38,27,18.973601,72.879576,0.0,0.0,0.0,0.0,1.0
G02361,39,27,18.973655,72.884323,0.0,0.0,0.0,0.0,1.0
G02362,40,27,18.973709,72.889069,0.0,0.0,0.0,0.0,1.0
G02363,41,27,18.973763,72.893816,0.0,0.0,0.0,0.0,1.0
G02364,42,27,18.973817,72.898563,0.0,0.0,0.0,0.0,1.0
G02365,43,27,18.973871,72.903309,0.0,0.0,0.0,0.0,1.0
G02366,44,27,18.973925,72.908056,0.0,0.0,0.0,0.0,1.0
G02367,45,27,18.973978,72.912803,0.0,0.0,0.0,0.0,1.0
G02368,46,27,18.974032,72.917549,0.0,0.0,0.0,0.0,1.0
G02369,47,27,18.974085,72.922296,0.0,0.0,0.0,0.0,1.0
G02370,48,27,18.974138,72.927043,0.0,0.0,0.0,0.0,1.0
G02371,49,27,18.974191,72.93179,0.0,0.0,0.0,0.0,1.0
G02372,50,27,18.974244,72.936536,0.07,0.0,2.09,0.128,1.0
G02373,51,27,18.974297,72.941283,0.01,0.0,1.17,0.019,1.0
G02374,52,27,18.97435,72.94603,0.0,0.0,0.0,0.0,1.0
G02375,53,27,18.974402,72.950777,0.0,0.0,0.0,0.0,1.0
G02376,54,27,18.974455,72.955524,1.03,0.0,7.92,0.723,0.8975
G02377,55,27,18.974507,72.96027,0.53,0.0,6.97,0.447,0.9418
G02378,56,27,18.974559,72.965017,0.0,0.0,0.0,0.0,1.0
G02379,57,27,18.974612,72.969764,0.0,0.0,0.0,0.0,1.0
G02380,58,27,18.974664,72.974511,0.0,0.0,0.0,0.0,1.0
G02381,59,27,18.974715,72.979258,0.0,0.0,0.0,0.0,1.0
G02382,60,27,18.974767,72.984005,0.0,0.0,0.0,0.001,1.0
G02383,61,27,18.974819,72.988752,0.0,0.0,0.0,0.0,1.0
G02384,62,27,18.97487,72.993499,0.0,0.0,0.0,0.0,1.0
G02385,63,27,18.974922,72.998246,0.0,0.0,0.0,0.0,1.0
G02386,64,27,18.974973,73.002993,0.57,0.0,3.0,0.397,0.8816
G02387,65,27,18.975024,73.00774,2.84,0.0,6.5,1.227,0.277
G02388,66,27,18.975075,73.012487,3.14,0.0,4.89,0.612,0.3763
G02389,67,27,18.975126,73.017234,4.14,1.68,6.84,0.706,0.1191
G02390,68,27,18.975177,73.021981,4.3,-1.65,9.5,1.491,0.3974
G02391,69,27,18.975227,73.026728,5.39,1.04,11.06,1.759,0.2105
G02392,70,27,18.975278,73.031475,6.07,2.44,14.53,1.807,0.0
G02393,71,27,18.975328,73.036222,8.86,3.39,20.46,3.14,0.0
G02394,72,27,18.975379,73.040969,6.37,2.09,19.44,2.405,0.0211
G02395,73,27,18.975429,73.045716,5.03,1.17,12.0,1.473,0.1579
G02396,74,27,18.975479,73.050463,31.35,6.99,84.53,8.987,0.0789
G02397,75,27,18.975529,73.055211,43.98,14.03,66.56,8.115,0.0111
G02398,76,27,18.975579,73.059958,14.34,4.55,55.22,3.949,0.0194
G02399,77,27,18.975628,73.064705,5.69,1.26,16.69,1.635,0.0237
G02400,78,27,18.975678,73.069452,4.08,1.22,11.97,1.889,0.0859
G02401,79,27,18.975727,73.074199,7.9,3.73,12.37,2.133,0.0
G02402,80,27,18.975777,73.078946,15.56,7.57,81.35,4.157,0.0
G02403,81,27,18.975826,73.083694,101.98,17.29,170.19,20.263,0.0
G02404,82,27,18.975875,73.088441,76.29,14.75,155.75,16.725,0.0
G02405,83,27,18.975924,73.093188,35.07,13.18,132.42,8.717,0.0132
G02406,84,27,18.975973,73.097936,21.37,10.34,58.49,4.141,0.0416
G02407,85,27,18.976021,73.102683,12.37,7.81,18.58,1.352,0.0
G02408,0,28,18.975962,72.699156,0.0,0.0,0.0,0.0,1.0
G02409,1,28,18.976021,72.703902,0.0,0.0,0.0,0.0,1.0
G02410,2,28,18.97608,72.708648,0.0,0.0,0.0,0.0,1.0
G02411,3,28,18.976139,72.713395,0.0,0.0,0.0,0.0,1.0
G02412,4,28,18.976197,72.718141,0.0,0.0,0.0,0.0,1.0
G02413,5,28,18.976256,72.722887,0.0,0.0,0.0,0.0,1.0
G02414,6,28,18.976314,72.727633,0.0,0.0,0.0,0.0,1.0
G02415,7,28,18.976372,72.732379,0.0,0.0,0.0,0.0,1.0
G02416,8,28,18.97643,72.737125,0.0,0.0,0.0,0.0,1.0
G02417,9,28,18.976488,72.741872,0.0,0.0,0.0,0.0,1.0
G02418,10,28,18.976546,72.746618,0.0,0.0,0.0,0.0,1.0
G02419,11,28,18.976604,72.751364,0.0,0.0,0.0,0.0,1.0
G02420,12,28,18.976662,72.75611,0.0,0.0,0.0,0.0,1.0
G02421,13,28,18.976719,72.760857,0.0,0.0,0.0,0.0,1.0
G02422,14,28,18.976776,72.765603,0.0,0.0,0.0,0.0,1.0
G02423,15,28,18.976834,72.770349,0.0,0.0,0.0,0.0,1.0
G02424,16,28,18.976891,72.775096,0.0,0.0,0.0,0.0,1.0
G02425,17,28,18.976948,72.779842,0.0,0.0,0.0,0.0,1.0
G02426,18,28,18.977005,72.784588,0.0,0.0,0.0,0.0,1.0
G02427,19,28,18.977061,72.789335,0.0,0.0,0.0,0.0,1.0
G02428,20,28,18.977118,72.794081,0.0,0.0,0.0,0.0,1.0
G02429,21,28,18.977174,72.798827,0.0,0.0,0.0,0.0,1.0
G02430,22,28,18.977231,72.803574,0.26,0.0,15.17,0.489,0.98
G02431,23,28,18.977287,72.80832,11.99,0.0,46.6,5.969,0.4158
G02432,24,28,18.977343,72.813067,11.74,0.0,46.6,6.171,0.09
G02433,25,28,18.977399,72.817813,7.67,2.55,27.34,3.512,0.0
G02434,26,28,18.977455,72.82256,7.45,-0.73,19.53,3.861,0.0075
G02435,27,28,18.977511,72.827306,8.09,-0.73,20.48,3.47,0.0158
G02436,28,28,18.977567,72.832053,8.67,3.72,17.1,3.345,0.0
G02437,29,28,18.977622,72.836799,14.37,6.86,22.78,3.922,0.0
G02438,30,28,18.977677,72.841546,12.94,4.26,23.68,3.302,0.0
G02439,31,28,18.977733,72.846293,7.16,3.88,13.66,2.244,0.0
G02440,32,28,18.977788,72.851039,4.96,0.0,14.11,3.019,0.2842
G02441,33,28,18.977843,72.855786,3.16,0.0,14.2,2.505,0.5475
G02442,34,28,18.977898,72.860532,0.36,0.0,10.26,0.443,0.8737
G02443,35,28,18.977953,72.865279,0.0,0.0,0.0,0.0,1.0
G02444,36,28,18.978007,72.870026,0.0,0.0,0.0,0.0,1.0
G02445,37,28,18.978062,72.874772,0.0,0.0,0.0,0.0,1.0
G02446,38,28,18.978116,72.879519,0.0,0.0,0.0,0.0,1.0
G02447,39,28,18.978171,72.884266,0.0,0.0,0.0,0.0,1.0
G02448,40,28,18.978225,72.889013,0.0,0.0,0.0,0.0,1.0
G02449,41,28,18.978279,72.893759,0.0,0.0,0.0,0.0,1.0
G02450,42,28,18.978333,72.898506,0.0,0.0,0.0,0.0,1.0
G02451,43,28,18.978387,72.903253,0.0,0.0,0.0,0.0,1.0
G02452,44,28,18.97844,72.908,0.0,0.0,0.0,0.0,1.0
G02453,45,28,18.978494,72.912746,0.0,0.0,0.0,0.0,1.0
G02454,46,28,18.978547,72.917493,0.0,0.0,0.0,0.0,1.0
G02455,47,28,18.978601,72.92224,0.0,0.0,0.0,0.0,1.0
G02456,48,28,18.978654,72.926987,0.0,0.0,0.0,0.0,1.0
G02457,49,28,18.978707,72.931734,0.0,0.0,0.0,0.0,1.0
G02458,50,28,18.97876,72.936481,0.0,0.0,0.0,0.0,1.0
G02459,51,28,18.978813,72.941228,0.0,0.0,0.0,0.0,1.0
G02460,52,28,18.978866,72.945975,0.0,0.0,0.0,0.0,1.0
G02461,53,28,18.978918,72.950722,0.0,0.0,0.0,0.0,1.0
G02462,54,28,18.978971,72.955469,0.0,0.0,0.0,0.0,1.0
G02463,55,28,18.979023,72.960215,0.0,0.0,0.0,0.0,1.0
G02464,56,28,18.979075,72.964962,0.0,0.0,0.0,0.0,1.0
G02465,57,28,18.979128,72.969709,0.0,0.0,0.0,0.0,1.0
G02466,58,28,18.97918,72.974456,0.0,0.0,0.0,0.0,1.0
G02467,59,28,18.979231,72.979204,0.0,0.0,0.0,0.0,1.0
G02468,60,28,18.979283,72.983951,0.0,0.0,0.0,0.0,1.0
G02469,61,28,18.979335,72.988698,0.0,0.0,0.0,0.0,1.0
G02470,62,28,18.979386,72.993445,0.0,0.0,0.0,0.0,1.0
G02471,63,28,18.979438,72.998192,0.0,0.0,0.0,0.0,1.0
G02472,64,28,18.979489,73.002939,0.0,0.0,0.0,0.0,1.0
G02473,65,28,18.97954,73.007686,0.0,0.0,0.0,0.017,1.0
G02474,66,28,18.979591,73.012433,0.54,0.0,3.4,0.317,0.9075
G02475,67,28,18.979642,73.01718,2.32,0.0,5.55,0.773,0.3053
G02476,68,28,18.979693,73.021928,4.68,1.68,9.39,0.666,0.0675
G02477,69,28,18.979744,73.026675,5.09,3.42,8.28,1.26,0.0763
G02478,70,28,18.979794,73.031422,4.76,2.65,7.4,1.027,0.0
G02479,71,28,18.979845,73.036169,3.57,0.82,7.04,1.182,0.0553
G02480,72,28,18.979895,73.040916,2.76,1.46,6.77,0.909,0.27
G02481,73,28,18.979945,73.045664,10.15,2.46,25.56,4.217,0.2053
G02482,74,28,18.979995,73.050411,37.95,8.17,95.25,9.534,0.1725
G02483,75,28,18.980045,73.055158,55.23,21.42,95.54,9.692,0.2711
G02484,76,28,18.980095,73.059905,10.12,3.13,31.11,3.275,0.3737
G02485,77,28,18.980145,73.064653,2.41,0.45,6.24,1.029,0.37
G02486,78,28,18.980194,73.0694,2.89,0.26,5.96,0.755,0.0105
G02487,79,28,18.980244,73.074147,8.24,3.27,13.78,1.61,0.0175
G02488,80,28,18.980293,73.078895,17.4,8.88,81.35,4.062,0.0
G02489,81,28,18.980342,73.083642,57.64,15.44,129.17,14.689,0.0
G02490,82,28,18.980391,73.088389,30.12,7.64,111.05,9.297,0.0
G02491,83,28,18.98044,73.093137,11.29,6.28,21.46,2.277,0.0125
G02492,84,28,18.980489,73.097884,10.27,3.99,20.23,2.12,0.0
G02493,85,28,18.980538,73.102632,8.02,3.39,12.8,1.483,0.0
G02494,0,29,18.980478,72.699094,0.0,0.0,0.0,0.0,1.0
G02495,1,29,18.980537,72.70384,0.0,0.0,0.0,0.0,1.0
G02496,2,29,18.980595,72.708587,0.0,0.0,0.0,0.0,1.0
G02497,3,29,18.980654,72.713333,0.0,0.0,0.0,0.0,1.0
G02498,4,29,18.980713,72.718079,0.0,0.0,0.0,0.0,1.0
G02499,5,29,18.980771,72.722825,0.0,0.0,0.0,0.0,1.0
G02500,6,29,18.980829,72.727572,0.0,0.0,0.0,0.0,1.0
G02501,7,29,18.980888,72.732318,0.0,0.0,0.0,0.0,1.0
G02502,8,29,18.980946,72.737064,0.0,0.0,0.0,0.0,1.0
G02503,9,29,18.981004,72.741811,0.0,0.0,0.0,0.0,1.0
G02504,10,29,18.981062,72.746557,0.0,0.0,0.0,0.0,1.0
G02505,11,29,18.981119,72.751303,0.0,0.0,0.0,0.0,1.0
G02506,12,29,18.981177,72.75605,0.0,0.0,0.0,0.0,1.0
G02507,13,29,18.981234,72.760796,0.0,0.0,0.0,0.0,1.0
G02508,14,29,18.981292,72.765543,0.0,0.0,0.0,0.0,1.0
G02509,15,29,18.981349,72.770289,0.0,0.0,0.0,0.0,1.0
G02510,16,29,18.981406,72.775036,0.0,0.0,0.0,0.0,1.0
G02511,17,29,18.981463,72.779782,0.0,0.0,0.0,0.0,1.0
G02512,18,29,18.98152,72.784529,0.0,0.0,0.0,0.0,1.0
G02513,19,29,18.981577,72.789275,0.0,0.0,0.0,0.0,1.0
G02514,20,29,18.981633,72.794022,0.0,0.0,0.0,0.0,1.0
G02515,21,29,18.98169,72.798768,0.0,0.0,0.0,0.0,1.0
G02516,22,29,18.981746,72.803515,0.0,0.0,0.0,0.0,1.0
G02517,23,29,18.981803,72.808261,0.14,0.0,5.08,0.281,0.9945
G02518,24,29,18.981859,72.813008,3.4,0.0,27.34,2.662,0.7395
G02519,25,29,18.981915,72.817754,5.16,0.42,27.34,2.891,0.0
G02520,26,29,18.981971,72.822501,5.21,0.34,17.17,3.038,0.0026
G02521,27,29,18.982026,72.827248,7.9,2.59,21.9,3.685,0.0139
G02522,28,29,18.982082,72.831994,8.83,2.78,18.11,3.4,0.0
G02523,29,29,18.982138,72.836741,11.6,4.85,20.57,3.472,0.0
G02524,30,29,18.982193,72.841488,9.5,5.13,20.39,2.401,0.0
G02525,31,29,18.982248,72.846235,6.44,3.81,13.49,2.334,0.0
G02526,32,29,18.982304,72.850981,7.05,3.93,13.3,2.494,0.0
G02527,33,29,18.982359,72.855728,7.47,4.32,14.01,2.46,0.0
G02528,34,29,18.982414,72.860475,3.15,0.0,13.46,1.823,0.4377
G02529,35,29,18.982468,72.865222,0.0,0.0,0.0,0.0,1.0
G02530,36,29,18.982523,72.869968,0.0,0.0,0.0,0.0,1.0
G02531,37,29,18.982578,72.874715,0.0,0.0,0.0,0.0,1.0
G02532,38,29,18.982632,72.879462,0.0,0.0,0.0,0.0,1.0
G02533,39,29,18.982686,72.884209,0.0,0.0,0.0,0.0,1.0
G02534,40,29,18.982741,72.888956,0.0,0.0,0.0,0.0,1.0
G02535,41,29,18.982795,72.893703,0.0,0.0,0.0,0.0,1.0
G02536,42,29,18.982849,72.898449,0.0,0.0,0.0,0.0,1.0
G02537,43,29,18.982903,72.903196,0.0,0.0,0.0,0.0,1.0
G02538,44,29,18.982956,72.907943,0.0,0.0,0.0,0.0,1.0
G02539,45,29,18.98301,72.91269,0.0,0.0,0.0,0.0,1.0
G02540,46,29,18.983063,72.917437,0.0,0.0,0.0,0.0,1.0
G02541,47,29,18.983117,72.922184,0.0,0.0,0.0,0.0,1.0
G02542,48,29,18.98317,72.926931,0.0,0.0,0.0,0.0,1.0
G02543,49,29,18.983223,72.931678,0.0,0.0,0.0,0.0,1.0
G02544,50,29,18.983276,72.936425,0.0,0.0,0.0,0.0,1.0
G02545,51,29,18.983329,72.941172,0.0,0.0,0.0,0.0,1.0
G02546,52,29,18.983382,72.945919,0.0,0.0,0.0,0.0,1.0
G02547,53,29,18.983434,72.950666,0.0,0.0,0.0,0.0,1.0
G02548,54,29,18.983487,72.955413,0.0,0.0,0.0,0.0,1.0
G02549,55,29,18.983539,72.96016,0.0,0.0,0.0,0.0,1.0
G02550,56,29,18.983591,72.964908,0.0,0.0,0.0,0.0,1.0
G02551,57,29,18.983644,72.969655,0.0,0.0,0.0,0.0,1.0
G02552,58,29,18.983696,72.974402,0.0,0.0,0.0,0.0,1.0
G02553,59,29,18.983747,72.979149,0.0,0.0,0.0,0.0,1.0
G02554,60,29,18.983799,72.983896,0.0,0.0,0.0,0.0,1.0
G02555,61,29,18.983851,72.988643,0.0,0.0,0.0,0.0,1.0
G02556,62,29,18.983902,72.993391,0.0,0.0,0.0,0.0,1.0
G02557,63,29,18.983954,72.998138,0.0,0.0,0.0,0.0,1.0
G02558,64,29,18.984005,73.002885,0.0,0.0,0.0,0.0,1.0
G02559,65,29,18.984056,73.007632,0.0,0.0,0.0,0.0,1.0
G02560,66,29,18.984107,73.01238,0.0,0.0,0.0,0.0,1.0
G02561,67,29,18.984158,73.017127,1.39,0.0,5.3,0.571,0.5817
G02562,68,29,18.984209,73.021874,5.64,1.54,15.42,1.799,0.0737
G02563,69,29,18.98426,73.026621,4.58,2.43,9.37,1.078,0.0
G02564,70,29,18.98431,73.031369,3.93,0.08,8.72,1.519,0.0579
G02565,71,29,18.984361,73.036116,2.58,0.01,5.53,1.064,0.0637
G02566,72,29,18.984411,73.040864,8.33,2.33,24.97,2.672,0.0132
G02567,73,29,18.984461,73.045611,11.28,3.88,22.51,3.849,0.0443
G02568,74,29,18.984511,73.050358,61.55,11.06,125.95,12.873,0.0105
G02569,75,29,18.984561,73.055106,47.77,10.02,124.73,11.27,0.0526
G02570,76,29,18.984611,73.059853,7.15,1.75,30.47,2.677,0.0194
G02571,77,29,18.984661,73.064601,1.88,0.36,5.6,0.734,0.2842
G02572,78,29,18.98471,73.069348,2.17,0.26,4.96,0.603,0.1302
G02573,79,29,18.98476,73.074095,6.05,1.82,12.51,1.935,0.0053
G02574,80,29,18.984809,73.078843,9.3,5.11,16.41,1.9,0.0083
G02575,81,29,18.984858,73.08359,13.47,7.06,35.67,2.464,0.0105
G02576,82,29,18.984908,73.088338,13.96,5.15,37.06,4.558,0.0
G02577,83,29,18.984957,73.093085,6.21,2.35,19.14,2.251,0.0026
G02578,84,29,18.985005,73.097833,3.44,0.01,8.07,0.892,0.0637
G02579,85,29,18.985054,73.102581,4.06,0.0,10.7,2.216,0.2526
G02580,0,30,18.984993,72.699032,0.0,0.0,0.0,0.0,1.0
G02581,1,30,18.985052,72.703779,0.0,0.0,0.0,0.0,1.0
G02582,2,30,18.985111,72.708525,0.0,0.0,0.0,0.0,1.0
G02583,3,30,18.985169,72.713271,0.0,0.0,0.0,0.0,1.0
G02584,4,30,18.985228,72.718018,0.0,0.0,0.0,0.0,1.0
G02585,5,30,18.985286,72.722764,0.0,0.0,0.0,0.0,1.0
G02586,6,30,18.985345,72.72751,0.0,0.0,0.0,0.0,1.0
G02587,7,30,18.985403,72.732257,0.0,0.0,0.0,0.0,1.0
G02588,8,30,18.985461,72.737003,0.0,0.0,0.0,0.0,1.0
G02589,9,30,18.985519,72.74175,0.0,0.0,0.0,0.0,1.0
G02590,10,30,18.985577,72.746496,0.0,0.0,0.0,0.0,1.0
G02591,11,30,18.985635,72.751243,0.0,0.0,0.0,0.0,1.0
G02592,12,30,18.985692,72.755989,0.0,0.0,0.0,0.0,1.0
G02593,13,30,18.98575,72.760736,0.0,0.0,0.0,0.0,1.0
G02594,14,30,18.985807,72.765482,0.0,0.0,0.0,0.0,1.0
G02595,15,30,18.985864,72.770229,0.0,0.0,0.0,0.0,1.0
G02596,16,30,18.985922,72.774976,0.0,0.0,0.0,0.0,1.0
G02597,17,30,18.985979,72.779722,0.0,0.0,0.0,0.0,1.0
G02598,18,30,18.986035,72.784469,0.0,0.0,0.0,0.0,1.0
G02599,19,30,18.986092,72.789215,0.0,0.0,0.0,0.0,1.0
G02600,20,30,18.986149,72.793962,0.0,0.0,0.0,0.0,1.0
G02601,21,30,18.986205,72.798709,0.0,0.0,0.0,0.0,1.0
G02602,22,30,18.986262,72.803455,0.0,0.0,0.0,0.0,1.0
G02603,23,30,18.986318,72.808202,0.02,0.0,3.21,0.096,1.0
G02604,24,30,18.986374,72.812949,3.77,0.0,18.31,3.109,0.5421
G02605,25,30,18.98643,72.817696,5.46,0.4,22.15,3.469,0.0
G02606,26,30,18.986486,72.822442,3.71,0.35,17.85,2.075,0.0
G02607,27,30,18.986542,72.827189,6.75,-1.51,20.21,3.923,0.0831
G02608,28,30,18.986598,72.831936,7.9,-3.86,17.26,3.716,0.0
G02609,29,30,18.986653,72.836683,11.28,5.55,18.89,3.356,0.0
G02610,30,30,18.986709,72.84143,11.34,4.22,17.95,2.717,0.0
G02611,31,30,18.986764,72.846176,7.91,3.59,15.13,2.4,0.0
G02612,32,30,18.986819,72.850923,6.46,2.56,14.56,2.569,0.0
G02613,33,30,18.986874,72.85567,8.12,1.66,15.67,3.11,0.0
G02614,34,30,18.986929,72.860417,1.02,0.0,8.15,0.827,0.7784
G02615,35,30,18.986984,72.865164,0.0,0.0,0.0,0.0,1.0
G02616,36,30,18.987039,72.869911,0.0,0.0,0.0,0.0,1.0
G02617,37,30,18.987093,72.874658,0.0,0.0,0.0,0.0,1.0
G02618,38,30,18.987148,72.879405,0.0,0.0,0.0,0.0,1.0
G02619,39,30,18.987202,72.884152,0.0,0.0,0.0,0.0,1.0
G02620,40,30,18.987256,72.888899,0.0,0.0,0.0,0.0,1.0
G02621,41,30,18.987311,72.893646,0.0,0.0,0.0,0.0,1.0
G02622,42,30,18.987365,72.898393,0.0,0.0,0.0,0.0,1.0
G02623,43,30,18.987418,72.90314,0.0,0.0,0.0,0.0,1.0
G02624,44,30,18.987472,72.907887,0.0,0.0,0.0,0.0,1.0
G02625,45,30,18.987526,72.912634,0.0,0.0,0.0,0.0,1.0
G02626,46,30,18.987579,72.917381,0.0,0.0,0.0,0.0,1.0
G02627,47,30,18.987633,72.922128,0.0,0.0,0.0,0.0,1.0
G02628,48,30,18.987686,72.926875,0.0,0.0,0.0,0.0,1.0
G02629,49,30,18.987739,72.931622,0.0,0.0,0.0,0.0,1.0
G02630,50,30,18.987792,72.93637,0.0,0.0,0.0,0.0,1.0
G02631,51,30,18.987845,72.941117,0.0,0.0,0.0,0.0,1.0
G02632,52,30,18.987898,72.945864,0.0,0.0,0.0,0.0,1.0
G02633,53,30,18.98795,72.950611,0.0,0.0,0.0,0.0,1.0
G02634,54,30,18.988003,72.955358,0.0,0.0,0.0,0.0,1.0
G02635,55,30,18.988055,72.960105,0.0,0.0,0.0,0.0,1.0
G02636,56,30,18.988107,72.964853,0.0,0.0,0.0,0.0,1.0
G02637,57,30,18.98816,72.9696,0.0,0.0,0.0,0.0,1.0
G02638,58,30,18.988212,72.974347,0.0,0.0,0.0,0.0,1.0
G02639,59,30,18.988264,72.979095,0.0,0.0,0.0,0.0,1.0
G02640,60,30,18.988315,72.983842,0.0,0.0,0.0,0.0,1.0
G02641,61,30,18.988367,72.988589,0.0,0.0,0.0,0.0,1.0
G02642,62,30,18.988419,72.993336,0.0,0.0,0.0,0.0,1.0
G02643,63,30,18.98847,72.998084,0.0,0.0,0.0,0.0,1.0
G02644,64,30,18.988521,73.002831,0.0,0.0,0.0,0.0,1.0
G02645,65,30,18.988572,73.007579,0.0,0.0,0.0,0.0,1.0
G02646,66,30,18.988623,73.012326,0.0,0.0,0.0,0.0,1.0
G02647,67,30,18.988674,73.017073,0.12,0.0,2.26,0.13,0.9778
G02648,68,30,18.988725,73.021821,1.92,0.0,6.43,0.981,0.6211
G02649,69,30,18.988776,73.026568,1.79,0.0,4.5,0.986,0.5374
G02650,70,30,18.988827,73.031316,4.21,0.0,16.95,2.937,0.2553
G02651,71,30,18.988877,73.036063,3.64,1.35,14.85,1.58,0.1274
G02652,72,30,18.988927,73.040811,13.98,1.77,31.57,4.467,0.0053
G02653,73,30,18.988977,73.045558,15.6,4.95,41.25,5.794,0.0
G02654,74,30,18.989028,73.050306,49.01,9.95,124.06,13.151,0.0158
G02655,75,30,18.989078,73.055053,26.89,2.4,95.56,7.375,0.0111
G02656,76,30,18.989127,73.059801,3.73,0.0,12.63,1.191,0.0886
G02657,77,30,18.989177,73.064548,1.67,0.0,2.93,0.776,0.2921
G02658,78,30,18.989227,73.069296,2.12,0.55,3.27,0.416,0.0388
G02659,79,30,18.989276,73.074043,3.6,0.42,11.53,1.274,0.0079
G02660,80,30,18.989326,73.078791,4.69,1.61,13.12,1.654,0.0
G02661,81,30,18.989375,73.083539,6.66,1.67,11.31,1.776,0.0
G02662,82,30,18.989424,73.088286,5.42,1.0,10.19,1.588,0.0388
G02663,83,30,18.989473,73.093034,4.22,1.0,14.31,2.638,0.0974
G02664,84,30,18.989522,73.097782,1.93,0.0,10.04,1.199,0.313
G02665,85,30,18.98957,73.102529,5.89,1.32,14.12,2.4,0.0105
G02666,0,31,18.989508,72.69897,0.0,0.0,0.0,0.0,1.0
G02667,1,31,18.989567,72.703717,0.0,0.0,0.0,0.0,1.0
G02668,2,31,18.989626,72.708463,0.0,0.0,0.0,0.0,1.0
G02669,3,31,18.989685,72.71321,0.0,0.0,0.0,0.0,1.0
G02670,4,31,18.989743,72.717956,0.0,0.0,0.0,0.0,1.0
G02671,5,31,18.989802,72.722703,0.0,0.0,0.0,0.0,1.0
G02672,6,31,18.98986,72.727449,0.0,0.0,0.0,0.0,1.0
G02673,7,31,18.989918,72.732196,0.0,0.0,0.0,0.0,1.0
G02674,8,31,18.989976,72.736942,0.0,0.0,0.0,0.0,1.0
G02675,9,31,18.990034,72.741689,0.0,0.0,0.0,0.0,1.0
G02676,10,31,18.990092,72.746436,0.0,0.0,0.0,0.0,1.0
G02677,11,31,18.99015,72.751182,0.0,0.0,0.0,0.0,1.0
G02678,12,31,18.990208,72.755929,0.0,0.0,0.0,0.0,1.0
G02679,13,31,18.990265,72.760675,0.0,0.0,0.0,0.0,1.0
G02680,14,31,18.990323,72.765422,0.0,0.0,0.0,0.0,1.0
G02681,15,31,18.99038,72.770169,0.0,0.0,0.0,0.0,1.0
G02682,16,31,18.990437,72.774916,0.0,0.0,0.0,0.0,1.0
G02683,17,31,18.990494,72.779662,0.0,0.0,0.0,0.0,1.0
G02684,18,31,18.990551,72.784409,0.0,0.0,0.0,0.0,1.0
G02685,19,31,18.990608,72.789156,0.0,0.0,0.0,0.0,1.0
G02686,20,31,18.990664,72.793903,0.0,0.0,0.0,0.0,1.0
G02687,21,31,18.990721,72.798649,0.0,0.0,0.0,0.0,1.0
G02688,22,31,18.990777,72.803396,0.0,0.0,0.0,0.0,1.0
G02689,23,31,18.990834,72.808143,0.0,0.0,0.99,0.02,1.0
G02690,24,31,18.99089,72.81289,5.7,-4.12,20.85,4.357,0.39
G02691,25,31,18.990946,72.817637,8.05,0.52,20.74,3.343,0.0
G02692,26,31,18.991002,72.822384,6.93,-8.34,18.01,4.186,0.0
G02693,27,31,18.991058,72.827131,7.75,3.04,22.08,3.779,0.0
G02694,28,31,18.991113,72.831878,8.91,3.14,19.25,3.816,0.0
G02695,29,31,18.991169,72.836624,11.5,4.29,20.44,3.101,0.0
G02696,30,31,18.991224,72.841371,14.38,7.51,26.01,3.364,0.01
G02697,31,31,18.99128,72.846118,12.97,4.65,27.27,4.288,0.0
G02698,32,31,18.991335,72.850865,7.78,4.56,15.72,2.326,0.0
G02699,33,31,18.99139,72.855612,6.71,0.0,19.05,2.87,0.0625
G02700,34,31,18.991445,72.860359,0.26,0.0,5.88,0.451,0.8947
G02701,35,31,18.9915,72.865106,0.0,0.0,0.0,0.0,1.0
G02702,36,31,18.991555,72.869853,0.0,0.0,0.0,0.0,1.0
G02703,37,31,18.991609,72.874601,0.0,0.0,0.0,0.0,1.0
G02704,38,31,18.991664,72.879348,0.0,0.0,0.0,0.0,1.0
G02705,39,31,18.991718,72.884095,0.06,0.0,2.98,0.116,0.995
G02706,40,31,18.991772,72.888842,0.0,0.0,0.0,0.0,1.0
G02707,41,31,18.991826,72.893589,0.0,0.0,0.0,0.0,1.0
G02708,42,31,18.99188,72.898336,0.0,0.0,0.0,0.0,1.0
G02709,43,31,18.991934,72.903083,0.19,0.0,5.34,0.355,0.965
G02710,44,31,18.991988,72.90783,0.0,0.0,0.0,0.005,0.9895
G02711,45,31,18.992042,72.912578,0.0,0.0,0.0,0.0,1.0
G02712,46,31,18.992095,72.917325,0.0,0.0,0.0,0.0,1.0
G02713,47,31,18.992148,72.922072,0.0,0.0,0.0,0.0,1.0
G02714,48,31,18.992202,72.926819,0.0,0.0,0.0,0.0,1.0
G02715,49,31,18.992255,72.931567,0.0,0.0,0.0,0.0,1.0
G02716,50,31,18.992308,72.936314,0.0,0.0,0.0,0.0,1.0
G02717,51,31,18.992361,72.941061,0.0,0.0,0.0,0.0,1.0
G02718,52,31,18.992414,72.945808,0.0,0.0,0.0,0.0,1.0
G02719,53,31,18.992466,72.950556,0.0,0.0,0.0,0.0,1.0
G02720,54,31,18.992519,72.955303,0.0,0.0,0.0,0.0,1.0
G02721,55,31,18.992571,72.96005,0.0,0.0,0.0,0.0,1.0
G02722,56,31,18.992623,72.964798,0.0,0.0,0.0,0.0,1.0
G02723,57,31,18.992676,72.969545,0.0,0.0,0.0,0.0,1.0
G02724,58,31,18.992728,72.974293,0.0,0.0,0.0,0.0,1.0
G02725,59,31,18.99278,72.97904,0.0,0.0,0.0,0.0,1.0
G02726,60,31,18.992831,72.983787,0.0,0.0,0.0,0.0,1.0
G02727,61,31,18.992883,72.988535,0.0,0.0,0.0,0.0,1.0
G02728,62,31,18.992935,72.993282,0.0,0.0,0.0,0.0,1.0
G02729,63,31,18.992986,72.99803,0.0,0.0,0.0,0.0,1.0
G02730,64,31,18.993037,73.002777,0.0,0.0,0.0,0.0,1.0
G02731,65,31,18.993089,73.007525,0.0,0.0,0.0,0.0,1.0
G02732,66,31,18.99314,73.012272,0.0,0.0,0.0,0.0,1.0
G02733,67,31,18.993191,73.01702,0.0,0.0,0.0,0.0,1.0
G02734,68,31,18.993241,73.021767,0.06,0.0,2.98,0.121,1.0
G02735,69,31,18.993292,73.026515,0.75,0.0,8.99,1.006,0.8211
G02736,70,31,18.993343,73.031263,2.23,0.0,8.78,1.511,0.6025
G02737,71,31,18.993393,73.03601,6.48,1.5,22.43,3.669,0.1132
G02738,72,31,18.993443,73.040758,15.73,2.94,29.56,4.971,0.0
G02739,73,31,18.993494,73.045505,6.78,1.67,22.43,3.883,0.0711
G02740,74,31,18.993544,73.050253,28.61,1.7,75.03,11.112,0.045
G02741,75,31,18.993594,73.055001,4.95,0.91,34.21,2.642,0.0842
G02742,76,31,18.993644,73.059748,1.61,0.0,3.06,0.782,0.3605
G02743,77,31,18.993693,73.064496,2.05,0.0,3.14,0.518,0.085
G02744,78,31,18.993743,73.069244,2.18,1.51,3.31,0.285,0.3947
G02745,79,31,18.993792,73.073992,2.19,0.54,4.2,0.492,0.0375
G02746,80,31,18.993842,73.078739,2.16,0.74,5.49,0.547,0.1711
G02747,81,31,18.993891,73.083487,2.24,0.64,7.52,0.582,0.035
G02748,82,31,18.99394,73.088235,1.73,1.0,3.26,0.659,0.4105
G02749,83,31,18.993989,73.092983,1.47,0.0,10.04,1.043,0.4125
G02750,84,31,18.994038,73.09773,3.79,0.0,16.87,2.45,0.1316
G02751,85,31,18.994087,73.102478,4.69,1.99,15.55,1.88,0.0475
G02752,0,32,18.994023,72.698908,0.0,0.0,0.0,0.0,1.0
G02753,1,32,18.994082,72.703655,0.0,0.0,0.0,0.0,1.0
G02754,2,32,18.994141,72.708401,0.0,0.0,0.0,0.0,1.0
G02755,3,32,18.9942,72.713148,0.0,0.0,0.0,0.0,1.0
G02756,4,32,18.994258,72.717895,0.0,0.0,0.0,0.0,1.0
G02757,5,32,18.994317,72.722641,0.0,0.0,0.0,0.0,1.0
G02758,6,32,18.994375,72.727388,0.0,0.0,0.0,0.0,1.0
G02759,7,32,18.994434,72.732135,0.0,0.0,0.0,0.0,1.0
G02760,8,32,18.994492,72.736881,0.0,0.0,0.0,0.0,1.0
G02761,9,32,18.99455,72.741628,0.0,0.0,0.0,0.0,1.0
G02762,10,32,18.994608,72.746375,0.0,0.0,0.0,0.0,1.0
G02763,11,32,18.994665,72.751121,0.0,0.0,0.0,0.0,1.0
G02764,12,32,18.994723,72.755868,0.0,0.0,0.0,0.0,1.0
G02765,13,32,18.994781,72.760615,0.0,0.0,0.0,0.0,1.0
G02766,14,32,18.994838,72.765362,0.0,0.0,0.0,0.0,1.0
G02767,15,32,18.994895,72.770109,0.0,0.0,0.0,0.0,1.0
G02768,16,32,18.994952,72.774856,0.0,0.0,0.0,0.0,1.0
G02769,17,32,18.995009,72.779602,0.0,0.0,0.0,0.0,1.0
G02770,18,32,18.995066,72.784349,0.0,0.0,0.0,0.0,1.0
G02771,19,32,18.995123,72.789096,0.0,0.0,0.0,0.0,1.0
G02772,20,32,18.99518,72.793843,0.0,0.0,0.0,0.0,1.0
G02773,21,32,18.995236,72.79859,0.0,0.0,0.0,0.0,1.0
G02774,22,32,18.995293,72.803337,0.0,0.0,0.0,0.0,1.0
G02775,23,32,18.995349,72.808084,0.0,0.0,0.0,0.0,1.0
G02776,24,32,18.995405,72.812831,7.79,0.0,23.82,3.183,0.3684
G02777,25,32,18.995461,72.817578,9.34,2.01,19.19,3.539,0.0083
G02778,26,32,18.995517,72.822325,8.29,-3.52,24.95,5.293,0.0026
G02779,27,32,18.995573,72.827072,9.94,2.67,22.08,4.433,0.0
G02780,28,32,18.995629,72.831819,8.46,2.63,20.6,4.257,0.0421
G02781,29,32,18.995685,72.836566,11.9,-0.68,19.54,3.621,0.0332
G02782,30,32,18.99574,72.841313,19.06,9.49,30.28,4.616,0.0
G02783,31,32,18.995795,72.84606,23.45,7.81,33.78,5.229,0.0194
G02784,32,32,18.995851,72.850807,10.94,4.15,20.18,2.963,0.0
G02785,33,32,18.995906,72.855554,6.86,2.25,20.64,3.208,0.0
G02786,34,32,18.995961,72.860302,2.68,0.0,9.06,1.775,0.3823
G02787,35,32,18.996015,72.865049,0.0,0.0,0.0,0.0,1.0
G02788,36,32,18.99607,72.869796,0.0,0.0,0.0,0.0,1.0
G02789,37,32,18.996125,72.874543,0.0,0.0,0.0,0.0,1.0
G02790,38,32,18.996179,72.87929,0.0,0.0,0.0,0.0,1.0
G02791,39,32,18.996234,72.884038,0.16,0.0,2.54,0.267,0.9868
G02792,40,32,18.996288,72.888785,0.72,-0.33,3.26,0.538,0.9945
G02793,41,32,18.996342,72.893532,1.51,0.0,5.41,0.66,0.7447
G02794,42,32,18.996396,72.898279,2.27,0.0,11.12,1.227,0.6011
G02795,43,32,18.99645,72.903027,2.65,0.0,11.12,1.846,0.5368
G02796,44,32,18.996504,72.907774,0.97,0.0,6.32,0.831,0.7618
G02797,45,32,18.996557,72.912521,0.35,0.0,4.4,0.444,0.9263
G02798,46,32,18.996611,72.917269,0.14,0.0,3.81,0.256,0.9557
G02799,47,32,18.996664,72.922016,0.0,0.0,0.0,0.0,1.0
G02800,48,32,18.996718,72.926763,0.0,0.0,0.0,0.0,1.0
G02801,49,32,18.996771,72.931511,0.0,0.0,0.0,0.0,1.0
G02802,50,32,18.996824,72.936258,0.0,0.0,0.0,0.0,1.0
G02803,51,32,18.996877,72.941006,0.0,0.0,0.0,0.0,1.0
G02804,52,32,18.996929,72.945753,0.0,0.0,0.0,0.0,1.0
G02805,53,32,18.996982,72.9505,0.0,0.0,0.0,0.0,1.0
G02806,54,32,18.997035,72.955248,0.0,0.0,0.0,0.0,1.0
G02807,55,32,18.997087,72.959995,0.0,0.0,0.0,0.0,1.0
G02808,56,32,18.997139,72.964743,0.0,0.0,0.0,0.0,1.0
G02809,57,32,18.997192,72.96949,0.0,0.0,0.0,0.0,1.0
G02810,58,32,18.997244,72.974238,0.0,0.0,0.0,0.0,1.0
G02811,59,32,18.997296,72.978986,0.0,0.0,0.0,0.0,1.0
G02812,60,32,18.997347,72.983733,0.0,0.0,0.0,0.0,1.0
G02813,61,32,18.997399,72.988481,0.0,0.0,0.0,0.0,1.0
G02814,62,32,18.997451,72.993228,0.0,0.0,0.0,0.0,1.0
G02815,63,32,18.997502,72.997976,0.0,0.0,0.0,0.0,1.0
G02816,64,32,18.997553,73.002723,0.0,0.0,0.0,0.0,1.0
G02817,65,32,18.997605,73.007471,0.24,0.0,4.44,0.249,0.9224
G02818,66,32,18.997656,73.012219,0.98,0.0,4.79,0.538,0.6947
G02819,67,32,18.997707,73.016966,0.77,0.0,4.49,0.449,0.723
G02820,68,32,18.997758,73.021714,0.0,0.0,0.0,0.002,1.0
G02821,69,32,18.997808,73.026462,1.25,0.0,9.58,1.2,0.6925
G02822,70,32,18.997859,73.031209,1.38,0.0,8.7,0.906,0.8237
G02823,71,32,18.997909,73.035957,4.29,1.5,8.79,1.602,0.1911
G02824,72,32,18.99796,73.040705,6.3,1.03,21.36,3.288,0.0184
G02825,73,32,18.99801,73.045453,4.52,1.03,21.92,3.12,0.2687
G02826,74,32,18.99806,73.0502,4.21,0.0,26.95,2.66,0.4868
G02827,75,32,18.99811,73.054948,1.12,0.0,3.26,0.848,0.5429
G02828,76,32,18.99816,73.059696,1.38,0.0,2.89,0.769,0.4848
G02829,77,32,18.99821,73.064444,1.99,0.0,3.14,0.801,0.2526
G02830,78,32,18.998259,73.069192,2.12,0.39,3.47,0.521,0.0886
G02831,79,32,18.998309,73.07394,1.99,0.09,3.47,0.525,0.0579
G02832,80,32,18.998358,73.078687,1.23,-0.26,2.39,0.724,0.446
G02833,81,32,18.998407,73.083435,1.96,0.61,4.74,0.433,0.0895
G02834,82,32,18.998457,73.088183,1.61,0.0,4.74,0.796,0.3296
G02835,83,32,18.998506,73.092931,2.62,0.0,3.9,0.746,0.1211
G02836,84,32,18.998554,73.097679,3.03,1.56,5.9,0.769,0.0388
G02837,85,32,18.998603,73.102427,4.4,2.03,11.92,1.394,0.05
G02838,0,33,18.998538,72.698846,0.0,0.0,0.0,0.0,1.0
G02839,1,33,18.998597,72.703593,0.0,0.0,0.0,0.0,1.0
G02840,2,33,18.998656,72.708339,0.0,0.0,0.0,0.0,1.0
G02841,3,33,18.998715,72.713086,0.0,0.0,0.0,0.0,1.0
G02842,4,33,18.998774,72.717833,0.0,0.0,0.0,0.0,1.0
G02843,5,33,18.998832,72.72258,0.0,0.0,0.0,0.0,1.0
G02844,6,33,18.998891,72.727327,0.0,0.0,0.0,0.0,1.0
G02845,7,33,18.998949,72.732073,0.0,0.0,0.0,0.0,1.0
G02846,8,33,18.999007,72.73682,0.0,0.0,0.0,0.0,1.0
G02847,9,33,18.999065,72.741567,0.0,0.0,0.0,0.0,1.0
G02848,10,33,18.999123,72.746314,0.0,0.0,0.0,0.0,1.0
G02849,11,33,18.999181,72.751061,0.0,0.0,0.0,0.0,1.0
G02850,12,33,18.999238,72.755808,0.0,0.0,0.0,0.0,1.0
G02851,13,33,18.999296,72.760555,0.0,0.0,0.0,0.0,1.0
G02852,14,33,18.999353,72.765302,0.0,0.0,0.0,0.0,1.0
G02853,15,33,18.999411,72.770049,0.0,0.0,0.0,0.0,1.0
G02854,16,33,18.999468,72.774796,0.0,0.0,0.0,0.0,1.0
G02855,17,33,18.999525,72.779543,0.0,0.0,0.0,0.0,1.0
G02856,18,33,18.999582,72.78429,0.0,0.0,0.0,0.0,1.0
G02857,19,33,18.999639,72.789037,0.0,0.0,0.0,0.0,1.0
G02858,20,33,18.999695,72.793784,0.0,0.0,0.0,0.0,1.0
G02859,21,33,18.999752,72.798531,0.0,0.0,0.0,0.0,1.0
G02860,22,33,18.999808,72.803278,0.0,0.0,0.0,0.0,1.0
G02861,23,33,18.999865,72.808025,0.0,0.0,0.0,0.0,1.0
G02862,24,33,18.999921,72.812772,14.95,0.0,41.45,6.505,0.23
G02863,25,33,18.999977,72.817519,10.2,3.54,33.3,4.413,0.0342
G02864,26,33,19.000033,72.822266,8.26,1.96,24.85,3.838,0.04
G02865,27,33,19.000089,72.827013,8.71,-5.26,17.57,4.007,0.0
G02866,28,33,19.000145,72.831761,7.98,3.67,18.43,3.316,0.0
G02867,29,33,19.0002,72.836508,11.43,4.14,20.5,4.072,0.0
G02868,30,33,19.000256,72.841255,17.14,9.04,24.62,4.209,0.03
G02869,31,33,19.000311,72.846002,24.49,15.28,36.43,4.072,0.0
G02870,32,33,19.000366,72.850749,20.18,9.29,37.81,4.407,0.0
G02871,33,33,19.000421,72.855497,8.3,2.89,18.56,2.625,0.0
G02872,34,33,19.000476,72.860244,5.63,0.0,17.16,3.128,0.2053
G02873,35,33,19.000531,72.864991,0.45,0.0,7.77,0.407,0.87
G02874,36,33,19.000586,72.869738,0.0,0.0,0.0,0.0,1.0
G02875,37,33,19.000641,72.874486,0.0,0.0,0.0,0.0,1.0
G02876,38,33,19.000695,72.879233,0.0,0.0,0.0,0.0,1.0
G02877,39,33,19.000749,72.883981,1.17,0.0,6.62,0.753,0.7375
G02878,40,33,19.000804,72.888728,3.7,0.0,7.06,1.168,0.1816
G02879,41,33,19.000858,72.893475,3.58,0.0,10.86,1.871,0.2725
G02880,42,33,19.000912,72.898223,8.08,2.25,32.28,3.815,0.0026
G02881,43,33,19.000966,72.90297,7.3,1.45,20.55,3.433,0.0
G02882,44,33,19.00102,72.907718,13.74,1.52,40.04,5.487,0.0
G02883,45,33,19.001073,72.912465,28.15,1.73,95.87,12.384,0.0
G02884,46,33,19.001127,72.917212,5.02,0.0,9.71,1.185,0.0526
G02885,47,33,19.00118,72.92196,1.38,0.0,6.71,0.877,0.675
G02886,48,33,19.001233,72.926707,0.0,0.0,0.03,0.003,1.0
G02887,49,33,19.001287,72.931455,0.0,0.0,0.0,0.0,1.0
G02888,50,33,19.00134,72.936202,0.0,0.0,0.0,0.0,1.0
G02889,51,33,19.001393,72.94095,0.0,0.0,0.0,0.0,1.0
G02890,52,33,19.001445,72.945698,0.0,0.0,0.0,0.0,1.0
G02891,53,33,19.001498,72.950445,0.0,0.0,0.0,0.0,1.0
G02892,54,33,19.001551,72.955193,0.0,0.0,0.0,0.0,1.0
G02893,55,33,19.001603,72.95994,0.0,0.0,0.0,0.0,1.0
G02894,56,33,19.001655,72.964688,0.0,0.0,0.0,0.0,1.0
G02895,57,33,19.001708,72.969436,0.0,0.0,0.0,0.0,1.0
G02896,58,33,19.00176,72.974183,0.0,0.0,0.0,0.0,1.0
G02897,59,33,19.001812,72.978931,0.0,0.0,0.0,0.0,1.0
G02898,60,33,19.001863,72.983679,0.0,0.0,0.0,0.0,1.0
G02899,61,33,19.001915,72.988426,0.0,0.0,0.0,0.0,1.0
G02900,62,33,19.001967,72.993174,0.0,0.0,0.0,0.0,1.0
G02901,63,33,19.002018,72.997922,0.0,0.0,0.0,0.0,1.0
G02902,64,33,19.00207,73.00267,1.05,0.0,4.58,0.578,0.6325
G02903,65,33,19.002121,73.007417,2.8,0.0,5.8,0.881,0.1553
G02904,66,33,19.002172,73.012165,3.35,1.5,10.38,0.972,0.1775
G02905,67,33,19.002223,73.016913,5.29,0.0,10.93,1.961,0.0184
G02906,68,33,19.002274,73.021661,1.54,0.0,5.28,1.013,0.55
G02907,69,33,19.002324,73.026409,3.73,0.0,30.03,2.668,0.5079
G02908,70,33,19.002375,73.031156,1.64,0.0,16.14,1.733,0.8275
G02909,71,33,19.002425,73.035904,2.12,0.0,8.93,1.044,0.6895
G02910,72,33,19.002476,73.040652,2.67,0.0,14.65,1.743,0.4175
G02911,73,33,19.002526,73.0454,3.21,0.0,21.92,2.584,0.3342
G02912,74,33,19.002576,73.050148,1.33,0.0,2.77,0.67,0.39
G02913,75,33,19.002626,73.054896,1.99,0.38,3.18,0.51,0.0395
G02914,76,33,19.002676,73.059644,2.04,0.93,3.93,0.49,0.3421
G02915,77,33,19.002726,73.064392,1.49,0.0,3.17,0.683,0.42
G02916,78,33,19.002776,73.06914,0.63,0.0,3.0,0.499,0.8
G02917,79,33,19.002825,73.073888,0.97,0.0,2.76,0.651,0.6675
G02918,80,33,19.002874,73.078636,1.34,0.0,3.08,0.755,0.4921
G02919,81,33,19.002924,73.083384,1.56,0.0,3.65,0.637,0.3475
G02920,82,33,19.002973,73.088132,2.12,0.0,4.29,0.95,0.3421
G02921,83,33,19.003022,73.09288,3.05,2.24,4.29,0.392,0.0
G02922,84,33,19.003071,73.097628,3.35,1.92,7.87,0.869,0.0553
G02923,85,33,19.00312,73.102376,5.53,2.35,12.45,1.904,0.005
G02924,0,34,19.003054,72.698784,0.0,0.0,0.0,0.0,1.0
G02925,1,34,19.003113,72.703531,0.0,0.0,0.0,0.0,1.0
G02926,2,34,19.003171,72.708278,0.0,0.0,0.0,0.0,1.0
G02927,3,34,19.00323,72.713024,0.0,0.0,0.0,0.0,1.0
G02928,4,34,19.003289,72.717771,0.0,0.0,0.0,0.0,1.0
G02929,5,34,19.003347,72.722518,0.0,0.0,0.0,0.0,1.0
G02930,6,34,19.003406,72.727265,0.0,0.0,0.0,0.0,1.0
G02931,7,34,19.003464,72.732012,0.0,0.0,0.0,0.0,1.0
G02932,8,34,19.003522,72.736759,0.0,0.0,0.0,0.0,1.0
G02933,9,34,19.00358,72.741506,0.0,0.0,0.0,0.0,1.0
G02934,10,34,19.003638,72.746253,0.0,0.0,0.0,0.0,1.0
G02935,11,34,19.003696,72.751,0.0,0.0,0.0,0.0,1.0
G02936,12,34,19.003754,72.755747,0.0,0.0,0.0,0.0,1.0
G02937,13,34,19.003811,72.760494,0.0,0.0,0.0,0.0,1.0
G02938,14,34,19.003869,72.765241,0.0,0.0,0.0,0.0,1.0
G02939,15,34,19.003926,72.769988,0.0,0.0,0.0,0.0,1.0
G02940,16,34,19.003983,72.774735,0.0,0.0,0.0,0.0,1.0
G02941,17,34,19.00404,72.779483,0.0,0.0,0.0,0.0,1.0
G02942,18,34,19.004097,72.78423,0.0,0.0,0.0,0.0,1.0
G02943,19,34,19.004154,72.788977,0.0,0.0,0.0,0.0,1.0
G02944,20,34,19.004211,72.793724,0.0,0.0,0.0,0.0,1.0
G02945,21,34,19.004267,72.798471,0.0,0.0,0.0,0.0,1.0
G02946,22,34,19.004324,72.803218,0.0,0.0,0.0,0.0,1.0
G02947,23,34,19.00438,72.807966,0.0,0.0,0.0,0.0,1.0
G02948,24,34,19.004436,72.812713,5.92,0.0,22.38,3.182,0.5237
G02949,25,34,19.004493,72.81746,15.52,3.08,25.87,4.709,0.0
G02950,26,34,19.004549,72.822207,8.32,-4.91,21.2,3.186,0.0
G02951,27,34,19.004604,72.826955,6.47,-8.29,22.61,5.557,0.1163
G02952,28,34,19.00466,72.831702,7.26,-8.94,26.12,4.284,0.0395
G02953,29,34,19.004716,72.836449,8.83,3.15,18.19,3.286,0.0
G02954,30,34,19.004771,72.841197,13.72,5.42,28.96,4.176,0.0
G02955,31,34,19.004827,72.845944,18.54,9.96,30.75,4.212,0.0
G02956,32,34,19.004882,72.850691,17.91,9.88,33.35,4.558,0.0249
G02957,33,34,19.004937,72.855439,8.16,4.09,18.56,2.487,0.0
G02958,34,34,19.004992,72.860186,6.28,2.71,12.45,1.948,0.0
G02959,35,34,19.005047,72.864934,5.71,0.0,10.82,1.576,0.0895
G02960,36,34,19.005102,72.869681,3.83,0.0,8.33,1.437,0.3352
G02961,37,34,19.005156,72.874428,2.12,0.0,8.33,0.872,0.5711
G02962,38,34,19.005211,72.879176,1.3,0.0,6.93,0.795,0.7368
G02963,39,34,19.005265,72.883923,2.73,0.0,7.01,1.068,0.5316
G02964,40,34,19.005319,72.888671,4.84,2.16,8.24,1.083,0.0
G02965,41,34,19.005374,72.893418,4.95,0.17,15.29,2.201,0.0
G02966,42,34,19.005428,72.898166,5.9,1.13,20.87,2.499,0.0
G02967,43,34,19.005482,72.902913,6.99,3.42,14.02,2.409,0.0
G02968,44,34,19.005535,72.907661,33.76,6.01,106.07,10.596,0.0
G02969,45,34,19.005589,72.912409,86.65,9.71,154.0,18.805,0.0
G02970,46,34,19.005643,72.917156,15.09,4.37,109.58,6.846,0.0
G02971,47,34,19.005696,72.921904,6.42,0.03,12.79,1.421,0.0026
G02972,48,34,19.005749,72.926651,3.29,0.0,8.42,1.199,0.4986
G02973,49,34,19.005802,72.931399,0.18,0.0,6.8,0.233,0.9737
G02974,50,34,19.005856,72.936147,0.0,0.0,0.0,0.0,1.0
G02975,51,34,19.005908,72.940894,0.0,0.0,0.0,0.0,1.0
G02976,52,34,19.005961,72.945642,0.0,0.0,0.0,0.0,1.0
G02977,53,34,19.006014,72.95039,0.0,0.0,0.0,0.0,1.0
G02978,54,34,19.006067,72.955138,0.0,0.0,0.0,0.0,1.0
G02979,55,34,19.006119,72.959885,0.0,0.0,0.0,0.0,1.0
G02980,56,34,19.006171,72.964633,0.0,0.0,0.0,0.0,1.0
G02981,57,34,19.006224,72.969381,0.0,0.0,0.0,0.0,1.0
G02982,58,34,19.006276,72.974129,0.0,0.0,0.0,0.0,1.0
G02983,59,34,19.006328,72.978876,0.0,0.0,0.0,0.0,1.0
G02984,60,34,19.006379,72.983624,0.0,0.0,0.0,0.0,1.0
G02985,61,34,19.006431,72.988372,0.0,0.0,0.0,0.0,1.0
G02986,62,34,19.006483,72.99312,0.0,0.0,0.0,0.0,1.0
G02987,63,34,19.006534,72.997868,0.0,0.0,0.0,0.0,1.0
G02988,64,34,19.006586,73.002616,2.05,0.0,7.77,0.828,0.3184
G02989,65,34,19.006637,73.007364,2.58,1.5,3.3,0.348,0.0305
G02990,66,34,19.006688,73.012111,3.62,1.5,13.97,1.4,0.3868
G02991,67,34,19.006739,73.016859,7.47,1.5,17.22,3.3,0.0028
G02992,68,34,19.00679,73.021607,3.49,0.19,7.55,1.824,0.2632
G02993,69,34,19.006841,73.026355,7.5,0.92,32.33,3.316,0.0028
G02994,70,34,19.006891,73.031103,7.48,0.0,27.88,3.295,0.0342
G02995,71,34,19.006942,73.035851,3.7,0.0,10.79,1.605,0.3102
G02996,72,34,19.006992,73.040599,1.45,0.0,16.52,1.198,0.7342
G02997,73,34,19.007042,73.045347,0.21,0.0,2.85,0.327,0.9529
G02998,74,34,19.007092,73.050095,2.27,0.0,3.03,0.591,0.0974
G02999,75,34,19.007142,73.054843,2.12,1.47,3.51,0.395,0.0471
G03000,76,34,19.007192,73.059591,2.19,0.56,5.88,0.769,0.2133
G03001,77,34,19.007242,73.064339,1.21,0.0,4.69,0.746,0.55
G03002,78,34,19.007292,73.069087,2.16,0.0,4.71,0.801,0.2244
G03003,79,34,19.007341,73.073836,2.38,0.0,4.15,0.796,0.1105
G03004,80,34,19.007391,73.078584,2.45,0.0,12.07,1.329,0.3906
G03005,81,34,19.00744,73.083332,2.06,0.0,5.0,1.204,0.4395
G03006,82,34,19.007489,73.08808,3.16,0.94,5.79,0.791,0.0139
G03007,83,34,19.007538,73.092828,4.09,1.96,9.24,1.127,0.0079
G03008,84,34,19.007587,73.097576,5.14,2.39,9.41,0.968,0.0
G03009,85,34,19.007636,73.102324,6.22,2.92,13.25,1.507,0.0
G03010,0,35,19.007569,72.698722,0.0,0.0,0.0,0.0,1.0
G03011,1,35,19.007628,72.703469,0.0,0.0,0.0,0.0,1.0
G03012,2,35,19.007687,72.708216,0.0,0.0,0.0,0.0,1.0
G03013,3,35,19.007745,72.712963,0.0,0.0,0.0,0.0,1.0
G03014,4,35,19.007804,72.71771,0.0,0.0,0.0,0.0,1.0
G03015,5,35,19.007863,72.722457,0.0,0.0,0.0,0.0,1.0
G03016,6,35,19.007921,72.727204,0.0,0.0,0.0,0.0,1.0
G03017,7,35,19.007979,72.731951,0.0,0.0,0.0,0.0,1.0
G03018,8,35,19.008038,72.736698,0.0,0.0,0.0,0.0,1.0
G03019,9,35,19.008096,72.741445,0.0,0.0,0.0,0.0,1.0
G03020,10,35,19.008154,72.746192,0.0,0.0,0.0,0.0,1.0
G03021,11,35,19.008211,72.750939,0.0,0.0,0.0,0.0,1.0
G03022,12,35,19.008269,72.755687,0.0,0.0,0.0,0.0,1.0
G03023,13,35,19.008327,72.760434,0.0,0.0,0.0,0.0,1.0
G03024,14,35,19.008384,72.765181,0.0,0.0,0.0,0.0,1.0
G03025,15,35,19.008441,72.769928,0.0,0.0,0.0,0.0,1.0
G03026,16,35,19.008499,72.774675,0.0,0.0,0.0,0.0,1.0
G03027,17,35,19.008556,72.779423,0.0,0.0,0.0,0.0,1.0
G03028,18,35,19.008613,72.78417,0.0,0.0,0.0,0.0,1.0
G03029,19,35,19.00867,72.788917,0.0,0.0,0.0,0.0,1.0
G03030,20,35,19.008726,72.793664,0.0,0.0,0.0,0.0,1.0
G03031,21,35,19.008783,72.798412,0.0,0.0,0.0,0.0,1.0
G03032,22,35,19.008839,72.803159,0.0,0.0,0.0,0.0,1.0
G03033,23,35,19.008896,72.807906,0.0,0.0,0.0,0.0,1.0
G03034,24,35,19.008952,72.812654,1.11,0.0,16.15,1.012,0.87
G03035,25,35,19.009008,72.817401,16.06,0.0,27.66,4.925,0.05
G03036,26,35,19.009064,72.822149,9.61,-4.58,21.38,5.05,0.0925
G03037,27,35,19.00912,72.826896,6.76,-4.58,20.88,3.881,0.0105
G03038,28,35,19.009176,72.831643,7.68,-7.12,16.92,4.356,0.07
G03039,29,35,19.009231,72.836391,7.99,1.38,16.94,3.716,0.0079
G03040,30,35,19.009287,72.841138,10.2,3.52,17.45,2.858,0.0
G03041,31,35,19.009342,72.845886,13.59,7.72,22.19,2.632,0.0
G03042,32,35,19.009397,72.850633,12.87,0.76,25.03,4.399,0.0
G03043,33,35,19.009453,72.855381,8.48,0.76,14.84,2.774,0.0
G03044,34,35,19.009508,72.860128,7.42,3.21,14.93,2.781,0.0
G03045,35,35,19.009563,72.864876,6.3,2.82,11.28,2.367,0.0
G03046,36,35,19.009617,72.869623,5.46,2.3,10.19,1.553,0.0105
G03047,37,35,19.009672,72.874371,5.13,1.29,7.72,0.828,0.0
G03048,38,35,19.009727,72.879119,5.86,3.32,7.51,0.777,0.0
G03049,39,35,19.009781,72.883866,4.19,0.0,7.51,2.005,0.1275
G03050,40,35,19.009835,72.888614,7.34,3.68,14.07,2.134,0.0
G03051,41,35,19.009889,72.893362,7.65,2.98,16.61,3.119,0.0
G03052,42,35,19.009943,72.898109,6.75,1.08,11.13,1.795,0.0053
G03053,43,35,19.009997,72.902857,8.78,4.58,15.57,2.528,0.0
G03054,44,35,19.010051,72.907605,39.3,10.45,109.04,10.748,0.0
G03055,45,35,19.010105,72.912352,141.01,52.47,178.66,13.754,0.0
G03056,46,35,19.010158,72.9171,55.75,5.38,176.28,16.6,0.0
G03057,47,35,19.010212,72.921848,10.75,5.56,23.35,3.278,0.0
G03058,48,35,19.010265,72.926595,6.66,3.53,11.36,1.235,0.0
G03059,49,35,19.010318,72.931343,4.54,0.0,7.61,1.143,0.265
G03060,50,35,19.010371,72.936091,0.55,0.0,6.88,0.454,0.8711
G03061,51,35,19.010424,72.940839,0.0,0.0,0.0,0.0,1.0
G03062,52,35,19.010477,72.945587,0.0,0.0,0.0,0.0,1.0
G03063,53,35,19.01053,72.950334,0.0,0.0,0.0,0.0,1.0
G03064,54,35,19.010583,72.955082,0.0,0.0,0.0,0.0,1.0
G03065,55,35,19.010635,72.95983,0.0,0.0,0.0,0.0,1.0
G03066,56,35,19.010687,72.964578,0.0,0.0,0.0,0.0,1.0
G03067,57,35,19.01074,72.969326,0.0,0.0,0.0,0.0,1.0
G03068,58,35,19.010792,72.974074,0.0,0.0,0.0,0.0,1.0
G03069,59,35,19.010844,72.978822,0.0,0.0,0.0,0.0,1.0
G03070,60,35,19.010895,72.98357,0.0,0.0,0.0,0.0,1.0
G03071,61,35,19.010947,72.988318,0.0,0.0,0.0,0.0,1.0
G03072,62,35,19.010999,72.993066,0.0,0.0,0.0,0.0,1.0
G03073,63,35,19.01105,72.997814,0.0,0.0,0.0,0.0,1.0
G03074,64,35,19.011102,73.002562,2.61,0.0,7.67,1.236,0.3325
G03075,65,35,19.011153,73.00731,3.1,1.35,7.87,0.808,0.0526
G03076,66,35,19.011204,73.012058,8.08,1.5,16.87,3.04,0.015
G03077,67,35,19.011255,73.016806,7.78,1.5,16.49,2.833,0.1263
G03078,68,35,19.011306,73.021554,4.43,1.5,16.96,1.965,0.295
G03079,69,35,19.011357,73.026302,4.07,1.45,18.81,2.182,0.2526
G03080,70,35,19.011407,73.03105,8.37,2.5,14.99,2.855,0.025
G03081,71,35,19.011458,73.035798,7.97,3.69,14.42,2.621,0.0
G03082,72,35,19.011508,73.040546,6.22,0.0,16.52,3.095,0.22
G03083,73,35,19.011558,73.045294,0.0,0.0,0.19,0.018,1.0
G03084,74,35,19.011609,73.050043,1.7,0.0,3.29,0.6,0.3475
G03085,75,35,19.011659,73.054791,2.19,1.53,2.92,0.296,0.0053
G03086,76,35,19.011709,73.059539,1.79,0.0,4.55,0.711,0.2842
G03087,77,35,19.011758,73.064287,1.95,0.0,4.03,0.652,0.33
G03088,78,35,19.011808,73.069035,3.32,2.3,4.3,0.469,0.0
G03089,79,35,19.011858,73.073784,2.84,1.5,6.16,0.678,0.1275
G03090,80,35,19.011907,73.078532,8.5,2.15,22.89,3.422,0.0
G03091,81,35,19.011956,73.08328,4.44,0.86,13.99,1.895,0.15
G03092,82,35,19.012005,73.088028,5.27,2.05,13.68,1.948,0.0579
G03093,83,35,19.012055,73.092777,6.23,1.96,18.93,2.629,0.05
G03094,84,35,19.012103,73.097525,5.99,2.0,12.92,1.942,0.0
G03095,85,35,19.012152,73.102273,5.88,2.0,12.97,2.078,0.0
G03096,0,36,19.012084,72.69866,0.0,0.0,0.0,0.0,1.0
G03097,1,36,19.012143,72.703407,0.0,0.0,0.0,0.0,1.0
G03098,2,36,19.012202,72.708154,0.0,0.0,0.0,0.0,1.0
G03099,3,36,19.012261,72.712901,0.0,0.0,0.0,0.0,1.0
G03100,4,36,19.012319,72.717648,0.0,0.0,0.0,0.0,1.0
G03101,5,36,19.012378,72.722395,0.0,0.0,0.0,0.0,1.0
G03102,6,36,19.012436,72.727142,0.0,0.0,0.0,0.0,1.0
G03103,7,36,19.012495,72.73189,0.0,0.0,0.0,0.0,1.0
G03104,8,36,19.012553,72.736637,0.0,0.0,0.0,0.0,1.0
G03105,9,36,19.012611,72.741384,0.0,0.0,0.0,0.0,1.0
G03106,10,36,19.012669,72.746131,0.0,0.0,0.0,0.0,1.0
G03107,11,36,19.012727,72.750879,0.0,0.0,0.0,0.0,1.0
G03108,12,36,19.012784,72.755626,0.0,0.0,0.0,0.0,1.0
G03109,13,36,19.012842,72.760373,0.0,0.0,0.0,0.0,1.0
G03110,14,36,19.0129,72.765121,0.0,0.0,0.0,0.0,1.0
G03111,15,36,19.012957,72.769868,0.0,0.0,0.0,0.0,1.0
G03112,16,36,19.013014,72.774615,0.0,0.0,0.0,0.0,1.0
G03113,17,36,19.013071,72.779363,0.0,0.0,0.0,0.0,1.0
G03114,18,36,19.013128,72.78411,0.0,0.0,0.0,0.0,1.0
G03115,19,36,19.013185,72.788857,0.0,0.0,0.0,0.0,1.0
G03116,20,36,19.013242,72.793605,0.0,0.0,0.0,0.0,1.0
G03117,21,36,19.013298,72.798352,0.0,0.0,0.0,0.0,1.0
G03118,22,36,19.013355,72.8031,0.0,0.0,0.0,0.0,1.0
G03119,23,36,19.013411,72.807847,0.0,0.0,0.0,0.0,1.0
G03120,24,36,19.013468,72.812595,0.0,0.0,0.0,0.0,1.0
G03121,25,36,19.013524,72.817342,9.99,0.0,30.69,4.819,0.3629
G03122,26,36,19.01358,72.82209,10.1,-2.72,17.76,4.246,0.0421
G03123,27,36,19.013636,72.826837,11.35,4.17,22.16,3.687,0.0
G03124,28,36,19.013691,72.831585,11.7,-3.67,20.37,4.559,0.0
G03125,29,36,19.013747,72.836332,10.72,2.47,29.47,4.435,0.0
G03126,30,36,19.013802,72.84108,8.67,2.44,16.91,3.708,0.0
G03127,31,36,19.013858,72.845828,12.36,5.59,23.36,3.696,0.0222
G03128,32,36,19.013913,72.850575,13.38,1.65,25.03,4.394,0.0
G03129,33,36,19.013968,72.855323,11.19,3.75,19.38,3.397,0.0
G03130,34,36,19.014023,72.860071,7.49,3.42,17.84,2.82,0.0
G03131,35,36,19.014078,72.864818,5.85,1.5,12.4,1.826,0.0
G03132,36,36,19.014133,72.869566,2.27,1.5,5.6,0.772,0.3296
G03133,37,36,19.014188,72.874314,2.58,1.5,6.08,0.915,0.1816
G03134,38,36,19.014242,72.879061,2.49,1.5,5.35,0.591,0.2548
G03135,39,36,19.014297,72.883809,3.63,0.0,8.56,1.695,0.0237
G03136,40,36,19.014351,72.888557,10.73,1.01,31.25,3.908,0.0
G03137,41,36,19.014405,72.893305,9.7,4.99,17.1,3.232,0.0026
G03138,42,36,19.014459,72.898052,9.56,5.31,21.22,2.493,0.0665
G03139,43,36,19.014513,72.9028,14.0,7.53,24.84,2.797,0.0
G03140,44,36,19.014567,72.907548,46.3,14.59,120.51,12.271,0.0
G03141,45,36,19.014621,72.912296,144.56,44.53,209.14,15.941,0.0
G03142,46,36,19.014674,72.917044,123.24,23.2,224.38,20.378,0.0
G03143,47,36,19.014728,72.921792,19.13,7.24,52.38,5.072,0.0
G03144,48,36,19.014781,72.926539,9.17,4.12,16.48,2.74,0.0
G03145,49,36,19.014834,72.931287,5.78,4.16,8.96,0.84,0.0
G03146,50,36,19.014887,72.936035,5.28,0.0,7.45,0.902,0.0665
G03147,51,36,19.01494,72.940783,1.77,0.0,7.18,0.927,0.6342
G03148,52,36,19.014993,72.945531,0.0,0.0,0.05,0.02,1.0
G03149,53,36,19.015046,72.950279,0.0,0.0,0.0,0.0,1.0
G03150,54,36,19.015098,72.955027,0.0,0.0,0.0,0.0,1.0
G03151,55,36,19.015151,72.959775,0.0,0.0,0.0,0.0,1.0
G03152,56,36,19.015203,72.964523,0.0,0.0,0.0,0.0,1.0
G03153,57,36,19.015256,72.969271,0.0,0.0,0.0,0.0,1.0
G03154,58,36,19.015308,72.974019,0.0,0.0,0.0,0.0,1.0
G03155,59,36,19.01536,72.978767,0.0,0.0,0.0,0.0,1.0
G03156,60,36,19.015411,72.983515,0.0,0.0,0.0,0.0,1.0
G03157,61,36,19.015463,72.988263,0.0,0.0,0.0,0.0,1.0
G03158,62,36,19.015515,72.993011,0.0,0.0,0.0,0.0,1.0
G03159,63,36,19.015566,72.99776,0.0,0.0,0.19,0.027,1.0
G03160,64,36,19.015618,73.002508,2.81,0.0,6.89,1.17,0.3053
G03161,65,36,19.015669,73.007256,4.49,1.5,14.06,1.668,0.3657
G03162,66,36,19.01572,73.012004,10.68,4.31,22.62,3.66,0.0
G03163,67,36,19.015771,73.016752,8.51,4.22,16.13,3.024,0.1108
G03164,68,36,19.015822,73.0215,5.25,2.09,13.64,2.047,0.4053
G03165,69,36,19.015873,73.026249,4.62,1.88,14.31,1.994,0.0416
G03166,70,36,19.015923,73.030997,12.18,2.5,42.28,4.286,0.0211
G03167,71,36,19.015974,73.035745,14.26,4.56,45.13,5.156,0.0
G03168,72,36,19.016024,73.040493,7.02,0.19,15.11,3.779,0.0053
G03169,73,36,19.016075,73.045242,2.38,0.0,13.68,1.688,0.5485
G03170,74,36,19.016125,73.04999,0.32,0.0,4.26,0.31,0.9368
G03171,75,36,19.016175,73.054738,0.96,0.0,3.02,0.36,0.6316
G03172,76,36,19.016225,73.059487,0.7,0.0,4.25,0.491,0.7618
G03173,77,36,19.016275,73.064235,2.37,0.0,4.38,0.773,0.1947
G03174,78,36,19.016324,73.068983,2.37,0.0,5.0,1.053,0.3795
G03175,79,36,19.016374,73.073732,2.43,0.0,4.55,1.071,0.3474
G03176,80,36,19.016423,73.07848,4.07,0.0,9.58,1.189,0.072
G03177,81,36,19.016473,73.083228,4.55,1.57,11.02,1.445,0.0947
G03178,82,36,19.016522,73.087977,9.3,2.19,17.14,3.348,0.0194
G03179,83,36,19.016571,73.092725,10.16,2.8,18.93,3.691,0.0237
G03180,84,36,19.01662,73.097474,8.32,3.55,18.68,3.175,0.0
G03181,85,36,19.016669,73.102222,9.61,4.21,23.04,2.739,0.0
G03182,0,37,19.016599,72.698597,0.0,0.0,0.0,0.0,1.0
G03183,1,37,19.016658,72.703345,0.0,0.0,0.0,0.0,1.0
G03184,2,37,19.016717,72.708092,0.0,0.0,0.0,0.0,1.0
G03185,3,37,19.016776,72.712839,0.0,0.0,0.0,0.0,1.0
G03186,4,37,19.016835,72.717586,0.0,0.0,0.0,0.0,1.0
G03187,5,37,19.016893,72.722334,0.0,0.0,0.0,0.0,1.0
G03188,6,37,19.016952,72.727081,0.0,0.0,0.0,0.0,1.0
G03189,7,37,19.01701,72.731828,0.0,0.0,0.0,0.0,1.0
G03190,8,37,19.017068,72.736576,0.0,0.0,0.0,0.0,1.0
G03191,9,37,19.017126,72.741323,0.0,0.0,0.0,0.0,1.0
G03192,10,37,19.017184,72.746071,0.0,0.0,0.0,0.0,1.0
G03193,11,37,19.017242,72.750818,0.0,0.0,0.0,0.0,1.0
G03194,12,37,19.0173,72.755565,0.0,0.0,0.0,0.0,1.0
G03195,13,37,19.017357,72.760313,0.0,0.0,0.0,0.0,1.0
G03196,14,37,19.017415,72.76506,0.0,0.0,0.0,0.0,1.0
G03197,15,37,19.017472,72.769808,0.0,0.0,0.0,0.0,1.0
G03198,16,37,19.017529,72.774555,0.0,0.0,0.0,0.0,1.0
G03199,17,37,19.017587,72.779303,0.0,0.0,0.0,0.0,1.0
G03200,18,37,19.017644,72.78405,0.0,0.0,0.0,0.0,1.0
G03201,19,37,19.0177,72.788798,0.0,0.0,0.0,0.0,1.0
G03202,20,37,19.017757,72.793545,0.0,0.0,0.0,0.0,1.0
G03203,21,37,19.017814,72.798293,0.0,0.0,0.0,0.0,1.0
G03204,22,37,19.01787,72.80304,0.0,0.0,0.0,0.0,1.0
G03205,23,37,19.017927,72.807788,0.0,0.0,0.0,0.0,1.0
G03206,24,37,19.017983,72.812536,0.0,0.0,0.0,0.0,1.0
G03207,25,37,19.018039,72.817283,5.62,0.0,16.32,2.744,0.3
G03208,26,37,19.018095,72.822031,4.12,0.0,17.13,2.224,0.58
G03209,27,37,19.018151,72.826779,9.16,0.0,21.09,3.924,0.3368
G03210,28,37,19.018207,72.831526,12.82,0.46,23.24,4.365,0.0
G03211,29,37,19.018263,72.836274,13.4,7.64,20.95,3.404,0.0
G03212,30,37,19.018318,72.841022,10.18,4.87,16.33,2.996,0.0
G03213,31,37,19.018373,72.845769,12.1,3.88,23.36,4.159,0.0
G03214,32,37,19.018429,72.850517,15.42,6.12,25.38,4.139,0.0
G03215,33,37,19.018484,72.855265,15.68,8.02,23.28,3.708,0.0
G03216,34,37,19.018539,72.860013,9.69,3.3,22.91,3.098,0.0
G03217,35,37,19.018594,72.864761,10.56,4.05,33.17,4.939,0.0
G03218,36,37,19.018649,72.869508,6.54,1.83,18.48,2.144,0.0
G03219,37,37,19.018703,72.874256,4.45,1.5,8.07,1.226,0.15
G03220,38,37,19.018758,72.879004,2.37,0.51,5.79,1.118,0.0974
G03221,39,37,19.018812,72.883752,3.86,0.93,7.44,1.23,0.0
G03222,40,37,19.018867,72.8885,11.45,2.56,31.45,4.746,0.0
G03223,41,37,19.018921,72.893248,6.95,2.99,16.67,2.133,0.0725
G03224,42,37,19.018975,72.897996,12.28,6.92,30.68,3.095,0.0579
G03225,43,37,19.019029,72.902744,19.04,11.48,28.2,3.53,0.01
G03226,44,37,19.019083,72.907492,28.7,14.92,48.06,4.536,0.0
G03227,45,37,19.019136,72.912239,84.87,33.56,196.64,17.262,0.0025
G03228,46,37,19.01919,72.916987,179.01,48.87,235.42,23.008,0.0026
G03229,47,37,19.019244,72.921735,49.16,15.05,151.84,13.319,0.035
G03230,48,37,19.019297,72.926483,12.82,3.95,50.46,5.552,0.0
G03231,49,37,19.01935,72.931231,6.27,2.22,11.72,1.877,0.0
G03232,50,37,19.019403,72.93598,5.33,3.83,6.47,0.466,0.0
G03233,51,37,19.019456,72.940728,5.68,0.05,7.07,0.635,0.0025
G03234,52,37,19.019509,72.945476,3.39,0.0,7.19,1.133,0.4105
G03235,53,37,19.019562,72.950224,0.24,0.0,6.4,0.255,0.94
G03236,54,37,19.019614,72.954972,0.0,0.0,0.0,0.0,1.0
G03237,55,37,19.019667,72.95972,0.0,0.0,0.0,0.0,1.0
G03238,56,37,19.019719,72.964468,0.0,0.0,0.0,0.0,1.0
G03239,57,37,19.019771,72.969216,0.0,0.0,0.0,0.0,1.0
G03240,58,37,19.019824,72.973964,0.0,0.0,0.0,0.0,1.0
G03241,59,37,19.019876,72.978713,0.0,0.0,0.0,0.0,1.0
G03242,60,37,19.019928,72.983461,0.0,0.0,0.0,0.0,1.0
G03243,61,37,19.019979,72.988209,0.0,0.0,0.0,0.0,1.0
G03244,62,37,19.020031,72.992957,0.0,0.0,0.0,0.0,1.0
G03245,63,37,19.020082,72.997706,0.0,0.0,0.0,0.0,1.0
G03246,64,37,19.020134,73.002454,1.88,0.0,6.04,1.048,0.5325
G03247,65,37,19.020185,73.007202,5.94,1.5,14.06,1.953,0.0342
G03248,66,37,19.020236,73.01195,7.89,1.5,21.29,2.653,0.1
G03249,67,37,19.020287,73.016699,8.37,1.62,15.77,3.335,0.0079
G03250,68,37,19.020338,73.021447,5.9,2.5,12.34,2.002,0.0325
G03251,69,37,19.020389,73.026195,8.03,2.5,16.74,2.97,0.0
G03252,70,37,19.02044,73.030944,45.38,11.35,85.07,10.767,0.0
G03253,71,37,19.02049,73.035692,26.93,5.79,81.53,9.183,0.0211
G03254,72,37,19.020541,73.04044,9.26,2.35,34.16,4.987,0.0
G03255,73,37,19.020591,73.045189,5.26,0.49,14.97,2.895,0.0395
G03256,74,37,19.020641,73.049937,4.95,0.0,12.02,1.86,0.1425
G03257,75,37,19.020691,73.054686,1.55,0.0,5.52,0.83,0.5263
G03258,76,37,19.020741,73.059434,0.65,0.0,4.17,0.624,0.7526
G03259,77,37,19.020791,73.064183,0.44,0.0,4.32,0.546,0.91
G03260,78,37,19.020841,73.068931,1.78,0.0,4.18,0.736,0.5447
G03261,79,37,19.02089,73.073679,3.08,0.0,7.51,1.21,0.1175
G03262,80,37,19.02094,73.078428,2.81,0.0,7.22,1.533,0.2895
G03263,81,37,19.020989,73.083177,4.1,1.66,16.02,1.314,0.0
G03264,82,37,19.021038,73.087925,8.89,1.96,16.04,3.789,0.0
G03265,83,37,19.021087,73.092674,11.37,5.0,22.21,4.093,0.0025
G03266,84,37,19.021136,73.097422,9.51,4.5,19.97,3.163,0.0
G03267,85,37,19.021185,73.102171,10.35,5.35,16.02,2.353,0.0
G03268,0,38,19.021114,72.698535,0.0,0.0,0.0,0.0,1.0
G03269,1,38,19.021173,72.703283,0.0,0.0,0.0,0.0,1.0
G03270,2,38,19.021232,72.70803,0.0,0.0,0.0,0.0,1.0
G03271,3,38,19.021291,72.712777,0.0,0.0,0.0,0.0,1.0
G03272,4,38,19.02135,72.717525,0.0,0.0,0.0,0.0,1.0
G03273,5,38,19.021408,72.722272,0.0,0.0,0.0,0.0,1.0
G03274,6,38,19.021467,72.72702,0.0,0.0,0.0,0.0,1.0
G03275,7,38,19.021525,72.731767,0.0,0.0,0.0,0.0,1.0
G03276,8,38,19.021583,72.736515,0.0,0.0,0.0,0.0,1.0
G03277,9,38,19.021642,72.741262,0.0,0.0,0.0,0.0,1.0
G03278,10,38,19.0217,72.74601,0.0,0.0,0.0,0.0,1.0
G03279,11,38,19.021757,72.750757,0.0,0.0,0.0,0.0,1.0
G03280,12,38,19.021815,72.755505,0.0,0.0,0.0,0.0,1.0
G03281,13,38,19.021873,72.760252,0.0,0.0,0.0,0.0,1.0
G03282,14,38,19.02193,72.765,0.0,0.0,0.0,0.0,1.0
G03283,15,38,19.021988,72.769747,0.0,0.0,0.0,0.0,1.0
G03284,16,38,19.022045,72.774495,0.0,0.0,0.0,0.0,1.0
G03285,17,38,19.022102,72.779243,0.0,0.0,0.0,0.0,1.0
G03286,18,38,19.022159,72.78399,0.0,0.0,0.0,0.0,1.0
G03287,19,38,19.022216,72.788738,0.0,0.0,0.0,0.0,1.0
G03288,20,38,19.022273,72.793486,0.0,0.0,0.0,0.0,1.0
G03289,21,38,19.022329,72.798233,0.0,0.0,0.0,0.0,1.0
G03290,22,38,19.022386,72.802981,0.0,0.0,0.0,0.0,1.0
G03291,23,38,19.022442,72.807729,0.0,0.0,0.0,0.0,1.0
G03292,24,38,19.022499,72.812477,0.0,0.0,0.0,0.001,1.0
G03293,25,38,19.022555,72.817224,3.74,0.0,15.19,2.804,0.5568
G03294,26,38,19.022611,72.821972,0.0,0.0,0.0,0.0,1.0
G03295,27,38,19.022667,72.82672,0.0,0.0,0.46,0.042,0.9972
G03296,28,38,19.022722,72.831468,5.98,0.0,19.07,3.109,0.5395
G03297,29,38,19.022778,72.836216,13.78,7.82,20.91,3.83,0.0028
G03298,30,38,19.022834,72.840963,12.76,4.92,22.77,3.879,0.0
G03299,31,38,19.022889,72.845711,8.44,3.36,20.84,3.318,0.0
G03300,32,38,19.022944,72.850459,13.79,3.36,23.27,3.97,0.0
G03301,33,38,19.023,72.855207,17.3,9.73,24.08,3.457,0.0
G03302,34,38,19.023055,72.859955,11.66,4.82,22.91,3.054,0.0
G03303,35,38,19.02311,72.864703,13.53,4.42,33.42,5.646,0.0
G03304,36,38,19.023164,72.869451,7.72,2.85,19.21,2.826,0.0
G03305,37,38,19.023219,72.874199,5.54,1.5,9.14,1.542,0.0
G03306,38,38,19.023274,72.878947,4.42,1.0,12.64,2.218,0.0083
G03307,39,38,19.023328,72.883695,3.96,2.22,8.42,1.128,0.0
G03308,40,38,19.023382,72.888443,5.91,2.46,12.31,1.941,0.0
G03309,41,38,19.023437,72.893191,6.94,3.22,14.68,2.5,0.0053
G03310,42,38,19.023491,72.897939,14.54,6.38,23.61,2.197,0.0
G03311,43,38,19.023545,72.902687,26.54,13.14,82.17,5.078,0.0
G03312,44,38,19.023599,72.907435,45.6,24.25,111.47,10.025,0.0
G03313,45,38,19.023652,72.912183,85.03,33.95,191.38,17.549,0.0
G03314,46,38,19.023706,72.916931,225.57,151.84,261.27,15.369,0.0
G03315,47,38,19.023759,72.921679,117.36,39.9,250.79,24.332,0.0
G03316,48,38,19.023813,72.926427,25.7,4.85,86.56,9.979,0.0139
G03317,49,38,19.023866,72.931176,10.02,2.25,42.39,4.496,0.0
G03318,50,38,19.023919,72.935924,4.04,2.03,17.68,1.117,0.0
G03319,51,38,19.023972,72.940672,4.17,2.03,5.6,0.488,0.0
G03320,52,38,19.024025,72.94542,5.02,3.28,6.77,0.455,0.0
G03321,53,38,19.024078,72.950168,3.99,0.0,6.75,1.022,0.2053
G03322,54,38,19.02413,72.954917,0.25,0.0,6.32,0.267,0.9252
G03323,55,38,19.024183,72.959665,0.0,0.0,0.0,0.0,1.0
G03324,56,38,19.024235,72.964413,0.0,0.0,0.0,0.0,1.0
G03325,57,38,19.024287,72.969161,0.0,0.0,0.0,0.0,1.0
G03326,58,38,19.02434,72.97391,0.0,0.0,0.0,0.0,1.0
G03327,59,38,19.024392,72.978658,0.0,0.0,0.0,0.0,1.0
G03328,60,38,19.024444,72.983406,0.0,0.0,0.0,0.0,1.0
G03329,61,38,19.024495,72.988155,0.0,0.0,0.0,0.0,1.0
G03330,62,38,19.024547,72.992903,0.0,0.0,0.0,0.0,1.0
G03331,63,38,19.024598,72.997651,0.0,0.0,0.0,0.0,1.0
G03332,64,38,19.02465,73.0024,1.47,0.0,5.71,0.902,0.6684
G03333,65,38,19.024701,73.007148,4.35,1.5,9.17,1.572,0.3075
G03334,66,38,19.024752,73.011897,3.79,1.5,9.38,1.019,0.3158
G03335,67,38,19.024803,73.016645,7.75,2.61,18.67,2.01,0.0083
G03336,68,38,19.024854,73.021394,8.79,4.22,16.86,3.166,0.0
G03337,69,38,19.024905,73.026142,7.76,3.94,17.63,2.525,0.0
G03338,70,38,19.024956,73.03089,53.04,12.39,90.28,10.101,0.0
G03339,71,38,19.025006,73.035639,30.61,5.57,90.7,11.093,0.0
G03340,72,38,19.025057,73.040387,10.77,3.08,28.18,4.312,0.0
G03341,73,38,19.025107,73.045136,12.32,2.65,47.66,5.263,0.0
G03342,74,38,19.025157,73.049885,28.99,4.25,103.48,11.493,0.0
G03343,75,38,19.025207,73.054633,6.94,1.87,18.3,2.446,0.0
G03344,76,38,19.025257,73.059382,5.49,0.45,14.44,2.112,0.0
G03345,77,38,19.025307,73.06413,3.34,0.0,5.44,0.978,0.0237
G03346,78,38,19.025357,73.068879,2.82,0.0,6.86,1.171,0.2992
G03347,79,38,19.025406,73.073627,1.52,0.0,6.77,1.116,0.5632
G03348,80,38,19.025456,73.078376,2.49,0.0,4.26,1.055,0.3047
G03349,81,38,19.025505,73.083125,3.02,0.0,4.76,1.184,0.2053
G03350,82,38,19.025554,73.087873,4.43,1.17,15.65,1.896,0.0166
G03351,83,38,19.025603,73.092622,6.85,0.0,19.44,2.886,0.0921
G03352,84,38,19.025652,73.097371,5.9,0.5,13.9,2.438,0.0665
G03353,85,38,19.025701,73.102119,7.54,3.09,14.27,2.233,0.0
G03354,0,39,19.025629,72.698473,0.0,0.0,0.0,0.0,1.0
G03355,1,39,19.025688,72.703221,0.0,0.0,0.0,0.0,1.0
G03356,2,39,19.025747,72.707968,0.0,0.0,0.0,0.0,1.0
G03357,3,39,19.025806,72.712716,0.0,0.0,0.0,0.0,1.0
G03358,4,39,19.025865,72.717463,0.0,0.0,0.0,0.0,1.0
G03359,5,39,19.025924,72.722211,0.0,0.0,0.0,0.0,1.0
G03360,6,39,19.025982,72.726958,0.0,0.0,0.0,0.0,1.0
G03361,7,39,19.02604,72.731706,0.0,0.0,0.0,0.0,1.0
G03362,8,39,19.026099,72.736453,0.0,0.0,0.0,0.0,1.0
G03363,9,39,19.026157,72.741201,0.0,0.0,0.0,0.0,1.0
G03364,10,39,19.026215,72.745949,0.0,0.0,0.0,0.0,1.0
G03365,11,39,19.026273,72.750696,0.0,0.0,0.0,0.0,1.0
G03366,12,39,19.02633,72.755444,0.0,0.0,0.0,0.0,1.0
G03367,13,39,19.026388,72.760192,0.0,0.0,0.0,0.0,1.0
G03368,14,39,19.026446,72.764939,0.0,0.0,0.0,0.0,1.0
G03369,15,39,19.026503,72.769687,0.0,0.0,0.0,0.0,1.0
G03370,16,39,19.02656,72.774435,0.0,0.0,0.0,0.0,1.0
G03371,17,39,19.026617,72.779183,0.0,0.0,0.0,0.0,1.0
G03372,18,39,19.026674,72.78393,0.0,0.0,0.0,0.0,1.0
G03373,19,39,19.026731,72.788678,0.0,0.0,0.0,0.0,1.0
G03374,20,39,19.026788,72.793426,0.0,0.0,0.0,0.0,1.0
G03375,21,39,19.026845,72.798174,0.0,0.0,0.0,0.0,1.0
G03376,22,39,19.026901,72.802922,0.0,0.0,0.0,0.0,1.0
G03377,23,39,19.026958,72.80767,0.0,0.0,0.0,0.0,1.0
G03378,24,39,19.027014,72.812417,0.02,0.0,1.41,0.055,1.0
G03379,25,39,19.02707,72.817165,0.32,0.0,10.35,0.53,0.9658
G03380,26,39,19.027126,72.821913,0.0,0.0,0.0,0.0,1.0
G03381,27,39,19.027182,72.826661,0.0,0.0,0.0,0.0,1.0
G03382,28,39,19.027238,72.831409,0.07,0.0,10.01,0.175,1.0
G03383,29,39,19.027294,72.836157,7.62,0.0,19.7,3.539,0.3711
G03384,30,39,19.027349,72.840905,12.68,4.54,23.73,3.7,0.0
G03385,31,39,19.027405,72.845653,9.21,3.16,18.0,2.935,0.0
G03386,32,39,19.02746,72.850401,9.79,3.56,23.27,3.074,0.0
G03387,33,39,19.027515,72.855149,14.84,8.35,21.48,3.054,0.0
G03388,34,39,19.02757,72.859897,9.77,4.77,16.63,3.022,0.0
G03389,35,39,19.027625,72.864645,8.61,4.18,19.13,2.835,0.0
G03390,36,39,19.02768,72.869393,7.11,2.81,14.19,2.844,0.0
G03391,37,39,19.027735,72.874141,5.11,1.5,9.85,1.509,0.0125
G03392,38,39,19.027789,72.878889,4.92,0.69,16.62,2.59,0.05
G03393,39,39,19.027844,72.883638,4.35,2.5,7.83,1.072,0.0525
G03394,40,39,19.027898,72.888386,6.45,2.23,16.34,2.583,0.0
G03395,41,39,19.027952,72.893134,10.07,2.66,23.84,3.729,0.0
G03396,42,39,19.028007,72.897882,17.74,9.03,29.1,2.702,0.0
G03397,43,39,19.028061,72.90263,38.04,22.64,87.64,5.965,0.0
G03398,44,39,19.028114,72.907378,84.02,35.37,183.69,18.729,0.0
G03399,45,39,19.028168,72.912127,161.07,64.57,255.98,24.414,0.0
G03400,46,39,19.028222,72.916875,261.22,191.38,305.25,16.026,0.0
G03401,47,39,19.028275,72.921623,95.04,34.0,238.8,19.8,0.0175
G03402,48,39,19.028329,72.926371,47.96,16.81,98.24,13.59,0.0079
G03403,49,39,19.028382,72.93112,48.57,9.84,98.81,14.206,0.0
G03404,50,39,19.028435,72.935868,16.19,2.19,93.49,6.424,0.0
G03405,51,39,19.028488,72.940616,6.7,1.92,21.63,2.838,0.0
G03406,52,39,19.028541,72.945365,3.79,1.97,18.8,1.366,0.0
G03407,53,39,19.028594,72.950113,3.81,1.74,6.63,0.837,0.0
G03408,54,39,19.028646,72.954861,3.15,0.0,6.62,1.277,0.2211
G03409,55,39,19.028699,72.95961,0.0,0.0,0.0,0.018,1.0
G03410,56,39,19.028751,72.964358,0.0,0.0,0.0,0.0,1.0
G03411,57,39,19.028803,72.969107,0.0,0.0,0.0,0.0,1.0
G03412,58,39,19.028856,72.973855,0.0,0.0,0.0,0.0,1.0
G03413,59,39,19.028908,72.978603,0.0,0.0,0.0,0.0,1.0
G03414,60,39,19.02896,72.983352,0.0,0.0,0.0,0.0,1.0
G03415,61,39,19.029011,72.9881,0.0,0.0,0.0,0.0,1.0
G03416,62,39,19.029063,72.992849,0.0,0.0,0.0,0.0,1.0
G03417,63,39,19.029115,72.997597,0.0,0.0,0.0,0.0,1.0
G03418,64,39,19.029166,73.002346,1.97,0.0,7.86,0.922,0.6675
G03419,65,39,19.029217,73.007094,4.19,1.5,7.99,1.204,0.2237
G03420,66,39,19.029268,73.011843,6.58,1.46,33.12,2.78,0.28
G03421,67,39,19.029319,73.016591,12.63,4.87,33.12,4.139,0.0
G03422,68,39,19.02937,73.02134,14.5,5.59,24.27,3.221,0.0
G03423,69,39,19.029421,73.026089,8.94,4.08,19.26,3.072,0.0
G03424,70,39,19.029472,73.030837,36.46,6.93,86.75,10.505,0.0
G03425,71,39,19.029522,73.035586,25.67,7.55,81.91,7.264,0.0
G03426,72,39,19.029573,73.040334,16.11,6.8,47.8,4.413,0.0
G03427,73,39,19.029623,73.045083,24.1,5.4,111.97,8.56,0.0
G03428,74,39,19.029673,73.049832,93.09,10.59,162.08,18.54,0.0
G03429,75,39,19.029724,73.05458,20.65,5.32,101.52,8.933,0.0
G03430,76,39,19.029773,73.059329,11.68,3.9,37.65,3.979,0.0
G03431,77,39,19.029823,73.064078,6.98,3.09,19.89,2.668,0.0
G03432,78,39,19.029873,73.068827,4.67,1.5,19.86,1.636,0.0184
G03433,79,39,19.029923,73.073575,3.32,0.0,6.69,1.178,0.1025
G03434,80,39,19.029972,73.078324,1.61,0.0,5.42,1.441,0.55
G03435,81,39,19.030021,73.083073,2.64,0.0,4.57,1.061,0.26
G03436,82,39,19.030071,73.087822,3.08,0.0,6.92,1.922,0.2053
G03437,83,39,19.03012,73.09257,2.58,0.26,6.24,1.443,0.4175
G03438,84,39,19.030169,73.097319,5.12,0.5,14.86,2.619,0.2368
G03439,85,39,19.030218,73.102068,6.34,2.43,13.51,2.335,0.0
G03440,0,40,19.030145,72.698411,0.0,0.0,0.0,0.0,1.0
G03441,1,40,19.030204,72.703159,0.0,0.0,0.0,0.0,1.0
G03442,2,40,19.030263,72.707906,0.0,0.0,0.0,0.0,1.0
G03443,3,40,19.030322,72.712654,0.0,0.0,0.0,0.0,1.0
G03444,4,40,19.03038,72.717401,0.0,0.0,0.0,0.0,1.0
G03445,5,40,19.030439,72.722149,0.0,0.0,0.0,0.0,1.0
G03446,6,40,19.030497,72.726897,0.0,0.0,0.0,0.0,1.0
G03447,7,40,19.030556,72.731645,0.0,0.0,0.0,0.0,1.0
G03448,8,40,19.030614,72.736392,0.0,0.0,0.0,0.0,1.0
G03449,9,40,19.030672,72.74114,0.0,0.0,0.0,0.0,1.0
G03450,10,40,19.03073,72.745888,0.0,0.0,0.0,0.0,1.0
G03451,11,40,19.030788,72.750636,0.0,0.0,0.0,0.0,1.0
G03452,12,40,19.030846,72.755383,0.0,0.0,0.0,0.0,1.0
G03453,13,40,19.030903,72.760131,0.0,0.0,0.0,0.0,1.0
G03454,14,40,19.030961,72.764879,0.0,0.0,0.0,0.0,1.0
G03455,15,40,19.031018,72.769627,0.0,0.0,0.0,0.0,1.0
G03456,16,40,19.031076,72.774375,0.0,0.0,0.0,0.0,1.0
G03457,17,40,19.031133,72.779123,0.0,0.0,0.0,0.0,1.0
G03458,18,40,19.03119,72.783871,0.0,0.0,0.0,0.0,1.0
G03459,19,40,19.031247,72.788618,0.0,0.0,0.0,0.0,1.0
G03460,20,40,19.031304,72.793366,0.0,0.0,0.0,0.0,1.0
G03461,21,40,19.03136,72.798114,0.0,0.0,0.0,0.0,1.0
G03462,22,40,19.031417,72.802862,0.0,0.0,0.0,0.0,1.0
G03463,23,40,19.031473,72.80761,0.0,0.0,0.0,0.0,1.0
G03464,24,40,19.03153,72.812358,0.0,0.0,0.0,0.0,1.0
G03465,25,40,19.031586,72.817106,0.0,0.0,0.0,0.0,1.0
G03466,26,40,19.031642,72.821854,0.0,0.0,0.0,0.0,1.0
G03467,27,40,19.031698,72.826602,0.0,0.0,0.0,0.0,1.0
G03468,28,40,19.031754,72.83135,0.0,0.0,0.0,0.0,1.0
G03469,29,40,19.031809,72.836099,2.92,0.0,17.24,1.751,0.8144
G03470,30,40,19.031865,72.840847,12.92,7.71,23.4,2.97,0.0
G03471,31,40,19.03192,72.845595,12.43,4.48,20.06,3.185,0.0
G03472,32,40,19.031976,72.850343,8.35,4.5,14.77,2.976,0.0
G03473,33,40,19.032031,72.855091,11.29,5.02,19.42,3.422,0.0
G03474,34,40,19.032086,72.859839,10.54,4.73,17.16,3.132,0.0
G03475,35,40,19.032141,72.864587,8.98,4.18,27.37,2.711,0.0
G03476,36,40,19.032196,72.869336,9.9,3.21,36.64,3.695,0.0
G03477,37,40,19.032251,72.874084,5.49,1.6,9.9,1.891,0.0
G03478,38,40,19.032305,72.878832,4.76,1.5,13.12,1.942,0.0
G03479,39,40,19.03236,72.88358,4.26,2.37,13.12,1.07,0.0211
G03480,40,40,19.032414,72.888329,8.04,2.68,14.28,2.484,0.0
G03481,41,40,19.032468,72.893077,12.51,6.62,24.83,3.464,0.0
G03482,42,40,19.032522,72.897825,20.29,9.03,40.16,3.79,0.0
G03483,43,40,19.032576,72.902574,34.33,21.67,47.1,5.432,0.0
G03484,44,40,19.03263,72.907322,66.58,32.63,127.85,11.095,0.0
G03485,45,40,19.032684,72.91207,140.24,57.67,255.98,20.649,0.0
G03486,46,40,19.032738,72.916819,217.76,69.61,305.0,24.625,0.0
G03487,47,40,19.032791,72.921567,68.2,27.74,211.32,13.458,0.0
G03488,48,40,19.032844,72.926315,26.17,17.91,40.8,3.424,0.0
G03489,49,40,19.032898,72.931064,56.97,18.0,121.66,11.614,0.0
G03490,50,40,19.032951,72.935812,95.69,17.74,137.88,17.024,0.0
G03491,51,40,19.033004,72.940561,54.53,7.72,127.87,13.512,0.0
G03492,52,40,19.033057,72.945309,15.55,3.08,70.83,4.965,0.0
G03493,53,40,19.03311,72.950058,6.82,1.95,19.96,2.159,0.0
G03494,54,40,19.033162,72.954806,4.03,0.0,6.73,0.887,0.0111
G03495,55,40,19.033215,72.959555,1.02,0.0,6.3,0.652,0.7341
G03496,56,40,19.033267,72.964303,0.0,0.0,0.0,0.0,1.0
G03497,57,40,19.033319,72.969052,0.0,0.0,0.0,0.0,1.0
G03498,58,40,19.033372,72.9738,0.0,0.0,0.0,0.0,1.0
G03499,59,40,19.033424,72.978549,0.0,0.0,0.0,0.0,1.0
G03500,60,40,19.033476,72.983297,0.0,0.0,0.0,0.0,1.0
G03501,61,40,19.033527,72.988046,0.0,0.0,0.0,0.0,1.0
G03502,62,40,19.033579,72.992795,0.0,0.0,0.0,0.0,1.0
G03503,63,40,19.033631,72.997543,0.0,0.0,0.0,0.0,1.0
G03504,64,40,19.033682,73.002292,3.61,0.0,7.24,1.087,0.4026
G03505,65,40,19.033733,73.00704,5.9,2.85,13.5,1.61,0.0
G03506,66,40,19.033785,73.011789,13.07,4.15,38.58,3.857,0.0
G03507,67,40,19.033836,73.016538,17.51,7.11,39.98,4.59,0.0
G03508,68,40,19.033887,73.021287,16.65,5.59,27.91,3.571,0.0
G03509,69,40,19.033937,73.026035,11.63,4.55,25.18,3.368,0.0
G03510,70,40,19.033988,73.030784,36.88,10.73,91.14,10.573,0.0
G03511,71,40,19.034039,73.035533,46.76,23.61,103.84,10.476,0.0
G03512,72,40,19.034089,73.040281,52.08,10.88,134.74,12.248,0.0
G03513,73,40,19.034139,73.04503,44.21,12.35,136.44,12.62,0.0
G03514,74,40,19.03419,73.049779,146.78,78.54,192.12,17.151,0.0
G03515,75,40,19.03424,73.054528,85.01,15.12,166.26,23.735,0.0
G03516,76,40,19.03429,73.059277,16.03,7.91,34.39,4.5,0.0
G03517,77,40,19.03434,73.064026,8.99,3.38,20.2,3.241,0.0
G03518,78,40,19.034389,73.068774,7.71,2.34,15.81,2.644,0.0
G03519,79,40,19.034439,73.073523,6.66,1.92,16.95,2.51,0.0
G03520,80,40,19.034488,73.078272,5.02,0.0,19.38,2.346,0.0665
G03521,81,40,19.034538,73.083021,2.17,0.0,7.83,1.767,0.3974
G03522,82,40,19.034587,73.08777,2.92,0.5,11.76,1.576,0.2992
G03523,83,40,19.034636,73.092519,3.55,0.5,14.83,1.621,0.3079
G03524,84,40,19.034685,73.097268,4.94,0.5,11.94,1.783,0.108
G03525,85,40,19.034734,73.102017,6.06,2.32,16.06,2.452,0.0158
G03526,0,41,19.03466,72.698349,0.0,0.0,0.0,0.0,1.0
G03527,1,41,19.034719,72.703096,0.0,0.0,0.0,0.0,1.0
G03528,2,41,19.034778,72.707844,0.0,0.0,0.0,0.0,1.0
G03529,3,41,19.034837,72.712592,0.0,0.0,0.0,0.0,1.0
G03530,4,41,19.034895,72.71734,0.0,0.0,0.0,0.0,1.0
G03531,5,41,19.034954,72.722088,0.0,0.0,0.0,0.0,1.0
G03532,6,41,19.035013,72.726835,0.0,0.0,0.0,0.0,1.0
G03533,7,41,19.035071,72.731583,0.0,0.0,0.0,0.0,1.0
G03534,8,41,19.035129,72.736331,0.0,0.0,0.0,0.0,1.0
G03535,9,41,19.035187,72.741079,0.0,0.0,0.0,0.0,1.0
G03536,10,41,19.035245,72.745827,0.0,0.0,0.0,0.0,1.0
G03537,11,41,19.035303,72.750575,0.0,0.0,0.0,0.0,1.0
G03538,12,41,19.035361,72.755323,0.0,0.0,0.0,0.0,1.0
G03539,13,41,19.035419,72.760071,0.0,0.0,0.0,0.0,1.0
G03540,14,41,19.035476,72.764819,0.0,0.0,0.0,0.0,1.0
G03541,15,41,19.035534,72.769567,0.0,0.0,0.0,0.0,1.0
G03542,16,41,19.035591,72.774315,0.0,0.0,0.0,0.0,1.0
G03543,17,41,19.035648,72.779063,0.0,0.0,0.0,0.0,1.0
G03544,18,41,19.035705,72.783811,0.0,0.0,0.0,0.0,1.0
G03545,19,41,19.035762,72.788559,0.0,0.0,0.0,0.0,1.0
G03546,20,41,19.035819,72.793307,0.0,0.0,0.0,0.0,1.0
G03547,21,41,19.035876,72.798055,0.0,0.0,0.0,0.0,1.0
G03548,22,41,19.035932,72.802803,0.0,0.0,0.0,0.0,1.0
G03549,23,41,19.035989,72.807551,0.0,0.0,0.0,0.0,1.0
G03550,24,41,19.036045,72.812299,0.0,0.0,0.0,0.0,1.0
G03551,25,41,19.036101,72.817047,0.0,0.0,0.0,0.0,1.0
G03552,26,41,19.036157,72.821795,0.0,0.0,0.0,0.0,1.0
G03553,27,41,19.036213,72.826544,0.0,0.0,0.0,0.0,1.0
G03554,28,41,19.036269,72.831292,0.0,0.0,0.0,0.0,1.0
G03555,29,41,19.036325,72.83604,0.53,0.0,11.2,0.972,0.9816
G03556,30,41,19.03638,72.840788,11.74,3.94,18.21,3.032,0.0325
G03557,31,41,19.036436,72.845537,12.04,2.72,22.96,3.462,0.0
G03558,32,41,19.036491,72.850285,7.92,3.67,12.84,2.34,0.0
G03559,33,41,19.036547,72.855033,10.33,5.29,19.33,3.458,0.0
G03560,34,41,19.036602,72.859781,14.07,6.13,23.33,4.029,0.0
G03561,35,41,19.036657,72.86453,11.73,5.25,24.75,3.604,0.0
G03562,36,41,19.036711,72.869278,11.52,3.33,36.14,4.746,0.0
G03563,37,41,19.036766,72.874026,5.39,2.6,19.39,1.564,0.0
G03564,38,41,19.036821,72.878775,5.26,1.75,17.44,1.943,0.0526
G03565,39,41,19.036875,72.883523,4.43,2.0,10.14,1.474,0.0
G03566,40,41,19.03693,72.888272,7.06,3.41,14.41,2.426,0.0
G03567,41,41,19.036984,72.89302,9.68,3.41,18.49,2.147,0.0
G03568,42,41,19.037038,72.897768,23.46,10.19,37.19,4.001,0.0
G03569,43,41,19.037092,72.902517,39.18,20.16,59.1,4.005,0.0
G03570,44,41,19.037146,72.907265,66.6,32.63,106.04,11.552,0.0
G03571,45,41,19.0372,72.912014,69.45,39.39,146.9,11.659,0.0
G03572,46,41,19.037253,72.916762,63.76,28.55,164.69,14.324,0.0079
G03573,47,41,19.037307,72.921511,30.0,15.36,69.61,4.804,0.0
G03574,48,41,19.03736,72.926259,19.84,14.37,30.89,3.228,0.0
G03575,49,41,19.037414,72.931008,24.29,13.47,83.81,5.915,0.0
G03576,50,41,19.037467,72.935756,45.96,13.47,128.17,11.742,0.0
G03577,51,41,19.03752,72.940505,52.26,15.94,114.68,12.434,0.0
G03578,52,41,19.037573,72.945254,27.98,8.38,98.18,8.183,0.0
G03579,53,41,19.037625,72.950002,9.0,2.06,25.97,2.648,0.0
G03580,54,41,19.037678,72.954751,3.67,2.09,5.78,0.568,0.0
G03581,55,41,19.037731,72.959499,3.78,0.0,6.16,0.899,0.2368
G03582,56,41,19.037783,72.964248,0.0,0.0,0.0,0.003,1.0
G03583,57,41,19.037835,72.968997,0.0,0.0,0.0,0.0,1.0
G03584,58,41,19.037888,72.973745,0.0,0.0,0.0,0.0,1.0
G03585,59,41,19.03794,72.978494,0.0,0.0,0.0,0.0,1.0
G03586,60,41,19.037992,72.983243,0.0,0.0,0.0,0.0,1.0
G03587,61,41,19.038043,72.987991,0.0,0.0,0.0,0.0,1.0
G03588,62,41,19.038095,72.99274,0.0,0.0,0.0,0.0,1.0
G03589,63,41,19.038147,72.997489,0.01,0.0,1.11,0.051,1.0
G03590,64,41,19.038198,73.002238,4.18,0.0,7.42,1.3,0.16
G03591,65,41,19.038249,73.006987,5.04,2.52,13.5,1.446,0.0
G03592,66,41,19.038301,73.011735,11.39,5.32,17.74,2.745,0.0
G03593,67,41,19.038352,73.016484,14.32,8.91,21.05,2.787,0.0
G03594,68,41,19.038403,73.021233,19.28,9.33,29.43,3.944,0.0
G03595,69,41,19.038453,73.025982,12.78,6.91,22.17,3.425,0.0
G03596,70,41,19.038504,73.030731,40.29,8.87,110.53,10.415,0.0
G03597,71,41,19.038555,73.03548,86.76,35.95,166.49,16.363,0.0
G03598,72,41,19.038605,73.040228,99.48,20.54,187.02,20.567,0.0
G03599,73,41,19.038656,73.044977,55.62,12.92,160.08,15.736,0.0
G03600,74,41,19.038706,73.049726,160.6,108.14,196.42,14.128,0.0
G03601,75,41,19.038756,73.054475,101.74,23.29,190.8,18.694,0.0
G03602,76,41,19.038806,73.059224,21.32,10.24,78.86,5.077,0.0
G03603,77,41,19.038856,73.063973,12.56,6.41,20.2,2.781,0.0
G03604,78,41,19.038906,73.068722,11.86,5.42,20.32,3.24,0.0
G03605,79,41,19.038955,73.073471,6.86,3.49,17.17,2.102,0.0
G03606,80,41,19.039005,73.07822,6.67,2.13,14.91,2.684,0.0
G03607,81,41,19.039054,73.082969,2.99,0.0,7.53,1.234,0.1675
G03608,82,41,19.039103,73.087718,2.73,0.0,15.61,1.878,0.3026
G03609,83,41,19.039152,73.092467,5.03,0.0,10.56,1.846,0.105
G03610,84,41,19.039201,73.097216,5.59,1.5,9.14,1.469,0.0105
G03611,85,41,19.03925,73.101965,6.41,3.42,11.84,1.776,0.0
G03612,0,42,19.039175,72.698286,0.0,0.0,0.0,0.0,1.0
G03613,1,42,19.039234,72.703034,0.0,0.0,0.0,0.0,1.0
G03614,2,42,19.039293,72.707782,0.0,0.0,0.0,0.0,1.0
G03615,3,42,19.039352,72.71253,0.0,0.0,0.0,0.0,1.0
G03616,4,42,19.039411,72.717278,0.0,0.0,0.0,0.0,1.0
G03617,5,42,19.039469,72.722026,0.0,0.0,0.0,0.0,1.0
G03618,6,42,19.039528,72.726774,0.0,0.0,0.0,0.0,1.0
G03619,7,42,19.039586,72.731522,0.0,0.0,0.0,0.0,1.0
G03620,8,42,19.039645,72.73627,0.0,0.0,0.0,0.0,1.0
G03621,9,42,19.039703,72.741018,0.0,0.0,0.0,0.0,1.0
G03622,10,42,19.039761,72.745766,0.0,0.0,0.0,0.0,1.0
G03623,11,42,19.039819,72.750514,0.0,0.0,0.0,0.0,1.0
G03624,12,42,19.039877,72.755262,0.0,0.0,0.0,0.0,1.0
G03625,13,42,19.039934,72.76001,0.0,0.0,0.0,0.0,1.0
G03626,14,42,19.039992,72.764758,0.0,0.0,0.0,0.0,1.0
G03627,15,42,19.040049,72.769506,0.0,0.0,0.0,0.0,1.0
G03628,16,42,19.040106,72.774254,0.0,0.0,0.0,0.0,1.0
G03629,17,42,19.040164,72.779003,0.0,0.0,0.0,0.0,1.0
G03630,18,42,19.040221,72.783751,0.0,0.0,0.0,0.0,1.0
G03631,19,42,19.040278,72.788499,0.0,0.0,0.0,0.0,1.0
G03632,20,42,19.040335,72.793247,0.0,0.0,0.0,0.0,1.0
G03633,21,42,19.040391,72.797995,0.0,0.0,0.0,0.0,1.0
G03634,22,42,19.040448,72.802743,0.0,0.0,0.0,0.0,1.0
G03635,23,42,19.040504,72.807492,0.0,0.0,0.0,0.0,1.0
G03636,24,42,19.040561,72.81224,0.0,0.0,0.0,0.0,1.0
G03637,25,42,19.040617,72.816988,0.85,0.0,20.51,0.844,0.9391
G03638,26,42,19.040673,72.821737,1.81,0.0,25.85,1.917,0.8237
G03639,27,42,19.040729,72.826485,0.2,0.0,9.14,0.307,0.9695
G03640,28,42,19.040785,72.831233,0.0,0.0,0.0,0.0,1.0
G03641,29,42,19.04084,72.835982,0.89,0.0,13.27,1.094,0.9391
G03642,30,42,19.040896,72.84073,11.15,2.69,16.75,2.726,0.0105
G03643,31,42,19.040952,72.845478,9.16,3.47,20.86,3.043,0.0
G03644,32,42,19.041007,72.850227,7.59,1.37,15.25,2.815,0.0
G03645,33,42,19.041062,72.854975,9.04,4.93,15.12,2.234,0.0
G03646,34,42,19.041117,72.859723,10.37,5.45,19.06,2.368,0.0
G03647,35,42,19.041172,72.864472,12.58,5.03,19.35,3.289,0.0
G03648,36,42,19.041227,72.86922,7.55,3.08,17.74,2.767,0.0
G03649,37,42,19.041282,72.873969,6.35,1.41,19.39,2.742,0.0
G03650,38,42,19.041337,72.878717,4.77,2.28,11.9,1.567,0.0332
G03651,39,42,19.041391,72.883466,6.06,2.57,13.17,2.289,0.0053
G03652,40,42,19.041445,72.888214,6.34,2.9,16.42,2.625,0.0
G03653,41,42,19.0415,72.892963,9.63,4.12,15.63,2.14,0.0
G03654,42,42,19.041554,72.897711,17.67,10.22,23.82,3.08,0.0
G03655,43,42,19.041608,72.90246,28.28,16.12,46.5,4.385,0.0
G03656,44,42,19.041662,72.907209,42.3,24.15,86.01,6.662,0.0
G03657,45,42,19.041716,72.911957,35.61,25.53,52.77,4.254,0.0
G03658,46,42,19.041769,72.916706,26.89,18.36,47.15,3.668,0.0
G03659,47,42,19.041823,72.921455,19.61,9.94,32.06,3.845,0.0
G03660,48,42,19.041876,72.926203,15.81,6.08,25.86,3.548,0.0
G03661,49,42,19.041929,72.930952,12.67,6.08,21.14,2.655,0.0
G03662,50,42,19.041983,72.935701,16.16,6.32,28.09,3.303,0.0
G03663,51,42,19.042036,72.940449,15.84,4.24,27.93,4.004,0.0
G03664,52,42,19.042089,72.945198,10.37,2.47,28.05,4.001,0.0
G03665,53,42,19.042141,72.949947,4.4,1.5,10.26,1.327,0.0026
G03666,54,42,19.042194,72.954695,2.38,1.45,4.35,0.486,0.0859
G03667,55,42,19.042247,72.959444,4.84,0.0,6.64,0.911,0.0249
G03668,56,42,19.042299,72.964193,0.2,0.0,5.61,0.422,0.9316
G03669,57,42,19.042351,72.968942,0.0,0.0,0.0,0.0,1.0
G03670,58,42,19.042404,72.973691,0.0,0.0,0.0,0.0,1.0
G03671,59,42,19.042456,72.978439,0.0,0.0,0.0,0.0,1.0
G03672,60,42,19.042508,72.983188,0.0,0.0,0.0,0.0,1.0
G03673,61,42,19.042559,72.987937,0.0,0.0,0.0,0.0,1.0
G03674,62,42,19.042611,72.992686,0.0,0.0,0.0,0.0,1.0
G03675,63,42,19.042663,72.997435,1.03,0.0,8.42,0.771,0.8227
G03676,64,42,19.042714,73.002184,4.07,1.11,7.75,0.95,0.0974
G03677,65,42,19.042765,73.006933,5.77,2.49,32.74,2.599,0.0
G03678,66,42,19.042817,73.011682,11.85,4.16,28.61,2.825,0.0
G03679,67,42,19.042868,73.016431,11.01,6.07,16.0,2.462,0.0
G03680,68,42,19.042919,73.021179,16.27,8.46,26.35,3.274,0.0
G03681,69,42,19.04297,73.025928,15.24,8.16,26.35,4.03,0.0
G03682,70,42,19.04302,73.030677,31.45,11.78,94.87,7.748,0.0105
G03683,71,42,19.043071,73.035426,116.72,35.31,204.46,18.816,0.0083
G03684,72,42,19.043121,73.040175,174.46,48.24,227.75,16.824,0.0
G03685,73,42,19.043172,73.044925,113.39,29.17,212.45,22.898,0.0
G03686,74,42,19.043222,73.049674,197.34,154.97,223.98,9.446,0.0
G03687,75,42,19.043272,73.054423,154.64,41.32,190.8,12.612,0.0
G03688,76,42,19.043322,73.059172,76.58,14.45,185.18,17.348,0.0
G03689,77,42,19.043372,73.063921,15.49,9.55,29.74,3.153,0.0
G03690,78,42,19.043422,73.06867,12.05,6.91,18.73,2.665,0.0
G03691,79,42,19.043471,73.073419,8.13,2.77,19.91,2.57,0.0
G03692,80,42,19.043521,73.078168,5.38,2.75,12.25,1.655,0.0
G03693,81,42,19.04357,73.082917,4.46,1.5,10.39,1.861,0.1974
G03694,82,42,19.04362,73.087667,1.95,0.0,3.31,1.001,0.4598
G03695,83,42,19.043669,73.092416,2.52,0.0,5.55,0.729,0.0605
G03696,84,42,19.043718,73.097165,3.86,0.83,10.96,1.419,0.1994
G03697,85,42,19.043767,73.101914,6.42,1.56,12.09,1.649,0.0
G03698,0,43,19.04369,72.698224,0.0,0.0,0.0,0.0,1.0
G03699,1,43,19.043749,72.702972,0.0,0.0,0.0,0.0,1.0
G03700,2,43,19.043808,72.70772,0.0,0.0,0.0,0.0,1.0
G03701,3,43,19.043867,72.712468,0.0,0.0,0.0,0.0,1.0
G03702,4,43,19.043926,72.717216,0.0,0.0,0.0,0.0,1.0
G03703,5,43,19.043985,72.721964,0.0,0.0,0.0,0.0,1.0
G03704,6,43,19.044043,72.726712,0.0,0.0,0.0,0.0,1.0
G03705,7,43,19.044102,72.73146,0.0,0.0,0.0,0.0,1.0
G03706,8,43,19.04416,72.736209,0.0,0.0,0.0,0.0,1.0
G03707,9,43,19.044218,72.740957,0.0,0.0,0.0,0.0,1.0
G03708,10,43,19.044276,72.745705,0.0,0.0,0.0,0.0,1.0
G03709,11,43,19.044334,72.750453,0.0,0.0,0.0,0.0,1.0
G03710,12,43,19.044392,72.755201,0.0,0.0,0.0,0.0,1.0
G03711,13,43,19.04445,72.759949,0.0,0.0,0.0,0.0,1.0
G03712,14,43,19.044507,72.764698,0.0,0.0,0.0,0.0,1.0
G03713,15,43,19.044565,72.769446,0.0,0.0,0.0,0.0,1.0
G03714,16,43,19.044622,72.774194,0.0,0.0,0.0,0.0,1.0
G03715,17,43,19.044679,72.778942,0.0,0.0,0.0,0.0,1.0
G03716,18,43,19.044736,72.783691,0.0,0.0,0.0,0.0,1.0
G03717,19,43,19.044793,72.788439,0.0,0.0,0.0,0.0,1.0
G03718,20,43,19.04485,72.793187,0.0,0.0,0.0,0.0,1.0
G03719,21,43,19.044907,72.797936,0.0,0.0,0.0,0.0,1.0
G03720,22,43,19.044963,72.802684,0.0,0.0,0.0,0.0,1.0
G03721,23,43,19.04502,72.807432,0.0,0.0,0.0,0.0,1.0
G03722,24,43,19.045076,72.812181,0.0,0.0,0.0,0.0,1.0
G03723,25,43,19.045132,72.816929,1.44,0.0,17.08,1.318,0.8816
G03724,26,43,19.045188,72.821678,20.2,0.0,42.5,7.461,0.0325
G03725,27,43,19.045244,72.826426,8.22,0.0,22.63,3.347,0.15
G03726,28,43,19.0453,72.831175,1.43,0.0,10.27,1.094,0.7975
G03727,29,43,19.045356,72.835923,1.95,0.0,15.59,1.438,0.7395
G03728,30,43,19.045412,72.840671,8.05,0.69,18.2,2.888,0.0125
G03729,31,43,19.045467,72.84542,6.99,-0.37,13.54,2.533,0.0
G03730,32,43,19.045523,72.850169,6.9,2.78,14.31,2.238,0.0
G03731,33,43,19.045578,72.854917,8.81,5.36,12.07,1.72,0.0
G03732,34,43,19.045633,72.859666,8.8,2.81,18.64,2.696,0.0
G03733,35,43,19.045688,72.864414,13.73,4.38,27.48,4.266,0.0
G03734,36,43,19.045743,72.869163,11.15,3.25,44.87,4.855,0.0
G03735,37,43,19.045798,72.873911,6.11,2.39,13.1,2.339,0.0
G03736,38,43,19.045852,72.87866,5.74,2.21,11.27,2.227,0.0
G03737,39,43,19.045907,72.883409,5.17,2.42,14.17,1.862,0.0
G03738,40,43,19.045961,72.888157,5.54,2.24,16.08,2.443,0.0
G03739,41,43,19.046015,72.892906,10.17,2.24,16.66,2.072,0.0
G03740,42,43,19.04607,72.897655,16.49,10.4,25.22,2.212,0.0
G03741,43,43,19.046124,72.902403,19.54,13.81,31.78,3.342,0.0
G03742,44,43,19.046178,72.907152,24.48,14.24,32.19,3.364,0.0
G03743,45,43,19.046231,72.911901,25.15,16.67,41.49,4.147,0.0
G03744,46,43,19.046285,72.91665,20.12,11.14,30.92,3.201,0.0
G03745,47,43,19.046339,72.921398,13.18,5.03,25.26,3.096,0.0
G03746,48,43,19.046392,72.926147,8.6,4.11,16.94,2.57,0.0
G03747,49,43,19.046445,72.930896,8.89,3.89,18.04,2.84,0.0
G03748,50,43,19.046498,72.935645,8.45,2.35,20.03,3.591,0.0
G03749,51,43,19.046552,72.940393,5.79,2.48,17.83,2.184,0.0
G03750,52,43,19.046604,72.945142,3.22,1.75,5.71,0.739,0.0
G03751,53,43,19.046657,72.949891,2.31,1.5,4.58,0.601,0.1025
G03752,54,43,19.04671,72.95464,1.87,1.5,2.98,0.345,0.5658
G03753,55,43,19.046763,72.959389,4.13,1.5,6.49,0.799,0.0395
G03754,56,43,19.046815,72.964138,0.57,0.0,6.14,0.653,0.8425
G03755,57,43,19.046867,72.968887,0.0,0.0,0.0,0.0,1.0
G03756,58,43,19.04692,72.973636,0.0,0.0,0.0,0.0,1.0
G03757,59,43,19.046972,72.978385,0.0,0.0,0.0,0.0,1.0
G03758,60,43,19.047024,72.983134,0.0,0.0,0.0,0.0,1.0
G03759,61,43,19.047075,72.987883,0.0,0.0,0.0,0.0,1.0
G03760,62,43,19.047127,72.992632,0.0,0.0,0.0,0.0,1.0
G03761,63,43,19.047179,72.997381,2.31,0.0,8.42,1.203,0.6421
G03762,64,43,19.04723,73.00213,4.92,2.19,8.29,1.426,0.0
G03763,65,43,19.047282,73.006879,5.31,-9.64,13.82,2.548,0.0395
G03764,66,43,19.047333,73.011628,6.6,1.79,19.35,2.917,0.005
G03765,67,43,19.047384,73.016377,8.7,2.75,14.87,3.179,0.0026
G03766,68,43,19.047435,73.021126,15.23,7.77,32.72,3.473,0.0
G03767,69,43,19.047486,73.025875,14.46,9.81,21.42,2.262,0.0
G03768,70,43,19.047536,73.030624,22.61,12.93,58.06,3.973,0.0
G03769,71,43,19.047587,73.035373,92.1,25.39,196.44,18.298,0.0368
G03770,72,43,19.047638,73.040122,202.7,126.93,243.76,15.199,0.0
G03771,73,43,19.047688,73.044872,196.29,95.83,251.17,18.535,0.0
G03772,74,43,19.047738,73.049621,180.88,102.62,221.3,11.363,0.0
G03773,75,43,19.047788,73.05437,160.2,70.31,184.28,12.979,0.0
G03774,76,43,19.047838,73.059119,95.29,21.08,187.36,18.803,0.0
G03775,77,43,19.047888,73.063868,18.66,10.99,33.26,3.844,0.0
G03776,78,43,19.047938,73.068618,14.72,9.95,20.95,2.502,0.0
G03777,79,43,19.047988,73.073367,10.82,4.96,17.81,3.078,0.0
G03778,80,43,19.048037,73.078116,6.95,1.5,16.91,2.463,0.0
G03779,81,43,19.048087,73.082865,4.04,1.5,13.19,1.549,0.3525
G03780,82,43,19.048136,73.087615,1.89,0.0,4.08,0.94,0.4158
G03781,83,43,19.048185,73.092364,2.36,1.77,3.08,0.284,0.07
G03782,84,43,19.048234,73.097113,3.28,0.96,11.86,0.899,0.0263
G03783,85,43,19.048283,73.101863,6.62,1.56,12.68,1.819,0.0
G03784,0,44,19.048205,72.698162,0.0,0.0,0.0,0.0,1.0
G03785,1,44,19.048264,72.70291,0.0,0.0,0.0,0.0,1.0
G03786,2,44,19.048323,72.707658,0.0,0.0,0.0,0.0,1.0
G03787,3,44,19.048382,72.712406,0.0,0.0,0.0,0.0,1.0
G03788,4,44,19.048441,72.717154,0.0,0.0,0.0,0.0,1.0
G03789,5,44,19.0485,72.721903,0.0,0.0,0.0,0.0,1.0
G03790,6,44,19.048558,72.726651,0.0,0.0,0.0,0.0,1.0
G03791,7,44,19.048617,72.731399,0.0,0.0,0.0,0.0,1.0
G03792,8,44,19.048675,72.736147,0.0,0.0,0.0,0.0,1.0
G03793,9,44,19.048733,72.740896,0.0,0.0,0.0,0.0,1.0
G03794,10,44,19.048791,72.745644,0.0,0.0,0.0,0.0,1.0
G03795,11,44,19.048849,72.750392,0.0,0.0,0.0,0.0,1.0
G03796,12,44,19.048907,72.75514,0.0,0.0,0.0,0.0,1.0
G03797,13,44,19.048965,72.759889,0.0,0.0,0.0,0.0,1.0
G03798,14,44,19.049022,72.764637,0.0,0.0,0.0,0.0,1.0
G03799,15,44,19.04908,72.769386,0.0,0.0,0.0,0.0,1.0
G03800,16,44,19.049137,72.774134,0.0,0.0,0.0,0.0,1.0
G03801,17,44,19.049195,72.778882,0.0,0.0,0.0,0.0,1.0
G03802,18,44,19.049252,72.783631,0.0,0.0,0.0,0.0,1.0
G03803,19,44,19.049309,72.788379,0.0,0.0,0.0,0.0,1.0
G03804,20,44,19.049365,72.793128,0.0,0.0,0.0,0.0,1.0
G03805,21,44,19.049422,72.797876,0.0,0.0,0.0,0.0,1.0
G03806,22,44,19.049479,72.802625,0.0,0.0,0.0,0.0,1.0
G03807,23,44,19.049535,72.807373,0.0,0.0,0.0,0.0,1.0
G03808,24,44,19.049592,72.812122,0.0,0.0,0.0,0.0,1.0
G03809,25,44,19.049648,72.81687,0.0,0.0,0.0,0.007,1.0
G03810,26,44,19.049704,72.821619,15.24,0.0,41.01,5.869,0.3526
G03811,27,44,19.04976,72.826367,13.86,4.61,24.55,3.965,0.0
G03812,28,44,19.049816,72.831116,7.29,0.0,18.9,3.422,0.1079
G03813,29,44,19.049872,72.835864,5.17,0.0,17.69,2.871,0.3324
G03814,30,44,19.049927,72.840613,5.23,0.5,14.98,3.758,0.1842
G03815,31,44,19.049983,72.845362,5.81,1.0,14.98,2.557,0.1357
G03816,32,44,19.050038,72.85011,4.73,0.64,8.66,2.39,0.133
G03817,33,44,19.050093,72.854859,5.6,2.46,11.63,1.72,0.0553
G03818,34,44,19.050149,72.859608,8.23,2.61,17.89,3.101,0.0
G03819,35,44,19.050204,72.864356,7.29,2.64,19.02,2.765,0.0
G03820,36,44,19.050259,72.869105,7.26,2.71,14.14,3.137,0.0
G03821,37,44,19.050313,72.873854,6.46,2.69,14.12,2.638,0.0
G03822,38,44,19.050368,72.878603,6.54,1.78,12.57,2.497,0.0
G03823,39,44,19.050422,72.883351,6.53,3.29,12.6,2.023,0.0
G03824,40,44,19.050477,72.8881,10.66,3.46,24.57,3.92,0.0
G03825,41,44,19.050531,72.892849,10.24,3.46,19.29,3.045,0.0
G03826,42,44,19.050585,72.897598,14.87,7.24,25.34,2.785,0.0
G03827,43,44,19.050639,72.902347,15.32,6.93,21.96,3.287,0.0
G03828,44,44,19.050693,72.907095,17.06,8.84,27.03,3.107,0.0
G03829,45,44,19.050747,72.911844,16.87,11.51,24.16,2.785,0.0
G03830,46,44,19.050801,72.916593,13.22,4.89,22.2,3.182,0.0
G03831,47,44,19.050854,72.921342,9.69,2.51,16.87,2.813,0.0
G03832,48,44,19.050908,72.926091,7.33,2.67,20.4,3.105,0.0
G03833,49,44,19.050961,72.93084,6.42,2.15,9.64,1.508,0.0
G03834,50,44,19.051014,72.935589,5.36,2.93,10.26,1.485,0.0
G03835,51,44,19.051067,72.940338,6.26,2.22,25.09,3.471,0.0
G03836,52,44,19.05112,72.945087,2.73,1.5,5.71,0.809,0.0249
G03837,53,44,19.051173,72.949836,2.09,1.5,4.91,0.525,0.2105
G03838,54,44,19.051226,72.954585,1.87,1.5,3.46,0.393,0.4432
G03839,55,44,19.051278,72.959334,3.53,1.5,6.51,0.726,0.0
G03840,56,44,19.051331,72.964083,0.72,0.0,6.51,0.662,0.8105
G03841,57,44,19.051383,72.968832,0.0,0.0,0.0,0.0,1.0
G03842,58,44,19.051436,72.973581,0.0,0.0,0.0,0.0,1.0
G03843,59,44,19.051488,72.97833,0.0,0.0,0.0,0.0,1.0
G03844,60,44,19.05154,72.983079,0.0,0.0,0.0,0.0,1.0
G03845,61,44,19.051591,72.987828,0.0,0.0,0.0,0.0,1.0
G03846,62,44,19.051643,72.992577,0.06,0.0,5.36,0.141,0.9921
G03847,63,44,19.051695,72.997326,5.28,0.0,8.09,1.327,0.169
G03848,64,44,19.051746,73.002076,6.17,1.97,7.83,1.093,0.0579
G03849,65,44,19.051798,73.006825,5.41,1.69,13.1,1.916,0.0166
G03850,66,44,19.051849,73.011574,4.98,2.2,13.34,1.567,0.1132
G03851,67,44,19.0519,73.016323,8.88,2.23,15.88,2.966,0.0
G03852,68,44,19.051951,73.021072,7.06,4.0,12.95,1.557,0.0
G03853,69,44,19.052002,73.025822,10.4,5.81,20.12,2.209,0.0
G03854,70,44,19.052053,73.030571,21.33,11.3,38.9,3.574,0.0
G03855,71,44,19.052103,73.03532,81.56,27.78,142.15,15.875,0.0
G03856,72,44,19.052154,73.040069,202.54,115.81,265.3,15.343,0.0026
G03857,73,44,19.052204,73.044819,236.53,202.66,266.02,10.642,0.0
G03858,74,44,19.052254,73.049568,156.45,53.78,223.74,19.53,0.0
G03859,75,44,19.052305,73.054317,68.29,27.71,167.48,17.253,0.0
G03860,76,44,19.052355,73.059067,26.88,16.29,70.31,3.973,0.0
G03861,77,44,19.052404,73.063816,16.3,12.28,22.72,2.258,0.0
G03862,78,44,19.052454,73.068565,12.68,9.25,21.8,1.828,0.0
G03863,79,44,19.052504,73.073315,10.8,5.45,18.68,2.226,0.0
G03864,80,44,19.052553,73.078064,7.11,2.66,13.62,1.992,0.0
G03865,81,44,19.052603,73.082814,3.45,1.5,13.62,1.087,0.2026
G03866,82,44,19.052652,73.087563,1.96,0.0,3.24,0.822,0.2715
G03867,83,44,19.052701,73.092312,2.38,1.5,5.31,0.353,0.2184
G03868,84,44,19.05275,73.097062,3.61,1.77,8.24,1.011,0.0748
G03869,85,44,19.052799,73.101811,7.97,4.65,14.95,1.626,0.0
G03870,0,45,19.05272,72.6981,0.0,0.0,0.0,0.0,1.0
G03871,1,45,19.05278,72.702848,0.0,0.0,0.0,0.0,1.0
G03872,2,45,19.052839,72.707596,0.0,0.0,0.0,0.0,1.0
G03873,3,45,19.052898,72.712344,0.0,0.0,0.0,0.0,1.0
G03874,4,45,19.052956,72.717093,0.0,0.0,0.0,0.0,1.0
G03875,5,45,19.053015,72.721841,0.0,0.0,0.0,0.0,1.0
G03876,6,45,19.053074,72.726589,0.0,0.0,0.0,0.0,1.0
G03877,7,45,19.053132,72.731338,0.0,0.0,0.0,0.0,1.0
G03878,8,45,19.05319,72.736086,0.0,0.0,0.0,0.0,1.0
G03879,9,45,19.053249,72.740834,0.0,0.0,0.0,0.0,1.0
G03880,10,45,19.053307,72.745583,0.0,0.0,0.0,0.0,1.0
G03881,11,45,19.053365,72.750331,0.0,0.0,0.0,0.0,1.0
G03882,12,45,19.053423,72.75508,0.0,0.0,0.0,0.0,1.0
G03883,13,45,19.05348,72.759828,0.0,0.0,0.0,0.0,1.0
G03884,14,45,19.053538,72.764577,0.0,0.0,0.0,0.0,1.0
G03885,15,45,19.053595,72.769325,0.0,0.0,0.0,0.0,1.0
G03886,16,45,19.053653,72.774074,0.0,0.0,0.0,0.0,1.0
G03887,17,45,19.05371,72.778822,0.0,0.0,0.0,0.0,1.0
G03888,18,45,19.053767,72.783571,0.0,0.0,0.0,0.0,1.0
G03889,19,45,19.053824,72.788319,0.0,0.0,0.0,0.0,1.0
G03890,20,45,19.053881,72.793068,0.0,0.0,0.0,0.0,1.0
G03891,21,45,19.053938,72.797816,0.0,0.0,0.0,0.0,1.0
G03892,22,45,19.053994,72.802565,0.0,0.0,0.0,0.0,1.0
G03893,23,45,19.054051,72.807314,0.0,0.0,0.0,0.0,1.0
G03894,24,45,19.054107,72.812062,0.0,0.0,0.0,0.0,1.0
G03895,25,45,19.054163,72.816811,0.0,0.0,0.0,0.0,1.0
G03896,26,45,19.05422,72.82156,2.79,0.0,22.42,1.813,0.7625
G03897,27,45,19.054276,72.826308,12.41,2.88,19.42,3.258,0.0
G03898,28,45,19.054331,72.831057,11.42,6.15,21.96,3.38,0.0
G03899,29,45,19.054387,72.835806,10.04,4.99,19.61,3.183,0.0289
G03900,30,45,19.054443,72.840555,7.4,1.76,14.29,2.415,0.0125
G03901,31,45,19.054498,72.845303,6.7,1.26,15.63,3.017,0.0026
G03902,32,45,19.054554,72.850052,7.94,-1.95,19.47,3.754,0.0184
G03903,33,45,19.054609,72.854801,5.35,1.0,14.75,2.955,0.0925
G03904,34,45,19.054664,72.85955,3.41,0.71,14.84,2.05,0.2579
G03905,35,45,19.054719,72.864299,3.4,1.0,12.88,1.643,0.4475
G03906,36,45,19.054774,72.869047,4.95,1.0,13.73,2.137,0.1579
G03907,37,45,19.054829,72.873796,11.03,4.46,44.43,4.712,0.0
G03908,38,45,19.054884,72.878545,7.66,2.63,37.41,3.814,0.0
G03909,39,45,19.054938,72.883294,8.34,3.26,15.14,2.623,0.0
G03910,40,45,19.054993,72.888043,8.96,5.09,14.44,2.287,0.0
G03911,41,45,19.055047,72.892792,12.48,6.89,21.8,2.627,0.0
G03912,42,45,19.055101,72.897541,18.14,11.98,26.1,3.157,0.0
G03913,43,45,19.055155,72.90229,13.84,6.9,21.03,3.354,0.0
G03914,44,45,19.055209,72.907039,11.04,4.82,18.77,2.623,0.0
G03915,45,45,19.055263,72.911788,11.32,6.48,17.92,2.015,0.0
G03916,46,45,19.055317,72.916537,7.86,2.83,22.06,2.297,0.0
G03917,47,45,19.05537,72.921286,6.91,3.76,14.03,1.944,0.0
G03918,48,45,19.055424,72.926035,8.25,2.67,20.39,3.548,0.0
G03919,49,45,19.055477,72.930784,5.38,0.17,11.72,2.061,0.0
G03920,50,45,19.05553,72.935533,6.24,3.12,8.03,1.171,0.0
G03921,51,45,19.055583,72.940282,4.31,0.8,7.89,1.005,0.015
G03922,52,45,19.055636,72.945031,3.91,0.8,5.81,1.015,0.0316
G03923,53,45,19.055689,72.94978,3.26,1.5,6.0,1.023,0.08
G03924,54,45,19.055742,72.954529,3.13,1.5,7.52,0.992,0.1263
G03925,55,45,19.055794,72.959278,4.0,0.53,10.48,1.518,0.0158
G03926,56,45,19.055847,72.964028,0.38,0.0,6.92,0.53,0.8925
G03927,57,45,19.055899,72.968777,0.0,0.0,0.0,0.0,1.0
G03928,58,45,19.055951,72.973526,0.0,0.0,0.0,0.0,1.0
G03929,59,45,19.056004,72.978275,0.0,0.0,0.0,0.0,1.0
G03930,60,45,19.056056,72.983024,0.0,0.0,0.0,0.0,1.0
G03931,61,45,19.056107,72.987774,0.0,0.0,0.0,0.0,1.0
G03932,62,45,19.056159,72.992523,1.7,0.0,7.96,1.086,0.73
G03933,63,45,19.056211,72.997272,5.52,0.0,8.04,1.401,0.0158
G03934,64,45,19.056262,73.002022,5.6,1.43,17.78,2.672,0.025
G03935,65,45,19.056314,73.006771,5.2,1.97,15.52,1.949,0.0421
G03936,66,45,19.056365,73.01152,5.84,3.28,12.76,1.502,0.02
G03937,67,45,19.056416,73.016269,7.03,2.63,16.44,3.042,0.0
G03938,68,45,19.056467,73.021019,7.28,4.13,13.24,2.006,0.0
G03939,69,45,19.056518,73.025768,13.43,7.13,22.23,2.355,0.0
G03940,70,45,19.056569,73.030518,21.02,13.04,34.79,2.533,0.0
G03941,71,45,19.056619,73.035267,60.69,25.29,136.73,15.467,0.0053
G03942,72,45,19.05667,73.040016,176.17,64.13,255.27,17.665,0.0075
G03943,73,45,19.05672,73.044766,242.06,194.77,279.49,10.59,0.0
G03944,74,45,19.056771,73.049515,187.13,100.71,248.94,14.183,0.0
G03945,75,45,19.056821,73.054265,107.48,32.0,181.26,20.086,0.0
G03946,76,45,19.056871,73.059014,29.23,14.85,74.5,5.982,0.0
G03947,77,45,19.056921,73.063764,15.82,12.68,21.06,1.828,0.005
G03948,78,45,19.05697,73.068513,11.92,9.15,19.41,1.392,0.0
G03949,79,45,19.05702,73.073263,8.64,4.79,11.36,1.078,0.0
G03950,80,45,19.05707,73.078012,6.87,3.43,10.65,1.385,0.0
G03951,81,45,19.057119,73.082762,4.89,1.5,13.69,1.75,0.0375
G03952,82,45,19.057168,73.087511,2.21,0.0,5.49,1.03,0.2237
G03953,83,45,19.057218,73.092261,2.63,0.0,6.5,0.597,0.0825
G03954,84,45,19.057267,73.09701,5.05,2.36,8.99,1.327,0.0
G03955,85,45,19.057316,73.10176,7.79,3.83,14.95,1.786,0.0025
G03956,0,46,19.057235,72.698037,0.0,0.0,0.0,0.0,1.0
G03957,1,46,19.057295,72.702786,0.0,0.0,0.0,0.0,1.0
G03958,2,46,19.057354,72.707534,0.0,0.0,0.0,0.0,1.0
G03959,3,46,19.057413,72.712282,0.0,0.0,0.0,0.0,1.0
G03960,4,46,19.057472,72.717031,0.0,0.0,0.0,0.0,1.0
G03961,5,46,19.05753,72.721779,0.0,0.0,0.0,0.0,1.0
G03962,6,46,19.057589,72.726528,0.0,0.0,0.0,0.0,1.0
G03963,7,46,19.057647,72.731276,0.0,0.0,0.0,0.0,1.0
G03964,8,46,19.057706,72.736025,0.0,0.0,0.0,0.0,1.0
G03965,9,46,19.057764,72.740773,0.0,0.0,0.0,0.0,1.0
G03966,10,46,19.057822,72.745522,0.0,0.0,0.0,0.0,1.0
G03967,11,46,19.05788,72.75027,0.0,0.0,0.0,0.0,1.0
G03968,12,46,19.057938,72.755019,0.0,0.0,0.0,0.0,1.0
G03969,13,46,19.057996,72.759768,0.0,0.0,0.0,0.0,1.0
G03970,14,46,19.058053,72.764516,0.0,0.0,0.0,0.0,1.0
G03971,15,46,19.058111,72.769265,0.0,0.0,0.0,0.0,1.0
G03972,16,46,19.058168,72.774013,0.0,0.0,0.0,0.0,1.0
G03973,17,46,19.058225,72.778762,0.0,0.0,0.0,0.0,1.0
G03974,18,46,19.058282,72.783511,0.0,0.0,0.0,0.0,1.0
G03975,19,46,19.058339,72.788259,0.0,0.0,0.0,0.0,1.0
G03976,20,46,19.058396,72.793008,0.0,0.0,0.0,0.0,1.0
G03977,21,46,19.058453,72.797757,0.0,0.0,0.0,0.0,1.0
G03978,22,46,19.05851,72.802506,0.0,0.0,0.0,0.0,1.0
G03979,23,46,19.058566,72.807254,0.0,0.0,0.0,0.0,1.0
G03980,24,46,19.058623,72.812003,0.0,0.0,0.0,0.0,1.0
G03981,25,46,19.058679,72.816752,0.0,0.0,0.0,0.0,1.0
G03982,26,46,19.058735,72.821501,4.99,0.0,19.95,2.578,0.4842
G03983,27,46,19.058791,72.82625,16.18,6.08,29.1,3.523,0.0
G03984,28,46,19.058847,72.830998,18.11,9.93,28.5,4.14,0.0
G03985,29,46,19.058903,72.835747,14.04,5.0,24.9,3.403,0.0332
G03986,30,46,19.058958,72.840496,8.55,2.98,18.67,3.388,0.0184
G03987,31,46,19.059014,72.845245,8.06,1.18,17.44,3.567,0.0
G03988,32,46,19.059069,72.849994,9.19,1.81,17.92,3.716,0.0
G03989,33,46,19.059125,72.854743,6.3,1.0,15.51,2.591,0.0789
G03990,34,46,19.05918,72.859492,4.74,1.0,19.45,2.737,0.2216
G03991,35,46,19.059235,72.864241,5.76,-8.12,19.5,3.729,0.0211
G03992,36,46,19.05929,72.86899,3.4,-2.65,10.05,2.12,0.2493
G03993,37,46,19.059345,72.873739,10.6,2.82,45.22,4.675,0.0
G03994,38,46,19.059399,72.878488,10.86,2.51,42.54,5.146,0.0
G03995,39,46,19.059454,72.883237,8.0,3.19,14.8,3.108,0.0
G03996,40,46,19.059508,72.887986,9.4,4.34,14.44,2.241,0.0
G03997,41,46,19.059563,72.892735,9.06,4.32,18.06,2.324,0.0
G03998,42,46,19.059617,72.897484,13.41,6.2,22.22,3.278,0.0
G03999,43,46,19.059671,72.902233,11.76,6.09,20.83,2.616,0.0
G04000,44,46,19.059725,72.906982,8.79,3.91,18.51,3.098,0.0
G04001,45,46,19.059779,72.911731,8.4,4.24,18.72,2.714,0.0
G04002,46,46,19.059832,72.91648,7.43,2.25,16.53,2.359,0.0
G04003,47,46,19.059886,72.921229,8.02,4.93,12.26,1.819,0.0
G04004,48,46,19.05994,72.925979,10.59,5.67,13.64,1.711,0.0
G04005,49,46,19.059993,72.930728,7.27,2.03,12.73,1.745,0.0
G04006,50,46,19.060046,72.935477,5.33,0.0,11.77,2.352,0.0471
G04007,51,46,19.060099,72.940226,3.0,0.0,6.97,2.022,0.3053
G04008,52,46,19.060152,72.944975,3.28,0.0,7.63,1.871,0.374
G04009,53,46,19.060205,72.949725,3.73,0.0,6.52,1.275,0.2184
G04010,54,46,19.060258,72.954474,2.84,1.42,5.28,0.631,0.0139
G04011,55,46,19.06031,72.959223,3.94,0.16,10.48,1.423,0.0028
G04012,56,46,19.060363,72.963973,0.31,0.0,9.32,0.581,0.8579
G04013,57,46,19.060415,72.968722,0.0,0.0,0.0,0.0,1.0
G04014,58,46,19.060467,72.973471,0.0,0.0,0.0,0.0,1.0
G04015,59,46,19.06052,72.97822,0.29,0.0,6.68,0.476,0.9972
G04016,60,46,19.060572,72.98297,0.4,0.0,6.04,0.616,0.9237
G04017,61,46,19.060623,72.987719,2.14,0.0,7.42,1.327,0.5845
G04018,62,46,19.060675,72.992469,5.3,0.0,8.32,1.494,0.1211
G04019,63,46,19.060727,72.997218,5.91,0.36,27.08,2.003,0.0
G04020,64,46,19.060778,73.001967,6.59,2.52,16.18,2.552,0.0
G04021,65,46,19.06083,73.006717,6.56,3.17,15.87,2.523,0.0
G04022,66,46,19.060881,73.011466,7.38,2.94,13.62,2.781,0.0
G04023,67,46,19.060932,73.016216,8.54,3.68,16.41,2.381,0.0
G04024,68,46,19.060983,73.020965,8.47,4.62,16.25,2.281,0.0
G04025,69,46,19.061034,73.025715,14.08,8.45,24.74,2.653,0.0
G04026,70,46,19.061085,73.030464,22.76,12.65,35.98,3.122,0.0
G04027,71,46,19.061136,73.035214,84.73,31.48,188.31,17.72,0.0139
G04028,72,46,19.061186,73.039963,199.62,81.12,258.98,13.422,0.0
G04029,73,46,19.061236,73.044713,253.32,194.11,300.16,11.573,0.0
G04030,74,46,19.061287,73.049462,185.15,57.43,255.08,19.141,0.0
G04031,75,46,19.061337,73.054212,64.96,27.8,187.35,16.306,0.0
G04032,76,46,19.061387,73.058962,24.62,15.55,34.01,2.546,0.0
G04033,77,46,19.061437,73.063711,17.41,12.0,23.49,1.935,0.0421
G04034,78,46,19.061487,73.068461,12.65,10.5,20.52,1.127,0.0
G04035,79,46,19.061536,73.07321,9.89,7.44,14.28,0.829,0.0
G04036,80,46,19.061586,73.07796,6.94,3.93,11.96,0.937,0.0
G04037,81,46,19.061635,73.08271,5.74,1.59,12.04,1.65,0.0105
G04038,82,46,19.061685,73.087459,2.39,0.0,4.74,0.78,0.3352
G04039,83,46,19.061734,73.092209,2.33,0.0,5.06,0.769,0.1447
G04040,84,46,19.061783,73.096959,3.72,1.87,6.65,1.198,0.0665
G04041,85,46,19.061832,73.101709,8.16,2.0,13.38,1.949,0.0132
G04042,0,47,19.061751,72.697975,0.0,0.0,0.0,0.0,1.0
G04043,1,47,19.06181,72.702723,0.0,0.0,0.0,0.0,1.0
G04044,2,47,19.061869,72.707472,0.0,0.0,0.0,0.0,1.0
G04045,3,47,19.061928,72.712221,0.0,0.0,0.0,0.0,1.0
G04046,4,47,19.061987,72.716969,0.0,0.0,0.0,0.0,1.0
G04047,5,47,19.062045,72.721718,0.0,0.0,0.0,0.0,1.0
G04048,6,47,19.062104,72.726466,0.0,0.0,0.0,0.0,1.0
G04049,7,47,19.062163,72.731215,0.0,0.0,0.0,0.0,1.0
G04050,8,47,19.062221,72.735963,0.0,0.0,0.0,0.0,1.0
G04051,9,47,19.062279,72.740712,0.0,0.0,0.0,0.0,1.0
G04052,10,47,19.062337,72.745461,0.0,0.0,0.0,0.0,1.0
G04053,11,47,19.062395,72.750209,0.0,0.0,0.0,0.0,1.0
G04054,12,47,19.062453,72.754958,0.0,0.0,0.0,0.0,1.0
G04055,13,47,19.062511,72.759707,0.0,0.0,0.0,0.0,1.0
G04056,14,47,19.062569,72.764456,0.0,0.0,0.0,0.0,1.0
G04057,15,47,19.062626,72.769204,0.0,0.0,0.0,0.0,1.0
G04058,16,47,19.062683,72.773953,0.0,0.0,0.0,0.0,1.0
G04059,17,47,19.062741,72.778702,0.0,0.0,0.0,0.0,1.0
G04060,18,47,19.062798,72.783451,0.0,0.0,0.0,0.0,1.0
G04061,19,47,19.062855,72.7882,0.0,0.0,0.0,0.0,1.0
G04062,20,47,19.062912,72.792948,0.0,0.0,0.0,0.0,1.0
G04063,21,47,19.062969,72.797697,0.0,0.0,0.0,0.0,1.0
G04064,22,47,19.063025,72.802446,0.0,0.0,0.0,0.0,1.0
G04065,23,47,19.063082,72.807195,0.0,0.0,0.0,0.0,1.0
G04066,24,47,19.063138,72.811944,0.0,0.0,0.0,0.0,1.0
G04067,25,47,19.063194,72.816693,0.0,0.0,0.0,0.0,1.0
G04068,26,47,19.063251,72.821442,3.96,0.0,25.6,2.494,0.5675
G04069,27,47,19.063307,72.826191,25.84,10.78,50.87,6.393,0.0
G04070,28,47,19.063363,72.83094,22.03,10.05,50.87,4.643,0.0
G04071,29,47,19.063418,72.835689,13.23,7.24,25.09,3.493,0.0
G04072,30,47,19.063474,72.840438,7.43,4.06,13.8,1.976,0.0
G04073,31,47,19.06353,72.845187,7.95,2.85,14.86,2.606,0.0
G04074,32,47,19.063585,72.849936,8.96,3.28,16.26,2.628,0.0
G04075,33,47,19.06364,72.854685,6.15,1.0,11.48,3.039,0.04
G04076,34,47,19.063696,72.859434,7.27,1.23,20.27,3.68,0.0053
G04077,35,47,19.063751,72.864183,6.97,-0.67,16.61,3.247,0.005
G04078,36,47,19.063806,72.868932,3.87,-2.98,15.74,2.653,0.1053
G04079,37,47,19.06386,72.873681,5.76,1.0,17.17,2.696,0.28
G04080,38,47,19.063915,72.87843,8.38,4.11,20.28,2.815,0.0
G04081,39,47,19.06397,72.883179,8.04,3.23,17.34,3.242,0.0
G04082,40,47,19.064024,72.887929,9.85,4.64,15.73,3.021,0.0
G04083,41,47,19.064078,72.892678,8.14,2.09,15.0,2.683,0.0
G04084,42,47,19.064133,72.897427,8.43,4.19,17.5,2.817,0.0053
G04085,43,47,19.064187,72.902176,8.27,3.86,16.41,2.698,0.0
G04086,44,47,19.064241,72.906925,6.32,2.56,12.53,2.195,0.0
G04087,45,47,19.064295,72.911675,5.99,0.51,14.57,3.127,0.0
G04088,46,47,19.064348,72.916424,7.78,0.0,25.08,4.439,0.0
G04089,47,47,19.064402,72.921173,9.8,6.56,12.27,1.254,0.0
G04090,48,47,19.064455,72.925922,10.35,5.98,13.44,1.244,0.0
G04091,49,47,19.064509,72.930672,8.16,5.36,12.98,1.249,0.0
G04092,50,47,19.064562,72.935421,5.93,0.0,13.86,2.642,0.1842
G04093,51,47,19.064615,72.94017,3.83,0.0,8.53,1.343,0.01
G04094,52,47,19.064668,72.94492,3.45,2.22,8.32,1.099,0.0079
G04095,53,47,19.064721,72.949669,3.1,0.0,7.15,1.851,0.275
G04096,54,47,19.064774,72.954419,3.49,0.0,6.46,1.322,0.3237
G04097,55,47,19.064826,72.959168,2.67,0.0,5.91,1.077,0.4184
G04098,56,47,19.064879,72.963917,0.0,0.0,0.16,0.006,0.9975
G04099,57,47,19.064931,72.968667,0.0,0.0,0.0,0.0,1.0
G04100,58,47,19.064983,72.973416,0.0,0.0,0.0,0.0,1.0
G04101,59,47,19.065036,72.978166,0.89,0.0,9.34,1.304,0.9526
G04102,60,47,19.065088,72.982915,4.17,0.0,8.06,2.22,0.3825
G04103,61,47,19.065139,72.987665,5.08,0.34,11.73,1.877,0.0368
G04104,62,47,19.065191,72.992414,5.86,3.0,17.73,2.236,0.0475
G04105,63,47,19.065243,72.997164,6.67,-5.93,27.08,4.086,0.0026
G04106,64,47,19.065294,73.001913,7.32,1.51,18.6,3.724,0.0
G04107,65,47,19.065346,73.006663,6.71,2.59,13.32,2.479,0.0026
G04108,66,47,19.065397,73.011412,8.45,4.04,14.55,2.637,0.0
G04109,67,47,19.065448,73.016162,10.44,5.55,16.62,2.068,0.0
G04110,68,47,19.065499,73.020912,11.29,4.88,22.08,2.593,0.0025
G04111,69,47,19.06555,73.025661,17.91,11.84,25.32,2.531,0.0
G04112,70,47,19.065601,73.030411,27.73,16.64,44.69,3.691,0.0
G04113,71,47,19.065652,73.035161,97.04,35.98,210.21,20.154,0.0605
G04114,72,47,19.065702,73.03991,219.57,147.74,289.71,13.273,0.0
G04115,73,47,19.065753,73.04466,283.55,235.46,343.87,16.486,0.0
G04116,74,47,19.065803,73.04941,218.79,163.36,300.22,15.43,0.0
G04117,75,47,19.065853,73.054159,104.26,31.58,212.27,18.403,0.0
G04118,76,47,19.065903,73.058909,27.15,17.29,36.66,2.834,0.0
G04119,77,47,19.065953,73.063659,23.02,16.41,28.12,2.305,0.0
G04120,78,47,19.066003,73.068408,16.1,10.8,24.37,1.755,0.0
G04121,79,47,19.066053,73.073158,11.68,7.73,23.09,1.781,0.0
G04122,80,47,19.066102,73.077908,8.08,3.98,12.85,1.26,0.0
G04123,81,47,19.066152,73.082658,5.44,2.34,8.91,1.156,0.0025
G04124,82,47,19.066201,73.087408,4.08,2.12,12.57,1.241,0.3526
G04125,83,47,19.06625,73.092157,3.51,0.12,12.57,1.92,0.2725
G04126,84,47,19.066299,73.096907,5.15,1.67,9.17,1.768,0.0605
G04127,85,47,19.066348,73.101657,5.4,2.0,13.65,1.55,0.0475
G04128,0,48,19.066266,72.697913,0.0,0.0,0.0,0.0,1.0
G04129,1,48,19.066325,72.702661,0.0,0.0,0.0,0.0,1.0
G04130,2,48,19.066384,72.70741,0.0,0.0,0.0,0.0,1.0
G04131,3,48,19.066443,72.712159,0.0,0.0,0.0,0.0,1.0
G04132,4,48,19.066502,72.716907,0.0,0.0,0.0,0.0,1.0
G04133,5,48,19.066561,72.721656,0.0,0.0,0.0,0.0,1.0
G04134,6,48,19.066619,72.726405,0.0,0.0,0.0,0.0,1.0
G04135,7,48,19.066678,72.731153,0.0,0.0,0.0,0.0,1.0
G04136,8,48,19.066736,72.735902,0.0,0.0,0.0,0.0,1.0
G04137,9,48,19.066794,72.740651,0.0,0.0,0.0,0.0,1.0
G04138,10,48,19.066853,72.7454,0.0,0.0,0.0,0.0,1.0
G04139,11,48,19.066911,72.750149,0.0,0.0,0.0,0.0,1.0
G04140,12,48,19.066968,72.754897,0.0,0.0,0.0,0.0,1.0
G04141,13,48,19.067026,72.759646,0.0,0.0,0.0,0.0,1.0
G04142,14,48,19.067084,72.764395,0.0,0.0,0.0,0.0,1.0
G04143,15,48,19.067141,72.769144,0.0,0.0,0.0,0.0,1.0
G04144,16,48,19.067199,72.773893,0.0,0.0,0.0,0.0,1.0
G04145,17,48,19.067256,72.778642,0.0,0.0,0.0,0.0,1.0
G04146,18,48,19.067313,72.783391,0.0,0.0,0.0,0.0,1.0
G04147,19,48,19.06737,72.78814,0.0,0.0,0.0,0.0,1.0
G04148,20,48,19.067427,72.792889,0.0,0.0,0.0,0.0,1.0
G04149,21,48,19.067484,72.797638,0.0,0.0,0.0,0.0,1.0
G04150,22,48,19.067541,72.802387,0.0,0.0,0.0,0.0,1.0
G04151,23,48,19.067597,72.807136,0.0,0.0,0.0,0.0,1.0
G04152,24,48,19.067654,72.811885,0.0,0.0,0.0,0.0,1.0
G04153,25,48,19.06771,72.816634,0.0,0.0,0.0,0.0,1.0
G04154,26,48,19.067766,72.821383,2.9,0.0,22.63,2.104,0.5632
G04155,27,48,19.067822,72.826132,23.81,8.01,51.23,6.397,0.0
G04156,28,48,19.067878,72.830881,25.49,10.05,51.9,6.152,0.0
G04157,29,48,19.067934,72.83563,14.1,7.69,24.38,3.669,0.0
G04158,30,48,19.06799,72.840379,8.53,4.79,17.08,2.343,0.0
G04159,31,48,19.068045,72.845128,8.2,2.55,12.83,1.712,0.0
G04160,32,48,19.068101,72.849877,6.43,0.2,16.4,2.655,0.036
G04161,33,48,19.068156,72.854627,5.53,1.02,10.74,1.812,0.0053
G04162,34,48,19.068211,72.859376,6.86,1.53,14.86,2.366,0.0
G04163,35,48,19.068266,72.864125,6.1,1.87,14.81,2.242,0.0
G04164,36,48,19.068321,72.868874,6.75,-1.73,16.18,3.542,0.0028
G04165,37,48,19.068376,72.873624,5.59,1.0,11.05,2.837,0.2132
G04166,38,48,19.068431,72.878373,11.16,4.08,25.79,3.478,0.0
G04167,39,48,19.068485,72.883122,7.46,3.69,13.83,3.05,0.0
G04168,40,48,19.06854,72.887871,6.39,3.23,13.34,2.265,0.0
G04169,41,48,19.068594,72.892621,8.2,3.05,20.46,3.398,0.0
G04170,42,48,19.068648,72.89737,11.29,3.16,24.97,4.111,0.0
G04171,43,48,19.068703,72.902119,9.22,3.97,15.85,3.293,0.0
G04172,44,48,19.068756,72.906869,7.29,2.43,13.53,2.821,0.0
G04173,45,48,19.06881,72.911618,4.08,1.48,7.84,1.081,0.0
G04174,46,48,19.068864,72.916367,4.03,0.0,7.85,1.434,0.0028
G04175,47,48,19.068918,72.921117,6.51,0.0,21.11,2.57,0.0105
G04176,48,48,19.068971,72.925866,20.12,4.14,36.4,4.879,0.0
G04177,49,48,19.069025,72.930616,13.73,2.77,32.6,4.125,0.0
G04178,50,48,19.069078,72.935365,4.56,0.0,14.37,2.677,0.1745
G04179,51,48,19.069131,72.940115,3.29,2.06,8.96,0.995,0.0289
G04180,52,48,19.069184,72.944864,2.89,1.96,7.14,0.59,0.0332
G04181,53,48,19.069237,72.949614,3.29,2.13,7.14,0.763,0.0026
G04182,54,48,19.06929,72.954363,3.24,0.0,6.18,1.037,0.0886
G04183,55,48,19.069342,72.959113,1.38,0.0,6.2,0.719,0.6981
G04184,56,48,19.069395,72.963862,0.0,0.0,0.0,0.0,1.0
G04185,57,48,19.069447,72.968612,0.0,0.0,0.0,0.0,1.0
G04186,58,48,19.069499,72.973361,0.0,0.0,0.0,0.0,1.0
G04187,59,48,19.069552,72.978111,0.02,0.0,2.77,0.044,1.0
G04188,60,48,19.069604,72.982861,2.73,0.0,11.78,1.487,0.5553
G04189,61,48,19.069655,72.98761,6.52,2.74,12.01,2.209,0.0
G04190,62,48,19.069707,72.99236,6.07,2.68,16.08,2.458,0.0
G04191,63,48,19.069759,72.997109,7.55,-0.36,17.31,3.012,0.0
G04192,64,48,19.06981,73.001859,7.37,1.51,17.89,3.229,0.0
G04193,65,48,19.069862,73.006609,5.88,3.21,11.16,2.174,0.0
G04194,66,48,19.069913,73.011359,8.95,2.06,15.08,2.556,0.0105
G04195,67,48,19.069964,73.016108,10.99,6.89,15.55,2.064,0.0305
G04196,68,48,19.070015,73.020858,16.58,8.77,42.18,3.177,0.0
G04197,69,48,19.070066,73.025608,22.3,14.63,28.3,2.631,0.0
G04198,70,48,19.070117,73.030358,28.87,19.61,45.56,3.554,0.0
G04199,71,48,19.070168,73.035107,91.53,32.07,210.21,18.569,0.0831
G04200,72,48,19.070218,73.039857,252.45,169.79,315.17,18.707,0.0
G04201,73,48,19.070269,73.044607,296.47,260.6,341.12,11.313,0.0
G04202,74,48,19.070319,73.049357,257.42,130.33,332.53,22.634,0.0
G04203,75,48,19.070369,73.054107,75.06,31.92,174.54,14.458,0.0
G04204,76,48,19.070419,73.058856,46.2,24.71,157.56,9.133,0.0
G04205,77,48,19.070469,73.063606,52.62,22.37,157.56,12.18,0.0
G04206,78,48,19.070519,73.068356,23.57,11.41,76.64,4.936,0.0028
G04207,79,48,19.070569,73.073106,12.4,8.04,21.55,2.452,0.0
G04208,80,48,19.070618,73.077856,8.93,3.98,14.48,1.939,0.0
G04209,81,48,19.070668,73.082606,6.48,3.84,13.9,1.536,0.0
G04210,82,48,19.070717,73.087356,6.32,2.94,10.49,1.4,0.0
G04211,83,48,19.070766,73.092106,3.61,0.0,10.49,1.48,0.0289
G04212,84,48,19.070816,73.096856,7.22,1.88,9.85,0.961,0.0
G04213,85,48,19.070865,73.101606,7.11,3.65,9.55,0.864,0.0
G04214,0,49,19.070781,72.69785,0.0,0.0,0.0,0.0,1.0
G04215,1,49,19.07084,72.702599,0.0,0.0,0.0,0.0,1.0
G04216,2,49,19.070899,72.707348,0.0,0.0,0.0,0.0,1.0
G04217,3,49,19.070958,72.712097,0.0,0.0,0.0,0.0,1.0
G04218,4,49,19.071017,72.716845,0.0,0.0,0.0,0.0,1.0
G04219,5,49,19.071076,72.721594,0.0,0.0,0.0,0.0,1.0
G04220,6,49,19.071135,72.726343,0.0,0.0,0.0,0.0,1.0
G04221,7,49,19.071193,72.731092,0.0,0.0,0.0,0.0,1.0
G04222,8,49,19.071251,72.735841,0.0,0.0,0.0,0.0,1.0
G04223,9,49,19.07131,72.74059,0.0,0.0,0.0,0.0,1.0
G04224,10,49,19.071368,72.745339,0.0,0.0,0.0,0.0,1.0
G04225,11,49,19.071426,72.750088,0.0,0.0,0.0,0.0,1.0
G04226,12,49,19.071484,72.754837,0.0,0.0,0.0,0.0,1.0
G04227,13,49,19.071542,72.759586,0.0,0.0,0.0,0.0,1.0
G04228,14,49,19.071599,72.764334,0.0,0.0,0.0,0.0,1.0
G04229,15,49,19.071657,72.769084,0.0,0.0,0.0,0.0,1.0
G04230,16,49,19.071714,72.773833,0.0,0.0,0.0,0.0,1.0
G04231,17,49,19.071772,72.778582,0.0,0.0,0.0,0.0,1.0
G04232,18,49,19.071829,72.783331,0.0,0.0,0.0,0.0,1.0
G04233,19,49,19.071886,72.78808,0.0,0.0,0.0,0.0,1.0
G04234,20,49,19.071943,72.792829,0.0,0.0,0.0,0.0,1.0
G04235,21,49,19.071999,72.797578,0.0,0.0,0.0,0.0,1.0
G04236,22,49,19.072056,72.802327,0.0,0.0,0.0,0.0,1.0
G04237,23,49,19.072113,72.807076,0.0,0.0,0.0,0.0,1.0
G04238,24,49,19.072169,72.811825,0.0,0.0,0.0,0.0,1.0
G04239,25,49,19.072225,72.816574,0.0,0.0,0.0,0.0,1.0
G04240,26,49,19.072282,72.821324,4.0,0.0,20.63,2.068,0.605
G04241,27,49,19.072338,72.826073,16.78,6.33,30.04,4.627,0.0
G04242,28,49,19.072394,72.830822,16.26,6.82,28.87,4.362,0.0
G04243,29,49,19.072449,72.835571,15.33,5.47,24.61,4.012,0.0
G04244,30,49,19.072505,72.840321,9.69,4.92,19.29,2.952,0.0
G04245,31,49,19.072561,72.84507,7.38,3.2,16.37,1.935,0.0
G04246,32,49,19.072616,72.849819,4.31,-3.56,11.9,2.384,0.0316
G04247,33,49,19.072672,72.854569,4.51,1.47,11.5,1.468,0.0
G04248,34,49,19.072727,72.859318,11.05,4.51,18.58,3.553,0.0
G04249,35,49,19.072782,72.864067,8.29,1.88,18.45,3.366,0.0
G04250,36,49,19.072837,72.868817,6.89,-0.0,13.68,2.923,0.0
G04251,37,49,19.072892,72.873566,5.56,1.0,11.78,2.762,0.095
G04252,38,49,19.072946,72.878315,10.88,0.17,20.84,3.316,0.0
G04253,39,49,19.073001,72.883065,8.14,5.03,15.46,2.125,0.0
G04254,40,49,19.073056,72.887814,5.93,3.81,16.28,1.7,0.0
G04255,41,49,19.07311,72.892564,6.12,3.65,15.04,2.393,0.0
G04256,42,49,19.073164,72.897313,8.51,3.44,24.97,3.483,0.0
G04257,43,49,19.073218,72.902062,9.68,3.56,16.81,3.267,0.0
G04258,44,49,19.073272,72.906812,9.72,4.05,18.34,3.256,0.0
G04259,45,49,19.073326,72.911561,7.62,3.2,14.53,1.762,0.0
G04260,46,49,19.07338,72.916311,5.72,0.79,11.02,1.232,0.0
G04261,47,49,19.073434,72.921061,6.46,0.0,34.96,4.034,0.0625
G04262,48,49,19.073487,72.92581,21.14,0.0,37.98,5.531,0.1237
G04263,49,49,19.07354,72.93056,10.78,0.0,31.42,4.065,0.1025
G04264,50,49,19.073594,72.935309,5.17,0.0,8.86,2.393,0.0447
G04265,51,49,19.073647,72.940059,3.46,1.98,8.67,1.271,0.03
G04266,52,49,19.0737,72.944808,3.85,1.98,7.27,1.535,0.0
G04267,53,49,19.073753,72.949558,3.55,1.8,7.42,1.158,0.005
G04268,54,49,19.073805,72.954308,5.35,2.85,7.1,0.79,0.0
G04269,55,49,19.073858,72.959057,1.21,0.0,6.66,0.738,0.8105
G04270,56,49,19.073911,72.963807,0.0,0.0,0.0,0.0,1.0
G04271,57,49,19.073963,72.968557,0.0,0.0,0.0,0.0,1.0
G04272,58,49,19.074015,72.973306,0.0,0.0,0.0,0.0,1.0
G04273,59,49,19.074068,72.978056,0.0,0.0,0.0,0.0,1.0
G04274,60,49,19.07412,72.982806,2.48,0.0,12.91,1.336,0.725
G04275,61,49,19.074171,72.987556,7.39,0.78,13.98,2.514,0.0447
G04276,62,49,19.074223,72.992305,8.07,1.5,15.24,3.574,0.0475
G04277,63,49,19.074275,72.997055,7.33,-0.28,14.25,2.772,0.0
G04278,64,49,19.074327,73.001805,6.68,1.51,13.69,2.556,0.005
G04279,65,49,19.074378,73.006555,5.62,3.28,9.92,1.316,0.0
G04280,66,49,19.074429,73.011305,6.64,3.31,18.08,2.108,0.0
G04281,67,49,19.07448,73.016054,8.8,4.25,19.88,2.666,0.0
G04282,68,49,19.074531,73.020804,18.05,8.77,42.18,4.168,0.0
G04283,69,49,19.074582,73.025554,23.4,15.62,32.21,3.043,0.0
G04284,70,49,19.074633,73.030304,30.93,22.27,40.7,3.028,0.0
G04285,71,49,19.074684,73.035054,87.71,31.35,205.46,18.18,0.0579
G04286,72,49,19.074735,73.039804,287.45,182.4,378.17,20.555,0.0
G04287,73,49,19.074785,73.044554,309.37,275.72,378.17,10.11,0.0
G04288,74,49,19.074835,73.049304,269.58,140.86,341.42,22.879,0.0
G04289,75,49,19.074886,73.054054,82.31,33.32,163.41,14.041,0.0711
G04290,76,49,19.074936,73.058804,73.4,33.32,160.76,12.422,0.1158
G04291,77,49,19.074986,73.063554,106.94,39.87,199.94,21.751,0.0
G04292,78,49,19.075035,73.068304,29.76,12.42,115.42,7.574,0.0053
G04293,79,49,19.075085,73.073054,10.46,6.0,18.25,1.679,0.1175
G04294,80,49,19.075135,73.077804,8.58,6.17,13.15,1.461,0.0211
G04295,81,49,19.075184,73.082554,7.56,3.99,11.54,0.901,0.025
G04296,82,49,19.075234,73.087304,8.29,3.12,15.76,1.839,0.0
G04297,83,49,19.075283,73.092054,7.52,1.8,15.95,2.16,0.0
G04298,84,49,19.075332,73.096804,5.53,1.5,9.98,1.884,0.0316
G04299,85,49,19.075381,73.101554,7.72,3.91,12.5,0.962,0.0
G04300,0,50,19.075296,72.697788,0.0,0.0,0.0,0.0,1.0
G04301,1,50,19.075355,72.702537,0.0,0.0,0.0,0.0,1.0
G04302,2,50,19.075414,72.707286,0.0,0.0,0.0,0.0,1.0
G04303,3,50,19.075473,72.712035,0.0,0.0,0.0,0.0,1.0
G04304,4,50,19.075532,72.716784,0.0,0.0,0.0,0.0,1.0
G04305,5,50,19.075591,72.721532,0.0,0.0,0.0,0.0,1.0
G04306,6,50,19.07565,72.726281,0.0,0.0,0.0,0.0,1.0
G04307,7,50,19.075708,72.73103,0.0,0.0,0.0,0.0,1.0
G04308,8,50,19.075767,72.735779,0.0,0.0,0.0,0.0,1.0
G04309,9,50,19.075825,72.740528,0.0,0.0,0.0,0.0,1.0
G04310,10,50,19.075883,72.745278,0.0,0.0,0.0,0.0,1.0
G04311,11,50,19.075941,72.750027,0.0,0.0,0.0,0.0,1.0
G04312,12,50,19.075999,72.754776,0.0,0.0,0.0,0.0,1.0
G04313,13,50,19.076057,72.759525,0.0,0.0,0.0,0.0,1.0
G04314,14,50,19.076115,72.764274,0.0,0.0,0.0,0.0,1.0
G04315,15,50,19.076172,72.769023,0.0,0.0,0.0,0.0,1.0
G04316,16,50,19.07623,72.773772,0.0,0.0,0.0,0.0,1.0
G04317,17,50,19.076287,72.778521,0.0,0.0,0.0,0.0,1.0
G04318,18,50,19.076344,72.783271,0.0,0.0,0.0,0.0,1.0
G04319,19,50,19.076401,72.78802,0.0,0.0,0.0,0.0,1.0
G04320,20,50,19.076458,72.792769,0.0,0.0,0.0,0.0,1.0
G04321,21,50,19.076515,72.797518,0.0,0.0,0.0,0.0,1.0
G04322,22,50,19.076572,72.802267,0.0,0.0,0.0,0.0,1.0
G04323,23,50,19.076628,72.807017,0.0,0.0,0.0,0.0,1.0
G04324,24,50,19.076685,72.811766,0.0,0.0,0.0,0.0,1.0
G04325,25,50,19.076741,72.816515,0.0,0.0,0.0,0.0,1.0
G04326,26,50,19.076797,72.821265,3.36,0.0,13.86,1.703,0.6974
G04327,27,50,19.076853,72.826014,7.73,2.34,14.32,2.414,0.0055
G04328,28,50,19.076909,72.830763,9.55,4.61,20.58,3.459,0.0026
G04329,29,50,19.076965,72.835513,13.25,5.63,21.49,3.833,0.0
G04330,30,50,19.077021,72.840262,12.8,5.18,22.86,4.098,0.0
G04331,31,50,19.077076,72.845011,9.97,2.62,21.99,2.743,0.0
G04332,32,50,19.077132,72.849761,8.7,1.13,19.67,2.996,0.0
G04333,33,50,19.077187,72.85451,9.04,3.09,19.71,2.956,0.0
G04334,34,50,19.077242,72.85926,12.7,5.25,30.13,3.292,0.0
G04335,35,50,19.077298,72.864009,13.14,4.92,29.83,3.102,0.0
G04336,36,50,19.077353,72.868759,8.9,3.24,15.0,2.085,0.0
G04337,37,50,19.077407,72.873508,6.36,1.0,14.45,2.903,0.0632
G04338,38,50,19.077462,72.878258,6.31,0.17,13.07,2.59,0.0693
G04339,39,50,19.077517,72.883007,8.04,1.73,13.53,2.245,0.0
G04340,40,50,19.077571,72.887757,7.98,1.84,16.6,2.729,0.0
G04341,41,50,19.077626,72.892506,7.01,3.67,15.46,1.98,0.0
G04342,42,50,19.07768,72.897256,8.88,3.44,16.72,2.958,0.0
G04343,43,50,19.077734,72.902006,13.35,6.45,20.84,3.684,0.0
G04344,44,50,19.077788,72.906755,13.32,5.34,21.66,3.653,0.0
G04345,45,50,19.077842,72.911505,10.24,4.45,19.14,2.79,0.0
G04346,46,50,19.077896,72.916255,6.1,0.0,12.06,2.32,0.0
G04347,47,50,19.077949,72.921004,5.56,0.0,10.22,2.577,0.0
G04348,48,50,19.078003,72.925754,4.67,0.51,10.14,2.632,0.0028
G04349,49,50,19.078056,72.930504,4.87,1.08,12.82,1.404,0.2711
G04350,50,50,19.07811,72.935253,3.98,2.14,8.86,0.946,0.1828
G04351,51,50,19.078163,72.940003,3.1,2.14,6.44,0.715,0.0132
G04352,52,50,19.078216,72.944753,4.52,2.27,6.91,1.514,0.0
G04353,53,50,19.078269,72.949502,4.22,2.33,7.36,1.127,0.0
G04354,54,50,19.078321,72.954252,5.57,0.0,7.25,1.24,0.0139
G04355,55,50,19.078374,72.959002,0.45,0.0,6.6,0.582,0.9307
G04356,56,50,19.078427,72.963752,0.0,0.0,0.0,0.0,1.0
G04357,57,50,19.078479,72.968502,0.0,0.0,0.0,0.0,1.0
G04358,58,50,19.078531,72.973252,0.0,0.0,0.0,0.0,1.0
G04359,59,50,19.078584,72.978001,0.0,0.0,0.0,0.0,1.0
G04360,60,50,19.078636,72.982751,0.43,0.0,6.35,0.348,0.9553
G04361,61,50,19.078687,72.987501,3.88,0.0,7.24,1.207,0.5097
G04362,62,50,19.078739,72.992251,5.25,1.0,13.72,2.801,0.1895
G04363,63,50,19.078791,72.997001,8.11,3.82,12.22,2.111,0.0
G04364,64,50,19.078843,73.001751,6.85,2.34,13.21,2.485,0.0
G04365,65,50,19.078894,73.006501,5.67,3.1,10.98,1.747,0.0
G04366,66,50,19.078945,73.011251,5.74,2.76,10.08,1.909,0.0
G04367,67,50,19.078997,73.016001,7.89,4.18,19.88,2.221,0.0
G04368,68,50,19.079048,73.020751,16.61,6.99,29.03,2.804,0.0
G04369,69,50,19.079099,73.025501,19.4,11.35,32.77,3.591,0.0
G04370,70,50,19.079149,73.030251,35.32,18.89,48.79,4.279,0.0
G04371,71,50,19.0792,73.035001,83.1,32.0,203.11,17.05,0.0526
G04372,72,50,19.079251,73.039751,279.98,152.76,372.47,21.77,0.0105
G04373,73,50,19.079301,73.044501,326.99,288.58,372.19,11.671,0.0
G04374,74,50,19.079351,73.049251,261.72,145.06,306.2,18.07,0.0
G04375,75,50,19.079402,73.054001,79.15,45.0,162.93,12.344,0.0055
G04376,76,50,19.079452,73.058751,96.55,45.0,201.33,15.283,0.0111
G04377,77,50,19.079502,73.063501,107.28,31.37,209.05,19.475,0.0
G04378,78,50,19.079552,73.068251,21.4,10.61,44.19,3.045,0.0
G04379,79,50,19.079601,73.073002,9.52,6.0,14.57,1.354,0.0605
G04380,80,50,19.079651,73.077752,9.77,6.99,13.24,1.365,0.0083
G04381,81,50,19.0797,73.082502,10.07,4.86,16.59,1.511,0.0184
G04382,82,50,19.07975,73.087252,10.03,7.22,14.77,1.466,0.0
G04383,83,50,19.079799,73.092002,10.15,6.93,16.41,2.1,0.0
G04384,84,50,19.079848,73.096753,7.28,1.5,10.56,2.174,0.0332
G04385,85,50,19.079897,73.101503,4.78,1.57,10.19,2.08,0.0316
G04386,0,51,19.079811,72.697725,0.0,0.0,0.0,0.0,1.0
G04387,1,51,19.07987,72.702474,0.0,0.0,0.0,0.0,1.0
G04388,2,51,19.07993,72.707223,0.0,0.0,0.0,0.0,1.0
G04389,3,51,19.079989,72.711973,0.0,0.0,0.0,0.0,1.0
G04390,4,51,19.080048,72.716722,0.0,0.0,0.0,0.0,1.0
G04391,5,51,19.080106,72.721471,0.0,0.0,0.0,0.0,1.0
G04392,6,51,19.080165,72.72622,0.0,0.0,0.0,0.0,1.0
G04393,7,51,19.080224,72.730969,0.0,0.0,0.0,0.0,1.0
G04394,8,51,19.080282,72.735718,0.0,0.0,0.0,0.0,1.0
G04395,9,51,19.08034,72.740467,0.0,0.0,0.0,0.0,1.0
G04396,10,51,19.080398,72.745216,0.0,0.0,0.0,0.0,1.0
G04397,11,51,19.080457,72.749966,0.0,0.0,0.0,0.0,1.0
G04398,12,51,19.080514,72.754715,0.0,0.0,0.0,0.0,1.0
G04399,13,51,19.080572,72.759464,0.0,0.0,0.0,0.0,1.0
G04400,14,51,19.08063,72.764213,0.0,0.0,0.0,0.0,1.0
G04401,15,51,19.080688,72.768963,0.0,0.0,0.0,0.0,1.0
G04402,16,51,19.080745,72.773712,0.0,0.0,0.0,0.0,1.0
G04403,17,51,19.080802,72.778461,0.0,0.0,0.0,0.0,1.0
G04404,18,51,19.080859,72.78321,0.0,0.0,0.0,0.0,1.0
G04405,19,51,19.080917,72.78796,0.0,0.0,0.0,0.0,1.0
G04406,20,51,19.080974,72.792709,0.0,0.0,0.0,0.0,1.0
G04407,21,51,19.08103,72.797459,0.0,0.0,0.0,0.0,1.0
G04408,22,51,19.081087,72.802208,0.0,0.0,0.0,0.0,1.0
G04409,23,51,19.081144,72.806957,0.0,0.0,0.0,0.0,1.0
G04410,24,51,19.0812,72.811707,0.0,0.0,0.0,0.0,1.0
G04411,25,51,19.081256,72.816456,0.0,0.0,0.0,0.0,1.0
G04412,26,51,19.081313,72.821206,0.06,0.0,6.72,0.163,0.9868
G04413,27,51,19.081369,72.825955,3.88,0.0,11.04,1.662,0.2438
G04414,28,51,19.081425,72.830705,7.74,2.86,13.85,2.845,0.0
G04415,29,51,19.081481,72.835454,12.62,3.12,25.38,3.651,0.0
G04416,30,51,19.081536,72.840204,12.86,6.84,24.18,4.284,0.0
G04417,31,51,19.081592,72.844953,11.78,1.01,22.13,3.738,0.0
G04418,32,51,19.081647,72.849703,8.28,3.18,16.42,2.648,0.0
G04419,33,51,19.081703,72.854452,12.22,7.62,17.18,2.371,0.0
G04420,34,51,19.081758,72.859202,16.69,9.08,36.96,3.895,0.0
G04421,35,51,19.081813,72.863951,14.65,7.95,27.26,3.449,0.0
G04422,36,51,19.081868,72.868701,9.39,4.3,17.92,2.875,0.0
G04423,37,51,19.081923,72.873451,6.71,5.02,14.45,1.062,0.0
G04424,38,51,19.081978,72.8782,6.5,1.5,14.49,2.25,0.0942
G04425,39,51,19.082032,72.88295,9.53,4.3,16.6,2.708,0.0263
G04426,40,51,19.082087,72.8877,11.93,1.87,24.77,4.376,0.0
G04427,41,51,19.082141,72.892449,11.81,5.73,22.23,3.431,0.0
G04428,42,51,19.082196,72.897199,11.19,4.71,19.14,3.283,0.0
G04429,43,51,19.08225,72.901949,15.45,7.78,21.71,3.647,0.0
G04430,44,51,19.082304,72.906698,15.87,7.48,25.78,4.628,0.0
G04431,45,51,19.082358,72.911448,10.91,4.53,19.68,3.678,0.0
G04432,46,51,19.082411,72.916198,7.6,2.32,14.09,2.788,0.0
G04433,47,51,19.082465,72.920948,7.4,3.57,12.73,2.312,0.0
G04434,48,51,19.082519,72.925698,7.07,2.86,12.09,2.461,0.0
G04435,49,51,19.082572,72.930447,6.47,2.49,11.94,2.746,0.0
G04436,50,51,19.082625,72.935197,4.25,2.25,7.53,1.54,0.0416
G04437,51,51,19.082679,72.939947,3.17,2.11,7.95,0.896,0.0895
G04438,52,51,19.082732,72.944697,3.19,2.31,7.14,0.786,0.0
G04439,53,51,19.082785,72.949447,4.49,2.36,7.71,0.815,0.0
G04440,54,51,19.082837,72.954197,5.77,0.23,7.71,1.421,0.0332
G04441,55,51,19.08289,72.958947,0.54,0.0,6.99,0.612,0.9307
G04442,56,51,19.082943,72.963697,0.0,0.0,0.0,0.0,1.0
G04443,57,51,19.082995,72.968447,0.0,0.0,0.0,0.0,1.0
G04444,58,51,19.083047,72.973197,0.0,0.0,0.0,0.0,1.0
G04445,59,51,19.083099,72.977947,0.0,0.0,0.0,0.0,1.0
G04446,60,51,19.083152,72.982697,0.0,0.0,0.67,0.023,1.0
G04447,61,51,19.083203,72.987447,2.41,0.0,7.12,1.21,0.7701
G04448,62,51,19.083255,72.992197,3.07,0.0,7.82,2.202,0.5316
G04449,63,51,19.083307,72.996947,7.59,1.55,19.28,2.704,0.0
G04450,64,51,19.083359,73.001697,8.52,4.61,15.13,2.699,0.0
G04451,65,51,19.08341,73.006447,6.66,0.66,14.54,3.139,0.0
G04452,66,51,19.083461,73.011197,5.36,0.66,10.44,1.968,0.0
G04453,67,51,19.083513,73.015947,6.81,3.13,16.0,2.275,0.0
G04454,68,51,19.083564,73.020697,15.73,6.92,29.75,3.42,0.0
G04455,69,51,19.083615,73.025447,16.42,12.76,23.4,2.19,0.0
G04456,70,51,19.083665,73.030197,35.87,15.08,67.79,6.681,0.0053
G04457,71,51,19.083716,73.034947,60.32,43.2,152.76,7.827,0.0083
G04458,72,51,19.083767,73.039698,177.53,63.1,326.94,23.035,0.0316
G04459,73,51,19.083817,73.044448,308.44,207.03,361.05,17.471,0.0
G04460,74,51,19.083868,73.049198,275.31,146.09,357.4,21.255,0.0
G04461,75,51,19.083918,73.053948,129.27,58.29,229.39,21.406,0.0
G04462,76,51,19.083968,73.058699,157.34,61.21,221.94,16.433,0.0
G04463,77,51,19.084018,73.063449,111.31,31.83,210.33,18.586,0.0
G04464,78,51,19.084068,73.068199,22.57,10.61,44.06,3.087,0.0
G04465,79,51,19.084118,73.072949,14.33,9.47,20.57,1.403,0.0
G04466,80,51,19.084167,73.0777,12.24,9.73,17.1,1.047,0.0
G04467,81,51,19.084217,73.08245,14.06,9.54,21.04,2.059,0.0474
G04468,82,51,19.084266,73.0872,10.22,6.69,14.02,1.465,0.0139
G04469,83,51,19.084315,73.091951,9.05,5.63,12.65,1.714,0.0
G04470,84,51,19.084364,73.096701,8.07,3.85,11.38,1.582,0.0
G04471,85,51,19.084413,73.101451,6.91,2.19,10.95,1.642,0.0079
G04472,0,52,19.084326,72.697663,0.0,0.0,0.0,0.0,1.0
G04473,1,52,19.084386,72.702412,0.0,0.0,0.0,0.0,1.0
G04474,2,52,19.084445,72.707161,0.0,0.0,0.0,0.0,1.0
G04475,3,52,19.084504,72.711911,0.0,0.0,0.0,0.0,1.0
G04476,4,52,19.084563,72.71666,0.0,0.0,0.0,0.0,1.0
G04477,5,52,19.084622,72.721409,0.0,0.0,0.0,0.0,1.0
G04478,6,52,19.08468,72.726158,0.0,0.0,0.0,0.0,1.0
G04479,7,52,19.084739,72.730907,0.0,0.0,0.0,0.0,1.0
G04480,8,52,19.084797,72.735657,0.0,0.0,0.0,0.0,1.0
G04481,9,52,19.084856,72.740406,0.0,0.0,0.0,0.0,1.0
G04482,10,52,19.084914,72.745155,0.0,0.0,0.0,0.0,1.0
G04483,11,52,19.084972,72.749905,0.0,0.0,0.0,0.0,1.0
G04484,12,52,19.08503,72.754654,0.0,0.0,0.0,0.0,1.0
G04485,13,52,19.085088,72.759403,0.0,0.0,0.0,0.0,1.0
G04486,14,52,19.085145,72.764153,0.0,0.0,0.0,0.0,1.0
G04487,15,52,19.085203,72.768902,0.0,0.0,0.0,0.0,1.0
G04488,16,52,19.08526,72.773651,0.0,0.0,0.0,0.0,1.0
G04489,17,52,19.085318,72.778401,0.0,0.0,0.0,0.0,1.0
G04490,18,52,19.085375,72.78315,0.0,0.0,0.0,0.0,1.0
G04491,19,52,19.085432,72.7879,0.0,0.0,0.0,0.0,1.0
G04492,20,52,19.085489,72.792649,0.0,0.0,0.0,0.0,1.0
G04493,21,52,19.085546,72.797399,0.0,0.0,0.0,0.0,1.0
G04494,22,52,19.085603,72.802148,0.0,0.0,0.0,0.0,1.0
G04495,23,52,19.085659,72.806898,0.0,0.0,0.0,0.0,1.0
G04496,24,52,19.085716,72.811647,0.0,0.0,0.0,0.0,1.0
G04497,25,52,19.085772,72.816397,0.0,0.0,0.0,0.0,1.0
G04498,26,52,19.085828,72.821147,0.02,0.0,1.16,0.044,1.0
G04499,27,52,19.085884,72.825896,5.64,0.0,19.81,3.122,0.4789
G04500,28,52,19.08594,72.830646,9.21,1.85,17.71,3.762,0.0
G04501,29,52,19.085996,72.835395,10.86,4.16,17.62,3.217,0.0
G04502,30,52,19.086052,72.840145,11.44,6.0,21.1,3.041,0.0
G04503,31,52,19.086108,72.844895,8.69,1.66,19.53,2.699,0.0
G04504,32,52,19.086163,72.849644,5.89,2.64,16.03,1.339,0.0
G04505,33,52,19.086218,72.854394,7.02,3.49,14.76,1.374,0.0025
G04506,34,52,19.086274,72.859144,7.94,3.78,19.65,1.723,0.0211
G04507,35,52,19.086329,72.863893,10.38,5.5,32.63,3.315,0.0125
G04508,36,52,19.086384,72.868643,7.38,4.93,32.63,2.273,0.0158
G04509,37,52,19.086439,72.873393,5.64,4.56,6.91,0.424,0.0
G04510,38,52,19.086494,72.878143,6.93,2.0,15.98,2.069,0.0842
G04511,39,52,19.086548,72.882893,11.0,5.89,16.26,2.17,0.0075
G04512,40,52,19.086603,72.887642,14.71,-2.99,30.8,4.496,0.0
G04513,41,52,19.086657,72.892392,22.49,3.1,39.14,5.018,0.0
G04514,42,52,19.086711,72.897142,15.92,10.29,23.15,2.622,0.0
G04515,43,52,19.086766,72.901892,19.25,11.33,31.47,3.622,0.0
G04516,44,52,19.08682,72.906642,19.37,8.53,32.14,4.0,0.0
G04517,45,52,19.086873,72.911392,10.84,5.59,22.06,3.594,0.0
G04518,46,52,19.086927,72.916142,8.06,3.78,18.97,2.435,0.0
G04519,47,52,19.086981,72.920891,4.57,2.31,13.98,1.536,0.0
G04520,48,52,19.087034,72.925641,6.09,2.49,11.39,2.534,0.0
G04521,49,52,19.087088,72.930391,5.58,2.28,11.58,1.996,0.0
G04522,50,52,19.087141,72.935141,3.87,2.28,7.35,0.92,0.0
G04523,51,52,19.087194,72.939891,4.16,2.23,7.68,1.325,0.0
G04524,52,52,19.087247,72.944641,4.12,2.16,7.46,1.352,0.0105
G04525,53,52,19.0873,72.949391,4.67,2.37,7.0,0.776,0.0
G04526,54,52,19.087353,72.954141,6.12,0.0,8.01,0.975,0.0395
G04527,55,52,19.087406,72.958891,0.48,0.0,6.99,0.501,0.9342
G04528,56,52,19.087458,72.963641,0.0,0.0,0.0,0.0,1.0
G04529,57,52,19.087511,72.968391,0.0,0.0,0.0,0.0,1.0
G04530,58,52,19.087563,72.973142,0.0,0.0,0.0,0.0,1.0
G04531,59,52,19.087615,72.977892,0.0,0.0,0.0,0.0,1.0
G04532,60,52,19.087668,72.982642,0.24,0.0,4.97,0.404,0.9925
G04533,61,52,19.087719,72.987392,5.3,0.67,7.14,1.135,0.1026
G04534,62,52,19.087771,72.992142,4.09,0.0,6.71,1.919,0.14
G04535,63,52,19.087823,72.996892,2.54,0.0,13.66,1.96,0.2895
G04536,64,52,19.087875,73.001642,7.84,0.02,17.72,3.078,0.02
G04537,65,52,19.087926,73.006393,7.24,2.36,13.06,3.177,0.0
G04538,66,52,19.087977,73.011143,7.28,3.72,13.86,2.188,0.0
G04539,67,52,19.088029,73.015893,6.71,2.77,18.83,2.179,0.0
G04540,68,52,19.08808,73.020643,14.55,6.92,22.35,2.738,0.0
G04541,69,52,19.088131,73.025394,14.24,9.36,21.16,2.365,0.0
G04542,70,52,19.088182,73.030144,25.27,11.87,65.13,5.132,0.0025
G04543,71,52,19.088232,73.034894,53.1,23.1,78.79,8.456,0.0079
G04544,72,52,19.088283,73.039645,147.97,64.94,227.23,16.818,0.0075
G04545,73,52,19.088333,73.044395,280.3,184.08,395.83,20.306,0.0
G04546,74,52,19.088384,73.049145,309.31,178.81,405.61,23.958,0.0
G04547,75,52,19.088434,73.053896,150.34,58.89,238.7,20.367,0.0
G04548,76,52,19.088484,73.058646,170.28,63.84,230.99,16.251,0.0
G04549,77,52,19.088534,73.063396,118.73,39.76,215.96,19.505,0.0
G04550,78,52,19.088584,73.068147,31.26,18.21,81.52,5.396,0.0
G04551,79,52,19.088634,73.072897,23.55,13.41,59.9,3.895,0.0
G04552,80,52,19.088683,73.077647,17.75,12.85,30.06,2.457,0.0
G04553,81,52,19.088733,73.082398,14.36,9.62,26.57,1.862,0.0
G04554,82,52,19.088782,73.087148,11.43,8.38,18.3,1.779,0.0447
G04555,83,52,19.088832,73.091899,12.41,7.63,28.55,2.412,0.0375
G04556,84,52,19.088881,73.096649,9.75,6.54,16.05,1.469,0.0105
G04557,85,52,19.08893,73.1014,9.07,6.25,13.4,1.126,0.0
G04558,0,53,19.088841,72.697601,0.0,0.0,0.0,0.0,1.0
G04559,1,53,19.088901,72.70235,0.0,0.0,0.0,0.0,1.0
G04560,2,53,19.08896,72.707099,0.0,0.0,0.0,0.0,1.0
G04561,3,53,19.089019,72.711848,0.0,0.0,0.0,0.0,1.0
G04562,4,53,19.089078,72.716598,0.0,0.0,0.0,0.0,1.0
G04563,5,53,19.089137,72.721347,0.0,0.0,0.0,0.0,1.0
G04564,6,53,19.089195,72.726096,0.0,0.0,0.0,0.0,1.0
G04565,7,53,19.089254,72.730846,0.0,0.0,0.0,0.0,1.0
G04566,8,53,19.089312,72.735595,0.0,0.0,0.0,0.0,1.0
G04567,9,53,19.089371,72.740345,0.0,0.0,0.0,0.0,1.0
G04568,10,53,19.089429,72.745094,0.0,0.0,0.0,0.0,1.0
G04569,11,53,19.089487,72.749844,0.0,0.0,0.0,0.0,1.0
G04570,12,53,19.089545,72.754593,0.0,0.0,0.0,0.0,1.0
G04571,13,53,19.089603,72.759343,0.0,0.0,0.0,0.0,1.0
G04572,14,53,19.089661,72.764092,0.0,0.0,0.0,0.0,1.0
G04573,15,53,19.089718,72.768842,0.0,0.0,0.0,0.0,1.0
G04574,16,53,19.089776,72.773591,0.0,0.0,0.0,0.0,1.0
G04575,17,53,19.089833,72.778341,0.0,0.0,0.0,0.0,1.0
G04576,18,53,19.08989,72.78309,0.0,0.0,0.0,0.0,1.0
G04577,19,53,19.089947,72.78784,0.0,0.0,0.0,0.0,1.0
G04578,20,53,19.090004,72.792589,0.0,0.0,0.0,0.0,1.0
G04579,21,53,19.090061,72.797339,0.0,0.0,0.0,0.0,1.0
G04580,22,53,19.090118,72.802089,0.0,0.0,0.0,0.0,1.0
G04581,23,53,19.090175,72.806838,0.0,0.0,0.0,0.0,1.0
G04582,24,53,19.090231,72.811588,0.0,0.0,0.0,0.0,1.0
G04583,25,53,19.090287,72.816338,0.0,0.0,0.0,0.0,1.0
G04584,26,53,19.090344,72.821087,0.0,0.0,0.0,0.0,1.0
G04585,27,53,19.0904,72.825837,2.96,0.0,17.75,2.04,0.6648
G04586,28,53,19.090456,72.830587,7.44,1.64,17.75,3.355,0.0079
G04587,29,53,19.090512,72.835337,7.37,0.42,17.54,3.194,0.0083
G04588,30,53,19.090568,72.840086,9.26,2.83,16.23,3.157,0.0
G04589,31,53,19.090623,72.844836,7.23,2.37,16.15,2.018,0.0
G04590,32,53,19.090679,72.849586,5.9,3.42,11.7,1.252,0.0
G04591,33,53,19.090734,72.854336,7.42,3.42,22.41,2.535,0.0079
G04592,34,53,19.090789,72.859086,7.05,3.58,21.77,1.411,0.0055
G04593,35,53,19.090844,72.863836,7.22,5.52,10.76,0.597,0.0132
G04594,36,53,19.0909,72.868585,6.72,5.16,8.98,0.533,0.0194
G04595,37,53,19.090954,72.873335,6.86,5.51,9.81,0.562,0.0
G04596,38,53,19.091009,72.878085,6.9,2.41,12.68,1.094,0.0166
G04597,39,53,19.091064,72.882835,13.98,8.48,21.09,2.383,0.0
G04598,40,53,19.091118,72.887585,22.01,10.87,45.92,4.067,0.0
G04599,41,53,19.091173,72.892335,32.19,19.05,53.99,5.092,0.0
G04600,42,53,19.091227,72.897085,31.87,15.75,61.39,6.422,0.0
G04601,43,53,19.091281,72.901835,28.6,19.48,49.23,4.516,0.0
G04602,44,53,19.091335,72.906585,33.63,16.41,68.87,6.752,0.0
G04603,45,53,19.091389,72.911335,15.23,6.5,25.42,2.944,0.0
G04604,46,53,19.091443,72.916085,9.75,3.08,20.29,3.278,0.0
G04605,47,53,19.091497,72.920835,6.32,1.86,17.82,2.208,0.0
G04606,48,53,19.09155,72.925585,5.5,3.13,12.39,1.806,0.0
G04607,49,53,19.091604,72.930335,5.16,2.28,10.23,1.978,0.0
G04608,50,53,19.091657,72.935085,4.85,2.28,9.12,1.956,0.0
G04609,51,53,19.09171,72.939835,4.65,2.55,8.34,1.272,0.0
G04610,52,53,19.091763,72.944586,4.24,2.09,7.52,1.14,0.0886
G04611,53,53,19.091816,72.949336,6.07,0.92,8.11,0.85,0.0
G04612,54,53,19.091869,72.954086,5.01,0.0,8.58,2.409,0.1662
G04613,55,53,19.091922,72.958836,1.5,0.0,8.14,0.754,0.759
G04614,56,53,19.091974,72.963586,0.0,0.0,0.0,0.0,1.0
G04615,57,53,19.092027,72.968336,0.0,0.0,0.0,0.0,1.0
G04616,58,53,19.092079,72.973087,0.0,0.0,0.0,0.0,1.0
G04617,59,53,19.092131,72.977837,0.0,0.0,0.0,0.0,1.0
G04618,60,53,19.092184,72.982587,0.55,0.0,5.49,0.576,0.9579
G04619,61,53,19.092235,72.987337,4.01,2.11,6.56,0.925,0.0083
G04620,62,53,19.092287,72.992088,3.69,0.34,6.36,0.836,0.0026
G04621,63,53,19.092339,72.996838,3.76,0.0,8.48,2.209,0.0554
G04622,64,53,19.092391,73.001588,3.59,0.0,10.87,2.304,0.1
G04623,65,53,19.092442,73.006339,7.34,1.0,14.41,3.021,0.0
G04624,66,53,19.092494,73.011089,7.68,1.36,16.33,3.267,0.0
G04625,67,53,19.092545,73.015839,7.84,3.08,14.41,2.529,0.0
G04626,68,53,19.092596,73.02059,13.4,5.84,26.46,3.174,0.0
G04627,69,53,19.092647,73.02534,13.15,8.29,20.14,2.124,0.0
G04628,70,53,19.092698,73.03009,17.31,10.84,31.64,2.922,0.0
G04629,71,53,19.092748,73.034841,52.94,18.47,122.18,10.959,0.0332
G04630,72,53,19.092799,73.039591,121.08,65.28,184.38,14.449,0.0079
G04631,73,53,19.09285,73.044342,248.15,160.54,394.56,19.948,0.0
G04632,74,53,19.0929,73.049092,283.35,127.87,396.12,27.927,0.0
G04633,75,53,19.09295,73.053843,81.07,38.78,178.81,13.054,0.0
G04634,76,53,19.093,73.058593,90.81,40.74,206.96,15.679,0.0
G04635,77,53,19.09305,73.063344,71.66,29.42,196.15,14.732,0.0
G04636,78,53,19.0931,73.068094,32.54,22.7,78.41,5.646,0.0
G04637,79,53,19.09315,73.072845,39.72,21.7,94.64,9.361,0.0
G04638,80,53,19.0932,73.077595,22.83,15.83,34.26,2.832,0.0
G04639,81,53,19.093249,73.082346,15.47,12.3,20.36,1.649,0.0
G04640,82,53,19.093299,73.087096,14.2,10.5,20.96,1.617,0.0194
G04641,83,53,19.093348,73.091847,18.3,10.2,26.94,3.046,0.0
G04642,84,53,19.093397,73.096598,11.84,8.36,19.85,2.129,0.0
G04643,85,53,19.093446,73.101348,15.07,9.2,21.82,2.56,0.0237
G04644,0,54,19.093357,72.697538,0.0,0.0,0.0,0.0,1.0
G04645,1,54,19.093416,72.702288,0.0,0.0,0.0,0.0,1.0
G04646,2,54,19.093475,72.707037,0.0,0.0,0.0,0.0,1.0
G04647,3,54,19.093534,72.711786,0.0,0.0,0.0,0.0,1.0
G04648,4,54,19.093593,72.716536,0.0,0.0,0.0,0.0,1.0
G04649,5,54,19.093652,72.721285,0.0,0.0,0.0,0.0,1.0
G04650,6,54,19.093711,72.726035,0.0,0.0,0.0,0.0,1.0
G04651,7,54,19.093769,72.730784,0.0,0.0,0.0,0.0,1.0
G04652,8,54,19.093828,72.735534,0.0,0.0,0.0,0.0,1.0
G04653,9,54,19.093886,72.740283,0.0,0.0,0.0,0.0,1.0
G04654,10,54,19.093944,72.745033,0.0,0.0,0.0,0.0,1.0
G04655,11,54,19.094002,72.749783,0.0,0.0,0.0,0.0,1.0
G04656,12,54,19.09406,72.754532,0.0,0.0,0.0,0.0,1.0
G04657,13,54,19.094118,72.759282,0.0,0.0,0.0,0.0,1.0
G04658,14,54,19.094176,72.764031,0.0,0.0,0.0,0.0,1.0
G04659,15,54,19.094234,72.768781,0.0,0.0,0.0,0.0,1.0
G04660,16,54,19.094291,72.773531,0.0,0.0,0.0,0.0,1.0
G04661,17,54,19.094348,72.77828,0.0,0.0,0.0,0.0,1.0
G04662,18,54,19.094406,72.78303,0.0,0.0,0.0,0.0,1.0
G04663,19,54,19.094463,72.78778,0.0,0.0,0.0,0.0,1.0
G04664,20,54,19.09452,72.79253,0.0,0.0,0.0,0.0,1.0
G04665,21,54,19.094577,72.797279,0.0,0.0,0.0,0.0,1.0
G04666,22,54,19.094633,72.802029,0.0,0.0,0.0,0.0,1.0
G04667,23,54,19.09469,72.806779,0.0,0.0,0.0,0.0,1.0
G04668,24,54,19.094747,72.811529,0.0,0.0,0.0,0.0,1.0
G04669,25,54,19.094803,72.816278,0.0,0.0,0.0,0.0,1.0
G04670,26,54,19.094859,72.821028,0.0,0.0,0.0,0.0,1.0
G04671,27,54,19.094915,72.825778,2.21,0.0,16.17,1.956,0.6289
G04672,28,54,19.094971,72.830528,5.42,2.15,16.21,2.141,0.0
G04673,29,54,19.095027,72.835278,3.6,2.13,8.85,0.899,0.0
G04674,30,54,19.095083,72.840028,9.18,2.63,19.7,3.388,0.0
G04675,31,54,19.095139,72.844778,12.44,3.76,21.15,3.395,0.0
G04676,32,54,19.095194,72.849528,14.06,6.83,22.76,3.477,0.0
G04677,33,54,19.09525,72.854278,12.88,7.45,24.84,3.472,0.0025
G04678,34,54,19.095305,72.859028,11.09,7.5,21.09,1.434,0.0
G04679,35,54,19.09536,72.863778,11.67,7.56,21.22,1.74,0.0
G04680,36,54,19.095415,72.868528,9.59,7.12,21.22,1.762,0.0
G04681,37,54,19.09547,72.873278,12.94,6.46,33.54,5.466,0.0
G04682,38,54,19.095525,72.878028,9.33,2.67,27.21,3.421,0.0632
G04683,39,54,19.09558,72.882778,11.22,3.47,20.9,3.013,0.005
G04684,40,54,19.095634,72.887528,16.85,8.96,25.73,2.086,0.0
G04685,41,54,19.095689,72.892278,25.6,17.3,52.17,4.726,0.0
G04686,42,54,19.095743,72.897028,28.0,19.27,48.85,4.716,0.0
G04687,43,54,19.095797,72.901778,37.08,26.17,66.52,4.867,0.0
G04688,44,54,19.095851,72.906528,40.72,25.41,68.96,6.752,0.0
G04689,45,54,19.095905,72.911278,22.09,14.29,32.79,2.92,0.0
G04690,46,54,19.095959,72.916028,15.07,6.06,24.48,3.538,0.0
G04691,47,54,19.096013,72.920779,11.32,0.0,26.11,4.333,0.0
G04692,48,54,19.096066,72.925529,8.69,3.34,26.11,3.082,0.0
G04693,49,54,19.09612,72.930279,4.59,3.15,8.47,1.29,0.0
G04694,50,54,19.096173,72.935029,4.55,2.68,11.73,1.349,0.0
G04695,51,54,19.096226,72.939779,4.8,0.07,8.14,1.71,0.0
G04696,52,54,19.096279,72.94453,5.42,0.0,8.39,2.147,0.0
G04697,53,54,19.096332,72.94928,5.83,0.0,8.32,1.807,0.0
G04698,54,54,19.096385,72.95403,7.1,0.92,8.97,0.66,0.0
G04699,55,54,19.096438,72.958781,2.81,0.0,9.05,0.967,0.5711
G04700,56,54,19.09649,72.963531,0.0,0.0,0.0,0.0,1.0
G04701,57,54,19.096543,72.968281,0.0,0.0,0.0,0.0,1.0
G04702,58,54,19.096595,72.973032,0.0,0.0,0.0,0.0,1.0
G04703,59,54,19.096647,72.977782,0.0,0.0,0.0,0.0,1.0
G04704,60,54,19.096699,72.982532,1.56,0.0,7.26,0.765,0.8325
G04705,61,54,19.096751,72.987283,4.29,2.24,7.34,0.773,0.0
G04706,62,54,19.096803,72.992033,3.5,2.28,5.54,0.712,0.0
G04707,63,54,19.096855,72.996784,6.19,3.09,14.45,1.519,0.0026
G04708,64,54,19.096907,73.001534,7.58,1.0,15.41,3.31,0.01
G04709,65,54,19.096958,73.006284,7.25,1.0,13.19,2.124,0.0
G04710,66,54,19.09701,73.011035,10.07,4.22,17.42,2.662,0.0
G04711,67,54,19.097061,73.015785,12.01,6.36,19.33,2.378,0.0
G04712,68,54,19.097112,73.020536,20.74,7.36,50.93,4.072,0.0
G04713,69,54,19.097163,73.025286,20.33,12.01,52.01,4.023,0.0
G04714,70,54,19.097214,73.030037,20.99,14.02,35.15,4.921,0.02
G04715,71,54,19.097265,73.034788,53.17,15.09,124.84,11.303,0.0105
G04716,72,54,19.097315,73.039538,86.55,53.77,174.58,14.753,0.0
G04717,73,54,19.097366,73.044289,199.51,80.85,315.68,22.351,0.0
G04718,74,54,19.097416,73.049039,205.29,71.77,350.71,25.875,0.0
G04719,75,54,19.097466,73.05379,55.45,32.59,134.67,9.32,0.0
G04720,76,54,19.097517,73.058541,41.33,27.78,87.7,6.458,0.0
G04721,77,54,19.097567,73.063291,31.2,20.82,55.46,3.789,0.0025
G04722,78,54,19.097616,73.068042,21.96,18.26,29.65,1.539,0.0
G04723,79,54,19.097666,73.072792,21.21,16.55,27.34,1.658,0.0
G04724,80,54,19.097716,73.077543,19.02,15.63,26.75,1.882,0.0
G04725,81,54,19.097765,73.082294,16.65,14.55,27.8,1.322,0.0
G04726,82,54,19.097815,73.087045,17.29,14.63,22.47,1.687,0.0
G04727,83,54,19.097864,73.091795,18.19,12.35,23.29,1.972,0.0
G04728,84,54,19.097913,73.096546,13.77,9.8,21.98,2.538,0.0
G04729,85,54,19.097962,73.101297,16.06,10.95,25.84,3.094,0.0
G04730,0,55,19.097872,72.697476,0.0,0.0,0.0,0.0,1.0
G04731,1,55,19.097931,72.702225,0.0,0.0,0.0,0.0,1.0
G04732,2,55,19.09799,72.706975,0.0,0.0,0.0,0.0,1.0
G04733,3,55,19.098049,72.711724,0.0,0.0,0.0,0.0,1.0
G04734,4,55,19.098108,72.716474,0.0,0.0,0.0,0.0,1.0
G04735,5,55,19.098167,72.721223,0.0,0.0,0.0,0.0,1.0
G04736,6,55,19.098226,72.725973,0.0,0.0,0.0,0.0,1.0
G04737,7,55,19.098285,72.730723,0.0,0.0,0.0,0.0,1.0
G04738,8,55,19.098343,72.735472,0.0,0.0,0.0,0.0,1.0
G04739,9,55,19.098401,72.740222,0.0,0.0,0.0,0.0,1.0
G04740,10,55,19.09846,72.744972,0.0,0.0,0.0,0.0,1.0
G04741,11,55,19.098518,72.749721,0.0,0.0,0.0,0.0,1.0
G04742,12,55,19.098576,72.754471,0.0,0.0,0.0,0.0,1.0
G04743,13,55,19.098634,72.759221,0.0,0.0,0.0,0.0,1.0
G04744,14,55,19.098691,72.763971,0.0,0.0,0.0,0.0,1.0
G04745,15,55,19.098749,72.76872,0.0,0.0,0.0,0.0,1.0
G04746,16,55,19.098806,72.77347,0.0,0.0,0.0,0.0,1.0
G04747,17,55,19.098864,72.77822,0.0,0.0,0.0,0.0,1.0
G04748,18,55,19.098921,72.78297,0.0,0.0,0.0,0.0,1.0
G04749,19,55,19.098978,72.78772,0.0,0.0,0.0,0.0,1.0
G04750,20,55,19.099035,72.79247,0.0,0.0,0.0,0.0,1.0
G04751,21,55,19.099092,72.79722,0.0,0.0,0.0,0.0,1.0
G04752,22,55,19.099149,72.801969,0.0,0.0,0.0,0.0,1.0
G04753,23,55,19.099206,72.806719,0.0,0.0,0.0,0.0,1.0
G04754,24,55,19.099262,72.811469,0.0,0.0,0.0,0.0,1.0
G04755,25,55,19.099318,72.816219,0.0,0.0,0.0,0.0,1.0
G04756,26,55,19.099375,72.820969,0.0,0.0,0.0,0.0,1.0
G04757,27,55,19.099431,72.825719,5.08,0.0,17.99,2.588,0.4349
G04758,28,55,19.099487,72.830469,3.5,1.89,15.39,1.281,0.2263
G04759,29,55,19.099543,72.835219,3.59,2.0,9.64,1.025,0.0
G04760,30,55,19.099599,72.839969,9.16,2.2,19.75,2.515,0.0
G04761,31,55,19.099654,72.844719,14.32,9.66,22.39,2.945,0.0
G04762,32,55,19.09971,72.849469,18.04,12.44,24.62,3.238,0.0
G04763,33,55,19.099765,72.854219,14.56,10.4,24.37,2.404,0.0
G04764,34,55,19.099821,72.858969,13.84,10.42,25.75,2.134,0.0
G04765,35,55,19.099876,72.86372,15.85,10.83,28.9,2.814,0.0
G04766,36,55,19.099931,72.86847,13.68,10.34,17.87,1.618,0.0
G04767,37,55,19.099986,72.87322,14.78,0.93,40.77,5.798,0.0211
G04768,38,55,19.100041,72.87797,11.37,4.42,25.14,4.443,0.0194
G04769,39,55,19.100095,72.88272,13.6,5.28,19.51,3.307,0.0
G04770,40,55,19.10015,72.88747,14.06,9.47,19.95,2.279,0.0
G04771,41,55,19.100204,72.892221,19.38,12.51,50.92,3.439,0.0
G04772,42,55,19.100259,72.896971,27.62,18.15,69.46,6.05,0.0
G04773,43,55,19.100313,72.901721,57.15,25.07,95.68,11.284,0.0
G04774,44,55,19.100367,72.906471,63.19,30.32,134.93,12.528,0.0
G04775,45,55,19.100421,72.911222,33.64,18.31,77.11,4.253,0.0
G04776,46,55,19.100475,72.915972,24.61,15.14,40.36,4.306,0.0
G04777,47,55,19.100528,72.920722,16.67,3.76,26.01,3.931,0.0
G04778,48,55,19.100582,72.925473,12.07,4.45,18.68,3.767,0.0
G04779,49,55,19.100635,72.930223,5.65,3.22,19.36,2.092,0.0
G04780,50,55,19.100689,72.934973,5.75,2.65,14.35,1.966,0.0
G04781,51,55,19.100742,72.939724,5.14,2.49,8.77,1.734,0.0
G04782,52,55,19.100795,72.944474,3.31,2.09,6.79,0.741,0.0
G04783,53,55,19.100848,72.949224,5.11,2.35,7.97,0.727,0.0
G04784,54,55,19.100901,72.953975,6.35,0.0,8.21,1.599,0.0166
G04785,55,55,19.100954,72.958725,1.77,0.0,8.16,1.645,0.6537
G04786,56,55,19.101006,72.963476,0.0,0.0,0.0,0.0,1.0
G04787,57,55,19.101059,72.968226,0.0,0.0,0.0,0.0,1.0
G04788,58,55,19.101111,72.972977,0.0,0.0,0.0,0.0,1.0
G04789,59,55,19.101163,72.977727,0.78,0.0,7.51,0.609,0.8781
G04790,60,55,19.101215,72.982478,4.18,0.0,7.92,1.958,0.3632
G04791,61,55,19.101267,72.987228,4.78,0.0,7.8,1.7,0.0554
G04792,62,55,19.101319,72.991979,4.16,0.88,6.34,1.103,0.0
G04793,63,55,19.101371,72.996729,8.56,1.66,16.24,2.429,0.0
G04794,64,55,19.101423,73.00148,10.23,5.23,16.24,2.237,0.0
G04795,65,55,19.101474,73.00623,10.95,6.18,16.36,1.995,0.0
G04796,66,55,19.101526,73.010981,10.41,5.92,16.41,1.918,0.0
G04797,67,55,19.101577,73.015732,16.62,9.45,27.43,2.832,0.0
G04798,68,55,19.101628,73.020482,28.28,13.8,52.47,4.69,0.0
G04799,69,55,19.101679,73.025233,21.83,12.99,52.47,4.36,0.0
G04800,70,55,19.10173,73.029984,21.54,8.1,32.57,4.679,0.0447
G04801,71,55,19.101781,73.034734,37.44,16.43,84.15,6.827,0.0
G04802,72,55,19.101831,73.039485,65.18,37.89,92.27,8.134,0.0
G04803,73,55,19.101882,73.044236,118.65,39.86,254.18,18.027,0.0
G04804,74,55,19.101932,73.048986,165.31,85.74,226.4,18.817,0.0
G04805,75,55,19.101983,73.053737,52.36,30.27,129.59,9.403,0.0
G04806,76,55,19.102033,73.058488,27.55,23.32,32.94,1.414,0.0
G04807,77,55,19.102083,73.063239,24.1,20.39,28.79,1.488,0.0
G04808,78,55,19.102133,73.067989,20.12,16.76,26.23,1.507,0.0
G04809,79,55,19.102182,73.07274,16.52,14.38,22.18,1.032,0.0
G04810,80,55,19.102232,73.077491,15.92,14.1,20.21,0.896,0.0
G04811,81,55,19.102282,73.082242,15.05,12.72,18.91,1.143,0.0
G04812,82,55,19.102331,73.086993,14.35,11.85,20.98,1.406,0.0
G04813,83,55,19.10238,73.091744,13.74,11.72,19.87,0.996,0.0
G04814,84,55,19.10243,73.096494,14.12,11.59,21.21,1.133,0.0
G04815,85,55,19.102479,73.101245,14.07,12.0,17.03,1.219,0.0
G04816,0,56,19.102387,72.697413,0.0,0.0,0.0,0.0,1.0
G04817,1,56,19.102446,72.702163,0.0,0.0,0.0,0.0,1.0
G04818,2,56,19.102505,72.706912,0.0,0.0,0.0,0.0,1.0
G04819,3,56,19.102565,72.711662,0.0,0.0,0.0,0.0,1.0
G04820,4,56,19.102624,72.716412,0.0,0.0,0.0,0.0,1.0
G04821,5,56,19.102682,72.721162,0.0,0.0,0.0,0.0,1.0
G04822,6,56,19.102741,72.725911,0.0,0.0,0.0,0.0,1.0
G04823,7,56,19.1028,72.730661,0.0,0.0,0.0,0.0,1.0
G04824,8,56,19.102858,72.735411,0.0,0.0,0.0,0.0,1.0
G04825,9,56,19.102917,72.740161,0.0,0.0,0.0,0.0,1.0
G04826,10,56,19.102975,72.744911,0.0,0.0,0.0,0.0,1.0
G04827,11,56,19.103033,72.74966,0.0,0.0,0.0,0.0,1.0
G04828,12,56,19.103091,72.75441,0.0,0.0,0.0,0.0,1.0
G04829,13,56,19.103149,72.75916,0.0,0.0,0.0,0.0,1.0
G04830,14,56,19.103207,72.76391,0.0,0.0,0.0,0.0,1.0
G04831,15,56,19.103264,72.76866,0.0,0.0,0.0,0.0,1.0
G04832,16,56,19.103322,72.77341,0.0,0.0,0.0,0.0,1.0
G04833,17,56,19.103379,72.77816,0.0,0.0,0.0,0.0,1.0
G04834,18,56,19.103436,72.78291,0.0,0.0,0.0,0.0,1.0
G04835,19,56,19.103494,72.78766,0.0,0.0,0.0,0.0,1.0
G04836,20,56,19.103551,72.79241,0.0,0.0,0.0,0.0,1.0
G04837,21,56,19.103608,72.79716,0.0,0.0,0.0,0.0,1.0
G04838,22,56,19.103664,72.80191,0.0,0.0,0.0,0.0,1.0
G04839,23,56,19.103721,72.80666,0.0,0.0,0.0,0.0,1.0
G04840,24,56,19.103778,72.81141,0.0,0.0,0.0,0.0,1.0
G04841,25,56,19.103834,72.81616,0.0,0.0,0.0,0.0,1.0
G04842,26,56,19.10389,72.82091,0.0,0.0,0.0,0.0,1.0
G04843,27,56,19.103946,72.82566,7.65,0.0,20.31,3.722,0.2184
G04844,28,56,19.104002,72.83041,7.0,2.0,16.24,2.511,0.075
G04845,29,56,19.104058,72.83516,10.67,4.34,19.51,3.127,0.0
G04846,30,56,19.104114,72.839911,12.08,3.99,22.04,3.608,0.0
G04847,31,56,19.10417,72.844661,16.5,9.99,26.66,4.002,0.0
G04848,32,56,19.104225,72.849411,19.01,14.15,25.4,3.081,0.0
G04849,33,56,19.104281,72.854161,16.95,12.07,23.56,2.589,0.0
G04850,34,56,19.104336,72.858911,19.27,14.0,25.39,2.556,0.0
G04851,35,56,19.104391,72.863662,18.51,12.23,25.71,3.119,0.0
G04852,36,56,19.104446,72.868412,16.28,10.4,26.37,3.227,0.0
G04853,37,56,19.104501,72.873162,13.26,9.44,21.43,2.539,0.0
G04854,38,56,19.104556,72.877912,14.11,7.68,20.39,2.606,0.0
G04855,39,56,19.104611,72.882663,13.54,3.19,25.64,4.446,0.0
G04856,40,56,19.104666,72.887413,16.4,9.03,26.32,3.414,0.0
G04857,41,56,19.10472,72.892163,17.47,12.51,21.87,1.259,0.0
G04858,42,56,19.104774,72.896914,21.7,17.97,31.03,2.091,0.0
G04859,43,56,19.104829,72.901664,46.52,19.31,116.06,10.751,0.0
G04860,44,56,19.104883,72.906414,122.18,50.99,192.47,22.093,0.0
G04861,45,56,19.104937,72.911165,64.27,32.3,192.47,11.921,0.0
G04862,46,56,19.10499,72.915915,34.23,18.96,51.89,4.368,0.0
G04863,47,56,19.105044,72.920666,28.86,13.76,44.11,4.303,0.0
G04864,48,56,19.105098,72.925416,16.88,6.47,29.64,3.996,0.0
G04865,49,56,19.105151,72.930167,9.06,3.47,18.55,3.155,0.0
G04866,50,56,19.105205,72.934917,6.94,3.51,14.35,2.482,0.0
G04867,51,56,19.105258,72.939668,4.27,2.32,8.73,1.285,0.0
G04868,52,56,19.105311,72.944418,3.99,2.32,7.24,1.175,0.0
G04869,53,56,19.105364,72.949169,6.12,0.0,8.19,1.001,0.0025
G04870,54,56,19.105417,72.953919,5.85,0.0,9.17,2.523,0.0816
G04871,55,56,19.10547,72.95867,5.51,0.0,8.64,1.332,0.1947
G04872,56,56,19.105522,72.96342,0.02,0.0,2.01,0.062,0.9975
G04873,57,56,19.105575,72.968171,0.0,0.0,0.0,0.0,1.0
G04874,58,56,19.105627,72.972922,0.0,0.0,0.0,0.0,1.0
G04875,59,56,19.105679,72.977672,2.15,0.0,8.31,0.957,0.6474
G04876,60,56,19.105731,72.982423,4.23,2.44,8.01,1.059,0.0
G04877,61,56,19.105783,72.987173,3.95,2.28,6.48,0.833,0.0
G04878,62,56,19.105835,72.991924,3.94,2.26,6.44,0.8,0.0
G04879,63,56,19.105887,72.996675,7.4,2.06,16.33,1.951,0.0368
G04880,64,56,19.105939,73.001426,10.99,5.38,16.24,2.512,0.0
G04881,65,56,19.10599,73.006176,11.83,7.44,18.09,2.276,0.0
G04882,66,56,19.106042,73.010927,13.7,8.38,23.85,3.207,0.005
G04883,67,56,19.106093,73.015678,20.54,13.14,29.87,3.353,0.0
G04884,68,56,19.106144,73.020428,28.43,20.19,37.85,3.937,0.0
G04885,69,56,19.106195,73.025179,21.8,14.64,32.27,2.83,0.0
G04886,70,56,19.106246,73.02993,25.55,15.6,34.36,3.232,0.0275
G04887,71,56,19.106297,73.034681,27.14,16.72,46.22,3.642,0.0053
G04888,72,56,19.106347,73.039432,40.72,28.88,79.51,5.884,0.01
G04889,73,56,19.106398,73.044183,68.79,32.69,136.68,10.65,0.0
G04890,74,56,19.106448,73.048933,143.27,64.76,196.99,19.086,0.0
G04891,75,56,19.106499,73.053684,47.7,29.3,115.44,7.281,0.0
G04892,76,56,19.106549,73.058435,25.75,21.17,33.02,1.441,0.0
G04893,77,56,19.106599,73.063186,22.56,20.15,25.97,1.035,0.0
G04894,78,56,19.106649,73.067937,19.3,14.27,27.15,1.496,0.0
G04895,79,56,19.106699,73.072688,14.95,12.09,20.56,1.093,0.0
G04896,80,56,19.106748,73.077439,14.91,11.41,20.15,1.653,0.0
G04897,81,56,19.106798,73.08219,17.13,12.38,22.38,2.006,0.0
G04898,82,56,19.106847,73.086941,12.27,11.03,17.34,0.776,0.0
G04899,83,56,19.106897,73.091692,11.85,10.35,15.45,0.667,0.0
G04900,84,56,19.106946,73.096443,16.47,12.46,26.14,2.587,0.0
G04901,85,56,19.106995,73.101194,14.89,12.87,16.79,0.648,0.0
G04902,0,57,19.106902,72.697351,0.0,0.0,0.0,0.0,1.0
G04903,1,57,19.106961,72.7021,0.0,0.0,0.0,0.0,1.0
G04904,2,57,19.107021,72.70685,0.0,0.0,0.0,0.0,1.0
G04905,3,57,19.10708,72.7116,0.0,0.0,0.0,0.0,1.0
G04906,4,57,19.107139,72.71635,0.0,0.0,0.0,0.0,1.0
G04907,5,57,19.107198,72.7211,0.0,0.0,0.0,0.0,1.0
G04908,6,57,19.107256,72.72585,0.0,0.0,0.0,0.0,1.0
G04909,7,57,19.107315,72.7306,0.0,0.0,0.0,0.0,1.0
G04910,8,57,19.107373,72.735349,0.0,0.0,0.0,0.0,1.0
G04911,9,57,19.107432,72.740099,0.0,0.0,0.0,0.0,1.0
G04912,10,57,19.10749,72.744849,0.0,0.0,0.0,0.0,1.0
G04913,11,57,19.107548,72.749599,0.0,0.0,0.0,0.0,1.0
G04914,12,57,19.107606,72.754349,0.0,0.0,0.0,0.0,1.0
G04915,13,57,19.107664,72.759099,0.0,0.0,0.0,0.0,1.0
G04916,14,57,19.107722,72.763849,0.0,0.0,0.0,0.0,1.0
G04917,15,57,19.10778,72.768599,0.0,0.0,0.0,0.0,1.0
G04918,16,57,19.107837,72.773349,0.0,0.0,0.0,0.0,1.0
G04919,17,57,19.107895,72.778099,0.0,0.0,0.0,0.0,1.0
G04920,18,57,19.107952,72.78285,0.0,0.0,0.0,0.0,1.0
G04921,19,57,19.108009,72.7876,0.0,0.0,0.0,0.0,1.0
G04922,20,57,19.108066,72.79235,0.0,0.0,0.0,0.0,1.0
G04923,21,57,19.108123,72.7971,0.0,0.0,0.0,0.0,1.0
G04924,22,57,19.10818,72.80185,0.0,0.0,0.0,0.0,1.0
G04925,23,57,19.108236,72.8066,0.0,0.0,0.0,0.0,1.0
G04926,24,57,19.108293,72.81135,0.0,0.0,0.0,0.0,1.0
G04927,25,57,19.108349,72.816101,0.0,0.0,0.0,0.0,1.0
G04928,26,57,19.108406,72.820851,0.04,0.0,5.33,0.19,0.95
G04929,27,57,19.108462,72.825601,9.47,0.0,20.35,4.039,0.0471
G04930,28,57,19.108518,72.830351,11.35,5.09,18.45,3.22,0.0
G04931,29,57,19.108574,72.835102,10.93,1.59,23.64,4.343,0.0
G04932,30,57,19.10863,72.839852,10.75,3.02,19.09,3.209,0.0
G04933,31,57,19.108685,72.844602,12.99,8.51,20.6,3.226,0.0
G04934,32,57,19.108741,72.849353,17.97,8.51,26.72,3.829,0.0
G04935,33,57,19.108796,72.854103,19.97,12.47,29.41,3.409,0.0
G04936,34,57,19.108852,72.858853,23.9,16.59,31.11,2.812,0.0
G04937,35,57,19.108907,72.863604,21.22,13.91,29.02,3.294,0.0
G04938,36,57,19.108962,72.868354,19.43,13.24,26.4,2.515,0.0
G04939,37,57,19.109017,72.873104,16.8,11.11,26.28,2.713,0.0
G04940,38,57,19.109072,72.877855,16.2,9.12,28.04,3.061,0.0
G04941,39,57,19.109127,72.882605,17.27,11.76,27.97,3.439,0.0
G04942,40,57,19.109181,72.887356,17.98,7.29,31.7,4.17,0.0
G04943,41,57,19.109236,72.892106,21.42,15.96,37.34,2.636,0.0
G04944,42,57,19.10929,72.896857,24.44,17.9,53.49,3.859,0.0
G04945,43,57,19.109344,72.901607,40.23,22.79,63.04,6.057,0.0
G04946,44,57,19.109398,72.906358,116.57,38.72,207.34,19.978,0.0166
G04947,45,57,19.109452,72.911108,127.93,50.26,207.34,22.513,0.0
G04948,46,57,19.109506,72.915859,66.52,30.17,149.9,10.752,0.0055
G04949,47,57,19.10956,72.920609,42.81,24.15,83.01,6.087,0.0053
G04950,48,57,19.109614,72.92536,26.95,10.14,86.01,6.605,0.0
G04951,49,57,19.109667,72.93011,10.0,3.08,18.62,3.359,0.0
G04952,50,57,19.10972,72.934861,6.62,3.05,16.03,2.694,0.0
G04953,51,57,19.109774,72.939612,4.2,2.17,7.55,1.259,0.0053
G04954,52,57,19.109827,72.944362,5.68,0.4,8.44,1.791,0.0
G04955,53,57,19.10988,72.949113,5.53,0.01,8.51,2.276,0.0079
G04956,54,57,19.109933,72.953864,6.49,2.26,8.77,0.771,0.0028
G04957,55,57,19.109985,72.958614,7.23,1.77,8.66,0.929,0.0
G04958,56,57,19.110038,72.963365,0.4,0.0,7.89,0.552,0.85
G04959,57,57,19.110091,72.968116,0.0,0.0,0.0,0.0,1.0
G04960,58,57,19.110143,72.972867,0.0,0.0,0.0,0.0,1.0
G04961,59,57,19.110195,72.977617,1.93,0.0,8.01,0.934,0.7341
G04962,60,57,19.110247,72.982368,5.87,2.97,8.22,0.858,0.0
G04963,61,57,19.110299,72.987119,3.72,0.0,5.47,1.132,0.0028
G04964,62,57,19.110351,72.99187,3.72,0.66,6.44,0.744,0.0079
G04965,63,57,19.110403,72.99662,4.7,2.26,13.24,1.661,0.0997
G04966,64,57,19.110455,73.001371,7.74,2.69,13.18,2.575,0.0
G04967,65,57,19.110506,73.006122,8.71,4.56,14.43,2.362,0.0
G04968,66,57,19.110558,73.010873,12.71,6.43,22.56,2.674,0.0763
G04969,67,57,19.110609,73.015624,20.37,8.57,32.87,3.732,0.0
G04970,68,57,19.11066,73.020375,24.27,17.3,33.11,3.247,0.0
G04971,69,57,19.110711,73.025126,23.96,18.15,35.94,3.068,0.0
G04972,70,57,19.110762,73.029877,29.64,19.0,50.57,3.597,0.0
G04973,71,57,19.110813,73.034628,34.54,22.3,49.51,3.494,0.0028
G04974,72,57,19.110864,73.039378,36.66,30.62,45.83,2.416,0.0
G04975,73,57,19.110914,73.044129,66.31,32.69,124.7,9.785,0.0
G04976,74,57,19.110965,73.04888,160.99,101.0,235.23,20.204,0.0
G04977,75,57,19.111015,73.053631,61.44,28.0,149.68,12.907,0.0
G04978,76,57,19.111065,73.058382,24.9,20.04,34.18,1.52,0.0
G04979,77,57,19.111115,73.063133,20.22,17.02,24.5,1.338,0.0
G04980,78,57,19.111165,73.067884,18.45,14.27,23.11,1.489,0.0
G04981,79,57,19.111215,73.072636,14.96,10.39,21.75,2.103,0.0
G04982,80,57,19.111265,73.077387,13.2,8.09,19.6,1.987,0.0028
G04983,81,57,19.111314,73.082138,15.19,10.85,25.43,2.229,0.0
G04984,82,57,19.111364,73.086889,12.44,10.52,16.24,0.791,0.0
G04985,83,57,19.111413,73.09164,10.99,9.89,15.87,0.736,0.0132
G04986,84,57,19.111462,73.096391,12.16,10.38,18.04,0.971,0.0028
G04987,85,57,19.111511,73.101142,13.48,10.84,17.56,0.824,0.0
G04988,0,58,19.111417,72.697288,0.0,0.0,0.0,0.0,1.0
G04989,1,58,19.111476,72.702038,0.0,0.0,0.0,0.0,1.0
G04990,2,58,19.111536,72.706788,0.0,0.0,0.0,0.0,1.0
G04991,3,58,19.111595,72.711538,0.0,0.0,0.0,0.0,1.0
G04992,4,58,19.111654,72.716288,0.0,0.0,0.0,0.0,1.0
G04993,5,58,19.111713,72.721038,0.0,0.0,0.0,0.0,1.0
G04994,6,58,19.111772,72.725788,0.0,0.0,0.0,0.0,1.0
G04995,7,58,19.11183,72.730538,0.0,0.0,0.0,0.0,1.0
G04996,8,58,19.111889,72.735288,0.0,0.0,0.0,0.0,1.0
G04997,9,58,19.111947,72.740038,0.0,0.0,0.0,0.0,1.0
G04998,10,58,19.112005,72.744788,0.0,0.0,0.0,0.0,1.0
G04999,11,58,19.112064,72.749538,0.0,0.0,0.0,0.0,1.0
G05000,12,58,19.112122,72.754288,0.0,0.0,0.0,0.0,1.0
G05001,13,58,19.11218,72.759038,0.0,0.0,0.0,0.0,1.0
G05002,14,58,19.112237,72.763789,0.0,0.0,0.0,0.0,1.0
G05003,15,58,19.112295,72.768539,0.0,0.0,0.0,0.0,1.0
G05004,16,58,19.112353,72.773289,0.0,0.0,0.0,0.0,1.0
G05005,17,58,19.11241,72.778039,0.0,0.0,0.0,0.0,1.0
G05006,18,58,19.112467,72.782789,0.0,0.0,0.0,0.0,1.0
G05007,19,58,19.112524,72.78754,0.0,0.0,0.0,0.0,1.0
G05008,20,58,19.112581,72.79229,0.0,0.0,0.0,0.0,1.0
G05009,21,58,19.112638,72.79704,0.0,0.0,0.0,0.0,1.0
G05010,22,58,19.112695,72.80179,0.0,0.0,0.0,0.0,1.0
G05011,23,58,19.112752,72.806541,0.0,0.0,0.0,0.0,1.0
G05012,24,58,19.112808,72.811291,0.0,0.0,0.0,0.0,1.0
G05013,25,58,19.112865,72.816041,0.0,0.0,0.0,0.0,1.0
G05014,26,58,19.112921,72.820792,2.02,0.0,18.66,1.693,0.7425
G05015,27,58,19.112977,72.825542,13.86,4.44,23.78,3.917,0.0
G05016,28,58,19.113034,72.830292,9.91,2.69,18.02,3.635,0.0
G05017,29,58,19.113089,72.835043,10.41,1.8,20.95,4.752,0.0
G05018,30,58,19.113145,72.839793,15.95,3.67,32.6,4.625,0.0
G05019,31,58,19.113201,72.844544,15.47,9.57,32.66,3.616,0.0
G05020,32,58,19.113257,72.849294,17.7,7.59,29.29,4.805,0.0
G05021,33,58,19.113312,72.854045,23.47,14.7,40.77,3.621,0.0
G05022,34,58,19.113367,72.858795,28.58,18.69,42.03,4.833,0.0
G05023,35,58,19.113423,72.863546,25.89,15.52,41.49,4.986,0.0
G05024,36,58,19.113478,72.868296,21.15,15.22,31.99,3.315,0.0
G05025,37,58,19.113533,72.873047,22.88,15.21,36.5,3.857,0.0
G05026,38,58,19.113588,72.877797,19.05,13.82,30.09,2.588,0.0
G05027,39,58,19.113642,72.882548,18.57,8.01,27.43,3.284,0.005
G05028,40,58,19.113697,72.887298,18.36,6.85,31.36,4.113,0.0
G05029,41,58,19.113751,72.892049,26.98,18.38,39.42,4.097,0.0
G05030,42,58,19.113806,72.8968,28.72,19.86,39.86,4.065,0.0
G05031,43,58,19.11386,72.90155,38.71,26.14,58.11,5.083,0.055
G05032,44,58,19.113914,72.906301,56.42,39.3,106.45,7.141,0.0026
G05033,45,58,19.113968,72.911051,64.16,41.65,121.83,6.264,0.0075
G05034,46,58,19.114022,72.915802,86.17,44.65,138.81,14.706,0.0026
G05035,47,58,19.114076,72.920553,79.23,41.56,148.02,14.437,0.0025
G05036,48,58,19.114129,72.925304,38.32,11.37,102.4,11.024,0.0
G05037,49,58,19.114183,72.930054,8.42,3.37,17.77,2.052,0.0
G05038,50,58,19.114236,72.934805,9.13,4.64,15.6,2.942,0.0
G05039,51,58,19.11429,72.939556,7.16,2.55,14.07,2.866,0.0
G05040,52,58,19.114343,72.944307,3.98,0.05,6.58,1.61,0.0105
G05041,53,58,19.114396,72.949057,3.16,2.0,6.38,0.818,0.2075
G05042,54,58,19.114449,72.953808,4.94,2.4,8.42,0.975,0.0132
G05043,55,58,19.114501,72.958559,6.71,0.0,8.98,1.825,0.0
G05044,56,58,19.114554,72.96331,2.44,0.0,8.85,1.314,0.515
G05045,57,58,19.114607,72.968061,0.0,0.0,0.0,0.0,1.0
G05046,58,58,19.114659,72.972811,0.0,0.0,0.0,0.0,1.0
G05047,59,58,19.114711,72.977562,1.82,0.0,7.82,0.91,0.7158
G05048,60,58,19.114763,72.982313,4.39,0.0,7.21,1.457,0.04
G05049,61,58,19.114815,72.987064,3.9,0.0,6.44,1.185,0.0026
G05050,62,58,19.114867,72.991815,3.52,0.66,5.42,0.974,0.0
G05051,63,58,19.114919,72.996566,5.09,2.54,9.63,1.201,0.0026
G05052,64,58,19.114971,73.001317,6.51,1.67,13.71,2.507,0.0
G05053,65,58,19.115022,73.006068,8.43,4.7,15.75,2.54,0.0
G05054,66,58,19.115074,73.010819,12.24,6.43,18.48,2.426,0.01
G05055,67,58,19.115125,73.01557,20.58,12.66,31.8,2.42,0.0
G05056,68,58,19.115176,73.020321,31.87,22.27,57.33,4.807,0.0
G05057,69,58,19.115227,73.025072,28.5,22.51,36.36,2.281,0.0
G05058,70,58,19.115278,73.029823,35.84,23.52,55.91,4.715,0.0
G05059,71,58,19.115329,73.034574,43.7,32.44,66.39,6.168,0.0
G05060,72,58,19.11538,73.039325,71.76,36.53,140.81,14.281,0.0
G05061,73,58,19.11543,73.044076,71.11,44.14,129.08,10.22,0.0
G05062,74,58,19.115481,73.048827,158.08,77.41,208.62,18.084,0.0
G05063,75,58,19.115531,73.053579,58.44,25.34,150.3,12.202,0.0
G05064,76,58,19.115581,73.05833,22.79,15.43,34.18,1.849,0.0105
G05065,77,58,19.115631,73.063081,16.71,13.75,20.54,1.395,0.0
G05066,78,58,19.115681,73.067832,17.02,14.13,20.56,1.553,0.0
G05067,79,58,19.115731,73.072583,15.11,10.55,22.02,2.541,0.0
G05068,80,58,19.115781,73.077334,11.31,8.22,19.66,1.502,0.0
G05069,81,58,19.11583,73.082086,11.7,9.2,14.25,1.032,0.0
G05070,82,58,19.11588,73.086837,11.62,9.24,15.21,1.213,0.0
G05071,83,58,19.115929,73.091588,10.23,8.91,13.07,0.789,0.0
G05072,84,58,19.115978,73.096339,10.72,9.38,12.85,0.819,0.0
G05073,85,58,19.116028,73.101091,15.17,10.6,19.79,1.176,0.0
G05074,0,59,19.115932,72.697226,0.0,0.0,0.0,0.0,1.0
G05075,1,59,19.115992,72.701976,0.0,0.0,0.0,0.0,1.0
G05076,2,59,19.116051,72.706726,0.0,0.0,0.0,0.0,1.0
G05077,3,59,19.11611,72.711476,0.0,0.0,0.0,0.0,1.0
G05078,4,59,19.116169,72.716226,0.0,0.0,0.0,0.0,1.0
G05079,5,59,19.116228,72.720976,0.0,0.0,0.0,0.0,1.0
G05080,6,59,19.116287,72.725726,0.0,0.0,0.0,0.0,1.0
G05081,7,59,19.116345,72.730476,0.0,0.0,0.0,0.0,1.0
G05082,8,59,19.116404,72.735226,0.0,0.0,0.0,0.0,1.0
G05083,9,59,19.116462,72.739977,0.0,0.0,0.0,0.0,1.0
G05084,10,59,19.116521,72.744727,0.0,0.0,0.0,0.0,1.0
G05085,11,59,19.116579,72.749477,0.0,0.0,0.0,0.0,1.0
G05086,12,59,19.116637,72.754227,0.0,0.0,0.0,0.0,1.0
G05087,13,59,19.116695,72.758978,0.0,0.0,0.0,0.0,1.0
G05088,14,59,19.116753,72.763728,0.0,0.0,0.0,0.0,1.0
G05089,15,59,19.11681,72.768478,0.0,0.0,0.0,0.0,1.0
G05090,16,59,19.116868,72.773228,0.0,0.0,0.0,0.0,1.0
G05091,17,59,19.116925,72.777979,0.0,0.0,0.0,0.0,1.0
G05092,18,59,19.116983,72.782729,0.0,0.0,0.0,0.0,1.0
G05093,19,59,19.11704,72.787479,0.0,0.0,0.0,0.0,1.0
G05094,20,59,19.117097,72.79223,0.0,0.0,0.0,0.0,1.0
G05095,21,59,19.117154,72.79698,0.0,0.0,0.0,0.0,1.0
G05096,22,59,19.117211,72.801731,0.0,0.0,0.0,0.0,1.0
G05097,23,59,19.117267,72.806481,0.0,0.0,0.0,0.0,1.0
G05098,24,59,19.117324,72.811232,0.0,0.0,0.0,0.0,1.0
G05099,25,59,19.11738,72.815982,0.0,0.0,0.0,0.0,1.0
G05100,26,59,19.117437,72.820732,4.45,0.0,16.67,2.175,0.4684
G05101,27,59,19.117493,72.825483,8.32,1.18,20.37,3.048,0.0
G05102,28,59,19.117549,72.830233,7.33,0.16,18.46,3.197,0.0
G05103,29,59,19.117605,72.834984,6.75,-0.06,15.57,2.653,0.0055
G05104,30,59,19.117661,72.839735,18.35,9.35,32.6,4.34,0.0
G05105,31,59,19.117717,72.844485,21.64,10.95,35.95,4.588,0.0
G05106,32,59,19.117772,72.849236,19.84,12.59,27.06,3.664,0.0
G05107,33,59,19.117828,72.853986,22.2,15.94,33.52,3.468,0.0
G05108,34,59,19.117883,72.858737,34.47,19.45,54.58,5.346,0.0
G05109,35,59,19.117938,72.863488,35.14,21.82,54.58,5.62,0.0
G05110,36,59,19.117993,72.868238,27.57,19.9,40.46,4.157,0.0
G05111,37,59,19.118048,72.872989,31.04,21.12,40.65,3.936,0.0
G05112,38,59,19.118103,72.87774,25.0,17.24,37.62,3.692,0.0
G05113,39,59,19.118158,72.88249,24.11,15.14,41.71,4.14,0.0
G05114,40,59,19.118213,72.887241,18.91,8.52,33.86,3.445,0.0
G05115,41,59,19.118267,72.891992,28.12,18.8,48.53,4.959,0.0
G05116,42,59,19.118322,72.896742,41.35,26.9,65.18,7.178,0.0028
G05117,43,59,19.118376,72.901493,40.24,30.5,52.66,4.487,0.0921
G05118,44,59,19.11843,72.906244,45.08,33.5,55.02,3.759,0.0582
G05119,45,59,19.118484,72.910995,50.61,41.65,68.9,3.732,0.0
G05120,46,59,19.118538,72.915746,64.57,46.58,103.42,6.589,0.0
G05121,47,59,19.118592,72.920496,83.75,40.49,153.62,15.178,0.0053
G05122,48,59,19.118645,72.925247,22.18,7.89,66.09,5.804,0.0
G05123,49,59,19.118699,72.929998,7.61,3.95,16.89,1.675,0.0
G05124,50,59,19.118752,72.934749,6.77,3.38,14.02,2.147,0.0
G05125,51,59,19.118805,72.9395,9.3,3.19,14.89,3.225,0.0
G05126,52,59,19.118859,72.944251,4.64,2.03,9.41,1.427,0.0055
G05127,53,59,19.118912,72.949002,3.52,1.85,6.68,0.719,0.0447
G05128,54,59,19.118964,72.953753,4.56,2.5,7.67,1.054,0.2548
G05129,55,59,19.119017,72.958503,6.76,3.39,9.1,0.869,0.0
G05130,56,59,19.11907,72.963254,6.2,0.0,8.55,1.107,0.0711
G05131,57,59,19.119122,72.968005,0.25,0.0,6.7,0.322,0.9003
G05132,58,59,19.119175,72.972756,0.0,0.0,0.0,0.0,1.0
G05133,59,59,19.119227,72.977507,1.11,0.0,8.25,0.824,0.8837
G05134,60,59,19.119279,72.982258,3.4,0.0,7.8,2.21,0.2316
G05135,61,59,19.119331,72.987009,3.52,0.62,6.0,0.916,0.0083
G05136,62,59,19.119383,72.991761,4.72,2.64,7.5,0.743,0.0237
G05137,63,59,19.119435,72.996512,6.81,3.0,15.38,2.061,0.0055
G05138,64,59,19.119487,73.001263,7.0,1.62,14.23,2.675,0.0
G05139,65,59,19.119538,73.006014,8.09,3.93,13.37,2.055,0.0
G05140,66,59,19.11959,73.010765,11.39,6.57,18.59,1.854,0.0
G05141,67,59,19.119641,73.015516,23.77,12.93,33.69,3.045,0.0
G05142,68,59,19.119692,73.020267,49.98,21.31,88.45,10.804,0.0
G05143,69,59,19.119743,73.025018,44.21,27.87,94.46,6.814,0.0
G05144,70,59,19.119794,73.02977,41.9,30.62,78.91,5.703,0.0
G05145,71,59,19.119845,73.034521,60.99,38.2,98.39,9.626,0.0
G05146,72,59,19.119896,73.039272,119.26,58.22,170.5,14.012,0.0
G05147,73,59,19.119946,73.044023,93.11,57.38,166.57,16.132,0.0
G05148,74,59,19.119997,73.048774,136.91,50.26,205.02,22.571,0.0026
G05149,75,59,19.120047,73.053526,36.9,20.77,85.66,5.744,0.0
G05150,76,59,19.120097,73.058277,19.53,15.03,25.53,1.424,0.0
G05151,77,59,19.120148,73.063028,15.04,12.79,19.99,1.442,0.0
G05152,78,59,19.120198,73.067779,13.66,11.55,22.81,1.246,0.0
G05153,79,59,19.120247,73.072531,13.11,9.53,21.59,1.749,0.0
G05154,80,59,19.120297,73.077282,10.69,7.88,16.45,1.372,0.0
G05155,81,59,19.120347,73.082033,9.42,6.72,14.1,0.907,0.0
G05156,82,59,19.120396,73.086785,9.5,7.61,13.46,0.914,0.0
G05157,83,59,19.120446,73.091536,10.02,8.41,13.58,0.992,0.0
G05158,84,59,19.120495,73.096288,13.52,10.25,19.01,1.722,0.0277
G05159,85,59,19.120544,73.101039,15.08,11.55,20.51,1.467,0.0026
G05160,0,60,19.120447,72.697163,0.0,0.0,0.0,0.0,1.0
G05161,1,60,19.120507,72.701913,0.0,0.0,0.0,0.0,1.0
G05162,2,60,19.120566,72.706663,0.0,0.0,0.0,0.0,1.0
G05163,3,60,19.120625,72.711414,0.0,0.0,0.0,0.0,1.0
G05164,4,60,19.120684,72.716164,0.0,0.0,0.0,0.0,1.0
G05165,5,60,19.120743,72.720914,0.0,0.0,0.0,0.0,1.0
G05166,6,60,19.120802,72.725664,0.0,0.0,0.0,0.0,1.0
G05167,7,60,19.120861,72.730415,0.0,0.0,0.0,0.0,1.0
G05168,8,60,19.120919,72.735165,0.0,0.0,0.0,0.0,1.0
G05169,9,60,19.120978,72.739915,0.0,0.0,0.0,0.0,1.0
G05170,10,60,19.121036,72.744666,0.0,0.0,0.0,0.0,1.0
G05171,11,60,19.121094,72.749416,0.0,0.0,0.0,0.0,1.0
G05172,12,60,19.121152,72.754166,0.0,0.0,0.0,0.0,1.0
G05173,13,60,19.12121,72.758917,0.0,0.0,0.0,0.0,1.0
G05174,14,60,19.121268,72.763667,0.0,0.0,0.0,0.0,1.0
G05175,15,60,19.121326,72.768418,0.0,0.0,0.0,0.0,1.0
G05176,16,60,19.121383,72.773168,0.0,0.0,0.0,0.0,1.0
G05177,17,60,19.121441,72.777918,0.0,0.0,0.0,0.0,1.0
G05178,18,60,19.121498,72.782669,0.0,0.0,0.0,0.0,1.0
G05179,19,60,19.121555,72.787419,0.0,0.0,0.0,0.0,1.0
G05180,20,60,19.121612,72.79217,0.0,0.0,0.0,0.0,1.0
G05181,21,60,19.121669,72.79692,0.0,0.0,0.0,0.0,1.0
G05182,22,60,19.121726,72.801671,0.0,0.0,0.0,0.0,1.0
G05183,23,60,19.121783,72.806421,0.0,0.0,0.0,0.0,1.0
G05184,24,60,19.121839,72.811172,0.0,0.0,0.0,0.0,1.0
G05185,25,60,19.121896,72.815923,0.19,0.0,5.87,0.201,0.9079
G05186,26,60,19.121952,72.820673,3.78,0.0,12.79,1.771,0.09
G05187,27,60,19.122008,72.825424,9.88,2.95,18.22,3.623,0.0
G05188,28,60,19.122065,72.830175,7.93,-0.15,16.19,3.372,0.0
G05189,29,60,19.122121,72.834925,7.53,2.38,15.68,2.445,0.0105
G05190,30,60,19.122176,72.839676,18.36,8.29,38.33,4.424,0.0
G05191,31,60,19.122232,72.844427,20.68,9.69,43.42,4.156,0.0
G05192,32,60,19.122288,72.849177,16.04,10.62,24.97,2.604,0.0
G05193,33,60,19.122343,72.853928,20.84,15.07,32.35,3.606,0.0
G05194,34,60,19.122399,72.858679,28.59,18.46,47.65,3.687,0.0
G05195,35,60,19.122454,72.863429,42.64,30.78,59.28,5.61,0.0
G05196,36,60,19.122509,72.86818,38.64,28.24,59.28,4.537,0.0
G05197,37,60,19.122564,72.872931,34.82,26.5,43.96,4.135,0.0375
G05198,38,60,19.122619,72.877682,29.95,21.46,41.44,4.018,0.0158
G05199,39,60,19.122674,72.882433,41.21,19.19,61.05,6.446,0.0
G05200,40,60,19.122728,72.887184,21.56,12.94,46.85,4.786,0.0
G05201,41,60,19.122783,72.891934,27.52,17.22,49.85,4.074,0.0025
G05202,42,60,19.122837,72.896685,46.56,33.5,77.49,6.674,0.0947
G05203,43,60,19.122892,72.901436,34.41,33.5,50.13,1.231,0.8025
G05204,44,60,19.122946,72.906187,35.11,33.5,48.7,1.47,0.7447
G05205,45,60,19.123,72.910938,44.07,34.6,52.98,3.554,0.0
G05206,46,60,19.123054,72.915689,49.59,41.6,64.7,3.828,0.0026
G05207,47,60,19.123107,72.92044,56.25,21.63,85.55,8.513,0.0025
G05208,48,60,19.123161,72.925191,15.69,6.23,41.23,4.547,0.0
G05209,49,60,19.123215,72.929942,6.07,2.89,11.18,1.86,0.0
G05210,50,60,19.123268,72.934693,4.38,2.4,9.91,1.409,0.0
G05211,51,60,19.123321,72.939444,6.12,2.6,13.25,1.981,0.0
G05212,52,60,19.123374,72.944195,4.99,1.87,14.72,1.572,0.0079
G05213,53,60,19.123427,72.948946,3.78,1.85,6.91,1.077,0.145
G05214,54,60,19.12348,72.953697,2.53,2.5,4.78,0.151,0.8263
G05215,55,60,19.123533,72.958448,4.36,1.48,8.62,1.01,0.0895
G05216,56,60,19.123586,72.963199,7.16,4.02,9.0,0.651,0.0
G05217,57,60,19.123638,72.96795,2.59,0.0,8.37,0.95,0.5263
G05218,58,60,19.123691,72.972701,0.0,0.0,0.0,0.0,1.0
G05219,59,60,19.123743,72.977452,0.02,0.0,1.8,0.044,1.0
G05220,60,60,19.123795,72.982204,3.34,0.0,7.13,1.939,0.3775
G05221,61,60,19.123847,72.986955,3.49,0.34,5.9,0.961,0.0079
G05222,62,60,19.123899,72.991706,6.7,4.17,11.96,1.637,0.0
G05223,63,60,19.123951,72.996457,11.73,6.27,17.85,1.98,0.0
G05224,64,60,19.124003,73.001208,8.73,3.58,14.85,2.609,0.0
G05225,65,60,19.124054,73.00596,10.55,3.53,23.95,3.468,0.0158
G05226,66,60,19.124106,73.010711,14.92,7.14,26.54,4.064,0.0
G05227,67,60,19.124157,73.015462,19.35,9.15,30.35,2.297,0.0
G05228,68,60,19.124208,73.020213,40.08,20.81,99.6,9.353,0.0
G05229,69,60,19.124259,73.024965,124.9,45.61,227.87,20.326,0.0
G05230,70,60,19.12431,73.029716,88.36,38.84,206.28,17.13,0.0
G05231,71,60,19.124361,73.034467,75.42,45.97,122.07,11.731,0.0
G05232,72,60,19.124412,73.039219,127.91,54.28,205.39,14.985,0.0025
G05233,73,60,19.124463,73.04397,160.01,83.84,206.16,18.128,0.0
G05234,74,60,19.124513,73.048721,83.26,27.15,199.27,16.945,0.0
G05235,75,60,19.124563,73.053473,24.96,17.61,50.26,2.47,0.0
G05236,76,60,19.124614,73.058224,16.63,13.32,22.42,1.418,0.0053
G05237,77,60,19.124664,73.062976,13.2,11.09,18.4,1.192,0.0
G05238,78,60,19.124714,73.067727,11.88,10.17,15.38,1.131,0.0
G05239,79,60,19.124764,73.072478,12.28,10.18,17.11,1.643,0.0
G05240,80,60,19.124813,73.07723,10.08,7.9,15.81,1.071,0.0
G05241,81,60,19.124863,73.081981,7.73,5.71,10.2,0.944,0.0
G05242,82,60,19.124912,73.086733,9.47,6.79,13.89,0.989,0.0
G05243,83,60,19.124962,73.091484,12.68,9.84,14.58,0.765,0.0
G05244,84,60,19.125011,73.096236,15.0,12.33,19.05,1.083,0.0
G05245,85,60,19.12506,73.100987,18.18,14.11,23.41,1.743,0.0
G05246,0,61,19.124962,72.6971,0.0,0.0,0.0,0.0,1.0
G05247,1,61,19.125022,72.701851,0.0,0.0,0.0,0.0,1.0
G05248,2,61,19.125081,72.706601,0.0,0.0,0.0,0.0,1.0
G05249,3,61,19.12514,72.711351,0.0,0.0,0.0,0.0,1.0
G05250,4,61,19.125199,72.716102,0.0,0.0,0.0,0.0,1.0
G05251,5,61,19.125258,72.720852,0.0,0.0,0.0,0.0,1.0
G05252,6,61,19.125317,72.725603,0.0,0.0,0.0,0.0,1.0
G05253,7,61,19.125376,72.730353,0.0,0.0,0.0,0.0,1.0
G05254,8,61,19.125434,72.735103,0.0,0.0,0.0,0.0,1.0
G05255,9,61,19.125493,72.739854,0.0,0.0,0.0,0.0,1.0
G05256,10,61,19.125551,72.744604,0.0,0.0,0.0,0.0,1.0
G05257,11,61,19.125609,72.749355,0.0,0.0,0.0,0.0,1.0
G05258,12,61,19.125667,72.754105,0.0,0.0,0.0,0.0,1.0
G05259,13,61,19.125725,72.758856,0.0,0.0,0.0,0.0,1.0
G05260,14,61,19.125783,72.763606,0.0,0.0,0.0,0.0,1.0
G05261,15,61,19.125841,72.768357,0.0,0.0,0.0,0.0,1.0
G05262,16,61,19.125899,72.773107,0.0,0.0,0.0,0.0,1.0
G05263,17,61,19.125956,72.777858,0.0,0.0,0.0,0.0,1.0
G05264,18,61,19.126013,72.782609,0.0,0.0,0.0,0.0,1.0
G05265,19,61,19.126071,72.787359,0.0,0.0,0.0,0.0,1.0
G05266,20,61,19.126128,72.79211,0.0,0.0,0.0,0.0,1.0
G05267,21,61,19.126185,72.796861,0.0,0.0,0.0,0.0,1.0
G05268,22,61,19.126242,72.801611,0.0,0.0,0.0,0.0,1.0
G05269,23,61,19.126298,72.806362,0.0,0.0,0.0,0.0,1.0
G05270,24,61,19.126355,72.811113,0.0,0.0,0.0,0.0,1.0
G05271,25,61,19.126411,72.815863,4.25,0.0,17.22,2.033,0.3878
G05272,26,61,19.126468,72.820614,9.22,4.2,16.78,2.658,0.0
G05273,27,61,19.126524,72.825365,10.5,3.56,17.29,3.586,0.0
G05274,28,61,19.12658,72.830116,10.13,0.83,21.91,4.082,0.0
G05275,29,61,19.126636,72.834866,10.3,4.26,18.9,4.011,0.0111
G05276,30,61,19.126692,72.839617,11.52,4.73,23.04,3.722,0.0
G05277,31,61,19.126748,72.844368,14.44,7.85,26.91,3.507,0.0
G05278,32,61,19.126803,72.849119,16.46,10.77,31.49,2.94,0.0
G05279,33,61,19.126859,72.85387,20.2,14.29,35.24,3.034,0.0
G05280,34,61,19.126914,72.858621,28.23,18.37,37.96,3.404,0.0
G05281,35,61,19.12697,72.863371,41.28,30.32,58.73,3.656,0.0
G05282,36,61,19.127025,72.868122,54.84,37.65,74.45,5.059,0.0
G05283,37,61,19.12708,72.872873,50.56,27.51,81.59,7.418,0.0
G05284,38,61,19.127135,72.877624,34.16,26.19,44.11,4.633,0.0
G05285,39,61,19.127189,72.882375,28.93,16.7,40.37,4.054,0.0
G05286,40,61,19.127244,72.887126,24.21,13.37,41.17,4.067,0.0
G05287,41,61,19.127299,72.891877,38.56,20.05,71.17,7.273,0.0
G05288,42,61,19.127353,72.896628,40.11,30.5,66.89,5.691,0.1967
G05289,43,61,19.127407,72.901379,34.23,33.5,58.72,1.124,0.9263
G05290,44,61,19.127461,72.90613,33.96,33.5,46.64,0.701,0.903
G05291,45,61,19.127515,72.910881,34.81,33.5,49.67,1.578,0.5868
G05292,46,61,19.127569,72.915632,49.96,33.5,58.99,4.707,0.0
G05293,47,61,19.127623,72.920383,42.23,17.03,59.81,6.345,0.0
G05294,48,61,19.127677,72.925134,13.41,5.32,23.64,2.966,0.0028
G05295,49,61,19.12773,72.929885,6.58,2.62,16.01,2.857,0.0
G05296,50,61,19.127784,72.934637,5.66,2.44,14.68,1.701,0.0
G05297,51,61,19.127837,72.939388,4.29,2.44,9.58,1.625,0.0
G05298,52,61,19.12789,72.944139,4.54,1.5,14.05,1.452,0.0
G05299,53,61,19.127943,72.94889,4.63,2.0,6.92,1.159,0.0342
G05300,54,61,19.127996,72.953641,4.77,1.39,8.62,1.569,0.0803
G05301,55,61,19.128049,72.958392,4.67,0.95,7.89,1.726,0.0083
G05302,56,61,19.128102,72.963144,6.2,2.7,8.01,0.743,0.0
G05303,57,61,19.128154,72.967895,3.03,0.0,7.64,1.372,0.4155
G05304,58,61,19.128207,72.972646,0.13,0.0,6.54,0.196,0.9526
G05305,59,61,19.128259,72.977397,0.27,0.0,4.86,0.456,1.0
G05306,60,61,19.128311,72.982149,5.5,0.68,7.9,1.324,0.2132
G05307,61,61,19.128363,72.9869,3.55,0.34,6.99,0.882,0.0
G05308,62,61,19.128415,72.991651,4.07,2.15,8.69,1.053,0.0
G05309,63,61,19.128467,72.996403,7.53,3.56,15.79,1.815,0.0194
G05310,64,61,19.128519,73.001154,9.85,5.12,14.32,1.947,0.0
G05311,65,61,19.12857,73.005905,9.39,6.13,23.95,1.789,0.0
G05312,66,61,19.128622,73.010657,12.71,8.81,16.97,1.428,0.0
G05313,67,61,19.128673,73.015408,20.8,13.38,46.77,3.264,0.0
G05314,68,61,19.128724,73.02016,90.45,27.18,171.79,15.517,0.0
G05315,69,61,19.128776,73.024911,185.16,99.6,237.07,14.686,0.0
G05316,70,61,19.128827,73.029662,180.12,75.29,240.75,21.117,0.0
G05317,71,61,19.128877,73.034414,99.76,61.22,177.16,13.154,0.0
G05318,72,61,19.128928,73.039165,155.29,70.49,216.55,17.417,0.0
G05319,73,61,19.128979,73.043917,196.69,98.15,267.23,20.146,0.0
G05320,74,61,19.129029,73.048668,51.85,25.82,117.05,9.63,0.0
G05321,75,61,19.12908,73.05342,22.3,16.29,28.0,1.321,0.0
G05322,76,61,19.12913,73.058171,15.48,12.4,19.89,1.244,0.0
G05323,77,61,19.12918,73.062923,12.4,10.09,16.98,1.229,0.0
G05324,78,61,19.12923,73.067674,10.87,8.9,17.33,1.603,0.0
G05325,79,61,19.12928,73.072426,11.62,8.5,16.46,1.653,0.0053
G05326,80,61,19.12933,73.077178,10.44,6.99,15.53,1.538,0.0
G05327,81,61,19.129379,73.081929,7.5,4.82,11.16,1.121,0.0
G05328,82,61,19.129429,73.086681,10.95,6.87,15.78,1.181,0.0
G05329,83,61,19.129478,73.091432,12.69,9.72,16.2,1.2,0.0
G05330,84,61,19.129527,73.096184,15.84,12.35,21.73,1.221,0.0
G05331,85,61,19.129576,73.100936,19.92,16.63,22.55,1.138,0.0
G05332,0,62,19.129478,72.697038,0.0,0.0,0.0,0.0,1.0
G05333,1,62,19.129537,72.701788,0.0,0.0,0.0,0.0,1.0
G05334,2,62,19.129596,72.706539,0.0,0.0,0.0,0.0,1.0
G05335,3,62,19.129656,72.711289,0.0,0.0,0.0,0.0,1.0
G05336,4,62,19.129715,72.71604,0.0,0.0,0.0,0.0,1.0
G05337,5,62,19.129774,72.72079,0.0,0.0,0.0,0.0,1.0
G05338,6,62,19.129832,72.725541,0.0,0.0,0.0,0.0,1.0
G05339,7,62,19.129891,72.730291,0.0,0.0,0.0,0.0,1.0
G05340,8,62,19.12995,72.735042,0.0,0.0,0.0,0.0,1.0
G05341,9,62,19.130008,72.739792,0.0,0.0,0.0,0.0,1.0
G05342,10,62,19.130066,72.744543,0.0,0.0,0.0,0.0,1.0
G05343,11,62,19.130125,72.749294,0.0,0.0,0.0,0.0,1.0
G05344,12,62,19.130183,72.754044,0.0,0.0,0.0,0.0,1.0
G05345,13,62,19.130241,72.758795,0.0,0.0,0.0,0.0,1.0
G05346,14,62,19.130299,72.763546,0.0,0.0,0.0,0.0,1.0
G05347,15,62,19.130356,72.768296,0.0,0.0,0.0,0.0,1.0
G05348,16,62,19.130414,72.773047,0.0,0.0,0.0,0.0,1.0
G05349,17,62,19.130471,72.777798,0.0,0.0,0.0,0.0,1.0
G05350,18,62,19.130529,72.782548,0.05,0.0,2.62,0.135,0.96
G05351,19,62,19.130586,72.787299,1.56,0.0,10.04,1.226,0.6895
G05352,20,62,19.130643,72.79205,5.07,0.0,20.97,2.224,0.435
G05353,21,62,19.1307,72.796801,0.89,0.0,20.97,0.87,0.8737
G05354,22,62,19.130757,72.801551,0.0,0.0,0.0,0.0,1.0
G05355,23,62,19.130814,72.806302,0.0,0.0,0.0,0.0,1.0
G05356,24,62,19.13087,72.811053,1.79,0.0,14.77,1.181,0.7625
G05357,25,62,19.130927,72.815804,12.24,0.0,22.87,3.457,0.0158
G05358,26,62,19.130983,72.820555,9.8,3.14,20.12,3.018,0.0
G05359,27,62,19.13104,72.825306,9.23,2.83,20.0,4.234,0.0053
G05360,28,62,19.131096,72.830057,8.98,1.16,28.46,4.43,0.015
G05361,29,62,19.131152,72.834807,10.0,-3.31,25.87,4.885,0.0053
G05362,30,62,19.131208,72.839558,12.46,4.17,23.19,3.832,0.0
G05363,31,62,19.131263,72.844309,20.27,11.64,34.79,3.793,0.0
G05364,32,62,19.131319,72.84906,20.81,13.93,32.21,3.962,0.0
G05365,33,62,19.131374,72.853811,28.86,16.47,52.38,5.265,0.0
G05366,34,62,19.13143,72.858562,30.38,23.24,39.6,3.324,0.0
G05367,35,62,19.131485,72.863313,37.05,24.02,58.73,3.535,0.0
G05368,36,62,19.13154,72.868064,52.48,38.53,66.59,4.157,0.0
G05369,37,62,19.131595,72.872815,68.21,40.01,87.64,7.382,0.0
G05370,38,62,19.13165,72.877566,44.13,26.35,91.54,6.92,0.0
G05371,39,62,19.131705,72.882318,25.55,18.91,46.42,2.711,0.0
G05372,40,62,19.13176,72.887069,26.84,17.97,48.51,4.403,0.0
G05373,41,62,19.131814,72.89182,29.09,22.04,48.06,4.668,0.0
G05374,42,62,19.131869,72.896571,36.72,26.01,59.45,6.844,0.0
G05375,43,62,19.131923,72.901322,38.02,33.5,57.55,3.402,0.435
G05376,44,62,19.131977,72.906073,37.43,33.5,49.16,3.329,0.1947
G05377,45,62,19.132031,72.910824,39.22,33.5,50.43,3.507,0.085
G05378,46,62,19.132085,72.915576,54.42,33.74,65.9,4.35,0.0
G05379,47,62,19.132139,72.920327,47.86,17.96,62.21,6.812,0.0
G05380,48,62,19.132193,72.925078,17.57,9.42,45.27,4.604,0.0
G05381,49,62,19.132246,72.929829,11.42,3.85,27.63,4.291,0.0
G05382,50,62,19.1323,72.93458,11.1,6.04,18.36,2.636,0.0
G05383,51,62,19.132353,72.939332,7.35,3.07,17.01,1.691,0.0
G05384,52,62,19.132406,72.944083,3.15,1.5,6.6,1.321,0.0605
G05385,53,62,19.132459,72.948834,3.36,2.0,5.64,1.025,0.0
G05386,54,62,19.132512,72.953586,4.54,2.27,8.46,0.982,0.0
G05387,55,62,19.132565,72.958337,5.94,0.9,8.94,1.268,0.0
G05388,56,62,19.132618,72.963088,4.91,0.0,7.91,2.68,0.1075
G05389,57,62,19.13267,72.96784,5.78,0.0,8.49,1.388,0.0974
G05390,58,62,19.132723,72.972591,1.95,0.0,8.49,0.913,0.6125
G05391,59,62,19.132775,72.977342,0.0,0.0,0.68,0.034,1.0
G05392,60,62,19.132827,72.982094,3.6,0.0,7.68,1.912,0.4775
G05393,61,62,19.132879,72.986845,3.66,0.0,7.92,1.656,0.0395
G05394,62,62,19.132931,72.991597,3.12,2.17,7.68,0.74,0.0325
G05395,63,62,19.132983,72.996348,7.64,2.51,15.67,2.394,0.0
G05396,64,62,19.133035,73.0011,14.44,7.38,25.86,3.341,0.0225
G05397,65,62,19.133086,73.005851,10.99,6.52,16.78,1.918,0.0
G05398,66,62,19.133138,73.010603,14.35,9.51,20.26,1.46,0.0
G05399,67,62,19.133189,73.015354,23.45,15.69,49.78,2.772,0.0
G05400,68,62,19.133241,73.020106,66.57,27.5,173.29,12.187,0.0
G05401,69,62,19.133292,73.024857,141.39,62.87,213.76,19.358,0.0
G05402,70,62,19.133343,73.029609,203.82,100.38,288.16,24.739,0.0
G05403,71,62,19.133394,73.03436,120.73,41.6,221.87,18.972,0.0
G05404,72,62,19.133444,73.039112,140.4,41.6,234.49,21.079,0.0
G05405,73,62,19.133495,73.043864,224.61,98.84,319.68,26.679,0.0
G05406,74,62,19.133545,73.048615,52.97,24.45,115.17,9.736,0.0
G05407,75,62,19.133596,73.053367,21.46,14.89,28.11,1.582,0.0
G05408,76,62,19.133646,73.058119,15.32,12.31,18.23,1.134,0.0
G05409,77,62,19.133696,73.06287,12.25,10.32,16.97,1.068,0.0
G05410,78,62,19.133746,73.067622,11.76,8.65,20.59,1.948,0.0
G05411,79,62,19.133796,73.072374,10.12,7.01,21.07,1.999,0.0
G05412,80,62,19.133846,73.077125,8.43,4.43,14.36,1.402,0.0105
G05413,81,62,19.133895,73.081877,7.23,3.91,11.14,1.312,0.0
G05414,82,62,19.133945,73.086629,11.2,7.84,15.78,1.332,0.0289
G05415,83,62,19.133994,73.091381,11.74,8.91,18.71,1.376,0.0
G05416,84,62,19.134044,73.096132,18.01,12.23,23.89,1.492,0.0
G05417,85,62,19.134093,73.100884,21.36,13.73,30.63,2.287,0.005
G05418,0,63,19.133993,72.696975,0.0,0.0,0.0,0.0,1.0
G05419,1,63,19.134052,72.701726,0.0,0.0,0.0,0.0,1.0
G05420,2,63,19.134111,72.706476,0.0,0.0,0.0,0.0,1.0
G05421,3,63,19.134171,72.711227,0.0,0.0,0.0,0.0,1.0
G05422,4,63,19.13423,72.715978,0.0,0.0,0.0,0.0,1.0
G05423,5,63,19.134289,72.720728,0.0,0.0,0.0,0.0,1.0
G05424,6,63,19.134348,72.725479,0.0,0.0,0.0,0.0,1.0
G05425,7,63,19.134406,72.73023,0.0,0.0,0.0,0.0,1.0
G05426,8,63,19.134465,72.73498,0.0,0.0,0.0,0.0,1.0
G05427,9,63,19.134523,72.739731,0.0,0.0,0.0,0.0,1.0
G05428,10,63,19.134582,72.744482,0.0,0.0,0.0,0.0,1.0
G05429,11,63,19.13464,72.749232,0.0,0.0,0.0,0.0,1.0
G05430,12,63,19.134698,72.753983,0.0,0.0,0.0,0.0,1.0
G05431,13,63,19.134756,72.758734,0.0,0.0,0.0,0.0,1.0
G05432,14,63,19.134814,72.763485,0.0,0.0,0.0,0.0,1.0
G05433,15,63,19.134872,72.768236,0.0,0.0,0.0,0.0,1.0
G05434,16,63,19.134929,72.772986,0.03,0.0,3.31,0.091,1.0
G05435,17,63,19.134987,72.777737,0.0,0.0,0.0,0.01,1.0
G05436,18,63,19.135044,72.782488,1.19,0.0,7.89,1.082,0.8026
G05437,19,63,19.135101,72.787239,2.58,0.0,16.69,1.75,0.6842
G05438,20,63,19.135159,72.79199,23.22,10.04,34.66,4.325,0.0
G05439,21,63,19.135216,72.796741,6.8,0.0,25.92,3.075,0.5402
G05440,22,63,19.135272,72.801492,0.0,0.0,0.0,0.0,1.0
G05441,23,63,19.135329,72.806243,0.7,0.0,11.34,0.569,0.8947
G05442,24,63,19.135386,72.810994,9.51,0.0,19.16,3.02,0.1658
G05443,25,63,19.135442,72.815745,11.01,3.34,20.3,3.651,0.0
G05444,26,63,19.135499,72.820496,8.39,3.3,17.55,2.985,0.0
G05445,27,63,19.135555,72.825247,8.82,2.91,19.07,3.41,0.0
G05446,28,63,19.135611,72.829998,8.15,1.96,16.89,3.316,0.0
G05447,29,63,19.135667,72.834749,9.22,-2.04,20.92,4.41,0.0111
G05448,30,63,19.135723,72.8395,14.12,4.81,25.02,4.097,0.0
G05449,31,63,19.135779,72.844251,27.5,11.09,44.76,5.393,0.0
G05450,32,63,19.135835,72.849002,17.2,10.13,28.86,3.211,0.0
G05451,33,63,19.13589,72.853753,24.56,13.76,45.53,4.847,0.0026
G05452,34,63,19.135945,72.858504,23.63,16.22,39.35,3.281,0.0
G05453,35,63,19.136001,72.863255,29.6,19.13,45.26,3.283,0.0
G05454,36,63,19.136056,72.868006,44.41,27.2,57.03,4.82,0.0
G05455,37,63,19.136111,72.872758,52.98,35.89,78.01,5.115,0.0
G05456,38,63,19.136166,72.877509,61.6,27.98,94.54,9.193,0.0
G05457,39,63,19.136221,72.88226,30.37,22.6,46.42,4.423,0.0
G05458,40,63,19.136275,72.887011,35.37,22.72,67.66,5.356,0.0
G05459,41,63,19.13633,72.891762,54.07,24.91,80.43,6.981,0.0
G05460,42,63,19.136384,72.896514,43.96,26.57,70.39,7.398,0.0
G05461,43,63,19.136439,72.901265,47.53,33.5,81.27,6.323,0.0605
G05462,44,63,19.136493,72.906016,45.99,35.73,87.11,5.253,0.0
G05463,45,63,19.136547,72.910768,48.67,37.83,64.08,4.884,0.0
G05464,46,63,19.136601,72.915519,57.3,39.36,80.0,4.895,0.0
G05465,47,63,19.136655,72.92027,58.26,27.47,79.58,6.948,0.0
G05466,48,63,19.136708,72.925022,22.99,10.32,57.35,5.232,0.0
G05467,49,63,19.136762,72.929773,14.46,6.41,23.35,3.22,0.0237
G05468,50,63,19.136815,72.934524,11.88,2.94,29.35,4.306,0.0028
G05469,51,63,19.136869,72.939276,6.61,2.32,17.01,1.764,0.0
G05470,52,63,19.136922,72.944027,3.02,1.78,5.62,0.791,0.0
G05471,53,63,19.136975,72.948779,2.96,2.0,6.12,0.853,0.0026
G05472,54,63,19.137028,72.95353,4.58,2.0,7.94,1.316,0.0
G05473,55,63,19.137081,72.958281,5.12,0.0,9.02,2.112,0.1219
G05474,56,63,19.137134,72.963033,3.73,0.0,7.46,1.209,0.1816
G05475,57,63,19.137186,72.967784,6.03,2.23,8.55,1.188,0.0
G05476,58,63,19.137239,72.972536,4.91,0.0,8.63,1.061,0.2368
G05477,59,63,19.137291,72.977287,0.0,0.0,0.28,0.01,1.0
G05478,60,63,19.137343,72.982039,3.34,0.0,7.25,1.55,0.4605
G05479,61,63,19.137395,72.986791,3.99,0.0,6.02,1.162,0.0139
G05480,62,63,19.137447,72.991542,3.35,2.25,4.72,0.575,0.0
G05481,63,63,19.137499,72.996294,5.78,2.58,14.12,1.309,0.0
G05482,64,63,19.137551,73.001045,14.26,6.99,25.12,2.441,0.0316
G05483,65,63,19.137603,73.005797,15.63,10.02,33.67,4.056,0.0
G05484,66,63,19.137654,73.010549,16.38,10.7,22.22,2.166,0.0
G05485,67,63,19.137705,73.0153,26.57,17.33,57.65,3.138,0.0
G05486,68,63,19.137757,73.020052,57.45,27.41,138.52,10.784,0.0
G05487,69,63,19.137808,73.024804,87.88,38.18,167.61,18.984,0.0
G05488,70,63,19.137859,73.029555,176.36,114.39,248.67,19.873,0.0
G05489,71,63,19.13791,73.034307,94.41,26.77,181.31,16.785,0.0
G05490,72,63,19.13796,73.039059,95.97,27.05,234.49,19.457,0.0053
G05491,73,63,19.138011,73.04381,149.45,45.64,315.84,26.809,0.0
G05492,74,63,19.138062,73.048562,37.35,15.53,99.89,7.522,0.0
G05493,75,63,19.138112,73.053314,16.92,11.42,25.92,1.57,0.0111
G05494,76,63,19.138162,73.058066,12.71,10.67,17.38,1.023,0.0
G05495,77,63,19.138212,73.062818,11.31,9.59,16.65,1.229,0.0
G05496,78,63,19.138262,73.067569,13.41,8.95,22.13,2.859,0.0
G05497,79,63,19.138312,73.072321,10.02,6.9,17.08,1.309,0.0
G05498,80,63,19.138362,73.077073,7.43,3.41,12.55,1.494,0.0
G05499,81,63,19.138412,73.081825,7.58,3.46,11.38,1.167,0.0
G05500,82,63,19.138461,73.086577,8.87,6.02,13.24,1.241,0.0
G05501,83,63,19.138511,73.091329,15.11,9.89,25.68,1.822,0.0
G05502,84,63,19.13856,73.096081,18.45,12.05,24.94,2.01,0.0
G05503,85,63,19.138609,73.100832,14.71,10.75,26.68,1.657,0.0
G05504,0,64,19.138508,72.696913,0.0,0.0,0.0,0.0,1.0
G05505,1,64,19.138567,72.701663,0.0,0.0,0.0,0.0,1.0
G05506,2,64,19.138627,72.706414,0.0,0.0,0.0,0.0,1.0
G05507,3,64,19.138686,72.711165,0.0,0.0,0.0,0.0,1.0
G05508,4,64,19.138745,72.715915,0.0,0.0,0.0,0.0,1.0
G05509,5,64,19.138804,72.720666,0.0,0.0,0.0,0.0,1.0
G05510,6,64,19.138863,72.725417,0.0,0.0,0.0,0.0,1.0
G05511,7,64,19.138921,72.730168,0.0,0.0,0.0,0.0,1.0
G05512,8,64,19.13898,72.734919,0.0,0.0,0.0,0.0,1.0
G05513,9,64,19.139039,72.739669,0.0,0.0,0.0,0.0,1.0
G05514,10,64,19.139097,72.74442,0.0,0.0,0.0,0.0,1.0
G05515,11,64,19.139155,72.749171,0.0,0.0,0.0,0.0,1.0
G05516,12,64,19.139213,72.753922,0.0,0.0,0.0,0.0,1.0
G05517,13,64,19.139271,72.758673,0.0,0.0,0.0,0.0,1.0
G05518,14,64,19.139329,72.763424,0.0,0.0,0.0,0.0,1.0
G05519,15,64,19.139387,72.768175,0.0,0.0,0.0,0.0,1.0
G05520,16,64,19.139445,72.772926,0.0,0.0,0.0,0.0,1.0
G05521,17,64,19.139502,72.777677,0.0,0.0,0.0,0.0,1.0
G05522,18,64,19.13956,72.782428,0.01,0.0,1.0,0.028,1.0
G05523,19,64,19.139617,72.787179,2.16,0.0,15.78,1.502,0.7289
G05524,20,64,19.139674,72.79193,12.37,0.51,31.82,4.459,0.0
G05525,21,64,19.139731,72.796681,4.03,0.0,23.69,2.998,0.4763
G05526,22,64,19.139788,72.801432,0.48,0.0,7.93,0.593,0.8725
G05527,23,64,19.139845,72.806183,7.89,0.0,15.89,3.135,0.1711
G05528,24,64,19.139901,72.810934,12.71,6.67,21.63,3.329,0.0
G05529,25,64,19.139958,72.815685,7.94,0.5,19.73,3.515,0.0
G05530,26,64,19.140014,72.820436,7.1,1.0,16.84,2.801,0.0
G05531,27,64,19.140071,72.825187,10.41,2.91,21.57,3.96,0.0
G05532,28,64,19.140127,72.829939,7.68,-0.44,17.08,4.317,0.0175
G05533,29,64,19.140183,72.83469,10.49,4.9,26.48,3.858,0.0053
G05534,30,64,19.140239,72.839441,14.81,6.59,26.3,3.959,0.0
G05535,31,64,19.140294,72.844192,13.51,6.51,25.95,3.101,0.0
G05536,32,64,19.14035,72.848943,13.17,7.45,20.93,2.729,0.0
G05537,33,64,19.140406,72.853695,17.22,9.75,28.02,2.986,0.0
G05538,34,64,19.140461,72.858446,28.63,17.57,43.64,3.588,0.0
G05539,35,64,19.140516,72.863197,35.94,23.02,62.24,5.345,0.0
G05540,36,64,19.140572,72.867948,36.33,25.55,53.71,5.842,0.0
G05541,37,64,19.140627,72.8727,47.91,32.57,71.34,5.731,0.0
G05542,38,64,19.140682,72.877451,60.48,38.9,85.68,6.827,0.0
G05543,39,64,19.140736,72.882202,57.72,31.63,102.69,9.32,0.0
G05544,40,64,19.140791,72.886954,35.76,26.73,67.66,5.006,0.0
G05545,41,64,19.140846,72.891705,43.46,31.66,67.66,6.029,0.0
G05546,42,64,19.1409,72.896456,44.05,30.37,76.11,7.944,0.0
G05547,43,64,19.140954,72.901208,58.29,38.48,81.27,5.811,0.4475
G05548,44,64,19.141009,72.905959,56.06,42.23,87.44,4.868,0.6526
G05549,45,64,19.141063,72.910711,71.06,42.23,129.63,10.218,0.3325
G05550,46,64,19.141117,72.915462,85.36,56.76,149.49,13.751,0.0
G05551,47,64,19.14117,72.920214,76.16,27.73,160.29,15.185,0.0
G05552,48,64,19.141224,72.924965,35.32,19.31,84.17,5.797,0.0
G05553,49,64,19.141278,72.929717,23.14,11.81,36.59,4.327,0.0
G05554,50,64,19.141331,72.934468,12.14,3.72,30.84,3.409,0.0
G05555,51,64,19.141385,72.93922,6.41,2.44,15.63,2.581,0.0
G05556,52,64,19.141438,72.943971,2.51,1.37,4.15,0.477,0.0
G05557,53,64,19.141491,72.948723,3.27,1.95,6.03,0.933,0.0
G05558,54,64,19.141544,72.953474,4.54,2.35,7.98,1.004,0.0
G05559,55,64,19.141597,72.958226,4.67,0.0,7.98,1.683,0.2711
G05560,56,64,19.141649,72.962978,4.13,2.35,7.4,0.826,0.3775
G05561,57,64,19.141702,72.967729,3.82,1.86,7.67,1.012,0.0079
G05562,58,64,19.141755,72.972481,6.76,0.28,8.02,0.93,0.005
G05563,59,64,19.141807,72.977232,0.86,0.0,7.3,0.716,0.7763
G05564,60,64,19.141859,72.981984,2.77,0.0,6.78,1.298,0.525
G05565,61,64,19.141911,72.986736,4.63,1.81,6.49,0.842,0.0132
G05566,62,64,19.141963,72.991488,5.23,1.51,14.5,2.079,0.0125
G05567,63,64,19.142015,72.996239,7.64,2.38,19.31,2.723,0.0
G05568,64,64,19.142067,73.000991,15.74,8.3,21.72,2.193,0.005
G05569,65,64,19.142119,73.005743,18.12,7.0,34.19,2.841,0.0
G05570,66,64,19.14217,73.010494,20.14,14.75,31.85,2.678,0.0
G05571,67,64,19.142221,73.015246,29.01,19.0,59.08,4.046,0.0
G05572,68,64,19.142273,73.019998,105.57,34.77,165.43,14.483,0.0
G05573,69,64,19.142324,73.02475,115.28,55.69,192.16,19.022,0.0
G05574,70,64,19.142375,73.029502,130.2,39.93,171.62,17.349,0.0
G05575,71,64,19.142426,73.034253,52.01,15.41,152.37,12.733,0.0
G05576,72,64,19.142476,73.039005,25.0,16.96,55.65,3.671,0.0
G05577,73,64,19.142527,73.043757,31.95,16.06,74.78,6.073,0.0053
G05578,74,64,19.142578,73.048509,20.33,10.58,45.64,3.156,0.0
G05579,75,64,19.142628,73.053261,11.98,7.91,19.39,1.814,0.0
G05580,76,64,19.142678,73.058013,13.11,9.02,17.64,1.672,0.0
G05581,77,64,19.142728,73.062765,11.81,9.57,17.63,1.301,0.0
G05582,78,64,19.142779,73.067517,9.58,7.92,12.27,0.819,0.0
G05583,79,64,19.142828,73.072269,9.46,6.74,12.83,1.019,0.0
G05584,80,64,19.142878,73.077021,7.09,2.35,12.5,2.193,0.0
G05585,81,64,19.142928,73.081773,6.28,3.14,10.76,1.536,0.01
G05586,82,64,19.142977,73.086525,7.69,3.24,16.68,1.565,0.0
G05587,83,64,19.143027,73.091277,13.14,8.18,23.98,2.167,0.0
G05588,84,64,19.143076,73.096029,13.33,9.23,18.47,1.218,0.0
G05589,85,64,19.143125,73.100781,12.0,9.52,16.24,1.049,0.0
G05590,0,65,19.143023,72.69685,0.0,0.0,0.0,0.0,1.0
G05591,1,65,19.143082,72.701601,0.0,0.0,0.0,0.0,1.0
G05592,2,65,19.143142,72.706352,0.0,0.0,0.0,0.0,1.0
G05593,3,65,19.143201,72.711102,0.0,0.0,0.0,0.0,1.0
G05594,4,65,19.14326,72.715853,0.0,0.0,0.0,0.0,1.0
G05595,5,65,19.143319,72.720604,0.0,0.0,0.0,0.0,1.0
G05596,6,65,19.143378,72.725355,0.0,0.0,0.0,0.0,1.0
G05597,7,65,19.143437,72.730106,0.0,0.0,0.0,0.0,1.0
G05598,8,65,19.143495,72.734857,0.0,0.0,0.0,0.0,1.0
G05599,9,65,19.143554,72.739608,0.0,0.0,0.0,0.0,1.0
G05600,10,65,19.143612,72.744359,0.0,0.0,0.0,0.0,1.0
G05601,11,65,19.14367,72.74911,0.0,0.0,0.0,0.0,1.0
G05602,12,65,19.143729,72.753861,0.0,0.0,0.0,0.0,1.0
G05603,13,65,19.143787,72.758612,0.0,0.0,0.0,0.0,1.0
G05604,14,65,19.143845,72.763363,0.0,0.0,0.0,0.0,1.0
G05605,15,65,19.143902,72.768114,0.0,0.0,0.0,0.0,1.0
G05606,16,65,19.14396,72.772865,0.0,0.0,0.0,0.0,1.0
G05607,17,65,19.144017,72.777616,0.0,0.0,0.0,0.0,1.0
G05608,18,65,19.144075,72.782367,0.0,0.0,0.0,0.0,1.0
G05609,19,65,19.144132,72.787119,2.24,0.0,16.98,1.593,0.795
G05610,20,65,19.144189,72.79187,12.9,3.23,33.85,3.856,0.0
G05611,21,65,19.144246,72.796621,20.74,2.7,43.39,5.913,0.0055
G05612,22,65,19.144303,72.801372,3.93,0.0,14.81,2.264,0.3789
G05613,23,65,19.14436,72.806123,6.12,0.0,16.03,2.377,0.2161
G05614,24,65,19.144417,72.810874,6.43,0.5,19.39,3.212,0.0816
G05615,25,65,19.144473,72.815626,5.2,0.5,13.03,2.463,0.0637
G05616,26,65,19.14453,72.820377,9.02,1.5,22.08,3.185,0.0237
G05617,27,65,19.144586,72.825128,12.11,2.44,20.14,4.363,0.0
G05618,28,65,19.144642,72.82988,7.95,2.32,15.84,3.378,0.0
G05619,29,65,19.144698,72.834631,11.25,4.69,23.52,2.948,0.0
G05620,30,65,19.144754,72.839382,10.62,5.67,20.97,2.209,0.0
G05621,31,65,19.14481,72.844133,9.78,6.04,15.46,2.41,0.0
G05622,32,65,19.144866,72.848885,11.44,7.16,18.96,2.175,0.0
G05623,33,65,19.144921,72.853636,17.24,9.6,27.67,3.587,0.0
G05624,34,65,19.144977,72.858388,23.92,15.25,39.99,4.014,0.0
G05625,35,65,19.145032,72.863139,40.39,23.26,62.24,5.757,0.0
G05626,36,65,19.145087,72.86789,46.13,32.79,67.16,5.978,0.0
G05627,37,65,19.145142,72.872642,53.42,38.29,72.87,5.356,0.0
G05628,38,65,19.145197,72.877393,65.23,50.85,87.9,5.542,0.0
G05629,39,65,19.145252,72.882145,86.26,50.15,114.41,10.569,0.0
G05630,40,65,19.145307,72.886896,46.76,32.29,75.79,5.513,0.0
G05631,41,65,19.145361,72.891648,45.82,33.43,58.15,4.95,0.0
G05632,42,65,19.145416,72.896399,45.67,32.88,62.58,5.048,0.0
G05633,43,65,19.14547,72.901151,56.67,47.05,77.23,4.176,0.5184
G05634,44,65,19.145524,72.905902,52.5,52.5,52.5,0.0,0.9945
G05635,45,65,19.145578,72.910654,57.55,52.5,91.65,3.48,0.7421
G05636,46,65,19.145632,72.915405,60.75,52.5,102.03,5.026,0.6565
G05637,47,65,19.145686,72.920157,74.53,47.68,99.98,9.198,0.0711
G05638,48,65,19.14574,72.924909,49.39,25.21,90.33,7.903,0.0
G05639,49,65,19.145794,72.92966,27.51,17.65,36.96,3.635,0.0
G05640,50,65,19.145847,72.934412,16.14,8.63,27.34,3.806,0.0
G05641,51,65,19.1459,72.939164,9.35,2.68,27.34,4.026,0.0026
G05642,52,65,19.145954,72.943915,4.18,2.04,12.87,1.354,0.0
G05643,53,65,19.146007,72.948667,3.99,2.0,9.16,1.4,0.0263
G05644,54,65,19.14606,72.953419,5.54,2.19,11.63,1.539,0.0
G05645,55,65,19.146113,72.95817,6.67,0.02,11.02,1.944,0.0
G05646,56,65,19.146165,72.962922,4.43,2.0,9.19,1.254,0.0868
G05647,57,65,19.146218,72.967674,2.52,2.0,3.93,0.386,0.2271
G05648,58,65,19.146271,72.972426,4.73,2.0,8.01,0.963,0.1053
G05649,59,65,19.146323,72.977177,3.69,0.0,8.23,1.052,0.3823
G05650,60,65,19.146375,72.981929,2.53,0.0,7.29,1.197,0.6553
G05651,61,65,19.146427,72.986681,6.75,1.94,15.72,2.361,0.0305
G05652,62,65,19.146479,72.991433,11.32,5.04,18.22,2.806,0.0
G05653,63,65,19.146531,72.996185,11.36,6.02,17.29,2.535,0.0
G05654,64,65,19.146583,73.000937,16.03,8.75,30.82,3.133,0.0
G05655,65,65,19.146635,73.005688,28.18,17.69,50.27,6.08,0.0
G05656,66,65,19.146686,73.01044,23.78,17.39,31.85,2.51,0.0
G05657,67,65,19.146737,73.015192,39.37,24.97,111.65,6.352,0.0
G05658,68,65,19.146789,73.019944,99.69,38.49,199.59,19.442,0.0
G05659,69,65,19.14684,73.024696,181.14,109.4,246.42,19.355,0.0
G05660,70,65,19.146891,73.029448,125.21,32.88,206.54,20.123,0.0
G05661,71,65,19.146942,73.0342,22.91,10.71,68.79,6.744,0.0
G05662,72,65,19.146993,73.038952,14.84,10.41,24.7,1.759,0.0
G05663,73,65,19.147043,73.043704,14.12,8.77,23.27,1.447,0.0028
G05664,74,65,19.147094,73.048456,12.04,5.98,19.21,2.12,0.0
G05665,75,65,19.147144,73.053208,8.77,5.94,14.1,1.926,0.0
G05666,76,65,19.147194,73.05796,10.98,6.08,18.84,2.241,0.0
G05667,77,65,19.147245,73.062712,11.64,8.53,18.57,1.495,0.0079
G05668,78,65,19.147295,73.067464,9.99,8.15,12.99,0.846,0.0
G05669,79,65,19.147345,73.072216,8.37,3.79,16.75,1.931,0.0
G05670,80,65,19.147394,73.076968,5.11,0.0,9.13,1.908,0.0055
G05671,81,65,19.147444,73.081721,8.46,3.54,12.96,1.211,0.0
G05672,82,65,19.147494,73.086473,8.11,3.44,13.68,1.754,0.0
G05673,83,65,19.147543,73.091225,9.54,4.39,16.87,1.609,0.0026
G05674,84,65,19.147592,73.095977,9.71,6.57,16.87,1.009,0.0
G05675,85,65,19.147642,73.100729,11.95,8.98,15.78,1.006,0.0
G05676,0,66,19.147538,72.696787,0.0,0.0,0.0,0.0,1.0
G05677,1,66,19.147597,72.701538,0.0,0.0,0.0,0.0,1.0
G05678,2,66,19.147657,72.706289,0.0,0.0,0.0,0.0,1.0
G05679,3,66,19.147716,72.71104,0.0,0.0,0.0,0.0,1.0
G05680,4,66,19.147775,72.715791,0.0,0.0,0.0,0.0,1.0
G05681,5,66,19.147834,72.720542,0.0,0.0,0.0,0.0,1.0
G05682,6,66,19.147893,72.725293,0.0,0.0,0.0,0.0,1.0
G05683,7,66,19.147952,72.730044,0.0,0.0,0.0,0.0,1.0
G05684,8,66,19.148011,72.734795,0.0,0.0,0.0,0.0,1.0
G05685,9,66,19.148069,72.739546,0.0,0.0,0.0,0.0,1.0
G05686,10,66,19.148127,72.744298,0.0,0.0,0.0,0.0,1.0
G05687,11,66,19.148186,72.749049,0.0,0.0,0.0,0.0,1.0
G05688,12,66,19.148244,72.7538,0.0,0.0,0.0,0.0,1.0
G05689,13,66,19.148302,72.758551,0.0,0.0,0.0,0.0,1.0
G05690,14,66,19.14836,72.763302,0.0,0.0,0.0,0.0,1.0
G05691,15,66,19.148418,72.768053,0.0,0.0,0.0,0.0,1.0
G05692,16,66,19.148475,72.772805,0.0,0.0,0.0,0.0,1.0
G05693,17,66,19.148533,72.777556,0.0,0.0,0.0,0.0,1.0
G05694,18,66,19.14859,72.782307,0.0,0.0,0.0,0.0,1.0
G05695,19,66,19.148648,72.787058,0.51,0.0,12.38,1.043,0.8868
G05696,20,66,19.148705,72.79181,10.73,1.88,26.94,3.875,0.0025
G05697,21,66,19.148762,72.796561,13.77,1.82,31.58,4.861,0.0105
G05698,22,66,19.148819,72.801312,3.75,0.0,12.43,1.97,0.2425
G05699,23,66,19.148876,72.806064,1.95,0.0,7.0,1.57,0.6184
G05700,24,66,19.148932,72.810815,4.84,0.34,8.48,1.353,0.125
G05701,25,66,19.148989,72.815566,5.59,2.79,13.03,1.433,0.1211
G05702,26,66,19.149045,72.820318,6.76,0.5,11.0,2.254,0.0425
G05703,27,66,19.149102,72.825069,7.09,0.5,20.58,4.241,0.0237
G05704,28,66,19.149158,72.82982,10.53,2.44,21.87,4.492,0.0
G05705,29,66,19.149214,72.834572,7.54,0.91,14.79,2.95,0.0
G05706,30,66,19.14927,72.839323,6.28,1.0,15.68,2.888,0.0075
G05707,31,66,19.149326,72.844075,7.63,1.0,15.68,2.583,0.0
G05708,32,66,19.149381,72.848826,11.7,4.68,21.73,2.844,0.0
G05709,33,66,19.149437,72.853578,16.7,10.18,27.17,3.403,0.0
G05710,34,66,19.149492,72.858329,22.6,13.38,45.51,4.285,0.0
G05711,35,66,19.149548,72.863081,56.03,30.6,76.68,8.495,0.0
G05712,36,66,19.149603,72.867832,54.46,38.27,87.33,6.029,0.0
G05713,37,66,19.149658,72.872584,63.23,39.03,90.06,6.376,0.0
G05714,38,66,19.149713,72.877335,63.07,39.66,80.74,5.524,0.0
G05715,39,66,19.149768,72.882087,83.12,55.63,107.81,8.433,0.0
G05716,40,66,19.149822,72.886839,88.7,47.19,131.79,11.686,0.0
G05717,41,66,19.149877,72.89159,78.37,44.66,140.85,11.574,0.0075
G05718,42,66,19.149932,72.896342,64.95,42.1,118.86,9.238,0.0
G05719,43,66,19.149986,72.901094,58.64,49.5,80.67,5.492,0.3475
G05720,44,66,19.15004,72.905845,52.68,52.5,62.61,0.35,0.9579
G05721,45,66,19.150094,72.910597,52.5,52.5,52.5,0.0,1.0
G05722,46,66,19.150148,72.915349,52.5,52.5,52.5,0.001,1.0
G05723,47,66,19.150202,72.9201,55.61,52.5,72.67,3.228,0.79
G05724,48,66,19.150256,72.924852,58.75,30.63,82.33,6.209,0.0
G05725,49,66,19.150309,72.929604,40.62,20.46,66.82,5.571,0.0
G05726,50,66,19.150363,72.934356,18.02,10.59,51.62,4.351,0.0
G05727,51,66,19.150416,72.939107,10.35,5.01,18.24,3.105,0.0
G05728,52,66,19.15047,72.943859,8.52,3.47,14.35,2.8,0.0
G05729,53,66,19.150523,72.948611,6.71,1.68,14.71,2.292,0.0025
G05730,54,66,19.150576,72.953363,4.02,0.91,10.84,1.288,0.0737
G05731,55,66,19.150629,72.958115,4.18,2.0,11.02,1.372,0.1447
G05732,56,66,19.150681,72.962867,2.63,2.0,7.07,0.664,0.0775
G05733,57,66,19.150734,72.967619,2.99,2.0,7.27,0.863,0.0947
G05734,58,66,19.150786,72.97237,4.48,0.33,10.98,2.128,0.0425
G05735,59,66,19.150839,72.977122,4.58,0.0,11.03,2.381,0.1974
G05736,60,66,19.150891,72.981874,2.2,0.0,10.94,1.318,0.725
G05737,61,66,19.150943,72.986626,6.54,1.94,12.31,2.719,0.0079
G05738,62,66,19.150995,72.991378,7.5,1.85,14.16,2.548,0.115
G05739,63,66,19.151047,72.99613,8.15,3.27,13.99,1.928,0.0
G05740,64,66,19.151099,73.000882,12.82,6.82,21.32,2.455,0.0
G05741,65,66,19.151151,73.005634,37.72,14.81,108.01,10.016,0.0
G05742,66,66,19.151202,73.010386,42.37,24.76,108.01,8.169,0.0
G05743,67,66,19.151254,73.015138,105.98,31.74,207.65,20.915,0.0
G05744,68,66,19.151305,73.01989,139.96,83.47,199.59,20.515,0.0
G05745,69,66,19.151356,73.024642,170.39,69.01,246.42,21.726,0.0
G05746,70,66,19.151407,73.029394,70.02,17.46,165.5,16.562,0.0
G05747,71,66,19.151458,73.034147,21.2,7.03,72.55,6.585,0.0
G05748,72,66,19.151509,73.038899,8.57,5.34,12.56,0.996,0.0025
G05749,73,66,19.151559,73.043651,10.02,6.3,14.11,1.413,0.0
G05750,74,66,19.15161,73.048403,7.6,5.16,12.52,0.995,0.0
G05751,75,66,19.15166,73.053155,5.97,4.57,8.86,0.846,0.0
G05752,76,66,19.151711,73.057907,9.2,5.33,13.85,1.661,0.0
G05753,77,66,19.151761,73.062659,10.1,6.33,14.56,1.556,0.0075
G05754,78,66,19.151811,73.067412,9.07,5.53,16.54,1.486,0.0
G05755,79,66,19.151861,73.072164,10.89,0.13,20.78,3.003,0.0
G05756,80,66,19.151911,73.076916,6.83,0.0,10.1,1.941,0.0053
G05757,81,66,19.15196,73.081668,11.63,6.03,19.11,1.393,0.0
G05758,82,66,19.15201,73.086421,10.74,6.25,19.11,1.559,0.0132
G05759,83,66,19.152059,73.091173,7.23,3.98,14.43,1.585,0.0025
G05760,84,66,19.152109,73.095925,8.83,5.59,11.28,0.814,0.0079
G05761,85,66,19.152158,73.100677,11.57,7.95,14.37,0.962,0.0
G05762,0,67,19.152053,72.696725,0.0,0.0,0.0,0.0,1.0
G05763,1,67,19.152113,72.701476,0.0,0.0,0.0,0.0,1.0
G05764,2,67,19.152172,72.706227,0.0,0.0,0.0,0.0,1.0
G05765,3,67,19.152231,72.710978,0.0,0.0,0.0,0.0,1.0
G05766,4,67,19.15229,72.715729,0.0,0.0,0.0,0.0,1.0
G05767,5,67,19.152349,72.72048,0.0,0.0,0.0,0.0,1.0
G05768,6,67,19.152408,72.725231,0.0,0.0,0.0,0.0,1.0
G05769,7,67,19.152467,72.729983,0.0,0.0,0.0,0.0,1.0
G05770,8,67,19.152526,72.734734,0.0,0.0,0.0,0.0,1.0
G05771,9,67,19.152584,72.739485,0.0,0.0,0.0,0.0,1.0
G05772,10,67,19.152643,72.744236,0.0,0.0,0.0,0.0,1.0
G05773,11,67,19.152701,72.748987,0.0,0.0,0.0,0.0,1.0
G05774,12,67,19.152759,72.753739,0.0,0.0,0.0,0.0,1.0
G05775,13,67,19.152817,72.75849,0.0,0.0,0.0,0.0,1.0
G05776,14,67,19.152875,72.763241,0.0,0.0,0.0,0.0,1.0
G05777,15,67,19.152933,72.767993,0.0,0.0,0.0,0.0,1.0
G05778,16,67,19.152991,72.772744,0.0,0.0,0.0,0.0,1.0
G05779,17,67,19.153048,72.777495,0.0,0.0,0.0,0.0,1.0
G05780,18,67,19.153106,72.782247,0.07,0.0,2.1,0.222,0.9842
G05781,19,67,19.153163,72.786998,6.3,0.0,19.71,3.584,0.3269
G05782,20,67,19.15322,72.791749,5.09,1.66,16.52,1.745,0.0
G05783,21,67,19.153277,72.796501,2.99,0.5,8.4,0.93,0.0194
G05784,22,67,19.153334,72.801252,3.13,0.0,7.13,1.747,0.2211
G05785,23,67,19.153391,72.806004,2.23,0.0,7.57,1.448,0.5042
G05786,24,67,19.153448,72.810755,2.56,0.0,7.7,1.217,0.6158
G05787,25,67,19.153504,72.815507,4.77,0.0,7.11,1.473,0.0249
G05788,26,67,19.153561,72.820258,3.63,0.5,7.85,1.566,0.0763
G05789,27,67,19.153617,72.82501,3.43,1.74,14.13,0.98,0.0
G05790,28,67,19.153673,72.829761,5.63,0.44,15.63,2.868,0.0342
G05791,29,67,19.153729,72.834513,6.11,0.5,14.83,3.077,0.0139
G05792,30,67,19.153785,72.839265,7.61,1.09,15.68,2.397,0.0105
G05793,31,67,19.153841,72.844016,8.95,3.55,15.68,2.723,0.0
G05794,32,67,19.153897,72.848768,10.85,5.07,17.84,3.048,0.0
G05795,33,67,19.153952,72.853519,14.75,7.21,25.0,3.386,0.0
G05796,34,67,19.154008,72.858271,18.01,10.66,31.08,3.446,0.0
G05797,35,67,19.154063,72.863023,38.4,17.09,73.06,6.499,0.0
G05798,36,67,19.154118,72.867774,44.47,21.56,87.09,7.173,0.0
G05799,37,67,19.154174,72.872526,52.94,29.71,90.06,7.399,0.0
G05800,38,67,19.154229,72.877278,55.96,31.57,75.46,6.665,0.0
G05801,39,67,19.154283,72.882029,61.58,43.0,90.07,6.249,0.0
G05802,40,67,19.154338,72.886781,81.84,54.04,131.79,9.442,0.0
G05803,41,67,19.154393,72.891533,124.3,85.87,171.75,14.826,0.0
G05804,42,67,19.154447,72.896285,97.36,62.25,152.25,12.852,0.0
G05805,43,67,19.154502,72.901037,65.2,52.5,109.72,6.82,0.4237
G05806,44,67,19.154556,72.905788,57.16,52.5,88.64,4.135,0.7756
G05807,45,67,19.15461,72.91054,52.5,52.5,52.5,0.0,1.0
G05808,46,67,19.154664,72.915292,52.5,52.5,52.5,0.0,1.0
G05809,47,67,19.154718,72.920044,57.75,52.5,90.95,3.128,0.6395
G05810,48,67,19.154772,72.924796,78.52,53.99,114.27,7.885,0.0055
G05811,49,67,19.154825,72.929548,56.22,18.59,97.98,8.286,0.0
G05812,50,67,19.154879,72.934299,19.29,11.27,39.34,4.296,0.0
G05813,51,67,19.154932,72.939051,11.09,7.11,20.07,1.882,0.0
G05814,52,67,19.154985,72.943803,10.27,3.32,22.08,2.996,0.0
G05815,53,67,19.155039,72.948555,5.81,2.08,14.12,2.436,0.0
G05816,54,67,19.155092,72.953307,3.16,1.34,9.49,1.401,0.0
G05817,55,67,19.155144,72.958059,3.56,1.24,9.29,1.54,0.0886
G05818,56,67,19.155197,72.962811,3.77,1.5,7.52,1.307,0.0026
G05819,57,67,19.15525,72.967563,3.37,1.5,7.72,1.06,0.1884
G05820,58,67,19.155302,72.972315,1.99,1.5,4.43,0.604,0.2132
G05821,59,67,19.155355,72.977067,3.95,0.0,7.42,1.814,0.0748
G05822,60,67,19.155407,72.981819,2.15,0.0,7.94,1.286,0.7105
G05823,61,67,19.155459,72.986571,5.22,0.0,12.41,2.22,0.0305
G05824,62,67,19.155511,72.991324,4.92,2.0,9.19,1.581,0.0184
G05825,63,67,19.155563,72.996076,6.84,3.27,12.42,2.127,0.0
G05826,64,67,19.155615,73.000828,11.71,4.0,22.62,2.857,0.0
G05827,65,67,19.155667,73.00558,29.06,11.91,80.65,8.209,0.0
G05828,66,67,19.155718,73.010332,73.07,33.85,149.4,15.161,0.0132
G05829,67,67,19.15577,73.015084,157.66,60.3,239.64,25.555,0.0
G05830,68,67,19.155821,73.019836,88.58,28.06,158.82,19.706,0.0
G05831,69,67,19.155872,73.024589,47.79,13.32,121.66,14.446,0.0
G05832,70,67,19.155923,73.029341,31.61,6.65,121.66,9.764,0.0
G05833,71,67,19.155974,73.034093,8.91,3.78,18.7,1.787,0.0028
G05834,72,67,19.156025,73.038845,5.2,3.43,7.64,0.805,0.0132
G05835,73,67,19.156075,73.043597,8.52,4.17,15.31,1.438,0.0
G05836,74,67,19.156126,73.04835,8.33,3.85,12.82,1.196,0.0
G05837,75,67,19.156176,73.053102,5.29,3.92,9.45,1.091,0.0
G05838,76,67,19.156227,73.057854,12.92,5.46,28.18,3.158,0.0
G05839,77,67,19.156277,73.062607,10.25,4.8,19.73,2.307,0.0
G05840,78,67,19.156327,73.067359,7.57,4.17,17.87,1.79,0.0
G05841,79,67,19.156377,73.072111,8.44,0.0,22.18,3.465,0.0421
G05842,80,67,19.156427,73.076864,8.07,4.35,13.6,2.402,0.0
G05843,81,67,19.156477,73.081616,11.62,6.11,21.16,2.268,0.0
G05844,82,67,19.156526,73.086368,14.45,10.13,21.89,1.68,0.072
G05845,83,67,19.156576,73.091121,11.02,4.87,21.48,2.029,0.0158
G05846,84,67,19.156625,73.095873,8.36,4.26,11.13,1.344,0.0332
G05847,85,67,19.156674,73.100626,10.47,6.63,14.32,1.333,0.0289
G05848,0,68,19.156568,72.696662,0.0,0.0,0.0,0.0,1.0
G05849,1,68,19.156628,72.701413,0.0,0.0,0.0,0.0,1.0
G05850,2,68,19.156687,72.706164,0.0,0.0,0.0,0.0,1.0
G05851,3,68,19.156746,72.710916,0.0,0.0,0.0,0.0,1.0
G05852,4,68,19.156806,72.715667,0.0,0.0,0.0,0.0,1.0
G05853,5,68,19.156865,72.720418,0.0,0.0,0.0,0.0,1.0
G05854,6,68,19.156924,72.725169,0.0,0.0,0.0,0.0,1.0
G05855,7,68,19.156982,72.729921,0.0,0.0,0.0,0.0,1.0
G05856,8,68,19.157041,72.734672,0.0,0.0,0.0,0.0,1.0
G05857,9,68,19.1571,72.739423,0.0,0.0,0.0,0.0,1.0
G05858,10,68,19.157158,72.744175,0.0,0.0,0.0,0.0,1.0
G05859,11,68,19.157216,72.748926,0.0,0.0,0.0,0.0,1.0
G05860,12,68,19.157274,72.753678,0.0,0.0,0.0,0.0,1.0
G05861,13,68,19.157333,72.758429,0.0,0.0,0.0,0.0,1.0
G05862,14,68,19.15739,72.76318,0.0,0.0,0.0,0.0,1.0
G05863,15,68,19.157448,72.767932,0.0,0.0,0.0,0.0,1.0
G05864,16,68,19.157506,72.772683,0.0,0.0,0.0,0.0,1.0
G05865,17,68,19.157564,72.777435,0.0,0.0,0.0,0.0,1.0
G05866,18,68,19.157621,72.782186,1.39,0.0,14.1,1.433,0.7425
G05867,19,68,19.157678,72.786938,8.88,0.03,20.78,3.876,0.0
G05868,20,68,19.157736,72.791689,2.71,0.91,4.37,0.592,0.0
G05869,21,68,19.157793,72.796441,2.44,0.5,6.23,1.286,0.0553
G05870,22,68,19.15785,72.801193,3.57,0.5,7.94,1.122,0.005
G05871,23,68,19.157906,72.805944,10.65,0.0,38.2,4.221,0.0053
G05872,24,68,19.157963,72.810696,8.56,0.0,46.01,4.773,0.47
G05873,25,68,19.15802,72.815447,2.13,0.0,6.86,1.327,0.6526
G05874,26,68,19.158076,72.820199,2.75,0.0,6.67,1.447,0.2725
G05875,27,68,19.158133,72.824951,2.2,1.5,3.73,0.447,0.1237
G05876,28,68,19.158189,72.829702,3.02,0.5,7.89,1.182,0.0325
G05877,29,68,19.158245,72.834454,6.5,1.05,12.45,2.037,0.0
G05878,30,68,19.158301,72.839206,8.01,0.29,14.97,2.797,0.0075
G05879,31,68,19.158357,72.843957,11.59,1.01,19.86,2.836,0.0
G05880,32,68,19.158412,72.848709,14.25,8.23,21.51,2.843,0.0
G05881,33,68,19.158468,72.853461,13.96,7.21,20.09,2.568,0.0
G05882,34,68,19.158523,72.858213,14.84,11.14,19.97,1.931,0.0
G05883,35,68,19.158579,72.862964,19.01,13.62,27.82,2.41,0.0
G05884,36,68,19.158634,72.867716,25.15,19.05,41.28,2.788,0.0
G05885,37,68,19.158689,72.872468,32.52,24.68,43.1,3.731,0.02
G05886,38,68,19.158744,72.87722,39.98,29.42,63.22,5.589,0.0
G05887,39,68,19.158799,72.881972,46.99,37.13,59.88,3.635,0.0
G05888,40,68,19.158854,72.886724,72.21,48.98,101.81,6.574,0.0
G05889,41,68,19.158908,72.891476,93.77,70.34,127.51,8.759,0.005
G05890,42,68,19.158963,72.896227,146.24,86.97,195.47,16.626,0.0
G05891,43,68,19.159017,72.900979,101.42,52.5,174.76,13.764,0.095
G05892,44,68,19.159072,72.905731,54.67,52.5,66.16,1.146,0.6632
G05893,45,68,19.159126,72.910483,52.5,52.5,52.5,0.0,1.0
G05894,46,68,19.15918,72.915235,52.5,52.5,52.5,0.0,1.0
G05895,47,68,19.159234,72.919987,61.43,52.5,93.39,3.635,0.585
G05896,48,68,19.159287,72.924739,90.35,70.99,116.77,7.407,0.0
G05897,49,68,19.159341,72.929491,61.55,24.72,113.11,9.999,0.0
G05898,50,68,19.159395,72.934243,21.69,13.26,38.56,3.521,0.0
G05899,51,68,19.159448,72.938995,14.91,9.04,23.73,3.251,0.0
G05900,52,68,19.159501,72.943747,10.69,1.87,23.73,3.609,0.0079
G05901,53,68,19.159554,72.948499,7.06,1.87,18.35,2.145,0.0075
G05902,54,68,19.159607,72.953252,5.62,2.11,10.07,1.625,0.0
G05903,55,68,19.15966,72.958004,3.29,1.24,8.29,1.515,0.0
G05904,56,68,19.159713,72.962756,2.19,1.25,7.15,0.859,0.33
G05905,57,68,19.159766,72.967508,2.02,1.5,3.92,0.318,0.3632
G05906,58,68,19.159818,72.97226,2.85,0.63,6.44,1.116,0.1475
G05907,59,68,19.159871,72.977012,5.03,0.25,8.16,1.962,0.0
G05908,60,68,19.159923,72.981764,3.24,0.0,9.05,1.675,0.5725
G05909,61,68,19.159975,72.986517,5.72,2.06,9.07,1.244,0.0184
G05910,62,68,19.160027,72.991269,7.7,2.23,16.67,2.812,0.0
G05911,63,68,19.160079,72.996021,7.93,3.4,11.14,1.58,0.0
G05912,64,68,19.160131,73.000773,10.23,5.84,19.51,2.554,0.0
G05913,65,68,19.160183,73.005526,21.66,9.7,68.68,5.456,0.0
G05914,66,68,19.160234,73.010278,127.75,27.42,216.64,21.959,0.0
G05915,67,68,19.160286,73.01503,188.35,119.26,239.64,16.485,0.0
G05916,68,68,19.160337,73.019782,51.85,12.97,132.14,14.309,0.0
G05917,69,68,19.160388,73.024535,17.98,8.16,66.77,4.055,0.0
G05918,70,68,19.160439,73.029287,10.49,4.8,21.24,3.158,0.0
G05919,71,68,19.16049,73.034039,4.02,1.92,14.2,1.258,0.0
G05920,72,68,19.160541,73.038792,2.84,1.67,6.47,0.723,0.0
G05921,73,68,19.160592,73.043544,9.28,2.34,15.16,2.198,0.0
G05922,74,68,19.160642,73.048297,7.6,2.45,12.74,1.416,0.0
G05923,75,68,19.160693,73.053049,4.9,1.91,12.54,1.399,0.0
G05924,76,68,19.160743,73.057801,10.4,4.49,21.27,2.687,0.0
G05925,77,68,19.160793,73.062554,6.34,1.98,13.23,1.825,0.0
G05926,78,68,19.160843,73.067306,8.84,3.14,15.61,1.97,0.0
G05927,79,68,19.160893,73.072059,5.57,0.0,13.96,2.711,0.035
G05928,80,68,19.160943,73.076811,9.39,3.98,16.96,2.51,0.0053
G05929,81,68,19.160993,73.081564,12.45,7.56,19.4,2.282,0.0
G05930,82,68,19.161042,73.086316,14.82,8.79,22.19,1.894,0.0026
G05931,83,68,19.161092,73.091069,16.0,7.99,25.92,2.263,0.0
G05932,84,68,19.161141,73.095821,10.94,6.33,15.85,1.532,0.0026
G05933,85,68,19.16119,73.100574,12.42,8.84,16.55,1.513,0.0175
G05934,0,69,19.161083,72.696599,0.0,0.0,0.0,0.0,1.0
G05935,1,69,19.161143,72.70135,0.0,0.0,0.0,0.0,1.0
G05936,2,69,19.161202,72.706102,0.0,0.0,0.0,0.0,1.0
G05937,3,69,19.161262,72.710853,0.0,0.0,0.0,0.0,1.0
G05938,4,69,19.161321,72.715605,0.0,0.0,0.0,0.0,1.0
G05939,5,69,19.16138,72.720356,0.0,0.0,0.0,0.0,1.0
G05940,6,69,19.161439,72.725107,0.0,0.0,0.0,0.0,1.0
G05941,7,69,19.161498,72.729859,0.0,0.0,0.0,0.0,1.0
G05942,8,69,19.161556,72.73461,0.0,0.0,0.0,0.0,1.0
G05943,9,69,19.161615,72.739362,0.0,0.0,0.0,0.0,1.0
G05944,10,69,19.161673,72.744113,0.0,0.0,0.0,0.0,1.0
G05945,11,69,19.161732,72.748865,0.0,0.0,0.0,0.0,1.0
G05946,12,69,19.16179,72.753616,0.0,0.0,0.0,0.0,1.0
G05947,13,69,19.161848,72.758368,0.0,0.0,0.0,0.0,1.0
G05948,14,69,19.161906,72.763119,0.0,0.0,0.0,0.0,1.0
G05949,15,69,19.161964,72.767871,0.0,0.0,0.0,0.0,1.0
G05950,16,69,19.162021,72.772623,0.0,0.0,0.0,0.0,1.0
G05951,17,69,19.162079,72.777374,0.0,0.0,0.0,0.0,1.0
G05952,18,69,19.162136,72.782126,1.79,0.0,13.86,1.476,0.6316
G05953,19,69,19.162194,72.786878,7.61,0.0,18.13,3.414,0.0
G05954,20,69,19.162251,72.791629,5.76,1.03,20.71,2.247,0.0
G05955,21,69,19.162308,72.796381,3.03,1.51,7.77,0.939,0.0
G05956,22,69,19.162365,72.801133,3.28,1.73,8.07,1.05,0.0
G05957,23,69,19.162422,72.805884,6.95,1.8,29.02,2.343,0.0028
G05958,24,69,19.162479,72.810636,6.48,0.0,43.97,3.324,0.0105
G05959,25,69,19.162535,72.815388,0.67,0.0,5.43,0.608,0.6981
G05960,26,69,19.162592,72.82014,1.94,0.0,6.39,1.131,0.5316
G05961,27,69,19.162648,72.824891,2.41,1.44,5.1,0.642,0.0028
G05962,28,69,19.162704,72.829643,3.48,0.0,13.78,2.16,0.1289
G05963,29,69,19.16276,72.834395,9.53,2.16,18.44,2.942,0.0
G05964,30,69,19.162816,72.839147,15.14,4.76,28.78,3.211,0.0
G05965,31,69,19.162872,72.843899,15.17,7.39,31.84,3.61,0.0
G05966,32,69,19.162928,72.848651,15.42,8.73,23.83,3.343,0.0
G05967,33,69,19.162984,72.853402,19.88,14.35,28.09,2.868,0.0
G05968,34,69,19.163039,72.858154,17.12,11.17,29.6,2.808,0.0
G05969,35,69,19.163094,72.862906,21.73,14.23,34.35,4.076,0.0
G05970,36,69,19.16315,72.867658,23.55,18.15,35.53,2.914,0.0
G05971,37,69,19.163205,72.87241,40.24,24.59,62.1,6.244,0.0211
G05972,38,69,19.16326,72.877162,47.62,29.25,62.87,5.329,0.0
G05973,39,69,19.163315,72.881914,52.2,38.08,73.2,5.832,0.0
G05974,40,69,19.163369,72.886666,65.69,50.01,104.13,5.763,0.0
G05975,41,69,19.163424,72.891418,87.0,63.13,117.97,7.835,0.0
G05976,42,69,19.163479,72.89617,124.24,93.96,170.19,9.898,0.0
G05977,43,69,19.163533,72.900922,97.61,65.94,167.06,9.214,0.0
G05978,44,69,19.163587,72.905674,65.49,52.5,77.71,2.547,0.0332
G05979,45,69,19.163641,72.910426,53.13,52.5,63.6,0.832,0.85
G05980,46,69,19.163695,72.915178,53.31,52.5,64.71,1.21,0.9169
G05981,47,69,19.163749,72.919931,61.37,52.5,78.87,4.845,0.1895
G05982,48,69,19.163803,72.924683,73.56,59.26,88.86,5.056,0.0
G05983,49,69,19.163857,72.929435,61.7,27.69,92.21,8.53,0.0
G05984,50,69,19.16391,72.934187,24.88,16.42,37.97,3.124,0.0
G05985,51,69,19.163964,72.938939,17.82,11.92,33.58,3.544,0.0
G05986,52,69,19.164017,72.943691,15.69,9.15,27.45,4.162,0.0
G05987,53,69,19.16407,72.948444,13.15,5.07,23.21,3.694,0.0
G05988,54,69,19.164123,72.953196,9.46,4.33,16.81,2.822,0.0
G05989,55,69,19.164176,72.957948,7.57,2.26,16.95,3.04,0.0
G05990,56,69,19.164229,72.9627,7.47,1.86,17.37,2.699,0.0053
G05991,57,69,19.164282,72.967453,4.68,1.85,12.14,1.422,0.0
G05992,58,69,19.164334,72.972205,3.94,0.54,7.69,1.313,0.0026
G05993,59,69,19.164387,72.976957,4.49,2.18,9.74,1.194,0.0083
G05994,60,69,19.164439,72.981709,3.19,0.0,8.3,1.919,0.5526
G05995,61,69,19.164491,72.986462,5.67,0.64,8.88,1.528,0.0139
G05996,62,69,19.164543,72.991214,7.66,0.54,14.17,2.87,0.0053
G05997,63,69,19.164595,72.995966,10.68,6.46,18.72,1.657,0.0
G05998,64,69,19.164647,73.000719,11.56,6.49,17.55,2.085,0.0
G05999,65,69,19.164699,73.005471,22.29,5.5,71.97,5.569,0.0
G06000,66,69,19.16475,73.010224,72.58,16.78,163.93,18.59,0.0
G06001,67,69,19.164802,73.014976,145.67,63.04,177.72,15.913,0.0
G06002,68,69,19.164853,73.019728,86.99,14.79,166.91,19.736,0.0
G06003,69,69,19.164904,73.024481,13.77,8.61,27.19,3.033,0.0
G06004,70,69,19.164955,73.029233,8.92,2.07,16.14,2.884,0.0
G06005,71,69,19.165006,73.033986,2.82,1.92,9.88,0.725,0.0
G06006,72,69,19.165057,73.038738,3.01,1.85,6.28,0.777,0.0
G06007,73,69,19.165108,73.043491,6.36,2.0,12.85,2.208,0.0
G06008,74,69,19.165158,73.048243,3.6,1.79,10.67,1.094,0.0079
G06009,75,69,19.165209,73.052996,5.19,1.82,19.47,2.103,0.0
G06010,76,69,19.165259,73.057749,5.6,2.05,19.47,1.721,0.0
G06011,77,69,19.165309,73.062501,3.96,1.77,10.14,1.375,0.0
G06012,78,69,19.165359,73.067254,8.02,1.12,15.51,2.105,0.0
G06013,79,69,19.165409,73.072006,4.06,0.0,12.12,2.14,0.1053
G06014,80,69,19.165459,73.076759,7.21,3.14,13.8,2.215,0.0
G06015,81,69,19.165509,73.081512,9.52,6.0,15.88,1.938,0.0447
G06016,82,69,19.165559,73.086264,14.63,9.57,19.77,1.806,0.0
G06017,83,69,19.165608,73.091017,13.48,9.4,17.95,1.43,0.0
G06018,84,69,19.165657,73.09577,15.55,8.76,21.98,1.862,0.0139
G06019,85,69,19.165707,73.100522,16.21,11.5,21.85,1.801,0.0
G06020,0,70,19.165598,72.696536,0.0,0.0,0.0,0.0,1.0
G06021,1,70,19.165658,72.701288,0.0,0.0,0.0,0.0,1.0
G06022,2,70,19.165717,72.706039,0.0,0.0,0.0,0.0,1.0
G06023,3,70,19.165777,72.710791,0.0,0.0,0.0,0.0,1.0
G06024,4,70,19.165836,72.715542,0.0,0.0,0.0,0.0,1.0
G06025,5,70,19.165895,72.720294,0.0,0.0,0.0,0.0,1.0
G06026,6,70,19.165954,72.725045,0.0,0.0,0.0,0.0,1.0
G06027,7,70,19.166013,72.729797,0.0,0.0,0.0,0.0,1.0
G06028,8,70,19.166071,72.734549,0.0,0.0,0.0,0.0,1.0
G06029,9,70,19.16613,72.7393,0.0,0.0,0.0,0.0,1.0
G06030,10,70,19.166188,72.744052,0.0,0.0,0.0,0.0,1.0
G06031,11,70,19.166247,72.748804,0.0,0.0,0.0,0.0,1.0
G06032,12,70,19.166305,72.753555,0.0,0.0,0.0,0.0,1.0
G06033,13,70,19.166363,72.758307,0.0,0.0,0.0,0.0,1.0
G06034,14,70,19.166421,72.763059,0.0,0.0,0.0,0.0,1.0
G06035,15,70,19.166479,72.76781,0.0,0.0,0.0,0.0,1.0
G06036,16,70,19.166537,72.772562,0.0,0.0,0.0,0.0,1.0
G06037,17,70,19.166594,72.777314,0.0,0.0,0.0,0.0,1.0
G06038,18,70,19.166652,72.782066,4.1,0.0,19.87,2.14,0.57
G06039,19,70,19.166709,72.786817,4.92,0.0,15.24,2.962,0.4026
G06040,20,70,19.166766,72.791569,20.84,7.77,32.56,4.27,0.0
G06041,21,70,19.166823,72.796321,7.03,1.95,30.05,3.303,0.0
G06042,22,70,19.16688,72.801073,2.84,0.88,6.72,0.924,0.0
G06043,23,70,19.166937,72.805825,3.4,1.42,6.72,1.211,0.0
G06044,24,70,19.166994,72.810576,3.47,0.31,5.45,0.989,0.0
G06045,25,70,19.167051,72.815328,3.68,0.0,6.45,1.208,0.0474
G06046,26,70,19.167107,72.82008,0.43,0.0,5.43,0.418,0.8225
G06047,27,70,19.167163,72.824832,1.31,0.0,6.25,1.139,0.6447
G06048,28,70,19.16722,72.829584,4.64,0.0,11.25,2.339,0.075
G06049,29,70,19.167276,72.834336,8.83,2.47,14.75,2.541,0.0
G06050,30,70,19.167332,72.839088,13.09,3.82,32.18,3.016,0.0
G06051,31,70,19.167388,72.84384,14.35,4.65,32.79,3.705,0.0
G06052,32,70,19.167444,72.848592,15.31,9.11,27.69,3.022,0.0
G06053,33,70,19.167499,72.853344,22.58,12.29,37.81,4.369,0.0
G06054,34,70,19.167555,72.858096,30.23,17.83,49.02,5.611,0.0
G06055,35,70,19.16761,72.862848,25.77,18.85,37.71,4.331,0.0
G06056,36,70,19.167665,72.8676,30.19,20.95,51.84,4.26,0.0
G06057,37,70,19.16772,72.872352,40.1,27.11,56.6,5.174,0.0
G06058,38,70,19.167775,72.877104,53.43,38.05,93.31,5.737,0.0
G06059,39,70,19.16783,72.881856,85.22,48.76,121.48,8.669,0.0
G06060,40,70,19.167885,72.886609,110.67,52.62,174.72,12.032,0.0
G06061,41,70,19.16794,72.891361,175.31,93.83,297.53,18.261,0.0
G06062,42,70,19.167994,72.896113,171.32,114.76,292.6,16.734,0.0
G06063,43,70,19.168049,72.900865,124.24,77.52,199.29,16.903,0.0
G06064,44,70,19.168103,72.905617,86.55,56.67,179.9,9.347,0.0
G06065,45,70,19.168157,72.910369,58.28,52.5,69.2,2.502,0.1475
G06066,46,70,19.168211,72.915122,57.83,52.5,79.13,3.35,0.2605
G06067,47,70,19.168265,72.919874,64.89,54.72,79.13,3.394,0.01
G06068,48,70,19.168319,72.924626,76.71,58.23,119.28,6.982,0.0
G06069,49,70,19.168373,72.929378,70.78,31.51,105.85,8.513,0.0
G06070,50,70,19.168426,72.934131,29.58,15.49,47.38,3.818,0.0
G06071,51,70,19.16848,72.938883,23.42,12.03,33.86,4.667,0.0
G06072,52,70,19.168533,72.943635,18.3,12.68,27.43,3.485,0.0
G06073,53,70,19.168586,72.948388,15.9,7.63,24.77,4.121,0.0
G06074,54,70,19.168639,72.95314,12.97,6.9,22.65,3.833,0.0
G06075,55,70,19.168692,72.957892,14.56,7.08,23.49,4.139,0.0
G06076,56,70,19.168745,72.962645,12.47,4.01,22.46,3.569,0.0
G06077,57,70,19.168798,72.967397,7.22,1.04,14.27,2.843,0.0
G06078,58,70,19.16885,72.97215,7.08,1.04,25.11,2.888,0.0
G06079,59,70,19.168903,72.976902,7.31,2.41,26.66,2.422,0.0553
G06080,60,70,19.168955,72.981654,3.24,0.0,8.07,1.912,0.4525
G06081,61,70,19.169007,72.986407,5.24,2.23,9.43,1.401,0.0026
G06082,62,70,19.169059,72.991159,5.22,0.54,13.89,1.795,0.01
G06083,63,70,19.169111,72.995912,10.42,3.69,19.39,2.692,0.0
G06084,64,70,19.169163,73.000664,12.29,7.46,21.46,2.14,0.0025
G06085,65,70,19.169215,73.005417,17.71,14.03,30.93,1.881,0.0
G06086,66,70,19.169266,73.010169,54.81,15.46,184.61,15.005,0.0025
G06087,67,70,19.169318,73.014922,168.58,83.02,239.14,19.593,0.0
G06088,68,70,19.169369,73.019675,77.85,20.59,156.72,22.883,0.005
G06089,69,70,19.16942,73.024427,19.45,7.73,62.13,6.587,0.0
G06090,70,70,19.169471,73.02918,7.15,2.46,21.14,2.372,0.0
G06091,71,70,19.169522,73.033932,3.01,1.83,4.46,0.699,0.0
G06092,72,70,19.169573,73.038685,3.12,1.56,6.99,0.841,0.0
G06093,73,70,19.169624,73.043438,4.16,1.88,10.84,1.506,0.0158
G06094,74,70,19.169674,73.04819,3.37,1.56,8.91,1.123,0.0
G06095,75,70,19.169725,73.052943,6.77,1.78,23.83,3.052,0.0
G06096,76,70,19.169775,73.057696,4.22,0.0,23.02,2.248,0.0632
G06097,77,70,19.169825,73.062448,2.66,0.06,7.07,1.213,0.0725
G06098,78,70,19.169876,73.067201,3.53,0.0,9.33,1.825,0.0474
G06099,79,70,19.169926,73.071954,4.42,0.29,13.59,1.567,0.0
G06100,80,70,19.169975,73.076707,5.61,2.97,12.37,1.749,0.0079
G06101,81,70,19.170025,73.081459,10.71,7.01,15.14,1.741,0.0
G06102,82,70,19.170075,73.086212,12.39,7.94,20.16,2.04,0.0
G06103,83,70,19.170124,73.090965,9.33,6.77,14.77,1.346,0.0
G06104,84,70,19.170174,73.095718,14.33,8.68,19.81,1.881,0.0526
G06105,85,70,19.170223,73.10047,15.29,10.27,20.71,1.781,0.0
G06106,0,71,19.170113,72.696474,0.0,0.0,0.0,0.0,1.0
G06107,1,71,19.170173,72.701225,0.0,0.0,0.0,0.0,1.0
G06108,2,71,19.170232,72.705977,0.0,0.0,0.0,0.0,1.0
G06109,3,71,19.170292,72.710728,0.0,0.0,0.0,0.0,1.0
G06110,4,71,19.170351,72.71548,0.0,0.0,0.0,0.0,1.0
G06111,5,71,19.17041,72.720232,0.0,0.0,0.0,0.0,1.0
G06112,6,71,19.170469,72.724984,0.0,0.0,0.0,0.0,1.0
G06113,7,71,19.170528,72.729735,0.0,0.0,0.0,0.0,1.0
G06114,8,71,19.170587,72.734487,0.0,0.0,0.0,0.0,1.0
G06115,9,71,19.170645,72.739239,0.0,0.0,0.0,0.0,1.0
G06116,10,71,19.170704,72.74399,0.0,0.0,0.0,0.0,1.0
G06117,11,71,19.170762,72.748742,0.0,0.0,0.0,0.0,1.0
G06118,12,71,19.17082,72.753494,0.0,0.0,0.0,0.0,1.0
G06119,13,71,19.170878,72.758246,0.0,0.0,0.0,0.0,1.0
G06120,14,71,19.170936,72.762998,0.0,0.0,0.0,0.0,1.0
G06121,15,71,19.170994,72.767749,0.0,0.0,0.0,0.0,1.0
G06122,16,71,19.171052,72.772501,0.0,0.0,0.0,0.0,1.0
G06123,17,71,19.17111,72.777253,0.0,0.0,0.0,0.0,1.0
G06124,18,71,19.171167,72.782005,0.0,0.0,0.0,0.003,1.0
G06125,19,71,19.171224,72.786757,0.2,0.0,11.64,0.285,0.9834
G06126,20,71,19.171282,72.791509,6.18,0.0,24.37,2.976,0.6632
G06127,21,71,19.171339,72.796261,6.77,0.0,20.7,3.745,0.072
G06128,22,71,19.171396,72.801013,2.3,0.85,4.21,0.804,0.0
G06129,23,71,19.171453,72.805765,4.3,0.49,7.74,1.243,0.0
G06130,24,71,19.171509,72.810517,3.27,0.61,7.55,1.217,0.0
G06131,25,71,19.171566,72.815269,4.3,2.44,6.28,1.114,0.0
G06132,26,71,19.171623,72.820021,3.57,0.0,8.21,1.948,0.1
G06133,27,71,19.171679,72.824773,1.16,0.0,8.6,0.749,0.7147
G06134,28,71,19.171735,72.829525,2.98,0.5,8.87,1.48,0.4053
G06135,29,71,19.171791,72.834277,8.58,2.47,24.74,5.341,0.0
G06136,30,71,19.171847,72.839029,6.54,3.22,16.32,1.86,0.0
G06137,31,71,19.171903,72.843781,10.26,0.0,19.99,3.722,0.0
G06138,32,71,19.171959,72.848533,15.51,7.95,24.38,3.406,0.0
G06139,33,71,19.172015,72.853285,22.16,11.85,51.02,4.591,0.0026
G06140,34,71,19.17207,72.858038,27.24,19.43,43.88,4.365,0.0
G06141,35,71,19.172126,72.86279,41.98,23.29,62.51,6.784,0.0
G06142,36,71,19.172181,72.867542,42.79,22.32,55.46,5.198,0.0
G06143,37,71,19.172236,72.872294,42.14,33.11,54.32,3.911,0.0
G06144,38,71,19.172291,72.877046,50.89,35.99,74.99,4.195,0.0
G06145,39,71,19.172346,72.881799,84.07,57.29,138.45,8.553,0.0
G06146,40,71,19.172401,72.886551,151.4,89.51,193.48,11.615,0.0
G06147,41,71,19.172455,72.891303,242.44,173.86,318.41,14.356,0.0
G06148,42,71,19.17251,72.896055,273.76,185.7,332.99,17.167,0.0
G06149,43,71,19.172564,72.900808,206.6,114.63,299.72,21.015,0.0
G06150,44,71,19.172619,72.90556,110.97,67.31,221.58,13.924,0.0
G06151,45,71,19.172673,72.910312,73.3,55.83,93.31,3.325,0.0
G06152,46,71,19.172727,72.915065,67.8,55.83,77.24,2.998,0.0
G06153,47,71,19.172781,72.919817,89.46,63.07,171.01,11.398,0.0
G06154,48,71,19.172835,72.92457,115.75,70.86,196.89,13.969,0.0
G06155,49,71,19.172888,72.929322,115.5,47.38,196.89,19.152,0.0
G06156,50,71,19.172942,72.934074,51.86,26.38,119.79,7.436,0.0
G06157,51,71,19.172995,72.938827,33.74,21.88,50.61,4.602,0.0
G06158,52,71,19.173049,72.943579,23.59,14.63,35.03,4.005,0.0
G06159,53,71,19.173102,72.948332,18.15,12.63,24.77,3.521,0.0
G06160,54,71,19.173155,72.953084,18.76,10.25,25.33,3.225,0.0
G06161,55,71,19.173208,72.957837,15.39,8.55,23.14,3.84,0.0
G06162,56,71,19.173261,72.962589,13.92,5.94,23.71,4.077,0.0
G06163,57,71,19.173313,72.967342,6.6,2.38,17.22,2.538,0.0
G06164,58,71,19.173366,72.972094,9.74,2.65,29.1,3.52,0.0158
G06165,59,71,19.173418,72.976847,8.02,1.33,30.52,2.859,0.3102
G06166,60,71,19.173471,72.981599,3.55,0.0,7.68,1.742,0.2579
G06167,61,71,19.173523,72.986352,3.41,0.0,7.46,1.249,0.1385
G06168,62,71,19.173575,72.991105,4.53,1.92,13.13,1.142,0.0
G06169,63,71,19.173627,72.995857,6.57,3.31,15.37,2.033,0.0
G06170,64,71,19.173679,73.00061,13.16,7.45,20.27,2.271,0.0158
G06171,65,71,19.173731,73.005363,26.13,14.86,98.72,5.966,0.0
G06172,66,71,19.173782,73.010115,62.09,21.98,181.77,16.957,0.0868
G06173,67,71,19.173834,73.014868,118.81,37.63,235.6,24.035,0.0083
G06174,68,71,19.173885,73.019621,24.87,11.03,85.86,8.068,0.0
G06175,69,71,19.173936,73.024373,12.34,2.82,25.59,4.132,0.0
G06176,70,71,19.173987,73.029126,3.51,2.17,16.13,1.112,0.0
G06177,71,71,19.174038,73.033879,2.51,0.0,4.82,0.774,0.1191
G06178,72,71,19.174089,73.038632,2.35,0.0,5.82,1.367,0.2079
G06179,73,71,19.17414,73.043384,2.52,0.0,5.5,1.494,0.1551
G06180,74,71,19.174191,73.048137,2.63,0.0,7.1,1.446,0.0816
G06181,75,71,19.174241,73.05289,2.78,0.0,8.58,1.673,0.1219
G06182,76,71,19.174291,73.057643,3.08,0.44,8.29,1.568,0.036
G06183,77,71,19.174342,73.062396,3.84,0.92,10.54,1.649,0.0079
G06184,78,71,19.174392,73.067148,3.33,0.5,10.54,1.592,0.0332
G06185,79,71,19.174442,73.071901,3.78,1.8,10.11,1.366,0.0
G06186,80,71,19.174492,73.076654,4.12,2.13,11.19,1.219,0.0
G06187,81,71,19.174541,73.081407,6.66,3.1,13.02,1.807,0.0
G06188,82,71,19.174591,73.08616,8.15,5.58,14.4,1.783,0.0
G06189,83,71,19.174641,73.090913,10.42,5.88,17.18,1.769,0.0
G06190,84,71,19.17469,73.095666,11.54,8.07,17.28,1.597,0.0
G06191,85,71,19.174739,73.100419,12.96,10.51,17.22,1.522,0.0
G06192,0,72,19.174629,72.696411,0.0,0.0,0.0,0.0,1.0
G06193,1,72,19.174688,72.701163,0.0,0.0,0.0,0.0,1.0
G06194,2,72,19.174748,72.705914,0.0,0.0,0.0,0.0,1.0
G06195,3,72,19.174807,72.710666,0.0,0.0,0.0,0.0,1.0
G06196,4,72,19.174866,72.715418,0.0,0.0,0.0,0.0,1.0
G06197,5,72,19.174925,72.72017,0.0,0.0,0.0,0.0,1.0
G06198,6,72,19.174984,72.724922,0.0,0.0,0.0,0.0,1.0
G06199,7,72,19.175043,72.729673,0.0,0.0,0.0,0.0,1.0
G06200,8,72,19.175102,72.734425,0.0,0.0,0.0,0.0,1.0
G06201,9,72,19.17516,72.739177,0.0,0.0,0.0,0.0,1.0
G06202,10,72,19.175219,72.743929,0.0,0.0,0.0,0.0,1.0
G06203,11,72,19.175277,72.748681,0.0,0.0,0.0,0.0,1.0
G06204,12,72,19.175336,72.753433,0.0,0.0,0.0,0.0,1.0
G06205,13,72,19.175394,72.758185,0.0,0.0,0.0,0.0,1.0
G06206,14,72,19.175452,72.762937,0.0,0.0,0.0,0.0,1.0
G06207,15,72,19.17551,72.767689,0.0,0.0,0.0,0.0,1.0
G06208,16,72,19.175567,72.772441,0.0,0.0,0.0,0.0,1.0
G06209,17,72,19.175625,72.777193,0.0,0.0,0.0,0.0,1.0
G06210,18,72,19.175682,72.781945,0.0,0.0,0.0,0.0,1.0
G06211,19,72,19.17574,72.786697,0.0,0.0,0.0,0.0,1.0
G06212,20,72,19.175797,72.791449,0.0,0.0,0.0,0.0,1.0
G06213,21,72,19.175854,72.796201,6.1,0.0,18.95,3.246,0.3213
G06214,22,72,19.175911,72.800953,3.56,1.64,9.1,1.176,0.0
G06215,23,72,19.175968,72.805705,5.46,2.28,7.95,1.017,0.0
G06216,24,72,19.176025,72.810457,5.89,2.22,11.19,1.463,0.0
G06217,25,72,19.176082,72.815209,5.85,3.12,16.49,2.001,0.0
G06218,26,72,19.176138,72.819961,5.12,0.0,8.74,1.856,0.0
G06219,27,72,19.176194,72.824714,6.11,0.5,9.73,1.962,0.0471
G06220,28,72,19.176251,72.829466,3.53,-2.95,8.65,2.288,0.3684
G06221,29,72,19.176307,72.834218,8.13,-2.95,21.75,4.105,0.0
G06222,30,72,19.176363,72.83897,11.57,3.86,25.7,3.746,0.0
G06223,31,72,19.176419,72.843722,14.35,7.89,23.46,3.128,0.0
G06224,32,72,19.176475,72.848475,17.1,8.33,35.6,3.508,0.0
G06225,33,72,19.17653,72.853227,40.92,20.91,62.1,6.789,0.0
G06226,34,72,19.176586,72.857979,35.02,21.32,63.31,5.381,0.0
G06227,35,72,19.176641,72.862732,35.54,23.45,52.41,4.385,0.0026
G06228,36,72,19.176697,72.867484,46.86,35.19,54.58,3.844,0.0
G06229,37,72,19.176752,72.872236,49.52,38.54,57.55,3.151,0.0
G06230,38,72,19.176807,72.876989,61.77,47.97,107.6,5.397,0.0
G06231,39,72,19.176862,72.881741,93.48,61.48,154.7,13.14,0.0
G06232,40,72,19.176916,72.886493,162.02,93.0,210.43,13.745,0.0
G06233,41,72,19.176971,72.891246,237.18,190.33,278.27,8.58,0.0
G06234,42,72,19.177026,72.895998,293.47,257.54,327.57,9.076,0.0
G06235,43,72,19.17708,72.900751,307.69,221.58,359.74,19.698,0.0
G06236,44,72,19.177134,72.905503,156.77,88.14,283.61,18.418,0.0
G06237,45,72,19.177189,72.910256,89.28,73.72,127.09,5.338,0.0
G06238,46,72,19.177243,72.915008,77.37,67.11,92.1,3.651,0.0
G06239,47,72,19.177297,72.91976,112.46,75.87,181.01,13.322,0.0
G06240,48,72,19.17735,72.924513,144.91,87.41,232.19,17.579,0.0
G06241,49,72,19.177404,72.929266,202.67,117.17,294.22,22.57,0.0
G06242,50,72,19.177458,72.934018,120.54,48.07,288.12,19.16,0.0
G06243,51,72,19.177511,72.938771,50.44,32.49,79.26,5.415,0.0
G06244,52,72,19.177565,72.943523,33.78,19.89,56.9,4.297,0.0
G06245,53,72,19.177618,72.948276,24.12,16.45,32.42,3.664,0.0
G06246,54,72,19.177671,72.953028,19.77,14.25,27.4,3.185,0.0
G06247,55,72,19.177724,72.957781,14.2,6.66,22.1,3.18,0.0
G06248,56,72,19.177777,72.962534,11.48,5.18,20.95,3.755,0.0
G06249,57,72,19.177829,72.967286,8.91,4.25,14.35,2.434,0.0
G06250,58,72,19.177882,72.972039,9.49,3.78,17.06,2.914,0.0
G06251,59,72,19.177934,72.976792,3.57,0.8,12.47,1.578,0.2548
G06252,60,72,19.177987,72.981544,4.63,0.0,12.37,1.778,0.0684
G06253,61,72,19.178039,72.986297,2.83,0.0,8.27,1.595,0.3573
G06254,62,72,19.178091,72.99105,5.47,2.18,19.73,2.04,0.0211
G06255,63,72,19.178143,72.995803,7.7,2.95,16.42,2.64,0.0194
G06256,64,72,19.178195,73.000555,14.21,9.48,27.25,2.664,0.0
G06257,65,72,19.178247,73.005308,44.75,14.56,136.11,12.751,0.0
G06258,66,72,19.178298,73.010061,141.75,42.62,224.86,23.897,0.0
G06259,67,72,19.17835,73.014814,166.18,42.62,283.0,27.861,0.0
G06260,68,72,19.178401,73.019567,50.98,10.87,230.41,15.024,0.0
G06261,69,72,19.178452,73.024319,5.04,0.0,15.49,2.002,0.1025
G06262,70,72,19.178503,73.029072,2.35,0.0,4.66,1.138,0.1395
G06263,71,72,19.178554,73.033825,1.95,0.0,3.9,0.736,0.1247
G06264,72,72,19.178605,73.038578,2.75,0.69,7.82,0.691,0.0158
G06265,73,72,19.178656,73.043331,3.86,2.2,9.71,1.118,0.0
G06266,74,72,19.178707,73.048084,2.93,1.45,6.62,0.75,0.0026
G06267,75,72,19.178757,73.052837,4.29,0.0,10.65,1.888,0.0083
G06268,76,72,19.178808,73.05759,4.42,2.09,10.65,2.099,0.0
G06269,77,72,19.178858,73.062343,6.98,2.15,13.43,2.119,0.0
G06270,78,72,19.178908,73.067096,7.7,2.84,14.73,2.116,0.0
G06271,79,72,19.178958,73.071849,8.82,2.6,13.69,2.03,0.0
G06272,80,72,19.179008,73.076602,8.81,4.13,13.61,1.4,0.0
G06273,81,72,19.179058,73.081355,11.06,5.26,17.96,2.119,0.0
G06274,82,72,19.179107,73.086108,9.97,5.87,16.36,1.648,0.0
G06275,83,72,19.179157,73.090861,13.73,10.09,18.17,1.554,0.0
G06276,84,72,19.179206,73.095614,16.96,11.38,20.89,1.546,0.0
G06277,85,72,19.179255,73.100367,15.62,11.38,22.05,1.543,0.0
G06278,0,73,19.179144,72.696348,0.0,0.0,0.0,0.0,1.0
G06279,1,73,19.179203,72.7011,0.0,0.0,0.0,0.0,1.0
G06280,2,73,19.179263,72.705852,0.0,0.0,0.0,0.0,1.0
G06281,3,73,19.179322,72.710604,0.0,0.0,0.0,0.0,1.0
G06282,4,73,19.179381,72.715356,0.0,0.0,0.0,0.0,1.0
G06283,5,73,19.17944,72.720108,0.0,0.0,0.0,0.0,1.0
G06284,6,73,19.179499,72.724859,0.0,0.0,0.0,0.0,1.0
G06285,7,73,19.179558,72.729611,0.0,0.0,0.0,0.0,1.0
G06286,8,73,19.179617,72.734363,0.0,0.0,0.0,0.0,1.0
G06287,9,73,19.179676,72.739115,0.0,0.0,0.0,0.0,1.0
G06288,10,73,19.179734,72.743867,0.0,0.0,0.0,0.0,1.0
G06289,11,73,19.179793,72.748619,0.0,0.0,0.0,0.0,1.0
G06290,12,73,19.179851,72.753372,0.0,0.0,0.0,0.0,1.0
G06291,13,73,19.179909,72.758124,0.0,0.0,0.0,0.0,1.0
G06292,14,73,19.179967,72.762876,0.0,0.0,0.0,0.0,1.0
G06293,15,73,19.180025,72.767628,0.0,0.0,0.0,0.0,1.0
G06294,16,73,19.180083,72.77238,0.0,0.0,0.0,0.0,1.0
G06295,17,73,19.18014,72.777132,0.0,0.0,0.0,0.0,1.0
G06296,18,73,19.180198,72.781884,0.0,0.0,0.0,0.0,1.0
G06297,19,73,19.180255,72.786636,0.0,0.0,0.0,0.0,1.0
G06298,20,73,19.180312,72.791389,0.0,0.0,0.0,0.0,1.0
G06299,21,73,19.18037,72.796141,4.22,0.0,17.36,3.038,0.5447
G06300,22,73,19.180427,72.800893,3.19,1.41,6.72,0.893,0.0
G06301,23,73,19.180484,72.805645,6.42,2.47,14.27,1.194,0.0
G06302,24,73,19.18054,72.810397,7.6,3.15,12.57,1.285,0.0
G06303,25,73,19.180597,72.81515,5.91,2.66,14.59,2.48,0.0
G06304,26,73,19.180654,72.819902,6.57,2.66,20.07,2.106,0.0
G06305,27,73,19.18071,72.824654,5.88,2.69,9.14,1.445,0.0
G06306,28,73,19.180766,72.829407,4.44,1.0,9.82,1.932,0.1675
G06307,29,73,19.180822,72.834159,7.37,3.79,18.64,2.951,0.0
G06308,30,73,19.180878,72.838911,11.61,3.95,26.58,4.111,0.0
G06309,31,73,19.180934,72.843664,16.83,10.57,26.4,2.654,0.0
G06310,32,73,19.18099,72.848416,18.38,13.72,26.88,2.636,0.0
G06311,33,73,19.181046,72.853168,31.69,16.38,58.28,4.846,0.0025
G06312,34,73,19.181101,72.857921,46.97,32.68,66.04,6.565,0.0
G06313,35,73,19.181157,72.862673,44.37,32.53,63.24,4.891,0.0
G06314,36,73,19.181212,72.867426,43.42,32.43,65.58,3.853,0.0
G06315,37,73,19.181267,72.872178,58.99,44.19,91.05,4.445,0.0
G06316,38,73,19.181322,72.876931,95.46,53.32,123.5,8.121,0.0
G06317,39,73,19.181377,72.881683,141.29,97.54,164.25,8.519,0.0
G06318,40,73,19.181432,72.886436,182.1,132.97,226.78,9.446,0.0
G06319,41,73,19.181487,72.891188,238.9,210.43,270.34,7.041,0.0
G06320,42,73,19.181541,72.895941,295.52,253.99,362.94,10.667,0.0
G06321,43,73,19.181596,72.900693,345.91,283.61,389.52,11.953,0.0
G06322,44,73,19.18165,72.905446,255.04,121.48,391.85,24.444,0.0
G06323,45,73,19.181704,72.910199,166.35,88.13,285.14,20.956,0.0
G06324,46,73,19.181758,72.914951,112.2,74.83,178.41,11.648,0.0
G06325,47,73,19.181812,72.919704,101.11,77.65,121.17,7.008,0.0
G06326,48,73,19.181866,72.924456,136.48,96.26,193.79,15.628,0.0
G06327,49,73,19.18192,72.929209,193.71,123.6,313.3,20.274,0.0
G06328,50,73,19.181974,72.933962,190.89,76.46,318.38,24.762,0.0
G06329,51,73,19.182027,72.938714,64.49,40.13,114.62,8.46,0.0025
G06330,52,73,19.18208,72.943467,39.44,29.03,61.96,4.051,0.0
G06331,53,73,19.182134,72.94822,27.64,19.21,35.79,3.952,0.0
G06332,54,73,19.182187,72.952973,20.67,14.03,38.82,3.866,0.0
G06333,55,73,19.18224,72.957725,15.53,8.59,28.77,3.187,0.0
G06334,56,73,19.182293,72.962478,15.15,7.55,28.77,3.273,0.0
G06335,57,73,19.182345,72.967231,13.23,7.32,22.62,3.271,0.0
G06336,58,73,19.182398,72.971984,11.74,4.32,17.93,2.169,0.0
G06337,59,73,19.18245,72.976737,9.26,0.8,14.77,2.752,0.0289
G06338,60,73,19.182503,72.981489,6.19,0.0,13.09,2.928,0.085
G06339,61,73,19.182555,72.986242,3.14,0.0,12.21,2.445,0.3289
G06340,62,73,19.182607,72.990995,6.14,1.54,16.3,1.949,0.0
G06341,63,73,19.182659,72.995748,7.87,1.24,15.68,2.216,0.0
G06342,64,73,19.182711,73.000501,13.46,9.93,23.77,2.177,0.0
G06343,65,73,19.182763,73.005254,43.28,15.91,129.13,11.119,0.0
G06344,66,73,19.182814,73.010007,128.81,53.49,213.62,21.155,0.0
G06345,67,73,19.182866,73.01476,214.6,120.02,281.08,20.328,0.0
G06346,68,73,19.182917,73.019513,87.08,11.7,241.65,22.401,0.0
G06347,69,73,19.182968,73.024266,6.6,0.0,25.21,3.106,0.15
G06348,70,73,19.18302,73.029019,2.79,0.76,5.8,0.991,0.12
G06349,71,73,19.183071,73.033772,2.86,1.98,7.42,0.592,0.0
G06350,72,73,19.183121,73.038525,5.09,1.94,16.42,2.214,0.0
G06351,73,73,19.183172,73.043278,6.16,3.28,15.83,2.4,0.0
G06352,74,73,19.183223,73.048031,5.09,2.17,12.52,1.599,0.0
G06353,75,73,19.183273,73.052784,5.15,2.28,9.75,1.351,0.0053
G06354,76,73,19.183324,73.057537,5.73,2.69,13.93,1.81,0.0
G06355,77,73,19.183374,73.06229,8.31,2.69,15.43,2.011,0.0
G06356,78,73,19.183424,73.067043,10.39,5.39,14.74,1.844,0.0053
G06357,79,73,19.183474,73.071796,12.08,7.59,16.24,1.756,0.0
G06358,80,73,19.183524,73.076549,13.61,7.21,19.32,1.783,0.0
G06359,81,73,19.183574,73.081302,13.28,7.46,17.83,1.617,0.0
G06360,82,73,19.183623,73.086056,14.98,8.88,20.01,1.754,0.0
G06361,83,73,19.183673,73.090809,19.48,14.6,24.53,1.781,0.0
G06362,84,73,19.183722,73.095562,18.4,14.66,25.93,1.711,0.0
G06363,85,73,19.183772,73.100315,18.43,14.24,24.83,1.668,0.0
G06364,0,74,19.183659,72.696285,0.0,0.0,0.0,0.0,1.0
G06365,1,74,19.183718,72.701037,0.0,0.0,0.0,0.0,1.0
G06366,2,74,19.183778,72.705789,0.0,0.0,0.0,0.0,1.0
G06367,3,74,19.183837,72.710541,0.0,0.0,0.0,0.0,1.0
G06368,4,74,19.183896,72.715293,0.0,0.0,0.0,0.0,1.0
G06369,5,74,19.183956,72.720045,0.0,0.0,0.0,0.0,1.0
G06370,6,74,19.184015,72.724797,0.0,0.0,0.0,0.0,1.0
G06371,7,74,19.184073,72.72955,0.0,0.0,0.0,0.0,1.0
G06372,8,74,19.184132,72.734302,0.0,0.0,0.0,0.0,1.0
G06373,9,74,19.184191,72.739054,0.0,0.0,0.0,0.0,1.0
G06374,10,74,19.184249,72.743806,0.0,0.0,0.0,0.0,1.0
G06375,11,74,19.184308,72.748558,0.0,0.0,0.0,0.0,1.0
G06376,12,74,19.184366,72.75331,0.0,0.0,0.0,0.0,1.0
G06377,13,74,19.184424,72.758062,0.0,0.0,0.0,0.0,1.0
G06378,14,74,19.184482,72.762815,0.0,0.0,0.0,0.0,1.0
G06379,15,74,19.18454,72.767567,0.0,0.0,0.0,0.0,1.0
G06380,16,74,19.184598,72.772319,0.0,0.0,0.0,0.0,1.0
G06381,17,74,19.184656,72.777071,0.0,0.0,0.0,0.0,1.0
G06382,18,74,19.184713,72.781824,0.0,0.0,0.0,0.0,1.0
G06383,19,74,19.184771,72.786576,0.0,0.0,0.0,0.0,1.0
G06384,20,74,19.184828,72.791328,0.0,0.0,0.0,0.0,1.0
G06385,21,74,19.184885,72.796081,4.79,0.0,25.03,3.52,0.5789
G06386,22,74,19.184942,72.800833,4.43,1.46,14.97,2.077,0.0
G06387,23,74,19.184999,72.805585,9.08,3.58,15.55,2.327,0.0
G06388,24,74,19.185056,72.810338,8.71,4.5,16.65,1.585,0.0
G06389,25,74,19.185112,72.81509,7.69,2.21,13.27,1.888,0.0
G06390,26,74,19.185169,72.819843,6.71,4.48,12.06,1.428,0.0
G06391,27,74,19.185225,72.824595,6.22,2.7,10.98,1.922,0.0
G06392,28,74,19.185282,72.829347,5.58,1.0,16.02,2.454,0.0211
G06393,29,74,19.185338,72.8341,6.11,1.29,13.4,2.406,0.0
G06394,30,74,19.185394,72.838852,10.71,2.59,20.71,3.064,0.0
G06395,31,74,19.18545,72.843605,17.43,9.52,26.4,3.46,0.0
G06396,32,74,19.185506,72.848357,19.66,13.97,28.53,3.176,0.0
G06397,33,74,19.185561,72.85311,23.6,14.78,38.34,3.067,0.0
G06398,34,74,19.185617,72.857862,30.16,19.04,46.45,3.952,0.0
G06399,35,74,19.185672,72.862615,36.76,24.42,54.73,4.159,0.0026
G06400,36,74,19.185728,72.867368,44.9,23.27,82.68,6.875,0.0
G06401,37,74,19.185783,72.87212,64.78,39.73,88.98,7.437,0.0
G06402,38,74,19.185838,72.876873,86.84,43.23,116.71,7.22,0.0
G06403,39,74,19.185893,72.881625,122.82,88.5,162.41,8.167,0.0
G06404,40,74,19.185948,72.886378,178.17,132.65,222.56,9.079,0.0
G06405,41,74,19.186003,72.891131,242.72,199.37,287.5,8.263,0.0
G06406,42,74,19.186057,72.895883,302.61,263.35,347.82,10.619,0.0
G06407,43,74,19.186112,72.900636,331.93,236.27,389.34,15.91,0.0
G06408,44,74,19.186166,72.905389,259.57,174.07,388.65,16.962,0.0
G06409,45,74,19.18622,72.910142,166.12,112.0,280.06,15.95,0.0105
G06410,46,74,19.186274,72.914894,116.3,105.57,143.19,4.721,0.4931
G06411,47,74,19.186328,72.919647,118.37,106.46,158.81,5.282,0.4342
G06412,48,74,19.186382,72.9244,159.57,110.36,232.01,13.754,0.0166
G06413,49,74,19.186436,72.929153,199.95,139.23,276.95,17.907,0.0
G06414,50,74,19.186489,72.933905,201.69,88.63,272.02,21.191,0.0
G06415,51,74,19.186543,72.938658,77.8,40.13,183.98,10.522,0.0
G06416,52,74,19.186596,72.943411,42.35,31.05,59.53,3.664,0.0
G06417,53,74,19.186649,72.948164,28.86,18.37,39.89,3.78,0.0
G06418,54,74,19.186703,72.952917,24.73,16.01,35.27,3.918,0.0
G06419,55,74,19.186756,72.95767,19.26,15.01,28.77,3.045,0.0776
G06420,56,74,19.186808,72.962423,16.81,8.55,28.77,3.179,0.0
G06421,57,74,19.186861,72.967175,19.03,12.46,27.57,3.236,0.0
G06422,58,74,19.186914,72.971928,18.54,8.61,30.62,3.975,0.0
G06423,59,74,19.186966,72.976681,12.06,6.72,18.01,2.628,0.0222
G06424,60,74,19.187019,72.981434,5.32,0.0,12.53,2.127,0.1816
G06425,61,74,19.187071,72.986187,4.15,0.0,11.28,2.686,0.3573
G06426,62,74,19.187123,72.99094,11.72,5.45,19.72,3.49,0.0
G06427,63,74,19.187175,72.995693,8.46,4.78,18.31,1.778,0.0
G06428,64,74,19.187227,73.000446,16.1,9.34,32.13,3.879,0.0105
G06429,65,74,19.187279,73.005199,37.71,15.91,86.42,7.909,0.0083
G06430,66,74,19.18733,73.009952,92.31,24.17,228.69,20.178,0.0
G06431,67,74,19.187382,73.014705,235.58,154.0,278.99,16.933,0.0
G06432,68,74,19.187433,73.019459,85.52,11.58,276.36,22.337,0.0
G06433,69,74,19.187484,73.024212,9.04,0.0,26.44,3.583,0.1247
G06434,70,74,19.187536,73.028965,2.33,0.0,6.77,1.288,0.3842
G06435,71,74,19.187587,73.033718,4.0,2.26,6.97,1.112,0.0
G06436,72,74,19.187637,73.038471,6.17,1.95,15.96,2.437,0.0
G06437,73,74,19.187688,73.043224,8.52,3.75,15.91,3.417,0.0
G06438,74,74,19.187739,73.047977,5.09,2.2,14.84,1.743,0.0
G06439,75,74,19.187789,73.052731,4.9,2.33,10.65,1.385,0.0
G06440,76,74,19.18784,73.057484,8.49,4.85,14.27,1.901,0.0
G06441,77,74,19.18789,73.062237,9.14,3.26,15.21,2.206,0.0
G06442,78,74,19.18794,73.06699,8.06,2.57,13.99,1.939,0.0
G06443,79,74,19.18799,73.071744,8.69,3.0,13.78,1.861,0.0026
G06444,80,74,19.18804,73.076497,13.55,5.73,21.78,3.009,0.0305
G06445,81,74,19.18809,73.08125,11.43,5.81,19.39,2.054,0.0
G06446,82,74,19.18814,73.086003,16.43,10.12,20.66,1.754,0.0
G06447,83,74,19.188189,73.090757,22.08,14.71,29.82,2.33,0.0
G06448,84,74,19.188239,73.09551,17.51,12.67,29.32,2.128,0.0
G06449,85,74,19.188288,73.100263,17.73,12.62,26.98,2.331,0.0
G06450,0,75,19.188174,72.696222,0.0,0.0,0.0,0.0,1.0
G06451,1,75,19.188233,72.700975,0.0,0.0,0.0,0.0,1.0
G06452,2,75,19.188293,72.705727,0.0,0.0,0.0,0.0,1.0
G06453,3,75,19.188352,72.710479,0.0,0.0,0.0,0.0,1.0
G06454,4,75,19.188412,72.715231,0.0,0.0,0.0,0.0,1.0
G06455,5,75,19.188471,72.719983,0.0,0.0,0.0,0.0,1.0
G06456,6,75,19.18853,72.724735,0.0,0.0,0.0,0.0,1.0
G06457,7,75,19.188589,72.729488,0.0,0.0,0.0,0.0,1.0
G06458,8,75,19.188647,72.73424,0.0,0.0,0.0,0.0,1.0
G06459,9,75,19.188706,72.738992,0.0,0.0,0.0,0.0,1.0
G06460,10,75,19.188765,72.743744,0.0,0.0,0.0,0.0,1.0
G06461,11,75,19.188823,72.748497,0.0,0.0,0.0,0.0,1.0
G06462,12,75,19.188881,72.753249,0.0,0.0,0.0,0.0,1.0
G06463,13,75,19.188939,72.758001,0.0,0.0,0.0,0.0,1.0
G06464,14,75,19.188998,72.762754,0.0,0.0,0.0,0.0,1.0
G06465,15,75,19.189055,72.767506,0.0,0.0,0.0,0.0,1.0
G06466,16,75,19.189113,72.772258,0.0,0.0,0.0,0.0,1.0
G06467,17,75,19.189171,72.777011,0.0,0.0,0.0,0.0,1.0
G06468,18,75,19.189228,72.781763,0.0,0.0,0.0,0.0,1.0
G06469,19,75,19.189286,72.786516,0.0,0.0,0.0,0.0,1.0
G06470,20,75,19.189343,72.791268,0.0,0.0,0.0,0.0,1.0
G06471,21,75,19.1894,72.796021,4.9,0.0,17.17,2.495,0.4974
G06472,22,75,19.189457,72.800773,5.23,1.35,11.94,1.786,0.0
G06473,23,75,19.189514,72.805525,9.11,2.42,16.63,2.35,0.0
G06474,24,75,19.189571,72.810278,10.98,6.52,17.27,2.108,0.0
G06475,25,75,19.189628,72.815031,11.36,7.35,16.27,1.091,0.0
G06476,26,75,19.189684,72.819783,7.77,4.07,15.96,1.719,0.0
G06477,27,75,19.189741,72.824536,5.93,2.67,10.98,1.511,0.0
G06478,28,75,19.189797,72.829288,6.16,1.5,17.58,3.007,0.0225
G06479,29,75,19.189853,72.834041,8.59,0.71,20.53,3.407,0.0
G06480,30,75,19.189909,72.838793,10.55,4.48,16.2,3.07,0.0
G06481,31,75,19.189965,72.843546,15.55,6.33,23.31,4.094,0.0
G06482,32,75,19.190021,72.848299,16.21,11.65,23.69,2.626,0.0
G06483,33,75,19.190077,72.853051,19.62,12.9,26.54,3.485,0.0
G06484,34,75,19.190133,72.857804,24.42,15.69,56.54,3.942,0.0
G06485,35,75,19.190188,72.862557,32.35,20.46,71.65,5.128,0.0
G06486,36,75,19.190243,72.867309,31.52,23.14,69.61,4.196,0.0
G06487,37,75,19.190299,72.872062,38.45,27.17,68.2,3.949,0.0
G06488,38,75,19.190354,72.876815,63.41,37.91,92.5,7.763,0.0
G06489,39,75,19.190409,72.881568,110.38,77.56,141.28,7.434,0.0
G06490,40,75,19.190463,72.88632,163.56,125.37,203.49,8.137,0.0
G06491,41,75,19.190518,72.891073,216.57,183.53,276.52,8.721,0.0
G06492,42,75,19.190573,72.895826,257.91,187.12,299.53,13.462,0.0
G06493,43,75,19.190627,72.900579,217.56,142.41,290.76,17.225,0.0
G06494,44,75,19.190682,72.905332,146.66,90.23,236.27,16.076,0.0
G06495,45,75,19.190736,72.910085,134.3,87.19,205.12,14.881,0.0675
G06496,46,75,19.19079,72.914837,113.49,112.0,141.36,2.287,0.8553
G06497,47,75,19.190844,72.91959,112.0,112.0,112.43,0.057,1.0
G06498,48,75,19.190898,72.924343,126.61,112.0,153.7,5.805,0.2342
G06499,49,75,19.190952,72.929096,159.3,127.18,240.13,11.504,0.0
G06500,50,75,19.191005,72.933849,251.67,171.0,328.66,21.71,0.0
G06501,51,75,19.191059,72.938602,150.17,58.93,303.87,22.492,0.0
G06502,52,75,19.191112,72.943355,51.51,31.71,94.65,6.577,0.0
G06503,53,75,19.191165,72.948108,35.12,23.58,46.59,4.458,0.0
G06504,54,75,19.191218,72.952861,29.67,20.41,41.1,4.07,0.0
G06505,55,75,19.191271,72.957614,20.82,15.5,28.43,2.627,0.1132
G06506,56,75,19.191324,72.962367,20.06,15.1,28.7,3.037,0.0
G06507,57,75,19.191377,72.96712,20.96,12.37,29.19,3.355,0.0
G06508,58,75,19.19143,72.971873,16.93,6.5,28.1,3.394,0.015
G06509,59,75,19.191482,72.976626,10.93,5.6,23.53,3.383,0.2211
G06510,60,75,19.191535,72.981379,6.23,0.0,19.32,3.084,0.0425
G06511,61,75,19.191587,72.986132,5.9,0.0,14.97,2.849,0.1316
G06512,62,75,19.191639,72.990885,11.28,5.32,19.2,2.981,0.0
G06513,63,75,19.191691,72.995639,7.95,4.87,15.91,1.671,0.0684
G06514,64,75,19.191743,73.000392,11.9,5.76,32.13,2.531,0.0
G06515,65,75,19.191795,73.005145,16.95,9.77,38.26,3.239,0.0
G06516,66,75,19.191846,73.009898,93.25,18.03,236.3,20.5,0.0
G06517,67,75,19.191898,73.014651,264.77,182.99,305.33,13.187,0.0
G06518,68,75,19.191949,73.019405,131.1,22.42,301.2,27.166,0.0
G06519,69,75,19.192,73.024158,7.36,0.0,40.48,4.031,0.3395
G06520,70,75,19.192052,73.028911,1.74,0.0,9.95,2.055,0.72
G06521,71,75,19.192103,73.033664,5.35,0.07,11.05,3.29,0.0211
G06522,72,75,19.192154,73.038418,6.21,2.22,11.93,2.605,0.015
G06523,73,75,19.192204,73.043171,5.89,2.44,15.44,2.563,0.0
G06524,74,75,19.192255,73.047924,4.04,2.22,7.69,1.245,0.0
G06525,75,75,19.192306,73.052677,5.04,2.38,10.69,1.623,0.0
G06526,76,75,19.192356,73.057431,6.82,1.96,11.51,2.071,0.0
G06527,77,75,19.192406,73.062184,4.36,1.95,11.52,1.729,0.0025
G06528,78,75,19.192456,73.066938,4.22,1.8,13.21,1.247,0.0
G06529,79,75,19.192506,73.071691,6.16,2.14,16.32,1.531,0.0
G06530,80,75,19.192556,73.076444,12.59,4.21,21.78,3.254,0.0079
G06531,81,75,19.192606,73.081198,7.56,2.8,15.98,1.816,0.005
G06532,82,75,19.192656,73.085951,13.35,9.06,19.83,2.398,0.0
G06533,83,75,19.192705,73.090705,19.6,13.14,28.46,2.745,0.0
G06534,84,75,19.192755,73.095458,17.76,11.66,25.23,2.165,0.0
G06535,85,75,19.192804,73.100211,15.5,11.08,20.32,1.68,0.0
G06536,0,76,19.192689,72.69616,0.0,0.0,0.0,0.0,1.0
G06537,1,76,19.192749,72.700912,0.0,0.0,0.0,0.0,1.0
G06538,2,76,19.192808,72.705664,0.0,0.0,0.0,0.0,1.0
G06539,3,76,19.192867,72.710416,0.0,0.0,0.0,0.0,1.0
G06540,4,76,19.192927,72.715169,0.0,0.0,0.0,0.0,1.0
G06541,5,76,19.192986,72.719921,0.0,0.0,0.0,0.0,1.0
G06542,6,76,19.193045,72.724673,0.0,0.0,0.0,0.0,1.0
G06543,7,76,19.193104,72.729426,0.0,0.0,0.0,0.0,1.0
G06544,8,76,19.193163,72.734178,0.0,0.0,0.0,0.0,1.0
G06545,9,76,19.193221,72.73893,0.0,0.0,0.0,0.0,1.0
G06546,10,76,19.19328,72.743683,0.0,0.0,0.0,0.0,1.0
G06547,11,76,19.193338,72.748435,0.0,0.0,0.0,0.0,1.0
G06548,12,76,19.193397,72.753188,0.0,0.0,0.0,0.0,1.0
G06549,13,76,19.193455,72.75794,0.0,0.0,0.0,0.0,1.0
G06550,14,76,19.193513,72.762693,0.0,0.0,0.0,0.0,1.0
G06551,15,76,19.193571,72.767445,0.0,0.0,0.0,0.0,1.0
G06552,16,76,19.193629,72.772198,0.0,0.0,0.0,0.0,1.0
G06553,17,76,19.193686,72.77695,0.0,0.0,0.0,0.0,1.0
G06554,18,76,19.193744,72.781703,2.93,0.0,27.61,2.012,0.7737
G06555,19,76,19.193801,72.786455,7.92,0.0,28.13,3.394,0.3906
G06556,20,76,19.193859,72.791208,4.04,0.0,19.16,2.408,0.5789
G06557,21,76,19.193916,72.79596,3.39,0.0,16.11,1.894,0.651
G06558,22,76,19.193973,72.800713,5.41,0.6,17.36,1.981,0.0211
G06559,23,76,19.19403,72.805466,7.9,0.6,21.07,2.372,0.0
G06560,24,76,19.194087,72.810218,13.41,7.79,20.3,1.944,0.0
G06561,25,76,19.194143,72.814971,14.6,7.8,24.49,2.612,0.0
G06562,26,76,19.1942,72.819724,10.84,3.69,19.46,2.44,0.0
G06563,27,76,19.194256,72.824476,4.74,2.01,14.14,1.767,0.0
G06564,28,76,19.194313,72.829229,6.52,1.5,16.52,3.296,0.0421
G06565,29,76,19.194369,72.833982,10.57,5.46,20.81,3.298,0.0
G06566,30,76,19.194425,72.838734,13.58,6.5,25.33,3.632,0.0
G06567,31,76,19.194481,72.843487,15.92,9.72,25.33,4.046,0.0
G06568,32,76,19.194537,72.84824,17.71,10.15,27.31,3.214,0.0
G06569,33,76,19.194593,72.852993,19.46,13.96,28.68,3.338,0.0
G06570,34,76,19.194648,72.857746,26.8,17.09,55.61,4.845,0.0
G06571,35,76,19.194704,72.862498,42.64,21.35,68.94,7.938,0.0
G06572,36,76,19.194759,72.867251,25.1,19.24,30.24,2.031,0.0
G06573,37,76,19.194814,72.872004,32.08,22.94,44.72,3.111,0.0
G06574,38,76,19.194869,72.876757,55.87,30.35,86.13,5.809,0.0
G06575,39,76,19.194924,72.88151,91.51,58.24,134.41,9.0,0.0
G06576,40,76,19.194979,72.886263,140.84,87.03,187.2,9.462,0.0
G06577,41,76,19.195034,72.891016,192.02,152.25,236.85,7.996,0.0
G06578,42,76,19.195088,72.895769,192.79,106.39,246.89,14.485,0.0
G06579,43,76,19.195143,72.900522,133.63,80.79,192.34,13.743,0.0
G06580,44,76,19.195197,72.905275,93.43,77.19,146.42,7.802,0.0
G06581,45,76,19.195252,72.910028,108.22,80.79,146.43,11.023,0.0237
G06582,46,76,19.195306,72.914781,123.2,112.0,163.11,7.76,0.554
G06583,47,76,19.19536,72.919534,128.73,112.0,167.17,11.117,0.3737
G06584,48,76,19.195414,72.924287,122.29,111.68,135.24,4.314,0.1357
G06585,49,76,19.195467,72.92904,151.17,126.68,203.93,9.681,0.0
G06586,50,76,19.195521,72.933793,238.05,165.94,310.95,19.629,0.0
G06587,51,76,19.195574,72.938546,175.31,77.35,303.87,23.556,0.0
G06588,52,76,19.195628,72.943299,56.86,40.19,88.3,5.41,0.0
G06589,53,76,19.195681,72.948052,41.06,23.86,51.99,3.465,0.0
G06590,54,76,19.195734,72.952805,33.84,24.38,43.44,2.803,0.0
G06591,55,76,19.195787,72.957558,27.05,19.62,34.7,2.541,0.0
G06592,56,76,19.19584,72.962311,24.35,16.31,32.79,3.105,0.0
G06593,57,76,19.195893,72.967065,20.27,13.14,30.05,3.293,0.0554
G06594,58,76,19.195946,72.971818,16.05,9.32,27.11,3.447,0.0
G06595,59,76,19.195998,72.976571,14.93,6.5,24.98,3.607,0.0693
G06596,60,76,19.19605,72.981324,10.52,1.46,18.35,2.933,0.0
G06597,61,76,19.196103,72.986077,5.21,0.0,16.31,2.987,0.2715
G06598,62,76,19.196155,72.990831,12.14,6.53,19.29,3.351,0.0
G06599,63,76,19.196207,72.995584,8.49,3.23,16.17,2.831,0.0
G06600,64,76,19.196259,73.000337,8.77,4.36,19.6,2.235,0.0211
G06601,65,76,19.196311,73.005091,11.24,5.38,18.03,1.887,0.0
G06602,66,76,19.196362,73.009844,64.89,14.2,182.99,17.722,0.0
G06603,67,76,19.196414,73.014597,228.05,148.46,282.86,21.153,0.0
G06604,68,76,19.196465,73.019351,164.92,40.48,302.73,30.232,0.0
G06605,69,76,19.196517,73.024104,14.13,0.0,83.89,7.973,0.4543
G06606,70,76,19.196568,73.028857,0.74,0.0,6.72,1.067,0.8842
G06607,71,76,19.196619,73.033611,0.74,0.0,6.79,1.102,0.7729
G06608,72,76,19.19667,73.038364,1.46,0.0,8.97,1.427,0.7395
G06609,73,76,19.19672,73.043117,5.11,0.0,13.6,2.411,0.4155
G06610,74,76,19.196771,73.047871,3.76,0.0,9.2,1.708,0.1263
G06611,75,76,19.196822,73.052624,3.91,2.02,7.52,1.07,0.0
G06612,76,76,19.196872,73.057378,4.05,2.05,7.62,1.399,0.0028
G06613,77,76,19.196922,73.062131,3.28,1.93,6.22,1.208,0.0
G06614,78,76,19.196973,73.066885,2.47,1.78,5.91,0.388,0.0
G06615,79,76,19.197023,73.071638,5.57,1.91,16.64,1.748,0.0
G06616,80,76,19.197073,73.076392,10.64,2.35,27.3,3.65,0.0
G06617,81,76,19.197122,73.081145,7.8,2.32,20.54,2.145,0.0
G06618,82,76,19.197172,73.085899,14.01,7.71,21.89,2.628,0.0
G06619,83,76,19.197222,73.090652,14.12,7.9,25.75,2.644,0.0
G06620,84,76,19.197271,73.095406,19.75,9.47,34.03,3.648,0.0
G06621,85,76,19.19732,73.10016,14.05,9.92,18.98,1.741,0.0
G06622,0,77,19.197204,72.696097,0.0,0.0,0.0,0.0,1.0
G06623,1,77,19.197264,72.700849,0.0,0.0,0.0,0.0,1.0
G06624,2,77,19.197323,72.705602,0.0,0.0,0.0,0.0,1.0
G06625,3,77,19.197383,72.710354,0.0,0.0,0.0,0.0,1.0
G06626,4,77,19.197442,72.715106,0.0,0.0,0.0,0.0,1.0
G06627,5,77,19.197501,72.719859,0.0,0.0,0.0,0.0,1.0
G06628,6,77,19.19756,72.724611,0.0,0.0,0.0,0.0,1.0
G06629,7,77,19.197619,72.729364,0.0,0.0,0.0,0.0,1.0
G06630,8,77,19.197678,72.734116,0.0,0.0,0.0,0.0,1.0
G06631,9,77,19.197737,72.738869,0.0,0.0,0.0,0.0,1.0
G06632,10,77,19.197795,72.743621,0.0,0.0,0.0,0.0,1.0
G06633,11,77,19.197854,72.748374,0.0,0.0,0.0,0.0,1.0
G06634,12,77,19.197912,72.753126,0.0,0.0,0.0,0.0,1.0
G06635,13,77,19.19797,72.757879,0.0,0.0,0.0,0.0,1.0
G06636,14,77,19.198028,72.762632,0.0,0.0,0.0,0.0,1.0
G06637,15,77,19.198086,72.767384,0.0,0.0,0.0,0.0,1.0
G06638,16,77,19.198144,72.772137,0.0,0.0,0.0,0.0,1.0
G06639,17,77,19.198202,72.776889,0.0,0.0,0.0,0.0,1.0
G06640,18,77,19.198259,72.781642,2.2,0.0,16.21,1.288,0.6875
G06641,19,77,19.198317,72.786395,11.14,1.9,23.6,2.979,0.0184
G06642,20,77,19.198374,72.791148,6.3,0.0,14.18,2.635,0.1725
G06643,21,77,19.198431,72.7959,1.28,0.0,11.95,0.97,0.8158
G06644,22,77,19.198488,72.800653,4.36,0.0,15.52,1.923,0.2225
G06645,23,77,19.198545,72.805406,5.32,1.66,20.37,1.93,0.0
G06646,24,77,19.198602,72.810158,13.46,6.79,21.09,2.034,0.0
G06647,25,77,19.198659,72.814911,10.02,3.08,19.55,2.505,0.0
G06648,26,77,19.198715,72.819664,11.58,5.16,21.69,3.86,0.0
G06649,27,77,19.198772,72.824417,5.38,2.0,16.7,2.391,0.0053
G06650,28,77,19.198828,72.82917,5.91,2.0,14.12,1.95,0.0025
G06651,29,77,19.198884,72.833923,7.19,2.0,17.99,2.611,0.0105
G06652,30,77,19.198941,72.838675,9.75,3.35,18.57,2.412,0.0
G06653,31,77,19.198997,72.843428,13.48,7.94,23.44,3.055,0.0
G06654,32,77,19.199052,72.848181,17.84,10.94,23.75,3.684,0.0
G06655,33,77,19.199108,72.852934,17.61,12.76,26.62,3.102,0.0
G06656,34,77,19.199164,72.857687,22.87,14.42,31.83,4.343,0.0
G06657,35,77,19.199219,72.86244,28.63,16.35,46.65,5.024,0.0
G06658,36,77,19.199275,72.867193,22.51,18.76,28.71,1.799,0.0
G06659,37,77,19.19933,72.871946,28.23,20.54,41.81,3.571,0.0075
G06660,38,77,19.199385,72.876699,38.8,29.13,60.36,4.215,0.0
G06661,39,77,19.19944,72.881452,63.48,40.63,100.04,8.263,0.0
G06662,40,77,19.199495,72.886205,123.14,66.17,168.45,10.619,0.0
G06663,41,77,19.19955,72.890958,168.93,124.16,204.49,8.473,0.0
G06664,42,77,19.199604,72.895711,113.15,65.01,200.21,11.923,0.0
G06665,43,77,19.199659,72.900464,86.84,60.69,131.72,9.994,0.0
G06666,44,77,19.199713,72.905217,90.32,68.41,127.36,8.876,0.0
G06667,45,77,19.199767,72.90997,118.84,86.4,175.51,11.31,0.0
G06668,46,77,19.199821,72.914724,164.01,114.24,222.41,14.336,0.0
G06669,47,77,19.199875,72.919477,135.05,112.0,183.36,9.1,0.0
G06670,48,77,19.199929,72.92423,131.55,123.2,141.9,2.668,0.0
G06671,49,77,19.199983,72.928983,156.6,129.25,205.28,8.735,0.0
G06672,50,77,19.200037,72.933736,243.47,168.89,320.6,20.035,0.0
G06673,51,77,19.20009,72.938489,155.01,69.41,285.47,21.097,0.0
G06674,52,77,19.200144,72.943243,65.62,49.63,98.48,4.914,0.0
G06675,53,77,19.200197,72.947996,49.13,37.12,63.82,3.29,0.0
G06676,54,77,19.20025,72.952749,37.46,29.68,55.51,3.276,0.0
G06677,55,77,19.200303,72.957502,27.6,20.37,34.63,2.041,0.0
G06678,56,77,19.200356,72.962256,22.4,14.72,30.96,2.51,0.0
G06679,57,77,19.200409,72.967009,17.44,11.77,24.89,3.031,0.0237
G06680,58,77,19.200461,72.971762,14.83,8.08,22.59,3.431,0.0
G06681,59,77,19.200514,72.976516,12.7,6.84,21.6,2.933,0.0053
G06682,60,77,19.200566,72.981269,8.48,3.27,15.99,2.361,0.0775
G06683,61,77,19.200619,72.986022,4.23,0.0,9.15,2.0,0.2
G06684,62,77,19.200671,72.990776,5.31,-1.22,13.88,2.73,0.1825
G06685,63,77,19.200723,72.995529,5.68,2.33,16.17,2.406,0.0
G06686,64,77,19.200775,73.000283,7.21,2.42,18.88,2.821,0.0
G06687,65,77,19.200827,73.005036,12.16,5.08,33.63,3.766,0.0
G06688,66,77,19.200878,73.00979,96.94,17.29,198.42,23.066,0.0
G06689,67,77,19.20093,73.014543,125.15,24.28,246.6,23.445,0.0105
G06690,68,77,19.200981,73.019296,53.62,0.2,210.58,16.698,0.015
G06691,69,77,19.201033,73.02405,2.82,0.0,43.01,2.313,0.8
G06692,70,77,19.201084,73.028803,2.06,0.0,7.16,1.465,0.54
G06693,71,77,19.201135,73.033557,1.9,0.0,7.36,1.568,0.3711
G06694,72,77,19.201186,73.03831,2.31,0.0,8.99,1.798,0.51
G06695,73,77,19.201237,73.043064,1.14,0.0,8.71,0.76,0.6605
G06696,74,77,19.201287,73.047818,0.77,0.0,7.78,0.846,0.76
G06697,75,77,19.201338,73.052571,1.43,0.0,7.78,1.109,0.7421
G06698,76,77,19.201388,73.057325,2.06,0.0,8.27,1.239,0.65
G06699,77,77,19.201439,73.062078,3.15,0.0,8.51,1.633,0.4775
G06700,78,77,19.201489,73.066832,3.43,1.56,7.85,1.072,0.0105
G06701,79,77,19.201539,73.071586,4.95,1.56,16.23,1.838,0.0
G06702,80,77,19.201589,73.076339,4.72,1.93,16.67,1.66,0.0
G06703,81,77,19.201639,73.081093,5.39,1.84,15.12,2.101,0.0
G06704,82,77,19.201688,73.085847,8.94,3.83,18.32,2.746,0.0
G06705,83,77,19.201738,73.0906,11.68,5.34,17.81,2.544,0.0
G06706,84,77,19.201787,73.095354,15.92,9.26,28.03,3.064,0.0
G06707,85,77,19.201837,73.100108,12.76,9.48,21.76,2.099,0.0
G06708,0,78,19.201719,72.696034,0.0,0.0,0.0,0.0,1.0
G06709,1,78,19.201779,72.700786,0.0,0.0,0.0,0.0,1.0
G06710,2,78,19.201838,72.705539,0.0,0.0,0.0,0.0,1.0
G06711,3,78,19.201898,72.710291,0.0,0.0,0.0,0.0,1.0
G06712,4,78,19.201957,72.715044,0.0,0.0,0.0,0.0,1.0
G06713,5,78,19.202016,72.719797,0.0,0.0,0.0,0.0,1.0
G06714,6,78,19.202075,72.724549,0.0,0.0,0.0,0.0,1.0
G06715,7,78,19.202134,72.729302,0.0,0.0,0.0,0.0,1.0
G06716,8,78,19.202193,72.734054,0.0,0.0,0.0,0.0,1.0
G06717,9,78,19.202252,72.738807,0.0,0.0,0.0,0.0,1.0
G06718,10,78,19.20231,72.74356,0.0,0.0,0.0,0.0,1.0
G06719,11,78,19.202369,72.748312,0.0,0.0,0.0,0.0,1.0
G06720,12,78,19.202427,72.753065,0.0,0.0,0.0,0.0,1.0
G06721,13,78,19.202485,72.757818,0.0,0.0,0.0,0.0,1.0
G06722,14,78,19.202543,72.76257,0.0,0.0,0.0,0.0,1.0
G06723,15,78,19.202601,72.767323,0.0,0.0,0.0,0.0,1.0
G06724,16,78,19.202659,72.772076,0.0,0.0,0.0,0.0,1.0
G06725,17,78,19.202717,72.776829,0.0,0.0,0.34,0.011,1.0
G06726,18,78,19.202775,72.781582,0.09,0.0,3.59,0.156,1.0
G06727,19,78,19.202832,72.786334,3.58,0.0,14.1,2.441,0.4017
G06728,20,78,19.202889,72.791087,1.86,0.0,14.18,1.045,0.3
G06729,21,78,19.202947,72.79584,0.0,0.0,0.0,0.003,1.0
G06730,22,78,19.203004,72.800593,0.49,0.0,3.8,0.412,0.8632
G06731,23,78,19.203061,72.805346,2.53,1.62,7.44,0.613,0.0
G06732,24,78,19.203117,72.810099,5.61,1.82,13.14,1.724,0.0
G06733,25,78,19.203174,72.814852,4.79,1.55,19.38,2.066,0.0111
G06734,26,78,19.203231,72.819605,5.1,1.88,19.38,2.485,0.0816
G06735,27,78,19.203287,72.824358,8.95,3.03,24.74,3.659,0.0028
G06736,28,78,19.203344,72.82911,8.57,2.86,17.01,1.949,0.0026
G06737,29,78,19.2034,72.833863,9.16,3.89,17.5,2.335,0.0
G06738,30,78,19.203456,72.838616,11.21,5.17,20.43,3.543,0.0
G06739,31,78,19.203512,72.843369,14.83,8.94,22.25,3.254,0.0
G06740,32,78,19.203568,72.848123,17.36,10.37,24.46,3.47,0.0
G06741,33,78,19.203624,72.852876,17.32,11.61,25.65,2.66,0.0
G06742,34,78,19.203679,72.857629,19.89,14.42,37.12,3.726,0.0
G06743,35,78,19.203735,72.862382,20.66,15.23,35.4,3.336,0.0
G06744,36,78,19.20379,72.867135,20.95,15.83,43.89,3.266,0.0
G06745,37,78,19.203845,72.871888,25.29,19.01,43.89,2.962,0.0026
G06746,38,78,19.203901,72.876641,32.14,23.35,45.06,2.531,0.0
G06747,39,78,19.203956,72.881394,61.56,33.25,109.11,9.075,0.0
G06748,40,78,19.20401,72.886147,126.98,100.04,157.13,6.798,0.0
G06749,41,78,19.204065,72.890901,128.47,80.5,170.51,8.863,0.0
G06750,42,78,19.20412,72.895654,81.23,57.26,124.16,9.105,0.0
G06751,43,78,19.204174,72.900407,83.29,59.7,139.32,11.48,0.0
G06752,44,78,19.204229,72.90516,136.68,96.14,204.7,15.359,0.0
G06753,45,78,19.204283,72.909913,149.47,101.8,215.85,16.351,0.0
G06754,46,78,19.204337,72.914667,216.8,141.31,305.65,18.748,0.0
G06755,47,78,19.204391,72.91942,171.7,134.07,302.14,13.913,0.0
G06756,48,78,19.204445,72.924173,142.1,127.6,179.29,4.807,0.0
G06757,49,78,19.204499,72.928927,171.75,138.6,286.96,11.192,0.0
G06758,50,78,19.204553,72.93368,275.88,173.5,358.21,22.629,0.0
G06759,51,78,19.204606,72.938433,221.71,96.38,351.96,24.947,0.0
G06760,52,78,19.204659,72.943187,96.51,62.16,168.43,10.879,0.0
G06761,53,78,19.204713,72.94794,61.37,41.22,118.34,7.463,0.0
G06762,54,78,19.204766,72.952693,38.88,29.15,54.16,3.237,0.0
G06763,55,78,19.204819,72.957447,29.04,21.09,43.42,3.109,0.0
G06764,56,78,19.204872,72.9622,23.75,14.72,31.09,2.891,0.0
G06765,57,78,19.204925,72.966954,21.37,11.77,29.75,3.14,0.0
G06766,58,78,19.204977,72.971707,18.74,13.5,26.86,2.853,0.0
G06767,59,78,19.20503,72.976461,12.88,5.11,20.27,3.056,0.0083
G06768,60,78,19.205082,72.981214,10.01,6.18,16.59,2.627,0.0553
G06769,61,78,19.205135,72.985967,7.78,0.09,16.09,2.746,0.0
G06770,62,78,19.205187,72.990721,4.32,0.0,14.91,2.368,0.1395
G06771,63,78,19.205239,72.995475,3.32,0.0,9.24,1.471,0.1413
G06772,64,78,19.205291,73.000228,8.33,2.22,16.22,2.898,0.0
G06773,65,78,19.205343,73.004982,9.09,3.65,18.89,2.744,0.0
G06774,66,78,19.205394,73.009735,16.25,4.74,47.9,5.118,0.0
G06775,67,78,19.205446,73.014489,34.46,7.51,132.67,11.736,0.0
G06776,68,78,19.205497,73.019242,9.52,0.0,91.77,6.176,0.3921
G06777,69,78,19.205549,73.023996,1.21,0.0,8.86,1.355,0.8255
G06778,70,78,19.2056,73.02875,3.32,0.02,10.87,2.748,0.0684
G06779,71,78,19.205651,73.033503,3.82,0.02,10.18,1.461,0.0166
G06780,72,78,19.205702,73.038257,5.37,1.84,12.6,2.064,0.0
G06781,73,78,19.205753,73.043011,3.43,2.33,7.81,0.682,0.0
G06782,74,78,19.205803,73.047764,3.03,2.31,4.73,0.536,0.0
G06783,75,78,19.205854,73.052518,3.07,0.0,6.06,1.067,0.0443
G06784,76,78,19.205904,73.057272,3.43,0.0,7.98,1.674,0.1385
G06785,77,78,19.205955,73.062025,1.91,0.0,8.63,1.414,0.6026
G06786,78,78,19.206005,73.066779,1.87,0.0,9.26,1.967,0.7507
G06787,79,78,19.206055,73.071533,3.29,0.0,5.73,1.349,0.0553
G06788,80,78,19.206105,73.076287,3.33,2.25,6.35,0.925,0.0
G06789,81,78,19.206155,73.081041,8.24,2.28,17.65,2.469,0.0
G06790,82,78,19.206205,73.085794,10.13,2.86,19.56,2.835,0.0
G06791,83,78,19.206254,73.090548,13.5,6.54,23.39,2.835,0.0
G06792,84,78,19.206304,73.095302,14.14,9.26,21.56,2.458,0.0
G06793,85,78,19.206353,73.100056,13.74,9.59,20.63,2.622,0.0
G06794,0,79,19.206234,72.695971,0.0,0.0,0.0,0.0,1.0
G06795,1,79,19.206294,72.700724,0.0,0.0,0.0,0.0,1.0
G06796,2,79,19.206353,72.705476,0.0,0.0,0.0,0.0,1.0
G06797,3,79,19.206413,72.710229,0.0,0.0,0.0,0.0,1.0
G06798,4,79,19.206472,72.714982,0.0,0.0,0.0,0.0,1.0
G06799,5,79,19.206531,72.719734,0.0,0.0,0.0,0.0,1.0
G06800,6,79,19.20659,72.724487,0.0,0.0,0.0,0.0,1.0
G06801,7,79,19.206649,72.72924,0.0,0.0,0.0,0.0,1.0
G06802,8,79,19.206708,72.733993,0.0,0.0,0.0,0.0,1.0
G06803,9,79,19.206767,72.738745,0.0,0.0,0.0,0.0,1.0
G06804,10,79,19.206826,72.743498,0.0,0.0,0.0,0.0,1.0
G06805,11,79,19.206884,72.748251,0.0,0.0,0.0,0.0,1.0
G06806,12,79,19.206942,72.753004,0.0,0.0,0.0,0.0,1.0
G06807,13,79,19.207001,72.757757,0.0,0.0,0.0,0.0,1.0
G06808,14,79,19.207059,72.762509,0.0,0.0,0.0,0.0,1.0
G06809,15,79,19.207117,72.767262,0.0,0.0,0.0,0.0,1.0
G06810,16,79,19.207175,72.772015,0.0,0.0,0.0,0.0,1.0
G06811,17,79,19.207232,72.776768,0.13,0.0,1.78,0.142,1.0
G06812,18,79,19.20729,72.781521,5.31,0.0,17.26,2.962,0.3875
G06813,19,79,19.207347,72.786274,5.69,0.0,16.17,2.424,0.0316
G06814,20,79,19.207405,72.791027,2.59,0.0,5.75,0.544,0.0025
G06815,21,79,19.207462,72.79578,0.94,0.0,4.18,0.457,0.5211
G06816,22,79,19.207519,72.800533,0.04,0.0,3.33,0.107,0.995
G06817,23,79,19.207576,72.805286,2.14,0.0,5.36,0.864,0.2632
G06818,24,79,19.207633,72.810039,2.53,1.84,4.19,0.438,0.0
G06819,25,79,19.20769,72.814792,3.69,1.38,12.8,1.251,0.0026
G06820,26,79,19.207746,72.819545,8.87,3.98,15.31,2.742,0.005
G06821,27,79,19.207803,72.824298,10.59,4.82,17.27,2.997,0.0
G06822,28,79,19.207859,72.829051,10.24,5.65,16.62,2.42,0.0
G06823,29,79,19.207915,72.833804,12.1,5.24,21.41,3.357,0.0026
G06824,30,79,19.207972,72.838557,12.64,4.04,21.47,3.842,0.0
G06825,31,79,19.208028,72.843311,11.37,4.57,21.81,3.579,0.0
G06826,32,79,19.208083,72.848064,12.44,4.73,19.64,3.14,0.0
G06827,33,79,19.208139,72.852817,16.0,11.68,25.97,3.101,0.0
G06828,34,79,19.208195,72.85757,15.8,11.32,21.96,2.05,0.0
G06829,35,79,19.20825,72.862323,19.26,12.7,30.91,3.719,0.0
G06830,36,79,19.208306,72.867077,22.55,15.59,30.91,3.844,0.0
G06831,37,79,19.208361,72.87183,23.46,16.1,31.79,3.982,0.0
G06832,38,79,19.208416,72.876583,27.69,21.03,37.12,2.913,0.0
G06833,39,79,19.208471,72.881336,52.94,28.03,105.03,8.138,0.0
G06834,40,79,19.208526,72.88609,117.68,82.05,141.89,9.483,0.0
G06835,41,79,19.208581,72.890843,77.04,44.52,131.44,9.526,0.0
G06836,42,79,19.208636,72.895596,61.5,46.86,84.2,6.443,0.0
G06837,43,79,19.20869,72.90035,75.1,55.95,126.89,7.945,0.0
G06838,44,79,19.208744,72.905103,141.18,74.13,212.86,14.422,0.0
G06839,45,79,19.208799,72.909856,231.53,164.65,297.91,16.857,0.0
G06840,46,79,19.208853,72.91461,308.05,206.56,376.01,18.189,0.0
G06841,47,79,19.208907,72.919363,255.07,169.72,366.14,25.478,0.0
G06842,48,79,19.208961,72.924117,194.01,147.86,273.13,17.661,0.0
G06843,49,79,19.209015,72.92887,257.92,155.33,356.77,22.532,0.0
G06844,50,79,19.209068,72.933623,272.41,199.54,350.35,23.831,0.0
G06845,51,79,19.209122,72.938377,306.53,168.43,385.97,27.671,0.0
G06846,52,79,19.209175,72.94313,153.82,79.71,300.15,19.9,0.0
G06847,53,79,19.209229,72.947884,67.37,47.37,108.26,6.858,0.0
G06848,54,79,19.209282,72.952637,43.18,32.6,57.38,3.441,0.0
G06849,55,79,19.209335,72.957391,32.72,21.09,43.42,3.548,0.0
G06850,56,79,19.209388,72.962145,29.38,19.32,37.63,3.147,0.0
G06851,57,79,19.209441,72.966898,26.46,18.8,35.39,4.114,0.0
G06852,58,79,19.209493,72.971652,17.53,9.1,30.84,4.101,0.0
G06853,59,79,19.209546,72.976405,13.11,5.11,22.68,2.856,0.0
G06854,60,79,19.209598,72.981159,9.9,4.27,16.93,2.732,0.0
G06855,61,79,19.209651,72.985912,7.91,-0.97,16.09,2.709,0.0158
G06856,62,79,19.209703,72.990666,5.83,-0.97,16.09,2.033,0.0025
G06857,63,79,19.209755,72.99542,4.6,0.0,16.09,3.291,0.2053
G06858,64,79,19.209807,73.000173,4.1,1.36,13.42,2.007,0.0125
G06859,65,79,19.209859,73.004927,4.22,1.89,12.34,1.878,0.0
G06860,66,79,19.20991,73.009681,6.02,2.14,13.83,2.119,0.0
G06861,67,79,19.209962,73.014435,10.9,0.0,43.12,4.659,0.0447
G06862,68,79,19.210013,73.019188,1.48,0.0,25.86,1.488,0.81
G06863,69,79,19.210065,73.023942,1.52,0.0,7.89,1.279,0.6474
G06864,70,79,19.210116,73.028696,2.73,1.44,7.72,0.983,0.005
G06865,71,79,19.210167,73.03345,3.2,1.44,9.23,1.158,0.0
G06866,72,79,19.210218,73.038203,8.08,2.3,15.25,2.443,0.0025
G06867,73,79,19.210269,73.042957,5.75,2.37,16.21,2.1,0.0
G06868,74,79,19.210319,73.047711,2.98,2.09,9.99,0.816,0.0
G06869,75,79,19.21037,73.052465,4.04,2.06,11.54,1.338,0.0
G06870,76,79,19.210421,73.057219,3.67,2.33,8.1,1.186,0.0
G06871,77,79,19.210471,73.061973,3.97,0.0,8.63,1.646,0.055
G06872,78,79,19.210521,73.066726,1.6,0.0,9.4,1.599,0.8184
G06873,79,79,19.210571,73.07148,3.67,1.96,9.38,1.109,0.0125
G06874,80,79,19.210621,73.076234,5.26,2.45,14.25,1.978,0.0
G06875,81,79,19.210671,73.080988,10.3,3.15,19.28,2.861,0.0
G06876,82,79,19.210721,73.085742,16.47,10.33,23.51,2.993,0.0
G06877,83,79,19.21077,73.090496,19.08,10.33,27.67,3.134,0.0
G06878,84,79,19.21082,73.09525,18.25,13.12,23.98,2.674,0.0
G06879,85,79,19.210869,73.100004,17.23,10.8,26.7,3.262,0.0
G06880,0,80,19.210749,72.695908,0.0,0.0,0.0,0.0,1.0
G06881,1,80,19.210809,72.700661,0.0,0.0,0.0,0.0,1.0
G06882,2,80,19.210868,72.705414,0.0,0.0,0.0,0.0,1.0
G06883,3,80,19.210928,72.710166,0.0,0.0,0.0,0.0,1.0
G06884,4,80,19.210987,72.714919,0.0,0.0,0.0,0.0,1.0
G06885,5,80,19.211046,72.719672,0.0,0.0,0.0,0.0,1.0
G06886,6,80,19.211106,72.724425,0.0,0.0,0.0,0.0,1.0
G06887,7,80,19.211165,72.729178,0.0,0.0,0.0,0.0,1.0
G06888,8,80,19.211223,72.733931,0.0,0.0,0.0,0.0,1.0
G06889,9,80,19.211282,72.738684,0.0,0.0,0.0,0.0,1.0
G06890,10,80,19.211341,72.743436,0.0,0.0,0.0,0.0,1.0
G06891,11,80,19.211399,72.748189,0.0,0.0,0.0,0.0,1.0
G06892,12,80,19.211458,72.752942,0.0,0.0,0.0,0.0,1.0
G06893,13,80,19.211516,72.757695,0.0,0.0,0.0,0.0,1.0
G06894,14,80,19.211574,72.762448,0.0,0.0,0.0,0.0,1.0
G06895,15,80,19.211632,72.767201,0.0,0.0,0.0,0.0,1.0
G06896,16,80,19.21169,72.771954,0.0,0.0,0.0,0.0,1.0
G06897,17,80,19.211748,72.776707,0.0,0.0,0.03,0.005,1.0
G06898,18,80,19.211805,72.78146,7.09,0.0,19.84,3.318,0.4368
G06899,19,80,19.211863,72.786214,8.3,3.05,14.44,2.4,0.0
G06900,20,80,19.21192,72.790967,9.87,3.51,21.91,3.188,0.0
G06901,21,80,19.211977,72.79572,4.16,0.0,12.16,1.492,0.0111
G06902,22,80,19.212034,72.800473,0.5,0.0,2.96,0.331,0.7342
G06903,23,80,19.212091,72.805226,0.33,0.0,3.41,0.258,0.9169
G06904,24,80,19.212148,72.809979,2.26,0.0,6.53,1.008,0.3447
G06905,25,80,19.212205,72.814732,3.43,1.66,9.18,1.016,0.0
G06906,26,80,19.212262,72.819485,7.96,1.71,17.65,2.779,0.0
G06907,27,80,19.212318,72.824239,8.55,5.19,14.3,1.967,0.0
G06908,28,80,19.212375,72.828992,7.95,2.8,14.5,2.477,0.0
G06909,29,80,19.212431,72.833745,9.44,4.48,19.11,2.526,0.0
G06910,30,80,19.212487,72.838498,12.98,6.11,21.35,3.34,0.0
G06911,31,80,19.212543,72.843252,12.06,4.59,20.15,3.258,0.0
G06912,32,80,19.212599,72.848005,13.18,5.19,28.77,3.539,0.0
G06913,33,80,19.212655,72.852758,14.31,9.28,23.81,2.849,0.0
G06914,34,80,19.21271,72.857512,16.42,10.91,23.41,1.674,0.0
G06915,35,80,19.212766,72.862265,21.07,15.33,29.98,3.364,0.0
G06916,36,80,19.212821,72.867018,23.46,16.26,29.56,3.384,0.0
G06917,37,80,19.212877,72.871772,23.07,18.43,30.91,3.1,0.0
G06918,38,80,19.212932,72.876525,29.83,18.75,43.66,3.58,0.0
G06919,39,80,19.212987,72.881278,48.81,31.36,82.44,6.381,0.0
G06920,40,80,19.213042,72.886032,90.03,49.47,131.34,11.081,0.0
G06921,41,80,19.213097,72.890785,66.66,44.01,117.83,9.802,0.0
G06922,42,80,19.213151,72.895539,87.74,50.79,133.57,11.076,0.0
G06923,43,80,19.213206,72.900292,94.9,67.17,157.33,11.095,0.0
G06924,44,80,19.21326,72.905046,138.52,76.94,217.84,15.809,0.0
G06925,45,80,19.213314,72.909799,264.6,166.8,368.07,17.43,0.0
G06926,46,80,19.213369,72.914553,374.24,284.35,453.35,15.29,0.0
G06927,47,80,19.213423,72.919306,401.97,238.18,483.95,24.24,0.0
G06928,48,80,19.213477,72.92406,317.92,212.91,444.56,25.471,0.0
G06929,49,80,19.21353,72.928813,263.81,161.85,353.16,21.66,0.0
G06930,50,80,19.213584,72.933567,231.43,158.05,329.62,23.676,0.0
G06931,51,80,19.213638,72.938321,353.96,273.03,409.13,24.202,0.0
G06932,52,80,19.213691,72.943074,240.39,100.57,385.64,25.72,0.0
G06933,53,80,19.213744,72.947828,79.55,43.47,194.74,12.019,0.0
G06934,54,80,19.213798,72.952582,40.29,34.64,49.16,2.129,0.0
G06935,55,80,19.213851,72.957335,34.68,26.34,47.25,3.469,0.0
G06936,56,80,19.213904,72.962089,26.89,22.34,39.99,2.348,0.0
G06937,57,80,19.213956,72.966843,23.01,15.1,30.74,2.307,0.0
G06938,58,80,19.214009,72.971596,21.49,9.1,31.43,3.299,0.0
G06939,59,80,19.214062,72.97635,15.98,9.42,26.68,2.984,0.0
G06940,60,80,19.214114,72.981104,11.27,4.91,19.89,2.991,0.0
G06941,61,80,19.214166,72.985857,6.78,2.95,15.56,2.531,0.0
G06942,62,80,19.214219,72.990611,6.23,2.65,14.1,1.649,0.0026
G06943,63,80,19.214271,72.995365,4.7,0.0,10.61,2.671,0.1634
G06944,64,80,19.214323,73.000119,2.55,1.48,7.93,0.963,0.0
G06945,65,80,19.214375,73.004873,2.43,1.58,7.57,0.758,0.0
G06946,66,80,19.214426,73.009626,4.35,0.0,12.77,2.428,0.0947
G06947,67,80,19.214478,73.01438,1.69,0.0,9.02,1.0,0.7867
G06948,68,80,19.214529,73.019134,0.18,0.0,4.31,0.242,0.9421
G06949,69,80,19.214581,73.023888,2.11,0.0,5.04,0.806,0.1247
G06950,70,80,19.214632,73.028642,2.22,1.42,4.11,0.521,0.0
G06951,71,80,19.214683,73.033396,4.18,1.5,12.88,1.499,0.0
G06952,72,80,19.214734,73.03815,9.07,2.35,17.58,2.03,0.0
G06953,73,80,19.214785,73.042904,9.56,2.99,15.97,2.013,0.0
G06954,74,80,19.214836,73.047658,6.08,2.43,12.26,1.762,0.0184
G06955,75,80,19.214886,73.052412,7.83,2.69,14.29,2.148,0.0
G06956,76,80,19.214937,73.057166,6.1,2.66,10.12,1.625,0.0249
G06957,77,80,19.214987,73.06192,5.81,1.85,11.11,1.591,0.0132
G06958,78,80,19.215037,73.066674,1.11,0.0,9.38,0.952,0.7895
G06959,79,80,19.215087,73.071428,3.79,0.3,9.85,1.404,0.1026
G06960,80,80,19.215137,73.076182,9.1,3.3,14.93,3.063,0.0
G06961,81,80,19.215187,73.080936,12.0,5.93,20.71,2.875,0.0
G06962,82,80,19.215237,73.08569,18.17,10.01,25.94,3.018,0.0
G06963,83,80,19.215287,73.090444,22.61,15.79,28.11,2.983,0.0
G06964,84,80,19.215336,73.095198,24.71,16.57,34.11,2.977,0.0
G06965,85,80,19.215385,73.099952,22.77,15.52,34.09,3.345,0.0
G06966,0,81,19.215264,72.695845,0.0,0.0,0.0,0.0,1.0
G06967,1,81,19.215324,72.700598,0.0,0.0,0.0,0.0,1.0
G06968,2,81,19.215384,72.705351,0.0,0.0,0.0,0.0,1.0
G06969,3,81,19.215443,72.710104,0.0,0.0,0.0,0.0,1.0
G06970,4,81,19.215502,72.714857,0.0,0.0,0.0,0.0,1.0
G06971,5,81,19.215562,72.71961,0.0,0.0,0.0,0.0,1.0
G06972,6,81,19.215621,72.724363,0.0,0.0,0.0,0.0,1.0
G06973,7,81,19.21568,72.729116,0.0,0.0,0.0,0.0,1.0
G06974,8,81,19.215739,72.733869,0.0,0.0,0.0,0.0,1.0
G06975,9,81,19.215797,72.738622,0.0,0.0,0.0,0.0,1.0
G06976,10,81,19.215856,72.743375,0.0,0.0,0.0,0.0,1.0
G06977,11,81,19.215914,72.748128,0.0,0.0,0.0,0.0,1.0
G06978,12,81,19.215973,72.752881,0.0,0.0,0.0,0.0,1.0
G06979,13,81,19.216031,72.757634,0.0,0.0,0.0,0.0,1.0
G06980,14,81,19.216089,72.762387,0.0,0.0,0.0,0.0,1.0
G06981,15,81,19.216147,72.76714,0.0,0.0,0.0,0.0,1.0
G06982,16,81,19.216205,72.771893,0.0,0.0,0.0,0.0,1.0
G06983,17,81,19.216263,72.776647,0.01,0.0,1.16,0.031,1.0
G06984,18,81,19.216321,72.7814,5.23,0.0,16.51,2.497,0.38
G06985,19,81,19.216378,72.786153,9.31,5.34,13.63,1.958,0.0
G06986,20,81,19.216435,72.790906,11.01,3.13,16.48,2.803,0.0025
G06987,21,81,19.216493,72.795659,4.53,1.8,13.61,1.605,0.0
G06988,22,81,19.21655,72.800413,1.98,0.0,3.44,0.464,0.0825
G06989,23,81,19.216607,72.805166,0.38,0.0,3.97,0.318,0.8368
G06990,24,81,19.216664,72.809919,2.84,0.0,18.32,1.707,0.685
G06991,25,81,19.216721,72.814673,6.87,0.78,29.1,3.153,0.0026
G06992,26,81,19.216777,72.819426,5.88,2.86,19.21,2.132,0.0275
G06993,27,81,19.216834,72.824179,7.61,3.94,19.21,2.242,0.0
G06994,28,81,19.21689,72.828933,7.89,2.8,14.02,1.904,0.0
G06995,29,81,19.216946,72.833686,8.08,3.54,18.6,2.629,0.0
G06996,30,81,19.217003,72.838439,8.9,4.18,18.6,3.324,0.0
G06997,31,81,19.217059,72.843193,9.07,3.87,17.43,2.999,0.0
G06998,32,81,19.217115,72.847946,15.31,7.0,23.33,2.995,0.0
G06999,33,81,19.21717,72.8527,16.17,11.75,20.31,2.6,0.0
G07000,34,81,19.217226,72.857453,18.78,13.89,27.18,3.017,0.0
G07001,35,81,19.217282,72.862207,20.55,15.21,28.92,3.504,0.0075
G07002,36,81,19.217337,72.86696,23.51,16.03,32.22,3.332,0.0211
G07003,37,81,19.217392,72.871714,26.52,19.98,35.98,3.55,0.0
G07004,38,81,19.217447,72.876467,28.16,17.36,45.7,3.273,0.0
G07005,39,81,19.217502,72.881221,55.71,31.07,92.98,6.404,0.0
G07006,40,81,19.217557,72.885974,64.89,40.18,99.89,7.97,0.0
G07007,41,81,19.217612,72.890728,81.47,43.05,148.97,11.372,0.0
G07008,42,81,19.217667,72.895481,138.51,96.52,176.7,13.43,0.0
G07009,43,81,19.217721,72.900235,157.52,102.55,206.28,14.412,0.0
G07010,44,81,19.217776,72.904989,211.7,122.5,289.06,17.247,0.0
G07011,45,81,19.21783,72.909742,286.69,207.85,360.72,19.378,0.0
G07012,46,81,19.217884,72.914496,341.15,243.75,447.19,21.997,0.0
G07013,47,81,19.217938,72.919249,447.09,351.75,487.25,17.553,0.0
G07014,48,81,19.217992,72.924003,355.13,224.46,453.6,23.122,0.0
G07015,49,81,19.218046,72.928757,205.08,154.1,311.49,15.894,0.0
G07016,50,81,19.2181,72.933511,191.21,151.14,282.28,15.314,0.0
G07017,51,81,19.218153,72.938264,238.66,177.86,324.96,18.53,0.0
G07018,52,81,19.218207,72.943018,251.44,184.52,324.98,20.425,0.0
G07019,53,81,19.21826,72.947772,112.75,44.63,198.64,16.418,0.0
G07020,54,81,19.218313,72.952526,56.5,41.21,98.81,5.917,0.0
G07021,55,81,19.218367,72.957279,41.75,28.79,56.68,4.606,0.05
G07022,56,81,19.218419,72.962033,36.56,23.79,56.15,4.122,0.0
G07023,57,81,19.218472,72.966787,31.83,23.47,40.2,3.438,0.0
G07024,58,81,19.218525,72.971541,22.76,12.72,36.93,3.418,0.0
G07025,59,81,19.218578,72.976295,14.22,2.68,24.68,3.369,0.0
G07026,60,81,19.21863,72.981049,13.21,-2.24,29.14,3.948,0.005
G07027,61,81,19.218682,72.985802,10.0,5.09,18.49,2.651,0.0
G07028,62,81,19.218735,72.990556,10.33,2.42,23.21,2.631,0.0
G07029,63,81,19.218787,72.99531,4.17,-0.29,8.79,1.905,0.05
G07030,64,81,19.218839,73.000064,3.94,0.0,8.62,2.315,0.15
G07031,65,81,19.218891,73.004818,2.49,0.0,8.57,1.675,0.3474
G07032,66,81,19.218942,73.009572,0.76,0.0,7.38,0.65,0.8325
G07033,67,81,19.218994,73.014326,1.29,0.0,11.89,1.078,0.7711
G07034,68,81,19.219045,73.01908,3.09,0.0,9.66,1.608,0.245
G07035,69,81,19.219097,73.023834,2.08,1.57,2.63,0.255,0.0
G07036,70,81,19.219148,73.028588,2.07,1.54,3.34,0.303,0.0
G07037,71,81,19.219199,73.033342,1.88,1.38,2.47,0.268,0.0
G07038,72,81,19.21925,73.038096,6.04,1.33,14.98,1.51,0.0
G07039,73,81,19.219301,73.04285,8.63,5.44,15.59,1.613,0.0
G07040,74,81,19.219352,73.047604,8.71,5.6,14.13,1.236,0.0
G07041,75,81,19.219402,73.052358,9.51,6.14,13.58,1.44,0.0
G07042,76,81,19.219453,73.057113,11.0,3.86,16.44,1.589,0.0132
G07043,77,81,19.219503,73.061867,8.75,2.6,16.44,2.424,0.0325
G07044,78,81,19.219553,73.066621,1.42,0.0,6.01,0.918,0.65
G07045,79,81,19.219604,73.071375,2.96,0.29,4.95,0.748,0.12
G07046,80,81,19.219654,73.076129,9.65,2.6,17.6,2.763,0.0
G07047,81,81,19.219703,73.080883,14.48,9.16,22.37,2.441,0.0
G07048,82,81,19.219753,73.085638,16.94,12.73,24.01,2.95,0.0
G07049,83,81,19.219803,73.090392,20.61,12.73,29.89,3.272,0.0
G07050,84,81,19.219852,73.095146,22.03,12.25,34.11,3.851,0.0
G07051,85,81,19.219902,73.0999,18.58,9.3,29.97,3.656,0.0
G07052,0,82,19.219779,72.695782,0.0,0.0,0.0,0.0,1.0
G07053,1,82,19.219839,72.700535,0.0,0.0,0.0,0.0,1.0
G07054,2,82,19.219899,72.705288,0.0,0.0,0.0,0.0,1.0
G07055,3,82,19.219958,72.710041,0.0,0.0,0.0,0.0,1.0
G07056,4,82,19.220018,72.714794,0.0,0.0,0.0,0.0,1.0
G07057,5,82,19.220077,72.719547,0.0,0.0,0.0,0.0,1.0
G07058,6,82,19.220136,72.724301,0.0,0.0,0.0,0.0,1.0
G07059,7,82,19.220195,72.729054,0.0,0.0,0.0,0.0,1.0
G07060,8,82,19.220254,72.733807,0.0,0.0,0.0,0.0,1.0
G07061,9,82,19.220313,72.73856,0.0,0.0,0.0,0.0,1.0
G07062,10,82,19.220371,72.743313,0.0,0.0,0.0,0.0,1.0
G07063,11,82,19.22043,72.748066,0.0,0.0,0.0,0.0,1.0
G07064,12,82,19.220488,72.75282,0.0,0.0,0.0,0.0,1.0
G07065,13,82,19.220546,72.757573,0.0,0.0,0.0,0.0,1.0
G07066,14,82,19.220604,72.762326,0.0,0.0,0.0,0.0,1.0
G07067,15,82,19.220663,72.767079,0.0,0.0,0.0,0.0,1.0
G07068,16,82,19.22072,72.771833,0.0,0.0,0.0,0.0,1.0
G07069,17,82,19.220778,72.776586,5.43,0.0,30.17,2.711,0.7147
G07070,18,82,19.220836,72.781339,12.41,1.16,26.55,3.703,0.0158
G07071,19,82,19.220893,72.786093,5.54,1.82,12.45,1.713,0.0
G07072,20,82,19.220951,72.790846,4.13,1.92,14.91,1.265,0.0
G07073,21,82,19.221008,72.795599,2.33,1.77,3.98,0.334,0.0416
G07074,22,82,19.221065,72.800353,1.95,0.5,3.58,0.676,0.2605
G07075,23,82,19.221122,72.805106,1.08,0.0,5.19,0.832,0.6039
G07076,24,82,19.221179,72.809859,1.48,0.0,18.32,1.23,0.8684
G07077,25,82,19.221236,72.814613,10.33,0.0,31.99,5.172,0.1163
G07078,26,82,19.221293,72.819366,4.68,0.57,8.27,1.896,0.0237
G07079,27,82,19.221349,72.82412,5.53,2.27,11.18,2.162,0.0
G07080,28,82,19.221406,72.828873,7.03,1.36,14.02,2.347,0.0
G07081,29,82,19.221462,72.833627,7.16,1.0,16.07,2.593,0.0
G07082,30,82,19.221518,72.83838,8.33,0.73,16.47,2.966,0.0
G07083,31,82,19.221574,72.843134,12.46,5.02,18.9,3.177,0.0
G07084,32,82,19.22163,72.847887,14.97,7.71,20.09,3.063,0.0
G07085,33,82,19.221686,72.852641,17.56,10.5,26.84,3.623,0.0
G07086,34,82,19.221742,72.857395,19.6,14.27,28.35,3.181,0.0
G07087,35,82,19.221797,72.862148,23.26,17.3,32.08,3.435,0.0
G07088,36,82,19.221853,72.866902,26.81,21.13,35.87,3.017,0.0
G07089,37,82,19.221908,72.871655,30.3,22.23,64.73,4.543,0.0
G07090,38,82,19.221963,72.876409,31.78,23.05,41.47,3.868,0.0
G07091,39,82,19.222018,72.881163,49.08,32.02,86.01,5.369,0.0
G07092,40,82,19.222073,72.885916,50.19,38.06,86.01,6.529,0.0
G07093,41,82,19.222128,72.89067,73.03,44.81,131.64,9.106,0.0
G07094,42,82,19.222183,72.895424,94.56,64.44,158.02,10.721,0.0
G07095,43,82,19.222237,72.900178,130.39,81.65,192.09,14.433,0.0
G07096,44,82,19.222292,72.904931,206.81,121.77,281.31,16.98,0.0
G07097,45,82,19.222346,72.909685,202.5,135.63,286.9,18.678,0.0
G07098,46,82,19.2224,72.914439,275.7,198.86,386.32,22.195,0.0
G07099,47,82,19.222454,72.919193,417.83,320.09,471.85,22.797,0.0
G07100,48,82,19.222508,72.923946,289.95,181.91,389.73,19.336,0.0
G07101,49,82,19.222562,72.9287,200.35,144.56,285.52,16.063,0.0
G07102,50,82,19.222616,72.933454,162.37,130.51,209.97,15.213,0.0
G07103,51,82,19.222669,72.938208,194.95,156.37,223.49,13.628,0.0
G07104,52,82,19.222723,72.942962,218.09,143.54,292.33,18.153,0.0
G07105,53,82,19.222776,72.947716,139.71,82.26,188.27,9.578,0.0
G07106,54,82,19.222829,72.95247,116.05,47.0,185.0,14.732,0.0
G07107,55,82,19.222882,72.957224,56.78,40.04,118.37,6.72,0.1385
G07108,56,82,19.222935,72.961977,39.71,29.82,56.15,4.263,0.0
G07109,57,82,19.222988,72.966731,30.77,22.5,47.12,3.912,0.0
G07110,58,82,19.223041,72.971485,26.61,17.76,39.09,4.146,0.0
G07111,59,82,19.223094,72.976239,25.12,14.8,36.6,3.802,0.0
G07112,60,82,19.223146,72.980993,21.26,9.15,37.08,3.421,0.0
G07113,61,82,19.223198,72.985747,10.18,5.88,16.02,1.955,0.0028
G07114,62,82,19.223251,72.990501,13.07,3.84,20.46,2.937,0.0
G07115,63,82,19.223303,72.995255,5.86,2.62,14.0,2.199,0.0
G07116,64,82,19.223355,73.00001,4.63,2.89,10.04,1.366,0.0211
G07117,65,82,19.223407,73.004764,1.36,0.0,8.84,1.441,0.7452
G07118,66,82,19.223458,73.009518,0.95,0.0,5.02,0.541,0.8737
G07119,67,82,19.22351,73.014272,3.69,0.0,12.4,1.558,0.6898
G07120,68,82,19.223561,73.019026,3.03,1.75,9.47,1.253,0.0
G07121,69,82,19.223613,73.02378,2.08,1.63,5.1,0.381,0.0
G07122,70,82,19.223664,73.028534,1.96,1.59,2.97,0.248,0.0
G07123,71,82,19.223715,73.033288,1.98,1.45,2.49,0.226,0.0
G07124,72,82,19.223766,73.038043,3.33,1.46,9.48,0.916,0.0
G07125,73,82,19.223817,73.042797,7.01,2.74,10.53,1.531,0.0
G07126,74,82,19.223868,73.047551,7.83,5.21,10.99,1.095,0.0
G07127,75,82,19.223918,73.052305,8.5,5.6,13.6,1.731,0.0
G07128,76,82,19.223969,73.057059,12.58,7.49,17.37,1.879,0.0
G07129,77,82,19.224019,73.061814,8.18,2.15,17.08,3.185,0.0
G07130,78,82,19.22407,73.066568,1.64,0.0,7.12,1.281,0.518
G07131,79,82,19.22412,73.071322,4.66,1.06,12.79,1.565,0.0237
G07132,80,82,19.22417,73.076077,10.53,3.35,21.01,2.667,0.0
G07133,81,82,19.22422,73.080831,16.63,10.46,21.9,2.983,0.0
G07134,82,82,19.224269,73.085585,17.32,9.7,24.06,2.815,0.0
G07135,83,82,19.224319,73.09034,19.32,10.67,25.45,3.069,0.0
G07136,84,82,19.224368,73.095094,15.93,8.08,27.68,3.714,0.0
G07137,85,82,19.224418,73.099848,15.55,3.63,32.68,4.365,0.0
G07138,0,83,19.224294,72.695719,0.0,0.0,0.0,0.0,1.0
G07139,1,83,19.224354,72.700472,0.0,0.0,0.0,0.0,1.0
G07140,2,83,19.224414,72.705226,0.0,0.0,0.0,0.0,1.0
G07141,3,83,19.224473,72.709979,0.0,0.0,0.0,0.0,1.0
G07142,4,83,19.224533,72.714732,0.0,0.0,0.0,0.0,1.0
G07143,5,83,19.224592,72.719485,0.0,0.0,0.0,0.0,1.0
G07144,6,83,19.224651,72.724238,0.0,0.0,0.0,0.0,1.0
G07145,7,83,19.22471,72.728992,0.0,0.0,0.0,0.0,1.0
G07146,8,83,19.224769,72.733745,0.0,0.0,0.0,0.0,1.0
G07147,9,83,19.224828,72.738498,0.0,0.0,0.0,0.0,1.0
G07148,10,83,19.224886,72.743251,0.0,0.0,0.0,0.0,1.0
G07149,11,83,19.224945,72.748005,0.0,0.0,0.0,0.0,1.0
G07150,12,83,19.225003,72.752758,0.0,0.0,0.0,0.0,1.0
G07151,13,83,19.225062,72.757512,0.0,0.0,0.0,0.0,1.0
G07152,14,83,19.22512,72.762265,0.0,0.0,0.0,0.0,1.0
G07153,15,83,19.225178,72.767018,0.0,0.0,0.0,0.0,1.0
G07154,16,83,19.225236,72.771772,0.0,0.0,0.0,0.0,1.0
G07155,17,83,19.225294,72.776525,10.04,0.0,31.09,3.559,0.5921
G07156,18,83,19.225351,72.781279,15.25,2.22,28.45,3.858,0.0
G07157,19,83,19.225409,72.786032,2.32,1.81,3.35,0.369,0.0
G07158,20,83,19.225466,72.790786,2.45,1.23,5.45,0.484,0.0
G07159,21,83,19.225523,72.795539,2.32,1.0,3.77,0.771,0.1737
G07160,22,83,19.225581,72.800293,2.67,0.5,4.2,0.62,0.015
G07161,23,83,19.225638,72.805046,5.67,0.0,27.97,2.5,0.0684
G07162,24,83,19.225695,72.8098,1.77,0.0,20.94,1.487,0.64
G07163,25,83,19.225751,72.814553,0.94,0.0,6.64,1.034,0.8921
G07164,26,83,19.225808,72.819307,4.48,0.0,10.06,2.032,0.2175
G07165,27,83,19.225865,72.82406,6.81,0.33,14.63,2.475,0.0
G07166,28,83,19.225921,72.828814,6.9,0.04,11.53,1.786,0.0
G07167,29,83,19.225977,72.833568,6.42,1.0,11.99,2.607,0.0316
G07168,30,83,19.226034,72.838321,8.31,1.22,21.93,2.924,0.0
G07169,31,83,19.22609,72.843075,12.47,5.02,21.23,2.911,0.0
G07170,32,83,19.226146,72.847829,17.67,9.1,24.93,3.815,0.0053
G07171,33,83,19.226201,72.852582,19.32,12.55,26.84,3.457,0.005
G07172,34,83,19.226257,72.857336,20.26,14.7,27.56,3.247,0.0
G07173,35,83,19.226313,72.86209,27.15,18.69,45.92,3.963,0.0
G07174,36,83,19.226368,72.866843,34.12,23.46,48.5,4.533,0.0
G07175,37,83,19.226423,72.871597,43.35,22.23,84.53,10.13,0.0
G07176,38,83,19.226479,72.876351,29.68,21.8,43.25,3.537,0.0
G07177,39,83,19.226534,72.881105,40.4,25.67,60.13,5.339,0.0
G07178,40,83,19.226589,72.885859,52.14,36.7,80.14,6.053,0.0
G07179,41,83,19.226643,72.890612,63.83,47.79,105.9,7.112,0.0
G07180,42,83,19.226698,72.895366,79.47,57.66,116.28,10.349,0.0
G07181,43,83,19.226753,72.90012,92.0,64.83,155.75,11.981,0.0
G07182,44,83,19.226807,72.904874,132.56,77.74,189.21,15.671,0.0
G07183,45,83,19.226862,72.909628,219.05,133.95,291.69,15.95,0.0
G07184,46,83,19.226916,72.914382,329.21,241.14,407.22,19.677,0.0
G07185,47,83,19.22697,72.919136,330.36,241.93,456.31,21.191,0.0
G07186,48,83,19.227024,72.92389,248.01,168.7,320.09,17.012,0.0
G07187,49,83,19.227078,72.928644,179.19,123.56,252.41,15.396,0.0
G07188,50,83,19.227131,72.933398,156.24,109.59,215.86,16.999,0.0
G07189,51,83,19.227185,72.938152,168.3,117.72,217.27,17.752,0.0
G07190,52,83,19.227239,72.942906,186.13,116.85,220.6,13.471,0.0
G07191,53,83,19.227292,72.94766,128.54,112.47,149.53,5.532,0.0
G07192,54,83,19.227345,72.952414,171.29,118.37,220.94,12.175,0.0
G07193,55,83,19.227398,72.957168,111.53,45.8,231.96,16.459,0.0
G07194,56,83,19.227451,72.961922,53.84,35.49,98.04,6.039,0.0
G07195,57,83,19.227504,72.966676,39.7,28.01,55.89,3.543,0.0
G07196,58,83,19.227557,72.97143,35.05,23.06,45.93,3.503,0.0
G07197,59,83,19.227609,72.976184,30.64,20.89,43.04,3.6,0.0
G07198,60,83,19.227662,72.980938,25.32,14.03,39.89,3.55,0.0
G07199,61,83,19.227714,72.985692,16.29,9.88,23.56,2.857,0.0
G07200,62,83,19.227767,72.990447,13.04,4.16,20.56,3.42,0.0
G07201,63,83,19.227819,72.995201,5.8,2.18,16.15,1.879,0.0
G07202,64,83,19.227871,72.999955,4.05,0.0,12.7,2.107,0.13
G07203,65,83,19.227923,73.004709,0.75,0.0,8.64,0.777,0.8342
G07204,66,83,19.227974,73.009463,3.81,0.0,7.56,1.465,0.1475
G07205,67,83,19.228026,73.014218,2.9,1.46,6.98,0.672,0.1447
G07206,68,83,19.228077,73.018972,2.68,1.75,5.1,0.644,0.0
G07207,69,83,19.228129,73.023726,3.34,1.68,6.93,1.133,0.0026
G07208,70,83,19.22818,73.02848,4.17,1.48,10.3,1.307,0.005
G07209,71,83,19.228231,73.033235,4.59,1.63,10.74,1.308,0.0
G07210,72,83,19.228282,73.037989,2.16,1.51,7.16,0.578,0.0
G07211,73,83,19.228333,73.042743,4.93,1.8,9.17,1.393,0.0
G07212,74,83,19.228384,73.047498,5.02,2.29,8.74,1.244,0.0025
G07213,75,83,19.228434,73.052252,6.67,3.9,9.91,0.968,0.0
G07214,76,83,19.228485,73.057006,11.31,6.22,17.17,1.799,0.0
G07215,77,83,19.228535,73.061761,5.65,2.42,13.39,2.013,0.0
G07216,78,83,19.228586,73.066515,1.49,0.0,6.37,0.953,0.4974
G07217,79,83,19.228636,73.07127,6.32,0.0,15.19,2.443,0.0175
G07218,80,83,19.228686,73.076024,8.78,2.92,18.21,2.393,0.0
G07219,81,83,19.228736,73.080778,13.12,6.64,19.97,2.415,0.0
G07220,82,83,19.228786,73.085533,14.45,8.45,21.57,2.588,0.0
G07221,83,83,19.228835,73.090287,18.35,10.13,26.0,3.486,0.0
G07222,84,83,19.228885,73.095042,10.51,3.61,26.49,3.276,0.0
G07223,85,83,19.228934,73.099796,7.07,0.0,25.18,2.91,0.1775
G07224,0,84,19.228809,72.695656,0.0,0.0,0.0,0.0,1.0
G07225,1,84,19.228869,72.700409,0.0,0.0,0.0,0.0,1.0
G07226,2,84,19.228929,72.705163,0.0,0.0,0.0,0.0,1.0
G07227,3,84,19.228988,72.709916,0.0,0.0,0.0,0.0,1.0
G07228,4,84,19.229048,72.714669,0.0,0.0,0.0,0.0,1.0
G07229,5,84,19.229107,72.719423,0.0,0.0,0.0,0.0,1.0
G07230,6,84,19.229166,72.724176,0.0,0.0,0.0,0.0,1.0
G07231,7,84,19.229225,72.72893,0.0,0.0,0.0,0.0,1.0
G07232,8,84,19.229284,72.733683,0.0,0.0,0.0,0.0,1.0
G07233,9,84,19.229343,72.738436,0.0,0.0,0.0,0.0,1.0
G07234,10,84,19.229402,72.74319,0.0,0.0,0.0,0.0,1.0
G07235,11,84,19.22946,72.747943,0.0,0.0,0.0,0.0,1.0
G07236,12,84,19.229519,72.752697,0.0,0.0,0.0,0.0,1.0
G07237,13,84,19.229577,72.75745,0.0,0.0,0.0,0.0,1.0
G07238,14,84,19.229635,72.762204,0.0,0.0,0.0,0.0,1.0
G07239,15,84,19.229693,72.766957,0.0,0.0,0.0,0.0,1.0
G07240,16,84,19.229751,72.771711,0.0,0.0,0.0,0.0,1.0
G07241,17,84,19.229809,72.776464,0.17,0.0,12.93,0.332,0.9889
G07242,18,84,19.229866,72.781218,7.46,0.0,19.78,3.049,0.2158
G07243,19,84,19.229924,72.785972,3.76,1.91,10.31,1.41,0.0
G07244,20,84,19.229981,72.790725,2.49,1.85,4.29,0.417,0.0
G07245,21,84,19.230039,72.795479,2.58,1.5,3.93,0.607,0.0305
G07246,22,84,19.230096,72.800232,2.98,1.7,4.64,0.754,0.0
G07247,23,84,19.230153,72.804986,13.57,2.42,32.25,3.893,0.0028
G07248,24,84,19.23021,72.80974,6.66,0.0,28.09,3.344,0.0368
G07249,25,84,19.230267,72.814493,1.69,0.0,6.07,1.107,0.4571
G07250,26,84,19.230324,72.819247,1.57,0.0,9.65,0.863,0.8947
G07251,27,84,19.23038,72.824001,7.64,0.02,13.44,1.879,0.0859
G07252,28,84,19.230437,72.828755,7.91,3.85,16.94,2.626,0.0
G07253,29,84,19.230493,72.833508,5.25,2.15,10.25,1.56,0.0
G07254,30,84,19.230549,72.838262,10.79,4.31,22.91,2.925,0.0
G07255,31,84,19.230605,72.843016,14.46,7.63,21.57,3.443,0.0
G07256,32,84,19.230661,72.84777,16.97,8.84,27.77,4.445,0.0
G07257,33,84,19.230717,72.852524,19.58,12.5,26.39,3.944,0.0
G07258,34,84,19.230773,72.857277,19.03,13.6,25.22,2.639,0.0
G07259,35,84,19.230828,72.862031,22.89,14.77,36.37,3.57,0.0
G07260,36,84,19.230884,72.866785,28.6,14.83,45.49,5.788,0.0028
G07261,37,84,19.230939,72.871539,38.49,18.64,65.12,6.884,0.0079
G07262,38,84,19.230994,72.876293,35.86,27.24,46.19,3.61,0.0
G07263,39,84,19.231049,72.881047,42.97,36.15,54.77,3.384,0.0
G07264,40,84,19.231104,72.885801,70.86,44.78,105.99,7.981,0.0
G07265,41,84,19.231159,72.890555,121.98,78.5,191.36,11.576,0.0
G07266,42,84,19.231214,72.895309,120.77,69.78,199.53,15.401,0.0
G07267,43,84,19.231268,72.900063,135.03,82.12,222.9,15.381,0.0
G07268,44,84,19.231323,72.904817,176.37,115.77,258.22,16.49,0.0
G07269,45,84,19.231377,72.909571,254.7,188.46,307.11,14.276,0.0
G07270,46,84,19.231432,72.914325,310.02,233.49,376.51,16.654,0.0
G07271,47,84,19.231486,72.919079,276.33,210.26,368.98,16.487,0.0
G07272,48,84,19.23154,72.923833,170.48,119.33,245.93,17.178,0.0
G07273,49,84,19.231593,72.928587,163.97,115.82,227.45,15.727,0.0
G07274,50,84,19.231647,72.933341,127.57,99.66,167.14,11.364,0.0
G07275,51,84,19.231701,72.938095,156.02,109.92,226.55,18.698,0.0
G07276,52,84,19.231754,72.942849,130.5,107.03,211.28,9.431,0.0
G07277,53,84,19.231808,72.947604,118.62,109.65,135.47,2.988,0.0
G07278,54,84,19.231861,72.952358,157.84,123.99,222.12,10.659,0.0
G07279,55,84,19.231914,72.957112,208.48,98.04,266.99,19.454,0.0
G07280,56,84,19.231967,72.961866,98.56,54.09,184.31,13.156,0.0
G07281,57,84,19.23202,72.96662,48.71,36.41,64.4,4.228,0.0
G07282,58,84,19.232073,72.971374,40.17,29.2,50.99,3.616,0.0
G07283,59,84,19.232125,72.976129,30.83,19.17,43.04,3.831,0.0
G07284,60,84,19.232178,72.980883,20.9,10.42,44.79,3.382,0.0
G07285,61,84,19.23223,72.985637,14.9,6.73,24.65,3.325,0.0
G07286,62,84,19.232282,72.990392,10.03,3.55,19.24,2.645,0.0158
G07287,63,84,19.232335,72.995146,4.25,2.39,11.24,1.355,0.0
G07288,64,84,19.232387,72.9999,2.05,0.0,6.85,1.183,0.4211
G07289,65,84,19.232438,73.004655,2.45,0.0,11.85,1.294,0.4931
G07290,66,84,19.23249,73.009409,4.49,0.35,11.81,1.681,0.0
G07291,67,84,19.232542,73.014163,3.27,1.46,7.15,0.849,0.0055
G07292,68,84,19.232593,73.018918,2.31,1.77,4.26,0.484,0.0
G07293,69,84,19.232645,73.023672,3.12,1.78,9.14,1.108,0.0028
G07294,70,84,19.232696,73.028426,2.85,1.71,8.29,0.687,0.0
G07295,71,84,19.232747,73.033181,5.26,1.88,10.01,1.637,0.0
G07296,72,84,19.232798,73.037935,2.09,1.42,6.37,0.46,0.0
G07297,73,84,19.232849,73.04269,3.43,1.45,7.77,1.23,0.0
G07298,74,84,19.2329,73.047444,6.11,2.51,11.96,1.525,0.0
G07299,75,84,19.232951,73.052199,9.28,5.62,14.56,1.403,0.0139
G07300,76,84,19.233001,73.056953,10.29,6.23,14.73,1.489,0.0
G07301,77,84,19.233052,73.061708,6.16,2.54,15.71,2.279,0.0
G07302,78,84,19.233102,73.066462,2.32,0.0,11.12,1.48,0.4488
G07303,79,84,19.233152,73.071217,2.7,0.0,10.57,1.823,0.4526
G07304,80,84,19.233202,73.075971,5.49,2.56,14.07,2.988,0.0
G07305,81,84,19.233252,73.080726,8.35,2.85,18.55,2.927,0.0
G07306,82,84,19.233302,73.085481,10.62,2.9,17.1,2.14,0.0
G07307,83,84,19.233351,73.090235,12.42,2.91,24.08,3.374,0.0
G07308,84,84,19.233401,73.09499,3.38,0.0,12.46,1.739,0.3102
G07309,85,84,19.23345,73.099744,0.76,0.0,7.16,0.644,0.7684
G07310,0,85,19.233324,72.695593,0.0,0.0,0.0,0.0,1.0
G07311,1,85,19.233384,72.700347,0.0,0.0,0.0,0.0,1.0
G07312,2,85,19.233444,72.7051,0.0,0.0,0.0,0.0,1.0
G07313,3,85,19.233503,72.709853,0.0,0.0,0.0,0.0,1.0
G07314,4,85,19.233563,72.714607,0.0,0.0,0.0,0.0,1.0
G07315,5,85,19.233622,72.71936,0.0,0.0,0.0,0.0,1.0
G07316,6,85,19.233681,72.724114,0.0,0.0,0.0,0.0,1.0
G07317,7,85,19.23374,72.728867,0.0,0.0,0.0,0.0,1.0
G07318,8,85,19.233799,72.733621,0.0,0.0,0.0,0.0,1.0
G07319,9,85,19.233858,72.738375,0.0,0.0,0.0,0.0,1.0
G07320,10,85,19.233917,72.743128,0.0,0.0,0.0,0.0,1.0
G07321,11,85,19.233975,72.747882,0.0,0.0,0.0,0.0,1.0
G07322,12,85,19.234034,72.752635,0.0,0.0,0.0,0.0,1.0
G07323,13,85,19.234092,72.757389,0.0,0.0,0.0,0.0,1.0
G07324,14,85,19.23415,72.762143,0.0,0.0,0.0,0.0,1.0
G07325,15,85,19.234208,72.766896,0.0,0.0,0.0,0.0,1.0
G07326,16,85,19.234266,72.77165,0.0,0.0,0.0,0.0,1.0
G07327,17,85,19.234324,72.776404,0.02,0.0,2.04,0.051,1.0
G07328,18,85,19.234382,72.781157,6.67,0.0,16.36,2.749,0.24
G07329,19,85,19.234439,72.785911,6.89,1.46,14.4,2.051,0.0
G07330,20,85,19.234497,72.790665,3.24,1.46,7.53,1.191,0.0
G07331,21,85,19.234554,72.795418,2.66,1.78,3.76,0.481,0.0
G07332,22,85,19.234611,72.800172,3.11,1.73,6.53,0.771,0.0
G07333,23,85,19.234668,72.804926,6.72,1.57,21.08,2.877,0.0053
G07334,24,85,19.234725,72.80968,3.35,1.66,16.52,1.332,0.06
G07335,25,85,19.234782,72.814434,3.64,0.0,6.98,1.274,0.0
G07336,26,85,19.234839,72.819188,1.42,0.0,7.53,1.151,0.6625
G07337,27,85,19.234896,72.823941,6.18,0.0,31.1,2.942,0.5605
G07338,28,85,19.234952,72.828695,9.11,2.34,31.1,3.313,0.0
G07339,29,85,19.235008,72.833449,4.11,1.91,7.9,1.281,0.0
G07340,30,85,19.235065,72.838203,8.39,2.8,18.26,2.287,0.0
G07341,31,85,19.235121,72.842957,12.99,8.0,19.78,3.035,0.0
G07342,32,85,19.235177,72.847711,14.53,8.84,28.65,3.438,0.0
G07343,33,85,19.235232,72.852465,18.94,11.14,27.84,3.333,0.0
G07344,34,85,19.235288,72.857219,20.67,14.23,29.18,3.704,0.0
G07345,35,85,19.235344,72.861973,21.23,12.64,28.63,4.005,0.0
G07346,36,85,19.235399,72.866727,24.57,19.78,36.11,2.9,0.0
G07347,37,85,19.235455,72.871481,47.31,23.03,79.9,8.605,0.0
G07348,38,85,19.23551,72.876235,44.53,27.41,91.59,7.739,0.0
G07349,39,85,19.235565,72.880989,51.1,36.61,82.61,5.6,0.0
G07350,40,85,19.23562,72.885743,73.16,46.26,114.9,7.986,0.0
G07351,41,85,19.235675,72.890497,129.07,75.03,188.41,12.441,0.0
G07352,42,85,19.23573,72.895251,166.36,121.12,200.94,12.893,0.0
G07353,43,85,19.235784,72.900005,190.11,131.18,257.44,13.388,0.0
G07354,44,85,19.235839,72.904759,280.32,209.44,336.95,14.67,0.0
G07355,45,85,19.235893,72.909514,271.29,184.71,340.15,20.506,0.0
G07356,46,85,19.235947,72.914268,232.54,171.68,314.26,16.526,0.0
G07357,47,85,19.236001,72.919022,248.49,171.68,306.39,13.364,0.0
G07358,48,85,19.236055,72.923776,179.35,119.04,255.89,16.367,0.0
G07359,49,85,19.236109,72.92853,120.0,74.63,176.92,14.795,0.0
G07360,50,85,19.236163,72.933285,117.79,86.5,161.62,14.465,0.0
G07361,51,85,19.236217,72.938039,138.47,104.11,219.79,16.029,0.0
G07362,52,85,19.23627,72.942793,110.08,103.76,121.28,2.399,0.0
G07363,53,85,19.236324,72.947547,121.66,110.6,145.44,5.015,0.0
G07364,54,85,19.236377,72.952302,149.83,120.64,223.3,11.171,0.0
G07365,55,85,19.23643,72.957056,233.21,174.37,274.73,14.917,0.0
G07366,56,85,19.236483,72.96181,132.86,64.4,238.96,18.633,0.0
G07367,57,85,19.236536,72.966565,55.68,41.14,76.92,4.723,0.0
G07368,58,85,19.236589,72.971319,39.14,29.2,49.3,2.864,0.0
G07369,59,85,19.236641,72.976073,34.65,25.72,48.6,3.385,0.0
G07370,60,85,19.236694,72.980828,31.32,14.41,48.6,3.802,0.0
G07371,61,85,19.236746,72.985582,21.35,11.88,32.75,3.78,0.0
G07372,62,85,19.236798,72.990337,13.5,4.89,26.06,3.064,0.0125
G07373,63,85,19.236851,72.995091,4.2,2.21,10.06,1.226,0.0
G07374,64,85,19.236903,72.999845,1.52,0.0,6.41,0.872,0.51
G07375,65,85,19.236954,73.0046,1.61,0.0,5.65,1.009,0.4632
G07376,66,85,19.237006,73.009354,2.54,0.35,5.37,0.769,0.0
G07377,67,85,19.237058,73.014109,5.77,1.66,10.67,1.837,0.0
G07378,68,85,19.237109,73.018863,2.59,1.77,9.52,0.713,0.0
G07379,69,85,19.237161,73.023618,2.57,1.52,9.14,0.659,0.0
G07380,70,85,19.237212,73.028373,3.34,1.74,11.56,1.582,0.0
G07381,71,85,19.237263,73.033127,6.1,1.27,14.57,3.301,0.0
G07382,72,85,19.237314,73.037882,4.34,1.58,13.9,2.159,0.0
G07383,73,85,19.237365,73.042636,7.27,2.82,13.65,2.149,0.0053
G07384,74,85,19.237416,73.047391,7.68,4.92,10.9,1.343,0.0
G07385,75,85,19.237467,73.052145,12.26,7.34,18.43,1.943,0.0105
G07386,76,85,19.237517,73.0569,11.6,6.27,18.08,1.774,0.0026
G07387,77,85,19.237568,73.061655,10.63,2.35,21.89,3.347,0.02
G07388,78,85,19.237618,73.066409,3.49,0.0,11.06,1.37,0.0079
G07389,79,85,19.237668,73.071164,2.19,0.0,10.43,1.508,0.525
G07390,80,85,19.237718,73.075919,2.61,0.0,13.2,1.958,0.6658
G07391,81,85,19.237768,73.080673,4.23,0.0,16.75,1.943,0.105
G07392,82,85,19.237818,73.085428,5.57,0.0,12.08,2.113,0.0526
G07393,83,85,19.237868,73.090183,2.79,0.0,12.02,1.203,0.4125
G07394,84,85,19.237917,73.094938,1.51,0.0,16.55,1.464,0.7368
G07395,85,85,19.237967,73.099692,4.18,0.0,9.91,1.437,0.055
G07396,0,86,19.237839,72.69553,0.0,0.0,0.0,0.0,1.0
G07397,1,86,19.237899,72.700284,0.0,0.0,0.0,0.0,1.0
G07398,2,86,19.237959,72.705037,0.0,0.0,0.0,0.0,1.0
G07399,3,86,19.238019,72.709791,0.0,0.0,0.0,0.0,1.0
G07400,4,86,19.238078,72.714544,0.0,0.0,0.0,0.0,1.0
G07401,5,86,19.238137,72.719298,0.0,0.0,0.0,0.0,1.0
G07402,6,86,19.238196,72.724052,0.0,0.0,0.0,0.0,1.0
G07403,7,86,19.238256,72.728805,0.0,0.0,0.0,0.0,1.0
G07404,8,86,19.238314,72.733559,0.0,0.0,0.0,0.0,1.0
G07405,9,86,19.238373,72.738313,0.0,0.0,0.0,0.0,1.0
G07406,10,86,19.238432,72.743066,0.0,0.0,0.0,0.0,1.0
G07407,11,86,19.238491,72.74782,0.0,0.0,0.0,0.0,1.0
G07408,12,86,19.238549,72.752574,0.0,0.0,0.0,0.0,1.0
G07409,13,86,19.238607,72.757328,0.0,0.0,0.0,0.0,1.0
G07410,14,86,19.238666,72.762081,0.0,0.0,0.0,0.0,1.0
G07411,15,86,19.238724,72.766835,0.1,0.0,2.24,0.148,0.9889
G07412,16,86,19.238782,72.771589,0.0,0.0,0.0,0.0,1.0
G07413,17,86,19.238839,72.776343,0.14,0.0,2.69,0.176,0.9972
G07414,18,86,19.238897,72.781097,7.29,0.0,19.92,2.972,0.3211
G07415,19,86,19.238955,72.78585,8.2,4.12,12.49,2.044,0.0
G07416,20,86,19.239012,72.790604,3.98,1.78,11.62,1.266,0.0
G07417,21,86,19.23907,72.795358,3.04,2.02,12.0,0.852,0.0
G07418,22,86,19.239127,72.800112,3.54,1.74,10.72,1.232,0.0
G07419,23,86,19.239184,72.804866,5.75,1.68,35.13,2.803,0.0
G07420,24,86,19.239241,72.80962,4.07,1.6,5.96,1.276,0.0
G07421,25,86,19.239298,72.814374,3.76,0.38,6.11,1.398,0.0
G07422,26,86,19.239354,72.819128,3.25,0.0,7.78,1.727,0.2026
G07423,27,86,19.239411,72.823882,3.11,0.0,31.1,2.03,0.867
G07424,28,86,19.239467,72.828636,6.07,1.68,31.1,2.36,0.0132
G07425,29,86,19.239524,72.83339,3.04,1.14,5.02,0.813,0.0083
G07426,30,86,19.23958,72.838144,5.68,1.7,11.38,1.812,0.0026
G07427,31,86,19.239636,72.842898,9.39,2.69,18.9,3.081,0.0166
G07428,32,86,19.239692,72.847652,16.88,9.05,33.64,3.778,0.0
G07429,33,86,19.239748,72.852406,23.85,13.37,39.02,3.874,0.0
G07430,34,86,19.239804,72.85716,16.13,7.04,28.88,4.422,0.0
G07431,35,86,19.239859,72.861914,17.81,11.73,25.79,2.483,0.0
G07432,36,86,19.239915,72.866668,22.31,14.6,36.4,3.874,0.0
G07433,37,86,19.23997,72.871423,33.77,16.62,69.31,7.688,0.0
G07434,38,86,19.240025,72.876177,65.32,18.18,99.28,11.105,0.0055
G07435,39,86,19.240081,72.880931,98.14,67.7,134.44,9.578,0.0
G07436,40,86,19.240136,72.885685,87.92,52.8,137.37,10.155,0.0
G07437,41,86,19.24019,72.890439,108.17,73.23,150.34,9.336,0.0
G07438,42,86,19.240245,72.895194,122.09,97.44,170.43,9.991,0.0
G07439,43,86,19.2403,72.899948,192.59,124.06,278.46,18.209,0.0
G07440,44,86,19.240354,72.904702,292.01,216.18,342.26,16.866,0.0
G07441,45,86,19.240409,72.909456,220.58,163.03,320.56,15.109,0.0
G07442,46,86,19.240463,72.914211,170.74,115.96,222.8,14.314,0.0
G07443,47,86,19.240517,72.918965,193.17,117.4,274.82,17.49,0.0
G07444,48,86,19.240571,72.923719,166.77,77.1,248.26,18.866,0.0
G07445,49,86,19.240625,72.928474,105.13,69.74,160.14,12.485,0.0
G07446,50,86,19.240679,72.933228,129.6,93.03,174.49,15.634,0.0
G07447,51,86,19.240732,72.937982,113.67,93.68,171.28,11.757,0.0
G07448,52,86,19.240786,72.942737,115.95,103.24,133.1,4.52,0.0
G07449,53,86,19.240839,72.947491,126.62,112.59,165.96,5.256,0.0
G07450,54,86,19.240893,72.952246,137.81,122.69,174.37,6.234,0.0
G07451,55,86,19.240946,72.957,164.89,121.84,214.2,11.361,0.0
G07452,56,86,19.240999,72.961755,173.39,74.94,231.39,18.224,0.0
G07453,57,86,19.241052,72.966509,66.94,38.98,145.58,9.069,0.0
G07454,58,86,19.241104,72.971264,39.14,26.26,52.1,3.504,0.0
G07455,59,86,19.241157,72.976018,36.03,22.79,48.56,4.373,0.0
G07456,60,86,19.24121,72.980773,32.94,18.23,48.56,4.594,0.0
G07457,61,86,19.241262,72.985527,25.33,14.3,39.05,4.019,0.0
G07458,62,86,19.241314,72.990282,22.39,5.98,39.88,5.168,0.0
G07459,63,86,19.241366,72.995036,5.65,2.77,16.94,2.09,0.0
G07460,64,86,19.241419,72.999791,1.47,0.0,6.89,0.767,0.5816
G07461,65,86,19.24147,73.004545,1.22,0.0,3.7,0.558,0.4986
G07462,66,86,19.241522,73.0093,1.94,1.49,4.2,0.277,0.0
G07463,67,86,19.241574,73.014055,5.45,1.51,11.8,1.911,0.0
G07464,68,86,19.241625,73.018809,6.74,1.7,13.06,2.317,0.0
G07465,69,86,19.241677,73.023564,3.53,1.83,12.07,1.103,0.0
G07466,70,86,19.241728,73.028319,3.15,1.94,10.02,0.789,0.0
G07467,71,86,19.241779,73.033073,6.4,2.38,11.23,2.314,0.0
G07468,72,86,19.24183,73.037828,6.01,2.22,11.23,1.833,0.0
G07469,73,86,19.241881,73.042583,7.92,3.06,13.53,1.965,0.0
G07470,74,86,19.241932,73.047337,10.63,4.19,16.55,1.895,0.0263
G07471,75,86,19.241983,73.052092,16.99,9.33,31.3,3.081,0.0028
G07472,76,86,19.242033,73.056847,19.16,8.5,38.04,3.098,0.0
G07473,77,86,19.242084,73.061602,15.99,7.06,27.33,2.764,0.0
G07474,78,86,19.242134,73.066356,6.89,2.29,26.11,2.813,0.0
G07475,79,86,19.242184,73.071111,4.12,0.01,11.27,2.314,0.0
G07476,80,86,19.242234,73.075866,2.57,0.0,9.49,1.489,0.3102
G07477,81,86,19.242284,73.080621,0.76,0.0,6.72,0.69,0.8026
G07478,82,86,19.242334,73.085376,0.64,0.0,5.04,0.855,0.8199
G07479,83,86,19.242384,73.090131,1.5,0.0,5.65,0.883,0.4842
G07480,84,86,19.242433,73.094886,3.64,0.0,16.55,1.588,0.0139
G07481,85,86,19.242483,73.09964,4.69,2.36,11.34,1.328,0.0
G07482,0,87,19.242355,72.695467,0.0,0.0,0.0,0.0,1.0
G07483,1,87,19.242414,72.700221,0.0,0.0,0.0,0.0,1.0
G07484,2,87,19.242474,72.704975,0.0,0.0,0.0,0.0,1.0
G07485,3,87,19.242534,72.709728,0.0,0.0,0.0,0.0,1.0
G07486,4,87,19.242593,72.714482,0.0,0.0,0.0,0.0,1.0
G07487,5,87,19.242652,72.719236,0.0,0.0,0.0,0.0,1.0
G07488,6,87,19.242712,72.723989,0.0,0.0,0.0,0.0,1.0
G07489,7,87,19.242771,72.728743,0.0,0.0,0.0,0.0,1.0
G07490,8,87,19.24283,72.733497,0.0,0.0,0.0,0.0,1.0
G07491,9,87,19.242888,72.738251,0.0,0.0,0.0,0.0,1.0
G07492,10,87,19.242947,72.743005,0.0,0.0,0.0,0.0,1.0
G07493,11,87,19.243006,72.747758,0.0,0.0,0.0,0.0,1.0
G07494,12,87,19.243064,72.752512,0.0,0.0,0.0,0.0,1.0
G07495,13,87,19.243123,72.757266,0.0,0.0,0.0,0.0,1.0
G07496,14,87,19.243181,72.76202,0.0,0.0,0.0,0.0,1.0
G07497,15,87,19.243239,72.766774,0.15,0.0,2.71,0.196,0.9895
G07498,16,87,19.243297,72.771528,0.0,0.0,0.0,0.0,1.0
G07499,17,87,19.243355,72.776282,0.0,0.0,0.0,0.0,1.0
G07500,18,87,19.243412,72.781036,5.43,0.0,19.74,2.895,0.5525
G07501,19,87,19.24347,72.78579,9.63,2.88,20.27,3.175,0.0
G07502,20,87,19.243528,72.790544,6.27,2.03,12.77,1.836,0.0
G07503,21,87,19.243585,72.795298,14.08,1.92,39.17,4.492,0.0
G07504,22,87,19.243642,72.800052,8.7,2.24,25.49,3.247,0.0075
G07505,23,87,19.243699,72.804806,7.54,1.79,43.53,4.071,0.0
G07506,24,87,19.243756,72.80956,4.43,1.93,6.84,1.387,0.0
G07507,25,87,19.243813,72.814314,3.83,0.2,6.65,1.423,0.0105
G07508,26,87,19.24387,72.819068,2.76,0.0,6.89,2.097,0.285
G07509,27,87,19.243926,72.823822,0.63,0.0,6.92,0.699,0.8711
G07510,28,87,19.243983,72.828576,4.11,0.0,8.71,1.96,0.29
G07511,29,87,19.244039,72.833331,4.03,2.16,8.2,1.042,0.0
G07512,30,87,19.244096,72.838085,3.43,1.86,7.83,1.19,0.145
G07513,31,87,19.244152,72.842839,4.82,2.0,15.86,1.726,0.0
G07514,32,87,19.244208,72.847593,19.62,6.15,31.14,3.957,0.0
G07515,33,87,19.244264,72.852347,25.31,12.28,42.41,4.765,0.0
G07516,34,87,19.244319,72.857102,14.02,4.98,28.88,4.564,0.0
G07517,35,87,19.244375,72.861856,18.79,12.34,28.2,3.103,0.0
G07518,36,87,19.24443,72.86661,17.65,11.01,28.67,3.219,0.0
G07519,37,87,19.244486,72.871364,19.3,11.33,34.15,3.107,0.0
G07520,38,87,19.244541,72.876119,47.03,21.49,88.5,8.269,0.0
G07521,39,87,19.244596,72.880873,107.24,65.57,160.77,11.252,0.0
G07522,40,87,19.244651,72.885627,151.59,98.21,195.3,10.046,0.0
G07523,41,87,19.244706,72.890382,170.0,102.9,220.11,11.625,0.0
G07524,42,87,19.244761,72.895136,157.99,109.9,234.57,17.064,0.0
G07525,43,87,19.244816,72.89989,196.81,125.41,260.55,18.62,0.0
G07526,44,87,19.24487,72.904645,280.12,211.13,333.06,17.948,0.0
G07527,45,87,19.244924,72.909399,217.38,146.46,314.09,17.341,0.0
G07528,46,87,19.244979,72.914154,140.41,110.86,187.81,8.461,0.0
G07529,47,87,19.245033,72.918908,125.29,101.94,181.28,10.156,0.0
G07530,48,87,19.245087,72.923663,117.82,66.36,188.7,16.914,0.0
G07531,49,87,19.245141,72.928417,90.43,66.36,117.32,10.388,0.0
G07532,50,87,19.245195,72.933172,115.22,80.69,187.86,13.601,0.0
G07533,51,87,19.245248,72.937926,119.61,93.21,187.86,9.227,0.0
G07534,52,87,19.245302,72.942681,140.54,105.4,185.35,8.426,0.0
G07535,53,87,19.245355,72.947435,135.2,119.39,162.39,6.15,0.0
G07536,54,87,19.245408,72.95219,125.97,96.2,161.33,6.587,0.0
G07537,55,87,19.245462,72.956944,109.43,57.47,158.31,15.915,0.0
G07538,56,87,19.245515,72.961699,152.09,70.43,219.05,19.967,0.0
G07539,57,87,19.245568,72.966453,74.05,37.04,137.58,10.904,0.0
G07540,58,87,19.24562,72.971208,48.76,24.86,74.89,6.316,0.0
G07541,59,87,19.245673,72.975963,24.24,12.39,49.82,4.891,0.0
G07542,60,87,19.245726,72.980717,17.59,7.62,34.12,3.629,0.0
G07543,61,87,19.245778,72.985472,18.17,8.72,31.14,3.524,0.0
G07544,62,87,19.24583,72.990227,19.58,3.18,38.55,4.843,0.0
G07545,63,87,19.245882,72.994981,4.03,0.0,9.74,1.341,0.0079
G07546,64,87,19.245934,72.999736,0.32,0.0,5.99,0.384,0.9
G07547,65,87,19.245986,73.004491,2.18,0.0,5.63,1.018,0.3947
G07548,66,87,19.246038,73.009246,3.14,1.82,5.83,0.861,0.0
G07549,67,87,19.24609,73.014,6.16,2.19,11.59,1.652,0.0
G07550,68,87,19.246141,73.018755,7.15,2.28,11.69,2.317,0.0
G07551,69,87,19.246193,73.02351,5.17,1.97,12.07,1.905,0.0
G07552,70,87,19.246244,73.028265,4.02,1.94,11.45,1.148,0.0
G07553,71,87,19.246295,73.033019,8.14,3.26,12.88,2.056,0.0
G07554,72,87,19.246346,73.037774,7.73,4.42,12.51,1.754,0.0
G07555,73,87,19.246397,73.042529,8.73,5.13,14.54,2.509,0.0184
G07556,74,87,19.246448,73.047284,13.82,5.89,24.63,3.54,0.045
G07557,75,87,19.246499,73.052039,21.92,12.67,33.62,3.546,0.05
G07558,76,87,19.246549,73.056794,42.13,16.49,87.98,8.126,0.0
G07559,77,87,19.2466,73.061549,28.78,13.67,86.35,6.273,0.0
G07560,78,87,19.24665,73.066304,12.38,2.43,31.21,4.027,0.0
G07561,79,87,19.2467,73.071059,9.86,2.64,38.3,4.946,0.0
G07562,80,87,19.246751,73.075813,6.82,2.61,16.68,2.288,0.0
G07563,81,87,19.2468,73.080568,3.67,0.0,9.89,1.346,0.05
G07564,82,87,19.24685,73.085323,3.05,0.57,6.8,0.883,0.0158
G07565,83,87,19.2469,73.090078,2.91,0.43,5.32,0.668,0.0325
G07566,84,87,19.24695,73.094833,3.52,2.19,10.33,0.773,0.0
G07567,85,87,19.246999,73.099588,8.39,3.0,14.2,2.194,0.0
G07568,0,88,19.24687,72.695404,0.0,0.0,0.0,0.0,1.0
G07569,1,88,19.246929,72.700158,0.0,0.0,0.0,0.0,1.0
G07570,2,88,19.246989,72.704912,0.0,0.0,0.0,0.0,1.0
G07571,3,88,19.247049,72.709666,0.0,0.0,0.0,0.0,1.0
G07572,4,88,19.247108,72.714419,0.0,0.0,0.0,0.0,1.0
G07573,5,88,19.247168,72.719173,0.0,0.0,0.0,0.0,1.0
G07574,6,88,19.247227,72.723927,0.0,0.0,0.0,0.0,1.0
G07575,7,88,19.247286,72.728681,0.0,0.0,0.0,0.0,1.0
G07576,8,88,19.247345,72.733435,0.0,0.0,0.0,0.0,1.0
G07577,9,88,19.247404,72.738189,0.0,0.0,0.0,0.0,1.0
G07578,10,88,19.247462,72.742943,0.0,0.0,0.0,0.0,1.0
G07579,11,88,19.247521,72.747697,0.0,0.0,0.0,0.0,1.0
G07580,12,88,19.247579,72.752451,0.0,0.0,0.0,0.0,1.0
G07581,13,88,19.247638,72.757205,0.0,0.0,0.0,0.0,1.0
G07582,14,88,19.247696,72.761959,0.0,0.0,0.0,0.0,1.0
G07583,15,88,19.247754,72.766713,0.0,0.0,0.0,0.0,1.0
G07584,16,88,19.247812,72.771467,0.0,0.0,0.0,0.0,1.0
G07585,17,88,19.24787,72.776221,0.0,0.0,0.0,0.0,1.0
G07586,18,88,19.247928,72.780975,2.4,0.0,19.22,2.079,0.8211
G07587,19,88,19.247985,72.785729,12.54,5.0,23.26,3.781,0.0
G07588,20,88,19.248043,72.790483,10.79,4.72,31.32,3.395,0.0105
G07589,21,88,19.2481,72.795238,26.77,11.52,41.22,5.47,0.0
G07590,22,88,19.248157,72.799992,9.24,1.8,26.98,3.861,0.0289
G07591,23,88,19.248215,72.804746,4.57,1.62,15.86,1.7,0.0
G07592,24,88,19.248272,72.8095,5.03,2.79,7.68,1.339,0.0
G07593,25,88,19.248328,72.814254,3.93,0.5,7.2,1.948,0.1053
G07594,26,88,19.248385,72.819009,3.72,0.0,6.63,2.069,0.0842
G07595,27,88,19.248442,72.823763,3.79,0.0,7.35,1.621,0.1025
G07596,28,88,19.248498,72.828517,2.37,0.0,8.2,1.475,0.5763
G07597,29,88,19.248555,72.833271,3.47,0.5,8.28,1.781,0.5623
G07598,30,88,19.248611,72.838026,4.39,0.5,8.39,1.762,0.2895
G07599,31,88,19.248667,72.84278,5.23,1.86,8.94,1.499,0.0
G07600,32,88,19.248723,72.847534,13.96,5.03,24.59,3.179,0.0
G07601,33,88,19.248779,72.852289,23.93,10.14,37.91,5.339,0.0
G07602,34,88,19.248835,72.857043,12.58,2.0,22.3,4.349,0.0
G07603,35,88,19.24889,72.861797,17.08,9.86,31.84,3.674,0.0
G07604,36,88,19.248946,72.866552,14.48,9.93,31.84,2.915,0.0
G07605,37,88,19.249001,72.871306,13.19,8.06,23.49,2.06,0.0
G07606,38,88,19.249057,72.876061,45.75,14.26,91.55,8.413,0.0166
G07607,39,88,19.249112,72.880815,111.44,46.67,163.83,12.257,0.0
G07608,40,88,19.249167,72.885569,187.25,139.91,221.4,9.773,0.0
G07609,41,88,19.249222,72.890324,232.63,191.67,264.26,9.982,0.0
G07610,42,88,19.249277,72.895078,254.8,197.28,295.19,14.282,0.0
G07611,43,88,19.249331,72.899833,258.29,170.92,314.7,18.822,0.0
G07612,44,88,19.249386,72.904587,258.89,170.92,340.39,18.979,0.0
G07613,45,88,19.24944,72.909342,232.91,147.07,313.19,17.252,0.0
G07614,46,88,19.249494,72.914097,156.54,100.32,207.51,11.938,0.0
G07615,47,88,19.249549,72.918851,102.05,38.91,165.22,11.943,0.0
G07616,48,88,19.249603,72.923606,83.09,38.91,135.48,16.729,0.0
G07617,49,88,19.249657,72.92836,132.87,58.8,214.68,16.635,0.0
G07618,50,88,19.24971,72.933115,225.2,116.89,297.12,19.979,0.0
G07619,51,88,19.249764,72.93787,185.34,128.77,245.19,17.809,0.0
G07620,52,88,19.249818,72.942624,178.83,138.41,233.48,10.573,0.0
G07621,53,88,19.249871,72.947379,142.73,93.7,176.62,9.475,0.0
G07622,54,88,19.249924,72.952134,120.63,89.27,139.68,8.141,0.0
G07623,55,88,19.249977,72.956888,71.32,37.7,122.43,15.111,0.0
G07624,56,88,19.25003,72.961643,108.53,49.69,171.02,20.051,0.0
G07625,57,88,19.250083,72.966398,55.29,30.56,142.72,10.415,0.0
G07626,58,88,19.250136,72.971152,33.54,21.32,56.14,4.945,0.0
G07627,59,88,19.250189,72.975907,35.11,11.65,75.5,7.844,0.0
G07628,60,88,19.250241,72.980662,12.41,2.74,43.46,3.973,0.0
G07629,61,88,19.250294,72.985417,9.53,2.02,19.6,2.874,0.0
G07630,62,88,19.250346,72.990172,8.68,2.08,19.08,2.926,0.0
G07631,63,88,19.250398,72.994926,5.65,0.0,17.64,2.43,0.1524
G07632,64,88,19.25045,72.999681,0.0,0.0,0.64,0.065,1.0
G07633,65,88,19.250502,73.004436,3.21,0.0,8.83,1.733,0.1219
G07634,66,88,19.250554,73.009191,3.63,1.42,11.82,1.518,0.0395
G07635,67,88,19.250606,73.013946,7.26,3.32,12.15,2.412,0.0
G07636,68,88,19.250657,73.018701,6.02,2.21,13.83,1.959,0.0
G07637,69,88,19.250709,73.023456,4.8,1.75,10.7,1.829,0.0
G07638,70,88,19.25076,73.028211,5.7,1.81,14.64,1.79,0.0
G07639,71,88,19.250811,73.032966,10.41,4.69,18.51,2.195,0.0
G07640,72,88,19.250862,73.037721,12.76,7.52,20.02,2.334,0.0
G07641,73,88,19.250913,73.042476,11.64,7.25,17.8,2.248,0.0
G07642,74,88,19.250964,73.047231,12.4,7.23,21.74,2.103,0.0
G07643,75,88,19.251015,73.051986,26.25,15.86,33.12,3.104,0.0
G07644,76,88,19.251066,73.056741,45.53,23.22,91.69,7.317,0.0
G07645,77,88,19.251116,73.061496,48.1,15.66,97.02,9.474,0.0
G07646,78,88,19.251166,73.066251,15.12,6.57,31.51,3.887,0.0526
G07647,79,88,19.251217,73.071006,12.13,6.57,17.57,2.574,0.0
G07648,80,88,19.251267,73.075761,12.48,4.57,21.24,2.791,0.0
G07649,81,88,19.251317,73.080516,3.79,2.26,10.54,0.985,0.0
G07650,82,88,19.251366,73.085271,3.02,1.71,5.69,0.534,0.0
G07651,83,88,19.251416,73.090026,6.2,2.59,12.73,1.781,0.0
G07652,84,88,19.251466,73.094781,5.97,2.73,11.36,1.476,0.0
G07653,85,88,19.251515,73.099536,10.35,5.87,15.69,1.834,0.0
G07654,0,89,19.251385,72.695341,0.0,0.0,0.0,0.0,1.0
G07655,1,89,19.251444,72.700095,0.0,0.0,0.0,0.0,1.0
G07656,2,89,19.251504,72.704849,0.0,0.0,0.0,0.0,1.0
G07657,3,89,19.251564,72.709603,0.0,0.0,0.0,0.0,1.0
G07658,4,89,19.251623,72.714357,0.0,0.0,0.0,0.0,1.0
G07659,5,89,19.251683,72.719111,0.0,0.0,0.0,0.0,1.0
G07660,6,89,19.251742,72.723865,0.0,0.0,0.0,0.0,1.0
G07661,7,89,19.251801,72.728619,0.0,0.0,0.0,0.0,1.0
G07662,8,89,19.25186,72.733373,0.0,0.0,0.0,0.0,1.0
G07663,9,89,19.251919,72.738127,0.0,0.0,0.0,0.0,1.0
G07664,10,89,19.251978,72.742881,0.0,0.0,0.0,0.0,1.0
G07665,11,89,19.252036,72.747635,0.0,0.0,0.0,0.0,1.0
G07666,12,89,19.252095,72.752389,0.0,0.0,0.0,0.0,1.0
G07667,13,89,19.252153,72.757143,0.0,0.0,0.0,0.0,1.0
G07668,14,89,19.252211,72.761898,0.0,0.0,0.0,0.0,1.0
G07669,15,89,19.252269,72.766652,0.0,0.0,0.0,0.0,1.0
G07670,16,89,19.252327,72.771406,0.0,0.0,0.0,0.0,1.0
G07671,17,89,19.252385,72.77616,0.0,0.0,0.0,0.0,1.0
G07672,18,89,19.252443,72.780914,0.92,0.0,16.79,1.567,0.8975
G07673,19,89,19.252501,72.785669,21.28,7.09,46.06,6.919,0.0
G07674,20,89,19.252558,72.790423,14.2,4.72,32.64,4.768,0.0025
G07675,21,89,19.252616,72.795177,25.26,10.7,54.54,4.426,0.0
G07676,22,89,19.252673,72.799931,45.85,13.31,71.19,8.767,0.0
G07677,23,89,19.25273,72.804686,16.71,2.67,63.74,6.32,0.0
G07678,24,89,19.252787,72.80944,4.3,1.18,7.33,1.449,0.0025
G07679,25,89,19.252844,72.814194,4.03,0.5,7.32,1.891,0.0474
G07680,26,89,19.252901,72.818949,4.48,0.5,7.59,1.695,0.0025
G07681,27,89,19.252957,72.823703,4.08,0.51,7.66,2.121,0.0395
G07682,28,89,19.253014,72.828458,5.08,2.32,7.41,1.306,0.0
G07683,29,89,19.25307,72.833212,5.27,0.5,8.78,1.474,0.0
G07684,30,89,19.253127,72.837966,3.56,0.5,8.15,2.013,0.3125
G07685,31,89,19.253183,72.842721,4.78,2.57,9.13,1.157,0.0737
G07686,32,89,19.253239,72.847475,7.49,4.3,19.27,2.026,0.0
G07687,33,89,19.253295,72.85223,17.54,7.24,30.28,3.907,0.0
G07688,34,89,19.25335,72.856984,10.96,2.0,19.55,4.256,0.0
G07689,35,89,19.253406,72.861739,12.12,6.76,19.68,2.945,0.0
G07690,36,89,19.253462,72.866493,10.62,6.57,17.26,2.935,0.0
G07691,37,89,19.253517,72.871248,12.93,7.14,20.41,2.465,0.0
G07692,38,89,19.253572,72.876002,36.86,14.05,72.2,7.32,0.0
G07693,39,89,19.253627,72.880757,87.47,45.92,139.91,11.258,0.0
G07694,40,89,19.253682,72.885512,149.84,98.32,219.36,14.364,0.0
G07695,41,89,19.253737,72.890266,199.87,116.84,258.69,11.758,0.0
G07696,42,89,19.253792,72.895021,168.69,60.78,259.93,20.461,0.0
G07697,43,89,19.253847,72.899775,132.34,56.09,268.38,19.71,0.0
G07698,44,89,19.253901,72.90453,166.65,94.59,238.52,19.387,0.0
G07699,45,89,19.253956,72.909285,187.77,137.61,238.82,12.487,0.0
G07700,46,89,19.25401,72.914039,111.08,66.23,149.15,9.878,0.0
G07701,47,89,19.254064,72.918794,73.93,35.85,153.43,15.172,0.0
G07702,48,89,19.254118,72.923549,151.7,57.19,234.05,14.493,0.0
G07703,49,89,19.254172,72.928304,235.5,127.86,344.59,17.483,0.0
G07704,50,89,19.254226,72.933058,297.23,214.68,367.72,14.396,0.0
G07705,51,89,19.25428,72.937813,272.84,176.7,382.48,20.56,0.0
G07706,52,89,19.254333,72.942568,244.06,162.92,343.32,15.312,0.0
G07707,53,89,19.254387,72.947323,182.61,98.33,262.49,14.875,0.0
G07708,54,89,19.25444,72.952078,96.75,40.43,153.59,13.948,0.0
G07709,55,89,19.254493,72.956832,50.0,26.77,122.03,8.893,0.0
G07710,56,89,19.254546,72.961587,61.57,22.68,165.39,12.797,0.0
G07711,57,89,19.254599,72.966342,70.85,18.59,149.77,17.894,0.0
G07712,58,89,19.254652,72.971097,27.75,13.22,79.51,6.688,0.0
G07713,59,89,19.254705,72.975852,28.35,15.9,66.91,5.991,0.0
G07714,60,89,19.254757,72.980607,16.3,3.24,42.68,4.771,0.0
G07715,61,89,19.25481,72.985362,4.55,1.98,12.42,1.63,0.0
G07716,62,89,19.254862,72.990117,2.54,1.65,5.37,0.584,0.0
G07717,63,89,19.254914,72.994872,1.37,0.0,6.88,0.832,0.5868
G07718,64,89,19.254966,72.999627,0.08,0.0,3.17,0.297,0.985
G07719,65,89,19.255018,73.004382,2.49,0.0,7.92,1.341,0.0737
G07720,66,89,19.25507,73.009137,1.74,1.23,3.84,0.245,0.0
G07721,67,89,19.255122,73.013892,5.38,1.35,13.16,2.39,0.0
G07722,68,89,19.255173,73.018647,3.76,1.44,13.83,2.032,0.0
G07723,69,89,19.255225,73.023402,8.04,2.0,13.36,2.419,0.0
G07724,70,89,19.255276,73.028157,11.26,3.5,22.17,3.068,0.0
G07725,71,89,19.255327,73.032912,8.11,3.65,17.16,1.955,0.0
G07726,72,89,19.255379,73.037667,12.13,5.36,20.53,2.108,0.01
G07727,73,89,19.25543,73.042422,14.55,8.49,19.1,2.105,0.0
G07728,74,89,19.25548,73.047177,16.67,11.48,23.97,2.745,0.0025
G07729,75,89,19.255531,73.051932,21.33,15.26,30.7,3.112,0.0
G07730,76,89,19.255582,73.056687,31.02,19.89,73.23,4.659,0.0
G07731,77,89,19.255632,73.061443,47.86,25.73,88.61,9.17,0.0
G07732,78,89,19.255682,73.066198,18.07,9.48,31.57,3.229,0.0
G07733,79,89,19.255733,73.070953,14.16,8.77,21.63,2.177,0.0
G07734,80,89,19.255783,73.075708,8.22,2.57,18.28,2.029,0.0
G07735,81,89,19.255833,73.080463,2.88,1.97,6.0,0.467,0.0
G07736,82,89,19.255883,73.085219,3.77,2.42,9.13,0.905,0.0
G07737,83,89,19.255932,73.089974,9.35,3.24,13.15,1.966,0.0
G07738,84,89,19.255982,73.094729,11.18,6.02,18.36,1.932,0.0
G07739,85,89,19.256031,73.099484,12.74,9.1,24.41,1.881,0.0
G07740,0,90,19.2559,72.695278,0.0,0.0,0.0,0.0,1.0
G07741,1,90,19.25596,72.700032,0.0,0.0,0.0,0.0,1.0
G07742,2,90,19.256019,72.704786,0.0,0.0,0.0,0.0,1.0
G07743,3,90,19.256079,72.70954,0.0,0.0,0.0,0.0,1.0
G07744,4,90,19.256138,72.714294,0.0,0.0,0.0,0.0,1.0
G07745,5,90,19.256198,72.719048,0.0,0.0,0.0,0.0,1.0
G07746,6,90,19.256257,72.723803,0.0,0.0,0.0,0.0,1.0
G07747,7,90,19.256316,72.728557,0.0,0.0,0.0,0.0,1.0
G07748,8,90,19.256375,72.733311,0.0,0.0,0.0,0.0,1.0
G07749,9,90,19.256434,72.738065,0.0,0.0,0.0,0.0,1.0
G07750,10,90,19.256493,72.742819,0.0,0.0,0.0,0.0,1.0
G07751,11,90,19.256551,72.747574,0.0,0.0,0.0,0.0,1.0
G07752,12,90,19.25661,72.752328,0.0,0.0,0.0,0.0,1.0
G07753,13,90,19.256668,72.757082,0.0,0.0,0.0,0.0,1.0
G07754,14,90,19.256727,72.761836,0.0,0.0,0.0,0.0,1.0
G07755,15,90,19.256785,72.766591,0.0,0.0,0.0,0.0,1.0
G07756,16,90,19.256843,72.771345,0.0,0.0,0.0,0.0,1.0
G07757,17,90,19.256901,72.776099,0.0,0.0,0.0,0.0,1.0
G07758,18,90,19.256958,72.780854,1.78,0.0,16.63,1.601,0.7026
G07759,19,90,19.257016,72.785608,21.34,7.07,44.65,7.176,0.0
G07760,20,90,19.257074,72.790362,19.13,9.37,41.22,4.781,0.0
G07761,21,90,19.257131,72.795117,26.16,14.14,54.54,5.432,0.0
G07762,22,90,19.257188,72.799871,34.13,3.51,71.56,8.528,0.0
G07763,23,90,19.257245,72.804626,9.77,3.1,30.36,4.045,0.0
G07764,24,90,19.257302,72.80938,4.45,0.86,21.5,1.765,0.0053
G07765,25,90,19.257359,72.814135,4.37,1.18,7.48,1.641,0.0
G07766,26,90,19.257416,72.818889,5.69,2.63,8.71,1.641,0.0
G07767,27,90,19.257473,72.823644,4.44,1.69,7.74,1.917,0.0
G07768,28,90,19.257529,72.828398,5.5,2.42,7.71,1.368,0.0
G07769,29,90,19.257586,72.833153,5.2,0.5,8.44,1.974,0.0332
G07770,30,90,19.257642,72.837907,5.13,0.5,9.27,2.449,0.1421
G07771,31,90,19.257698,72.842662,5.25,2.56,8.85,1.34,0.0
G07772,32,90,19.257754,72.847416,5.78,2.24,12.8,1.91,0.0028
G07773,33,90,19.25781,72.852171,13.33,1.49,30.89,4.159,0.0
G07774,34,90,19.257866,72.856926,6.67,1.49,18.28,2.927,0.0
G07775,35,90,19.257922,72.86168,10.12,5.62,16.71,3.224,0.0
G07776,36,90,19.257977,72.866435,6.54,0.6,14.64,2.433,0.0
G07777,37,90,19.258033,72.87119,8.75,2.78,20.25,2.403,0.0
G07778,38,90,19.258088,72.875944,31.65,9.4,73.22,7.56,0.0
G07779,39,90,19.258143,72.880699,62.15,27.79,110.26,10.546,0.0
G07780,40,90,19.258198,72.885454,93.54,34.41,143.62,11.609,0.0
G07781,41,90,19.258253,72.890208,116.88,35.82,176.39,16.123,0.0
G07782,42,90,19.258308,72.894963,49.72,31.09,116.84,10.011,0.0
G07783,43,90,19.258363,72.899718,91.23,40.34,164.34,14.931,0.0
G07784,44,90,19.258417,72.904473,178.96,92.13,261.92,18.931,0.0
G07785,45,90,19.258472,72.909228,191.38,104.14,262.0,17.357,0.0
G07786,46,90,19.258526,72.913982,89.31,21.57,170.6,13.993,0.0
G07787,47,90,19.25858,72.918737,77.93,21.57,158.25,14.281,0.0
G07788,48,90,19.258634,72.923492,185.36,98.38,260.23,16.563,0.0
G07789,49,90,19.258688,72.928247,294.41,205.01,373.28,16.698,0.0
G07790,50,90,19.258742,72.933002,364.69,304.55,410.78,15.159,0.0
G07791,51,90,19.258796,72.937757,406.08,322.71,458.76,20.774,0.0
G07792,52,90,19.258849,72.942512,339.97,259.19,441.55,24.376,0.0
G07793,53,90,19.258903,72.947267,220.35,144.0,328.15,19.357,0.0
G07794,54,90,19.258956,72.952021,85.4,38.96,177.03,15.694,0.0
G07795,55,90,19.259009,72.956776,34.37,23.26,59.45,4.528,0.0
G07796,56,90,19.259062,72.961531,23.59,18.88,31.96,1.991,0.0
G07797,57,90,19.259115,72.966286,20.35,12.17,66.01,4.71,0.0
G07798,58,90,19.259168,72.971041,14.66,8.51,36.94,3.148,0.0
G07799,59,90,19.259221,72.975796,14.66,7.17,31.55,3.63,0.0
G07800,60,90,19.259273,72.980551,11.58,3.25,31.55,3.822,0.0026
G07801,61,90,19.259326,72.985307,4.05,-3.41,10.98,2.226,0.0
G07802,62,90,19.259378,72.990062,2.97,0.0,8.32,1.244,0.1368
G07803,63,90,19.25943,72.994817,0.65,0.0,4.07,0.639,0.8172
G07804,64,90,19.259482,72.999572,1.2,0.0,6.14,1.095,0.6263
G07805,65,90,19.259534,73.004327,2.72,0.56,6.81,0.914,0.0083
G07806,66,90,19.259586,73.009082,1.74,1.3,2.21,0.258,0.0
G07807,67,90,19.259638,73.013837,4.99,1.35,11.81,2.014,0.0
G07808,68,90,19.259689,73.018592,2.15,1.46,6.51,0.568,0.0
G07809,69,90,19.259741,73.023347,7.82,1.79,16.99,2.066,0.0
G07810,70,90,19.259792,73.028103,13.78,8.22,20.13,2.09,0.0
G07811,71,90,19.259844,73.032858,10.58,6.17,18.04,1.624,0.0
G07812,72,90,19.259895,73.037613,10.91,6.46,17.2,2.211,0.0053
G07813,73,90,19.259946,73.042368,12.87,7.72,22.21,2.752,0.0
G07814,74,90,19.259996,73.047124,13.74,9.46,22.21,2.115,0.0
G07815,75,90,19.260047,73.051879,16.07,10.7,30.52,2.291,0.0
G07816,76,90,19.260098,73.056634,26.77,13.89,76.83,5.747,0.0
G07817,77,90,19.260148,73.061389,41.58,22.08,91.99,9.29,0.0
G07818,78,90,19.260199,73.066145,19.57,11.82,28.97,3.267,0.0
G07819,79,90,19.260249,73.0709,11.11,5.0,17.51,1.827,0.0132
G07820,80,90,19.260299,73.075655,5.73,2.28,14.3,1.83,0.0
G07821,81,90,19.260349,73.080411,3.06,1.78,6.73,0.554,0.0
G07822,82,90,19.260399,73.085166,4.12,2.24,10.85,1.066,0.0
G07823,83,90,19.260449,73.089922,8.33,3.0,17.86,2.325,0.0
G07824,84,90,19.260498,73.094677,14.0,9.54,22.24,1.874,0.0
G07825,85,90,19.260548,73.099432,15.7,6.55,26.37,3.175,0.0
G07826,0,91,19.260415,72.695215,0.0,0.0,0.0,0.0,1.0
G07827,1,91,19.260475,72.699969,0.0,0.0,0.0,0.0,1.0
G07828,2,91,19.260534,72.704723,0.0,0.0,0.0,0.0,1.0
G07829,3,91,19.260594,72.709477,0.0,0.0,0.0,0.0,1.0
G07830,4,91,19.260654,72.714232,0.0,0.0,0.0,0.0,1.0
G07831,5,91,19.260713,72.718986,0.0,0.0,0.0,0.0,1.0
G07832,6,91,19.260772,72.72374,0.0,0.0,0.0,0.0,1.0
G07833,7,91,19.260831,72.728495,0.0,0.0,0.0,0.0,1.0
G07834,8,91,19.26089,72.733249,0.0,0.0,0.0,0.0,1.0
G07835,9,91,19.260949,72.738003,0.0,0.0,0.0,0.0,1.0
G07836,10,91,19.261008,72.742758,0.0,0.0,0.0,0.0,1.0
G07837,11,91,19.261067,72.747512,0.0,0.0,0.0,0.0,1.0
G07838,12,91,19.261125,72.752266,0.0,0.0,0.0,0.0,1.0
G07839,13,91,19.261184,72.757021,0.0,0.0,0.0,0.0,1.0
G07840,14,91,19.261242,72.761775,0.0,0.0,0.0,0.0,1.0
G07841,15,91,19.2613,72.766529,0.0,0.0,0.0,0.0,1.0
G07842,16,91,19.261358,72.771284,0.0,0.0,0.0,0.0,1.0
G07843,17,91,19.261416,72.776038,0.0,0.0,0.0,0.0,1.0
G07844,18,91,19.261474,72.780793,0.7,0.0,15.26,0.924,0.93
G07845,19,91,19.261531,72.785547,15.65,0.0,41.08,5.827,0.1684
G07846,20,91,19.261589,72.790302,30.25,12.0,54.87,6.866,0.0325
G07847,21,91,19.261646,72.795056,33.32,12.0,62.7,7.355,0.0711
G07848,22,91,19.261704,72.799811,15.05,1.89,57.11,5.837,0.0075
G07849,23,91,19.261761,72.804566,32.85,4.24,68.05,8.872,0.0
G07850,24,91,19.261818,72.80932,11.12,2.4,49.29,5.304,0.0
G07851,25,91,19.261875,72.814075,4.33,1.56,8.03,1.65,0.0
G07852,26,91,19.261932,72.818829,5.37,2.51,7.6,1.351,0.0
G07853,27,91,19.261988,72.823584,5.19,2.2,8.32,1.889,0.0
G07854,28,91,19.262045,72.828339,5.52,2.36,7.95,1.529,0.0
G07855,29,91,19.262101,72.833093,5.55,1.0,9.21,2.055,0.0763
G07856,30,91,19.262157,72.837848,5.43,1.0,9.03,1.941,0.13
G07857,31,91,19.262214,72.842603,4.63,2.43,9.78,1.276,0.0
G07858,32,91,19.26227,72.847357,5.05,2.08,9.6,2.001,0.0
G07859,33,91,19.262326,72.852112,7.02,1.5,16.93,2.728,0.0
G07860,34,91,19.262381,72.856867,5.44,1.5,10.33,1.906,0.0
G07861,35,91,19.262437,72.861622,7.72,2.85,14.61,2.998,0.0
G07862,36,91,19.262493,72.866376,5.98,2.52,14.95,2.647,0.0
G07863,37,91,19.262548,72.871131,8.78,2.98,20.85,2.63,0.02
G07864,38,91,19.262603,72.875886,18.0,7.34,37.98,4.008,0.0316
G07865,39,91,19.262659,72.880641,26.38,14.57,45.36,4.318,0.0
G07866,40,91,19.262714,72.885396,58.63,30.85,111.37,10.634,0.0
G07867,41,91,19.262769,72.890151,34.51,14.34,108.64,7.658,0.0
G07868,42,91,19.262823,72.894906,27.89,17.03,40.34,4.358,0.0211
G07869,43,91,19.262878,72.89966,80.18,31.86,130.61,14.265,0.0
G07870,44,91,19.262933,72.904415,164.92,83.55,261.92,17.777,0.0
G07871,45,91,19.262987,72.90917,168.85,98.15,262.0,19.435,0.0
G07872,46,91,19.263042,72.913925,105.84,20.71,187.85,18.857,0.0
G07873,47,91,19.263096,72.91868,36.69,9.46,103.02,14.183,0.0025
G07874,48,91,19.26315,72.923435,88.23,13.33,205.01,15.475,0.0
G07875,49,91,19.263204,72.92819,185.84,92.77,318.98,18.801,0.0
G07876,50,91,19.263258,72.932945,241.4,123.89,359.63,24.003,0.0
G07877,51,91,19.263311,72.9377,281.01,149.74,395.68,25.002,0.0
G07878,52,91,19.263365,72.942455,195.15,92.14,322.71,21.778,0.0
G07879,53,91,19.263418,72.94721,142.45,82.43,284.76,17.591,0.0
G07880,54,91,19.263472,72.951965,59.2,29.9,160.05,10.881,0.0
G07881,55,91,19.263525,72.95672,28.88,17.05,49.75,3.689,0.0
G07882,56,91,19.263578,72.961476,19.28,14.25,27.92,2.068,0.0
G07883,57,91,19.263631,72.966231,17.23,10.86,29.21,2.947,0.0
G07884,58,91,19.263684,72.970986,11.38,5.09,20.74,2.936,0.0
G07885,59,91,19.263737,72.975741,8.74,4.21,14.85,2.405,0.0
G07886,60,91,19.263789,72.980496,5.29,1.95,11.77,1.821,0.0
G07887,61,91,19.263842,72.985251,4.68,1.89,14.69,1.968,0.0
G07888,62,91,19.263894,72.990007,1.25,0.0,5.42,0.724,0.5125
G07889,63,91,19.263946,72.994762,0.47,0.0,6.48,0.561,0.7789
G07890,64,91,19.263998,72.999517,1.48,0.0,4.37,0.725,0.31
G07891,65,91,19.26405,73.004272,1.84,1.38,3.7,0.295,0.0
G07892,66,91,19.264102,73.009027,1.87,1.29,4.86,0.377,0.0
G07893,67,91,19.264154,73.013783,2.28,1.43,5.05,0.515,0.0
G07894,68,91,19.264205,73.018538,1.71,1.37,2.08,0.198,0.0
G07895,69,91,19.264257,73.023293,3.88,1.22,12.98,1.136,0.0
G07896,70,91,19.264308,73.028049,10.0,2.88,19.73,1.716,0.0
G07897,71,91,19.26436,73.032804,17.13,10.14,25.71,2.558,0.0
G07898,72,91,19.264411,73.037559,12.7,9.36,18.81,1.81,0.0
G07899,73,91,19.264462,73.042315,15.86,10.67,24.86,2.271,0.0
G07900,74,91,19.264513,73.04707,18.38,10.5,25.55,2.473,0.0
G07901,75,91,19.264563,73.051825,14.04,10.56,18.96,1.769,0.0
G07902,76,91,19.264614,73.056581,21.0,14.2,26.85,1.872,0.0
G07903,77,91,19.264664,73.061336,30.05,19.14,60.89,6.083,0.0
G07904,78,91,19.264715,73.066092,16.9,9.92,24.48,2.379,0.0
G07905,79,91,19.264765,73.070847,10.68,5.46,17.68,2.161,0.0
G07906,80,91,19.264815,73.075603,7.3,3.57,13.66,1.682,0.0
G07907,81,91,19.264865,73.080358,4.49,2.11,9.46,1.201,0.0075
G07908,82,91,19.264915,73.085114,8.07,3.0,14.1,1.993,0.0
G07909,83,91,19.264965,73.089869,9.02,4.74,14.21,2.177,0.0
G07910,84,91,19.265014,73.094625,13.0,4.89,22.24,2.996,0.0
G07911,85,91,19.265064,73.09938,10.87,0.0,25.0,3.115,0.1425
G07912,0,92,19.26493,72.695152,0.0,0.0,0.0,0.0,1.0
G07913,1,92,19.26499,72.699906,0.0,0.0,0.0,0.0,1.0
G07914,2,92,19.265049,72.70466,0.0,0.0,0.0,0.0,1.0
G07915,3,92,19.265109,72.709415,0.0,0.0,0.0,0.0,1.0
G07916,4,92,19.265169,72.714169,0.0,0.0,0.0,0.0,1.0
G07917,5,92,19.265228,72.718923,0.0,0.0,0.0,0.0,1.0
G07918,6,92,19.265287,72.723678,0.0,0.0,0.0,0.0,1.0
G07919,7,92,19.265346,72.728432,0.0,0.0,0.0,0.0,1.0
G07920,8,92,19.265405,72.733187,0.0,0.0,0.0,0.0,1.0
G07921,9,92,19.265464,72.737941,0.0,0.0,0.0,0.0,1.0
G07922,10,92,19.265523,72.742696,0.0,0.0,0.0,0.0,1.0
G07923,11,92,19.265582,72.74745,0.0,0.0,0.0,0.0,1.0
G07924,12,92,19.26564,72.752205,0.0,0.0,0.0,0.0,1.0
G07925,13,92,19.265699,72.756959,0.0,0.0,0.34,0.013,1.0
G07926,14,92,19.265757,72.761714,0.0,0.0,0.0,0.0,1.0
G07927,15,92,19.265815,72.766468,0.0,0.0,0.0,0.0,1.0
G07928,16,92,19.265873,72.771223,0.0,0.0,0.0,0.0,1.0
G07929,17,92,19.265931,72.775977,0.0,0.0,0.0,0.0,1.0
G07930,18,92,19.265989,72.780732,0.0,0.0,0.0,0.0,1.0
G07931,19,92,19.266047,72.785487,11.06,0.0,36.41,5.107,0.2659
G07932,20,92,19.266104,72.790241,23.07,6.91,46.48,6.189,0.0395
G07933,21,92,19.266162,72.794996,37.26,12.0,64.18,8.713,0.0526
G07934,22,92,19.266219,72.799751,11.53,1.89,50.57,5.388,0.0
G07935,23,92,19.266276,72.804505,39.18,8.84,71.07,8.362,0.0
G07936,24,92,19.266333,72.80926,11.95,2.82,71.07,6.065,0.0
G07937,25,92,19.26639,72.814015,4.36,2.16,6.85,1.238,0.0
G07938,26,92,19.266447,72.81877,3.95,2.16,7.69,1.158,0.0
G07939,27,92,19.266504,72.823524,4.46,2.5,8.56,1.296,0.0
G07940,28,92,19.26656,72.828279,5.63,2.52,8.56,1.381,0.0
G07941,29,92,19.266617,72.833034,6.74,3.71,10.08,1.487,0.0
G07942,30,92,19.266673,72.837789,4.99,1.0,8.59,2.441,0.1447
G07943,31,92,19.266729,72.842544,5.66,1.0,10.55,3.029,0.0693
G07944,32,92,19.266785,72.847298,6.86,1.0,11.41,2.833,0.036
G07945,33,92,19.266841,72.852053,7.42,1.5,13.19,2.672,0.0
G07946,34,92,19.266897,72.856808,5.52,1.5,9.92,1.79,0.0
G07947,35,92,19.266953,72.861563,6.26,1.87,11.23,2.223,0.0
G07948,36,92,19.267008,72.866318,7.0,2.75,14.39,2.304,0.0
G07949,37,92,19.267064,72.871073,10.5,0.67,28.91,3.97,0.0263
G07950,38,92,19.267119,72.875828,12.78,0.67,21.7,3.098,0.0111
G07951,39,92,19.267174,72.880583,16.35,3.46,42.12,4.688,0.0
G07952,40,92,19.267229,72.885338,28.34,5.28,86.67,8.893,0.0
G07953,41,92,19.267284,72.890093,15.47,9.37,31.2,2.559,0.0
G07954,42,92,19.267339,72.894848,19.72,11.07,35.34,3.213,0.0
G07955,43,92,19.267394,72.899603,47.09,18.3,127.19,12.157,0.0
G07956,44,92,19.267448,72.904358,130.88,54.04,195.61,20.748,0.0
G07957,45,92,19.267503,72.909113,76.93,28.0,174.72,16.26,0.0
G07958,46,92,19.267557,72.913868,32.86,3.31,128.62,12.296,0.0
G07959,47,92,19.267611,72.918623,28.8,2.98,75.55,10.083,0.0
G07960,48,92,19.267666,72.923378,37.09,4.94,98.44,11.83,0.0
G07961,49,92,19.267719,72.928133,92.71,32.07,157.71,16.185,0.0
G07962,50,92,19.267773,72.932889,168.78,91.2,249.61,17.623,0.0
G07963,51,92,19.267827,72.937644,172.01,84.84,249.61,18.282,0.0
G07964,52,92,19.267881,72.942399,84.0,41.62,157.8,12.419,0.0
G07965,53,92,19.267934,72.947154,57.6,29.16,131.46,10.534,0.0
G07966,54,92,19.267987,72.951909,41.0,17.92,92.73,8.203,0.0
G07967,55,92,19.268041,72.956664,22.68,14.18,33.94,2.331,0.0
G07968,56,92,19.268094,72.96142,14.97,9.95,21.12,1.66,0.0
G07969,57,92,19.268147,72.966175,15.26,8.99,27.25,3.204,0.0
G07970,58,92,19.2682,72.97093,11.17,4.23,24.94,3.664,0.0053
G07971,59,92,19.268252,72.975686,5.06,1.66,14.83,2.482,0.0
G07972,60,92,19.268305,72.980441,4.23,2.05,11.91,1.586,0.0
G07973,61,92,19.268357,72.985196,11.94,1.93,38.13,5.806,0.0
G07974,62,92,19.26841,72.989951,1.12,0.0,13.31,1.26,0.7526
G07975,63,92,19.268462,72.994707,2.87,0.0,10.83,1.934,0.2133
G07976,64,92,19.268514,72.999462,2.26,1.32,13.75,0.814,0.0
G07977,65,92,19.268566,73.004218,1.84,1.21,2.59,0.308,0.0
G07978,66,92,19.268618,73.008973,2.6,1.45,5.99,0.669,0.0
G07979,67,92,19.26867,73.013728,1.88,1.32,4.24,0.373,0.0
G07980,68,92,19.268721,73.018484,1.8,1.4,3.27,0.303,0.0
G07981,69,92,19.268773,73.023239,2.39,1.26,10.42,0.824,0.0028
G07982,70,92,19.268824,73.027995,10.64,2.94,20.52,2.594,0.0
G07983,71,92,19.268876,73.03275,14.58,8.45,22.91,2.554,0.0166
G07984,72,92,19.268927,73.037506,16.73,11.71,24.09,2.328,0.0
G07985,73,92,19.268978,73.042261,19.48,13.97,28.78,2.319,0.0
G07986,74,92,19.269029,73.047017,20.77,12.72,26.2,2.398,0.0
G07987,75,92,19.269079,73.051772,16.09,12.45,20.77,1.714,0.0
G07988,76,92,19.26913,73.056528,23.67,16.19,35.34,2.281,0.0
G07989,77,92,19.26918,73.061283,27.09,18.74,47.25,3.323,0.0
G07990,78,92,19.269231,73.066039,16.68,9.88,24.76,2.328,0.0
G07991,79,92,19.269281,73.070794,11.7,6.83,20.01,2.135,0.0
G07992,80,92,19.269331,73.07555,12.33,6.98,19.88,2.121,0.0
G07993,81,92,19.269381,73.080306,6.52,3.34,13.87,1.852,0.0053
G07994,82,92,19.269431,73.085061,7.77,3.15,13.8,1.547,0.0
G07995,83,92,19.269481,73.089817,11.79,9.27,16.38,1.603,0.0
G07996,84,92,19.269531,73.094573,10.36,4.56,16.12,2.081,0.0
G07997,85,92,19.26958,73.099328,6.23,0.0,16.12,2.216,0.1526
G07998,0,93,19.269445,72.695089,0.0,0.0,0.0,0.0,1.0
G07999,1,93,19.269505,72.699843,0.0,0.0,0.0,0.0,1.0
G08000,2,93,19.269564,72.704597,0.0,0.0,0.0,0.0,1.0
G08001,3,93,19.269624,72.709352,0.0,0.0,0.0,0.0,1.0
G08002,4,93,19.269684,72.714106,0.0,0.0,0.0,0.0,1.0
G08003,5,93,19.269743,72.718861,0.0,0.0,0.0,0.0,1.0
G08004,6,93,19.269802,72.723616,0.0,0.0,0.0,0.0,1.0
G08005,7,93,19.269862,72.72837,0.0,0.0,0.0,0.0,1.0
G08006,8,93,19.269921,72.733125,0.0,0.0,0.0,0.0,1.0
G08007,9,93,19.26998,72.737879,0.0,0.0,0.0,0.0,1.0
G08008,10,93,19.270038,72.742634,0.0,0.0,0.0,0.0,1.0
G08009,11,93,19.270097,72.747388,0.0,0.0,0.0,0.0,1.0
G08010,12,93,19.270156,72.752143,0.0,0.0,0.0,0.0,1.0
G08011,13,93,19.270214,72.756898,0.06,0.0,2.77,0.136,1.0
G08012,14,93,19.270272,72.761652,0.0,0.0,0.0,0.0,1.0
G08013,15,93,19.270331,72.766407,0.0,0.0,0.0,0.0,1.0
G08014,16,93,19.270389,72.771162,0.0,0.0,0.0,0.0,1.0
G08015,17,93,19.270447,72.775917,0.0,0.0,0.0,0.0,1.0
G08016,18,93,19.270504,72.780671,4.67,0.0,38.32,2.855,0.7
G08017,19,93,19.270562,72.785426,21.99,0.0,45.08,6.651,0.0277
G08018,20,93,19.27062,72.790181,13.56,4.31,45.08,5.319,0.0
G08019,21,93,19.270677,72.794936,41.35,12.09,62.03,8.15,0.0
G08020,22,93,19.270734,72.79969,16.76,0.0,58.3,6.763,0.0316
G08021,23,93,19.270792,72.804445,29.73,7.86,71.6,7.328,0.0
G08022,24,93,19.270849,72.8092,44.77,1.91,75.52,9.764,0.0
G08023,25,93,19.270906,72.813955,3.71,1.6,7.17,1.298,0.0
G08024,26,93,19.270962,72.81871,4.11,2.0,6.7,1.266,0.0
G08025,27,93,19.271019,72.823465,4.17,1.93,7.87,1.245,0.0332
G08026,28,93,19.271076,72.82822,3.64,1.31,8.46,1.145,0.1474
G08027,29,93,19.271132,72.832975,4.59,1.6,7.54,1.189,0.0332
G08028,30,93,19.271188,72.83773,3.98,1.0,7.08,1.695,0.0026
G08029,31,93,19.271245,72.842485,1.99,1.0,7.0,0.841,0.1274
G08030,32,93,19.271301,72.847239,4.21,1.0,10.67,2.064,0.072
G08031,33,93,19.271357,72.851994,5.1,1.93,11.26,1.93,0.0
G08032,34,93,19.271413,72.856749,5.56,2.5,9.29,1.714,0.0
G08033,35,93,19.271468,72.861505,6.55,2.89,13.3,2.372,0.0
G08034,36,93,19.271524,72.86626,7.08,2.46,13.62,2.289,0.0
G08035,37,93,19.271579,72.871015,7.0,1.96,15.39,3.43,0.0
G08036,38,93,19.271635,72.87577,8.19,3.71,17.6,2.33,0.0
G08037,39,93,19.27169,72.880525,7.4,1.22,13.48,2.399,0.0
G08038,40,93,19.271745,72.88528,13.99,4.35,36.9,5.245,0.0055
G08039,41,93,19.2718,72.890035,8.84,4.62,13.5,1.917,0.0
G08040,42,93,19.271855,72.89479,14.13,6.62,23.93,2.215,0.0028
G08041,43,93,19.271909,72.899545,64.79,16.0,135.51,14.471,0.0
G08042,44,93,19.271964,72.904301,77.52,13.37,143.2,15.456,0.0
G08043,45,93,19.272019,72.909056,36.87,5.0,67.75,10.747,0.0263
G08044,46,93,19.272073,72.913811,7.66,2.05,38.41,4.012,0.0222
G08045,47,93,19.272127,72.918566,18.77,2.98,54.8,7.676,0.0
G08046,48,93,19.272181,72.923321,35.8,4.94,67.42,10.019,0.0
G08047,49,93,19.272235,72.928077,76.97,29.08,167.5,17.751,0.0
G08048,50,93,19.272289,72.932832,177.42,62.73,252.59,18.269,0.0
G08049,51,93,19.272343,72.937587,197.21,126.75,264.48,18.308,0.0
G08050,52,93,19.272396,72.942342,84.59,28.15,165.37,15.534,0.0
G08051,53,93,19.27245,72.947098,32.43,19.0,48.97,5.428,0.0
G08052,54,93,19.272503,72.951853,28.06,13.24,54.23,5.576,0.0
G08053,55,93,19.272557,72.956608,14.86,8.85,21.72,2.169,0.0
G08054,56,93,19.27261,72.961364,12.33,7.38,21.61,2.514,0.0
G08055,57,93,19.272663,72.966119,9.88,5.6,21.61,2.214,0.0
G08056,58,93,19.272716,72.970875,8.13,1.87,16.7,2.205,0.0211
G08057,59,93,19.272768,72.97563,2.26,1.5,11.94,0.852,0.0
G08058,60,93,19.272821,72.980385,2.85,1.46,13.31,1.287,0.0
G08059,61,93,19.272873,72.985141,2.92,1.8,21.0,1.095,0.0
G08060,62,93,19.272926,72.989896,0.76,0.0,8.82,0.627,0.7395
G08061,63,93,19.272978,72.994652,5.37,0.0,20.64,3.636,0.2022
G08062,64,93,19.27303,72.999407,11.56,1.35,33.25,4.653,0.0132
G08063,65,93,19.273082,73.004163,7.09,1.43,43.03,3.431,0.0222
G08064,66,93,19.273134,73.008918,3.25,0.85,8.23,1.243,0.0421
G08065,67,93,19.273186,73.013674,2.37,1.38,4.55,0.53,0.0139
G08066,68,93,19.273237,73.018429,1.85,1.29,3.25,0.402,0.0237
G08067,69,93,19.273289,73.023185,3.99,1.38,14.48,1.334,0.0
G08068,70,93,19.27334,73.027941,17.17,3.57,40.69,3.357,0.0
G08069,71,93,19.273392,73.032696,21.3,13.21,40.69,3.471,0.0
G08070,72,93,19.273443,73.037452,21.03,15.67,29.57,3.097,0.0
G08071,73,93,19.273494,73.042207,24.83,16.83,32.76,3.079,0.0
G08072,74,93,19.273545,73.046963,18.26,13.23,27.76,2.033,0.0
G08073,75,93,19.273595,73.051719,17.14,13.23,23.09,1.416,0.0
G08074,76,93,19.273646,73.056474,25.27,18.31,36.74,2.077,0.0
G08075,77,93,19.273697,73.06123,26.78,21.1,37.74,2.459,0.0211
G08076,78,93,19.273747,73.065986,21.89,13.11,37.66,3.473,0.0
G08077,79,93,19.273797,73.070742,17.29,11.2,24.64,2.326,0.0
G08078,80,93,19.273847,73.075497,11.08,7.56,19.88,1.919,0.0
G08079,81,93,19.273897,73.080253,7.5,3.45,15.06,1.746,0.0
G08080,82,93,19.273947,73.085009,7.41,3.45,17.84,2.174,0.0
G08081,83,93,19.273997,73.089765,10.89,6.39,17.27,2.438,0.0
G08082,84,93,19.274047,73.09452,11.99,6.34,19.93,1.917,0.0
G08083,85,93,19.274096,73.099276,7.32,2.57,12.81,1.664,0.0
G08084,0,94,19.27396,72.695025,0.0,0.0,0.0,0.0,1.0
G08085,1,94,19.27402,72.69978,0.0,0.0,0.0,0.0,1.0
G08086,2,94,19.27408,72.704535,0.0,0.0,0.0,0.0,1.0
G08087,3,94,19.274139,72.709289,0.0,0.0,0.0,0.0,1.0
G08088,4,94,19.274199,72.714044,0.0,0.0,0.0,0.0,1.0
G08089,5,94,19.274258,72.718798,0.0,0.0,0.0,0.0,1.0
G08090,6,94,19.274318,72.723553,0.0,0.0,0.0,0.0,1.0
G08091,7,94,19.274377,72.728308,0.0,0.0,0.0,0.0,1.0
G08092,8,94,19.274436,72.733063,0.0,0.0,0.0,0.0,1.0
G08093,9,94,19.274495,72.737817,0.0,0.0,0.0,0.0,1.0
G08094,10,94,19.274554,72.742572,0.0,0.0,0.0,0.0,1.0
G08095,11,94,19.274612,72.747327,0.0,0.0,0.0,0.0,1.0
G08096,12,94,19.274671,72.752081,0.0,0.0,0.0,0.0,1.0
G08097,13,94,19.274729,72.756836,0.0,0.0,0.0,0.0,1.0
G08098,14,94,19.274788,72.761591,0.0,0.0,0.0,0.0,1.0
G08099,15,94,19.274846,72.766346,0.0,0.0,0.0,0.0,1.0
G08100,16,94,19.274904,72.771101,0.0,0.0,0.0,0.0,1.0
G08101,17,94,19.274962,72.775856,0.0,0.0,0.0,0.0,1.0
G08102,18,94,19.27502,72.78061,10.87,0.0,38.65,5.14,0.455
G08103,19,94,19.275077,72.785365,17.03,2.45,47.19,6.911,0.0
G08104,20,94,19.275135,72.79012,5.56,2.45,19.38,1.936,0.0
G08105,21,94,19.275192,72.794875,23.49,6.97,44.41,6.774,0.0
G08106,22,94,19.27525,72.79963,14.61,1.54,27.95,4.483,0.0125
G08107,23,94,19.275307,72.804385,23.99,11.53,63.85,4.956,0.0
G08108,24,94,19.275364,72.80914,42.39,1.87,75.74,11.578,0.0
G08109,25,94,19.275421,72.813895,2.25,1.67,5.14,0.371,0.0184
G08110,26,94,19.275478,72.81865,3.52,2.0,6.36,1.018,0.0275
G08111,27,94,19.275535,72.823405,3.33,2.0,7.3,1.013,0.1421
G08112,28,94,19.275591,72.82816,2.18,1.35,2.92,0.322,0.165
G08113,29,94,19.275648,72.832915,3.13,1.18,7.15,0.968,0.0737
G08114,30,94,19.275704,72.83767,3.17,1.0,7.24,1.166,0.0575
G08115,31,94,19.27576,72.842425,1.47,1.0,2.79,0.432,0.2684
G08116,32,94,19.275816,72.84718,2.06,1.0,7.19,0.729,0.3868
G08117,33,94,19.275872,72.851936,3.59,0.79,7.85,1.52,0.01
G08118,34,94,19.275928,72.856691,4.44,0.76,10.77,1.65,0.0105
G08119,35,94,19.275984,72.861446,8.03,3.2,12.82,2.576,0.0
G08120,36,94,19.276039,72.866201,7.58,1.62,14.54,3.106,0.0
G08121,37,94,19.276095,72.870956,7.76,-0.84,16.56,4.068,0.0
G08122,38,94,19.27615,72.875711,6.73,3.03,14.02,2.721,0.0
G08123,39,94,19.276205,72.880467,7.01,2.77,16.04,2.737,0.0
G08124,40,94,19.276261,72.885222,8.27,2.94,24.44,2.415,0.0
G08125,41,94,19.276316,72.889977,8.37,2.6,27.98,2.481,0.0
G08126,42,94,19.27637,72.894732,32.82,6.15,120.51,9.398,0.0
G08127,43,94,19.276425,72.899488,58.51,5.87,115.39,14.327,0.0
G08128,44,94,19.27648,72.904243,16.05,3.0,67.27,7.074,0.0737
G08129,45,94,19.276534,72.908998,25.2,3.0,64.66,10.644,0.04
G08130,46,94,19.276589,72.913754,8.43,2.05,34.95,4.03,0.0
G08131,47,94,19.276643,72.918509,18.29,3.6,50.46,6.72,0.005
G08132,48,94,19.276697,72.923264,14.73,5.9,41.82,4.912,0.0
G08133,49,94,19.276751,72.92802,34.3,12.29,80.64,9.806,0.0
G08134,50,94,19.276805,72.932775,101.36,22.5,190.38,18.64,0.0
G08135,51,94,19.276859,72.937531,156.38,93.73,200.93,16.905,0.0
G08136,52,94,19.276912,72.942286,85.23,12.6,167.24,16.376,0.0
G08137,53,94,19.276966,72.947042,19.6,6.89,47.6,5.928,0.0
G08138,54,94,19.277019,72.951797,26.52,13.29,46.81,6.133,0.0
G08139,55,94,19.277072,72.956552,10.66,4.19,20.52,2.155,0.0
G08140,56,94,19.277125,72.961308,7.82,1.91,16.49,2.242,0.0
G08141,57,94,19.277179,72.966063,5.74,1.62,14.24,2.111,0.0158
G08142,58,94,19.277231,72.970819,15.88,5.79,40.41,5.932,0.0
G08143,59,94,19.277284,72.975575,11.15,1.57,41.92,6.157,0.0
G08144,60,94,19.277337,72.98033,2.11,1.73,2.63,0.199,0.0
G08145,61,94,19.277389,72.985086,2.09,0.0,4.35,0.372,0.0184
G08146,62,94,19.277442,72.989841,0.5,0.0,7.47,0.832,0.8025
G08147,63,94,19.277494,72.994597,6.07,0.0,21.98,4.634,0.2684
G08148,64,94,19.277546,72.999352,8.98,0.0,36.75,6.34,0.29
G08149,65,94,19.277598,73.004108,6.4,0.0,44.54,4.959,0.2632
G08150,66,94,19.27765,73.008864,2.58,0.0,8.69,1.938,0.3175
G08151,67,94,19.277702,73.013619,2.49,1.17,7.93,0.829,0.0026
G08152,68,94,19.277753,73.018375,1.72,1.25,2.61,0.323,0.03
G08153,69,94,19.277805,73.023131,5.89,1.37,18.75,1.861,0.0
G08154,70,94,19.277856,73.027887,17.67,8.38,40.69,3.74,0.095
G08155,71,94,19.277908,73.032642,27.16,14.02,40.69,4.525,0.0079
G08156,72,94,19.277959,73.037398,18.13,13.14,25.07,2.245,0.0
G08157,73,94,19.27801,73.042154,24.16,14.01,55.86,4.635,0.0
G08158,74,94,19.278061,73.04691,19.53,10.72,56.33,4.113,0.0
G08159,75,94,19.278112,73.051665,17.51,10.78,32.2,2.744,0.0
G08160,76,94,19.278162,73.056421,25.11,20.04,33.09,1.712,0.4263
G08161,77,94,19.278213,73.061177,25.53,23.0,40.93,1.807,0.62
G08162,78,94,19.278263,73.065933,36.7,19.27,64.66,6.853,0.0
G08163,79,94,19.278313,73.070689,18.39,11.54,28.24,2.573,0.0
G08164,80,94,19.278364,73.075444,14.12,9.2,21.13,1.966,0.0
G08165,81,94,19.278414,73.0802,8.89,5.1,15.0,1.963,0.0
G08166,82,94,19.278464,73.084956,10.12,5.79,13.55,1.454,0.0
G08167,83,94,19.278513,73.089712,11.65,7.33,17.35,2.019,0.0
G08168,84,94,19.278563,73.094468,11.42,7.11,18.99,2.203,0.0
G08169,85,94,19.278613,73.099224,10.18,6.29,18.38,1.953,0.0025
G08170,0,95,19.278475,72.694962,0.0,0.0,0.0,0.0,1.0
G08171,1,95,19.278535,72.699717,0.0,0.0,0.0,0.0,1.0
G08172,2,95,19.278595,72.704472,0.0,0.0,0.0,0.0,1.0
G08173,3,95,19.278654,72.709226,0.0,0.0,0.0,0.0,1.0
G08174,4,95,19.278714,72.713981,0.0,0.0,0.0,0.0,1.0
G08175,5,95,19.278773,72.718736,0.0,0.0,0.0,0.0,1.0
G08176,6,95,19.278833,72.723491,0.0,0.0,0.0,0.0,1.0
G08177,7,95,19.278892,72.728246,0.0,0.0,0.0,0.0,1.0
G08178,8,95,19.278951,72.733,0.0,0.0,0.0,0.0,1.0
G08179,9,95,19.27901,72.737755,0.0,0.0,0.0,0.0,1.0
G08180,10,95,19.279069,72.74251,0.0,0.0,0.0,0.0,1.0
G08181,11,95,19.279127,72.747265,0.0,0.0,0.0,0.0,1.0
G08182,12,95,19.279186,72.75202,0.0,0.0,0.0,0.0,1.0
G08183,13,95,19.279244,72.756775,0.0,0.0,0.0,0.0,1.0
G08184,14,95,19.279303,72.76153,0.0,0.0,0.0,0.0,1.0
G08185,15,95,19.279361,72.766285,0.0,0.0,0.0,0.0,1.0
G08186,16,95,19.279419,72.77104,0.0,0.0,0.0,0.0,1.0
G08187,17,95,19.279477,72.775795,0.0,0.0,0.76,0.015,1.0
G08188,18,95,19.279535,72.78055,7.07,0.0,40.43,5.164,0.6895
G08189,19,95,19.279593,72.785305,6.63,0.0,34.52,3.069,0.1108
G08190,20,95,19.27965,72.79006,6.53,2.5,14.57,2.163,0.0
G08191,21,95,19.279708,72.794815,18.39,2.66,46.94,5.906,0.0
G08192,22,95,19.279765,72.79957,27.16,11.99,52.24,6.95,0.0
G08193,23,95,19.279822,72.804325,36.75,19.14,56.22,7.457,0.0
G08194,24,95,19.279879,72.80908,32.02,1.5,66.52,9.36,0.0053
G08195,25,95,19.279936,72.813835,2.71,1.44,4.98,0.808,0.0028
G08196,26,95,19.279993,72.81859,2.54,1.5,5.58,0.838,0.1079
G08197,27,95,19.28005,72.823345,2.5,1.5,5.36,0.511,0.108
G08198,28,95,19.280107,72.828101,2.36,1.85,3.09,0.332,0.0158
G08199,29,95,19.280163,72.832856,1.84,1.5,4.34,0.385,0.2382
G08200,30,95,19.280219,72.837611,3.52,1.77,6.58,1.153,0.0605
G08201,31,95,19.280276,72.842366,2.45,1.0,6.04,0.614,0.1468
G08202,32,95,19.280332,72.847121,2.31,1.0,6.04,0.837,0.0942
G08203,33,95,19.280388,72.851877,3.32,1.03,8.56,1.438,0.0421
G08204,34,95,19.280444,72.856632,5.0,1.33,13.86,2.23,0.0194
G08205,35,95,19.280499,72.861387,8.45,3.29,12.24,2.609,0.0
G08206,36,95,19.280555,72.866143,8.58,4.44,20.64,2.803,0.0
G08207,37,95,19.28061,72.870898,8.23,2.46,20.64,3.153,0.0
G08208,38,95,19.280666,72.875653,7.61,3.03,16.44,2.809,0.0
G08209,39,95,19.280721,72.880409,5.87,0.87,11.73,2.419,0.0026
G08210,40,95,19.280776,72.885164,4.96,1.14,10.58,1.544,0.0111
G08211,41,95,19.280831,72.889919,14.5,2.24,45.3,4.505,0.0053
G08212,42,95,19.280886,72.894675,90.88,27.98,172.01,19.498,0.0
G08213,43,95,19.280941,72.89943,36.75,2.38,118.73,11.801,0.0132
G08214,44,95,19.280995,72.904186,5.85,2.38,32.49,2.634,0.0637
G08215,45,95,19.28105,72.908941,14.01,3.16,50.4,7.131,0.0
G08216,46,95,19.281104,72.913697,32.02,3.76,112.42,10.763,0.0
G08217,47,95,19.281159,72.918452,21.25,3.03,82.64,7.691,0.0
G08218,48,95,19.281213,72.923208,16.92,2.98,45.23,5.204,0.0028
G08219,49,95,19.281267,72.927963,43.55,14.04,108.02,11.168,0.0
G08220,50,95,19.281321,72.932719,40.23,5.85,95.83,14.736,0.0
G08221,51,95,19.281374,72.937474,90.04,14.33,169.6,18.105,0.0
G08222,52,95,19.281428,72.94223,30.13,2.32,112.4,11.633,0.0
G08223,53,95,19.281482,72.946985,9.42,2.55,26.69,3.079,0.0
G08224,54,95,19.281535,72.951741,14.32,4.78,31.52,3.815,0.0
G08225,55,95,19.281588,72.956496,6.34,1.35,20.52,2.19,0.0
G08226,56,95,19.281641,72.961252,2.53,1.22,8.48,0.687,0.0
G08227,57,95,19.281694,72.966008,2.21,1.22,9.78,0.666,0.0
G08228,58,95,19.281747,72.970763,11.86,1.14,35.47,5.479,0.0
G08229,59,95,19.2818,72.975519,2.47,1.62,11.73,1.096,0.0
G08230,60,95,19.281853,72.980275,2.68,0.0,6.9,0.873,0.0816
G08231,61,95,19.281905,72.98503,1.0,0.0,5.23,0.651,0.6842
G08232,62,95,19.281958,72.989786,0.89,0.0,6.31,0.777,0.7289
G08233,63,95,19.28201,72.994542,3.87,0.0,35.37,2.62,0.1219
G08234,64,95,19.282062,72.999298,2.38,0.0,19.06,1.238,0.0658
G08235,65,95,19.282114,73.004053,2.78,0.0,5.9,1.084,0.0997
G08236,66,95,19.282166,73.008809,2.35,0.0,8.27,1.344,0.1132
G08237,67,95,19.282218,73.013565,1.81,1.39,2.25,0.234,0.0
G08238,68,95,19.282269,73.018321,1.8,1.41,2.68,0.24,0.0
G08239,69,95,19.282321,73.023077,5.46,1.4,13.26,1.543,0.0
G08240,70,95,19.282372,73.027832,14.52,7.37,34.92,3.037,0.0684
G08241,71,95,19.282424,73.032588,30.31,14.08,47.56,6.737,0.0416
G08242,72,95,19.282475,73.037344,18.32,10.09,39.91,2.774,0.0026
G08243,73,95,19.282526,73.0421,21.02,11.57,55.86,3.332,0.0
G08244,74,95,19.282577,73.046856,18.17,9.17,56.33,4.179,0.0
G08245,75,95,19.282628,73.051612,27.21,11.77,83.01,8.105,0.0
G08246,76,95,19.282678,73.056368,30.92,17.09,84.29,6.931,0.313
G08247,77,95,19.282729,73.061124,24.56,15.18,35.81,2.143,0.4974
G08248,78,95,19.282779,73.06588,40.56,23.2,85.57,7.435,0.0083
G08249,79,95,19.28283,73.070636,30.12,16.24,82.23,6.029,0.0
G08250,80,95,19.28288,73.075392,16.9,8.93,29.79,2.669,0.0
G08251,81,95,19.28293,73.080148,12.32,7.57,17.28,1.718,0.0
G08252,82,95,19.28298,73.084904,13.65,9.26,19.47,1.684,0.0
G08253,83,95,19.28303,73.08966,14.74,9.54,21.28,2.315,0.0
G08254,84,95,19.283079,73.094416,15.67,9.43,26.16,2.744,0.0
G08255,85,95,19.283129,73.099172,15.54,10.71,27.92,2.215,0.0
G08256,0,96,19.28299,72.694899,0.0,0.0,0.0,0.0,1.0
G08257,1,96,19.28305,72.699654,0.0,0.0,0.0,0.0,1.0
G08258,2,96,19.28311,72.704409,0.0,0.0,0.0,0.0,1.0
G08259,3,96,19.283169,72.709164,0.0,0.0,0.0,0.0,1.0
G08260,4,96,19.283229,72.713918,0.0,0.0,0.0,0.0,1.0
G08261,5,96,19.283288,72.718673,0.0,0.0,0.0,0.0,1.0
G08262,6,96,19.283348,72.723428,0.0,0.0,0.0,0.0,1.0
G08263,7,96,19.283407,72.728183,0.0,0.0,0.0,0.0,1.0
G08264,8,96,19.283466,72.732938,0.0,0.0,0.0,0.0,1.0
G08265,9,96,19.283525,72.737693,0.0,0.0,0.0,0.0,1.0
G08266,10,96,19.283584,72.742448,0.0,0.0,0.0,0.0,1.0
G08267,11,96,19.283643,72.747203,0.0,0.0,0.0,0.0,1.0
G08268,12,96,19.283701,72.751958,0.0,0.0,0.0,0.0,1.0
G08269,13,96,19.28376,72.756713,0.0,0.0,0.0,0.0,1.0
G08270,14,96,19.283818,72.761468,0.01,0.0,2.43,0.031,1.0
G08271,15,96,19.283876,72.766223,0.02,0.0,2.43,0.044,1.0
G08272,16,96,19.283934,72.770979,0.0,0.0,0.0,0.0,1.0
G08273,17,96,19.283992,72.775734,0.0,0.0,0.0,0.0,1.0
G08274,18,96,19.28405,72.780489,0.0,0.0,0.0,0.0,1.0
G08275,19,96,19.284108,72.785244,5.59,0.0,11.19,2.306,0.2237
G08276,20,96,19.284166,72.789999,4.67,2.08,13.21,1.403,0.0
G08277,21,96,19.284223,72.794754,22.81,2.48,51.03,7.76,0.0
G08278,22,96,19.28428,72.799509,25.23,2.9,64.39,9.765,0.0
G08279,23,96,19.284338,72.804265,49.5,30.26,78.23,8.033,0.0
G08280,24,96,19.284395,72.80902,28.73,1.5,75.46,9.658,0.12
G08281,25,96,19.284452,72.813775,2.22,1.5,4.98,0.51,0.2026
G08282,26,96,19.284509,72.81853,2.36,1.42,4.98,0.537,0.175
G08283,27,96,19.284565,72.823286,2.28,0.89,2.87,0.355,0.0842
G08284,28,96,19.284622,72.828041,2.2,-0.08,3.44,0.272,0.0025
G08285,29,96,19.284678,72.832796,2.17,1.5,2.93,0.353,0.0184
G08286,30,96,19.284735,72.837552,2.8,1.32,6.9,0.93,0.3075
G08287,31,96,19.284791,72.842307,4.41,1.84,8.37,1.593,0.0237
G08288,32,96,19.284847,72.847062,2.47,1.81,4.45,0.407,0.0
G08289,33,96,19.284903,72.851818,2.33,1.73,3.01,0.315,0.0025
G08290,34,96,19.284959,72.856573,5.92,1.82,12.37,2.286,0.0026
G08291,35,96,19.285015,72.861329,7.77,2.84,20.44,3.372,0.0
G08292,36,96,19.28507,72.866084,8.12,2.37,20.44,3.125,0.0
G08293,37,96,19.285126,72.87084,6.92,2.86,14.94,2.529,0.0
G08294,38,96,19.285181,72.875595,5.95,3.34,12.56,2.024,0.0
G08295,39,96,19.285237,72.88035,6.27,3.08,11.61,2.578,0.0
G08296,40,96,19.285292,72.885106,4.15,1.91,10.72,1.61,0.0026
G08297,41,96,19.285347,72.889861,16.25,1.84,70.36,6.095,0.0025
G08298,42,96,19.285402,72.894617,53.11,4.21,124.49,15.045,0.0
G08299,43,96,19.285456,72.899373,13.5,3.02,70.05,5.752,0.01
G08300,44,96,19.285511,72.904128,4.5,0.0,9.66,1.84,0.2053
G08301,45,96,19.285566,72.908884,5.28,0.0,20.84,3.093,0.175
G08302,46,96,19.28562,72.913639,53.05,0.0,119.13,16.704,0.0605
G08303,47,96,19.285674,72.918395,34.22,0.31,90.66,13.515,0.0375
G08304,48,96,19.285728,72.923151,38.81,2.61,136.23,15.67,0.0
G08305,49,96,19.285782,72.927906,71.57,0.0,149.3,19.406,0.0825
G08306,50,96,19.285836,72.932662,12.72,0.0,68.45,7.502,0.3289
G08307,51,96,19.28589,72.937418,14.54,0.0,72.43,8.561,0.365
G08308,52,96,19.285944,72.942173,6.7,0.0,58.51,3.282,0.0368
G08309,53,96,19.285997,72.946929,3.53,1.79,9.95,1.327,0.0
G08310,54,96,19.286051,72.951685,18.45,2.07,52.48,7.29,0.0053
G08311,55,96,19.286104,72.95644,7.47,1.47,37.89,3.904,0.0079
G08312,56,96,19.286157,72.961196,1.88,1.52,2.56,0.219,0.0
G08313,57,96,19.28621,72.965952,1.82,1.33,2.61,0.185,0.0079
G08314,58,96,19.286263,72.970708,2.14,1.14,11.28,0.692,0.0025
G08315,59,96,19.286316,72.975464,2.5,0.0,6.31,0.946,0.1237
G08316,60,96,19.286369,72.980219,1.1,0.0,7.83,0.901,0.8025
G08317,61,96,19.286421,72.984975,0.03,0.0,5.25,0.086,0.9974
G08318,62,96,19.286474,72.989731,2.42,0.0,7.13,1.514,0.3025
G08319,63,96,19.286526,72.994487,6.13,1.85,28.29,4.183,0.0
G08320,64,96,19.286578,72.999243,2.43,0.0,21.11,1.376,0.0
G08321,65,96,19.28663,73.003999,2.58,0.0,6.46,1.508,0.1211
G08322,66,96,19.286682,73.008755,2.62,1.39,6.31,0.934,0.0
G08323,67,96,19.286734,73.013511,2.37,1.36,7.11,0.82,0.0026
G08324,68,96,19.286785,73.018266,3.36,1.47,13.2,1.122,0.0
G08325,69,96,19.286837,73.023022,7.92,1.92,16.14,2.498,0.0
G08326,70,96,19.286888,73.027778,13.32,7.07,26.31,2.392,0.0
G08327,71,96,19.28694,73.032534,19.02,12.33,39.81,2.978,0.0026
G08328,72,96,19.286991,73.03729,12.45,7.27,24.02,2.244,0.0
G08329,73,96,19.287042,73.042046,15.85,8.99,25.4,2.743,0.0
G08330,74,96,19.287093,73.046802,11.67,6.47,18.45,2.06,0.0
G08331,75,96,19.287144,73.051558,17.59,10.06,28.05,2.339,0.0
G08332,76,96,19.287194,73.056315,19.98,13.53,31.59,2.829,0.0
G08333,77,96,19.287245,73.061071,20.33,13.53,31.76,2.71,0.0
G08334,78,96,19.287295,73.065827,27.68,18.84,43.32,3.309,0.0
G08335,79,96,19.287346,73.070583,29.01,19.89,48.96,3.476,0.0
G08336,80,96,19.287396,73.075339,17.93,10.19,29.79,2.41,0.0
G08337,81,96,19.287446,73.080095,14.57,10.13,22.38,1.65,0.0
G08338,82,96,19.287496,73.084851,17.92,13.1,22.48,1.818,0.0
G08339,83,96,19.287546,73.089607,18.04,13.79,26.52,1.78,0.0
G08340,84,96,19.287595,73.094364,23.78,15.89,55.86,4.158,0.0
G08341,85,96,19.287645,73.09912,29.33,16.68,106.45,5.855,0.0
G08342,0,97,19.287505,72.694836,0.0,0.0,0.0,0.0,1.0
G08343,1,97,19.287565,72.699591,0.0,0.0,0.0,0.0,1.0
G08344,2,97,19.287625,72.704346,0.0,0.0,0.0,0.0,1.0
G08345,3,97,19.287684,72.709101,0.0,0.0,0.0,0.0,1.0
G08346,4,97,19.287744,72.713856,0.0,0.0,0.0,0.0,1.0
G08347,5,97,19.287804,72.718611,0.0,0.0,0.0,0.0,1.0
G08348,6,97,19.287863,72.723366,0.0,0.0,0.0,0.0,1.0
G08349,7,97,19.287922,72.728121,0.0,0.0,0.0,0.0,1.0
G08350,8,97,19.287981,72.732876,0.0,0.0,0.0,0.0,1.0
G08351,9,97,19.28804,72.737631,0.0,0.0,0.0,0.0,1.0
G08352,10,97,19.288099,72.742386,0.0,0.0,0.0,0.0,1.0
G08353,11,97,19.288158,72.747141,0.0,0.0,0.0,0.0,1.0
G08354,12,97,19.288216,72.751897,0.0,0.0,0.0,0.0,1.0
G08355,13,97,19.288275,72.756652,0.0,0.0,0.0,0.0,1.0
G08356,14,97,19.288333,72.761407,0.01,0.0,2.43,0.023,1.0
G08357,15,97,19.288392,72.766162,0.02,0.0,2.43,0.041,1.0
G08358,16,97,19.28845,72.770917,0.0,0.0,0.0,0.0,1.0
G08359,17,97,19.288508,72.775673,0.0,0.0,0.0,0.0,1.0
G08360,18,97,19.288566,72.780428,0.0,0.0,0.0,0.0,1.0
G08361,19,97,19.288623,72.785183,4.65,0.0,11.63,2.324,0.2936
G08362,20,97,19.288681,72.789938,3.52,0.76,16.64,1.741,0.0
G08363,21,97,19.288738,72.794694,38.34,4.41,67.84,8.283,0.0
G08364,22,97,19.288796,72.799449,18.07,2.25,70.44,9.472,0.0
G08365,23,97,19.288853,72.804204,39.63,1.5,78.23,9.935,0.0139
G08366,24,97,19.28891,72.80896,10.38,1.45,67.15,5.093,0.2842
G08367,25,97,19.288967,72.813715,3.52,1.33,8.75,1.156,0.0748
G08368,26,97,19.289024,72.818471,2.35,1.79,5.39,0.356,0.0553
G08369,27,97,19.289081,72.823226,2.21,1.84,2.59,0.204,0.0
G08370,28,97,19.289137,72.827981,2.24,1.64,2.75,0.28,0.0132
G08371,29,97,19.289194,72.832737,2.72,1.89,4.91,0.486,0.0
G08372,30,97,19.28925,72.837492,2.95,1.24,6.54,0.828,0.0474
G08373,31,97,19.289307,72.842248,3.82,1.24,6.54,1.056,0.0
G08374,32,97,19.289363,72.847003,3.06,1.33,5.97,0.811,0.0
G08375,33,97,19.289419,72.851759,2.94,1.9,5.78,0.912,0.0
G08376,34,97,19.289475,72.856514,6.46,1.98,12.08,2.319,0.0
G08377,35,97,19.28953,72.86127,8.35,4.01,14.44,2.976,0.0
G08378,36,97,19.289586,72.866026,7.35,3.74,13.91,2.474,0.0
G08379,37,97,19.289642,72.870781,6.0,3.25,14.36,2.07,0.0
G08380,38,97,19.289697,72.875537,5.67,3.38,13.51,1.893,0.0
G08381,39,97,19.289752,72.880292,4.37,1.63,12.2,1.827,0.0
G08382,40,97,19.289807,72.885048,2.77,1.63,5.91,0.916,0.0
G08383,41,97,19.289862,72.889804,23.7,2.03,77.24,9.112,0.0
G08384,42,97,19.289917,72.894559,16.47,0.0,81.86,7.755,0.2881
G08385,43,97,19.289972,72.899315,0.91,0.0,8.46,0.729,0.85
G08386,44,97,19.290027,72.904071,0.65,0.0,8.46,0.646,0.8698
G08387,45,97,19.290081,72.908826,2.89,0.0,30.88,1.639,0.5789
G08388,46,97,19.290136,72.913582,13.88,0.0,73.85,8.082,0.518
G08389,47,97,19.29019,72.918338,8.82,0.0,66.58,6.045,0.5842
G08390,48,97,19.290244,72.923094,6.67,0.0,55.36,6.19,0.6122
G08391,49,97,19.290298,72.927849,5.83,0.0,63.55,5.071,0.6184
G08392,50,97,19.290352,72.932605,17.94,0.0,73.65,9.175,0.3601
G08393,51,97,19.290406,72.937361,9.09,0.0,73.65,5.478,0.5816
G08394,52,97,19.29046,72.942117,0.76,0.0,4.71,0.582,0.8338
G08395,53,97,19.290513,72.946873,8.33,0.0,33.32,5.052,0.1553
G08396,54,97,19.290567,72.951628,6.61,2.32,25.48,3.124,0.0554
G08397,55,97,19.29062,72.956384,2.59,1.3,16.78,0.9,0.0055
G08398,56,97,19.290673,72.96114,1.96,1.66,2.39,0.175,0.0
G08399,57,97,19.290726,72.965896,1.98,1.61,3.9,0.291,0.0
G08400,58,97,19.290779,72.970652,1.99,0.0,5.05,0.831,0.2105
G08401,59,97,19.290832,72.975408,0.45,0.0,5.05,0.453,0.903
G08402,60,97,19.290884,72.980164,0.08,0.0,7.88,0.175,0.9605
G08403,61,97,19.290937,72.98492,1.73,0.0,7.95,1.426,0.482
G08404,62,97,19.290989,72.989676,2.25,1.26,9.43,0.812,0.0
G08405,63,97,19.291042,72.994432,7.05,1.26,21.36,2.751,0.0
G08406,64,97,19.291094,72.999188,7.09,0.2,42.46,4.191,0.0053
G08407,65,97,19.291146,73.003944,2.02,0.0,4.99,1.221,0.1357
G08408,66,97,19.291198,73.0087,2.17,1.39,5.89,0.66,0.0
G08409,67,97,19.29125,73.013456,4.55,1.51,11.05,1.984,0.0
G08410,68,97,19.291301,73.018212,7.75,1.51,19.86,2.309,0.0
G08411,69,97,19.291353,73.022968,14.43,7.03,21.5,3.092,0.0277
G08412,70,97,19.291404,73.027724,14.0,6.35,21.96,2.506,0.0
G08413,71,97,19.291456,73.03248,12.28,7.18,16.04,1.881,0.0
G08414,72,97,19.291507,73.037237,8.64,5.17,13.49,1.553,0.0132
G08415,73,97,19.291558,73.041993,12.65,8.13,18.2,2.17,0.0
G08416,74,97,19.291609,73.046749,10.1,6.65,16.75,1.857,0.0053
G08417,75,97,19.29166,73.051505,16.79,10.77,25.02,2.709,0.0
G08418,76,97,19.29171,73.056261,17.08,12.45,24.52,2.534,0.0
G08419,77,97,19.291761,73.061017,15.77,12.49,23.82,2.191,0.0
G08420,78,97,19.291811,73.065774,21.5,14.45,27.31,2.345,0.0
G08421,79,97,19.291862,73.07053,20.9,16.04,28.92,2.279,0.0
G08422,80,97,19.291912,73.075286,20.61,14.75,28.26,2.197,0.0
G08423,81,97,19.291962,73.080042,19.98,14.75,28.17,1.83,0.0
G08424,82,97,19.292012,73.084799,23.73,16.9,31.62,1.97,0.0
G08425,83,97,19.292062,73.089555,24.24,18.31,65.51,3.955,0.0
G08426,84,97,19.292112,73.094311,68.77,22.5,150.66,18.597,0.0
G08427,85,97,19.292161,73.099068,79.6,23.54,166.88,17.711,0.0
G08428,0,98,19.29202,72.694773,0.0,0.0,0.0,0.0,1.0
G08429,1,98,19.29208,72.699528,0.0,0.0,0.0,0.0,1.0
G08430,2,98,19.29214,72.704283,0.0,0.0,0.0,0.0,1.0
G08431,3,98,19.2922,72.709038,0.0,0.0,0.0,0.0,1.0
G08432,4,98,19.292259,72.713793,0.0,0.0,0.0,0.0,1.0
G08433,5,98,19.292319,72.718548,0.0,0.0,0.0,0.0,1.0
G08434,6,98,19.292378,72.723303,0.0,0.0,0.0,0.0,1.0
G08435,7,98,19.292437,72.728059,0.0,0.0,0.0,0.0,1.0
G08436,8,98,19.292496,72.732814,0.0,0.0,0.0,0.0,1.0
G08437,9,98,19.292555,72.737569,0.0,0.0,0.0,0.0,1.0
G08438,10,98,19.292614,72.742324,0.0,0.0,0.0,0.0,1.0
G08439,11,98,19.292673,72.74708,0.0,0.0,0.0,0.0,1.0
G08440,12,98,19.292732,72.751835,0.0,0.0,0.0,0.0,1.0
G08441,13,98,19.29279,72.75659,0.0,0.0,0.0,0.0,1.0
G08442,14,98,19.292849,72.761346,0.0,0.0,0.0,0.0,1.0
G08443,15,98,19.292907,72.766101,0.0,0.0,0.0,0.0,1.0
G08444,16,98,19.292965,72.770856,0.0,0.0,0.0,0.0,1.0
G08445,17,98,19.293023,72.775612,0.0,0.0,0.0,0.0,1.0
G08446,18,98,19.293081,72.780367,0.0,0.0,0.0,0.0,1.0
G08447,19,98,19.293139,72.785122,5.34,0.0,14.68,2.107,0.3763
G08448,20,98,19.293196,72.789878,16.42,2.2,58.7,5.625,0.0
G08449,21,98,19.293254,72.794633,46.91,10.49,70.62,7.923,0.0
G08450,22,98,19.293311,72.799389,38.41,1.98,74.62,10.31,0.0
G08451,23,98,19.293368,72.804144,5.43,1.5,28.04,2.714,0.1184
G08452,24,98,19.293426,72.8089,2.34,1.5,4.47,0.76,0.1725
G08453,25,98,19.293483,72.813655,3.0,1.5,11.82,1.365,0.3579
G08454,26,98,19.293539,72.818411,4.42,1.48,13.15,2.041,0.0025
G08455,27,98,19.293596,72.823166,3.25,1.03,9.32,1.037,0.0
G08456,28,98,19.293653,72.827922,2.23,1.1,2.94,0.273,0.0475
G08457,29,98,19.293709,72.832677,2.38,1.8,4.21,0.394,0.0342
G08458,30,98,19.293766,72.837433,3.04,-0.27,6.08,0.936,0.005
G08459,31,98,19.293822,72.842189,3.65,1.63,9.55,1.143,0.0026
G08460,32,98,19.293878,72.846944,5.04,0.99,11.73,2.212,0.0
G08461,33,98,19.293934,72.8517,5.1,2.14,13.9,2.065,0.0
G08462,34,98,19.29399,72.856456,5.88,2.55,11.2,2.168,0.0
G08463,35,98,19.294046,72.861211,7.84,2.13,16.16,3.408,0.0
G08464,36,98,19.294102,72.865967,6.34,3.3,13.99,2.46,0.0
G08465,37,98,19.294157,72.870723,6.44,2.98,14.05,2.496,0.0
G08466,38,98,19.294213,72.875478,5.52,2.83,12.65,1.98,0.0
G08467,39,98,19.294268,72.880234,3.23,1.53,11.22,1.207,0.0
G08468,40,98,19.294323,72.88499,2.51,1.65,14.5,0.99,0.0158
G08469,41,98,19.294378,72.889746,10.4,0.0,40.52,7.168,0.2675
G08470,42,98,19.294433,72.894502,0.18,0.0,11.86,0.316,0.9868
G08471,43,98,19.294488,72.899257,1.45,0.0,7.5,0.911,0.68
G08472,44,98,19.294542,72.904013,4.33,0.0,9.0,1.458,0.05
G08473,45,98,19.294597,72.908769,21.85,2.94,79.07,8.16,0.0
G08474,46,98,19.294651,72.913525,84.6,30.88,141.18,13.841,0.0
G08475,47,98,19.294706,72.918281,69.95,8.06,149.67,11.951,0.0
G08476,48,98,19.29476,72.923037,71.14,15.3,149.67,14.457,0.0
G08477,49,98,19.294814,72.927793,27.0,3.48,73.46,10.138,0.0
G08478,50,98,19.294868,72.932548,57.25,4.47,119.53,14.976,0.0
G08479,51,98,19.294922,72.937304,17.53,0.0,78.78,7.25,0.1475
G08480,52,98,19.294975,72.94206,0.46,0.0,8.8,0.49,0.9368
G08481,53,98,19.295029,72.946816,1.43,0.0,21.69,1.14,0.8825
G08482,54,98,19.295082,72.951572,1.84,0.0,12.43,1.147,0.6842
G08483,55,98,19.295136,72.956328,1.53,0.0,5.74,0.919,0.55
G08484,56,98,19.295189,72.961084,1.51,0.0,5.52,0.87,0.5325
G08485,57,98,19.295242,72.96584,1.27,0.0,5.28,0.798,0.7184
G08486,58,98,19.295295,72.970596,0.14,0.0,4.53,0.198,0.9825
G08487,59,98,19.295348,72.975352,2.59,0.0,16.84,2.439,0.4658
G08488,60,98,19.2954,72.980109,5.84,0.0,34.48,4.163,0.15
G08489,61,98,19.295453,72.984865,2.58,0.39,13.28,1.417,0.0
G08490,62,98,19.295505,72.989621,2.46,1.32,7.82,1.167,0.0
G08491,63,98,19.295558,72.994377,5.53,1.39,21.36,1.884,0.0
G08492,64,98,19.29561,72.999133,6.25,0.0,38.38,2.786,0.0225
G08493,65,98,19.295662,73.003889,2.19,0.0,7.55,1.276,0.1132
G08494,66,98,19.295714,73.008645,2.1,1.48,5.43,0.648,0.0
G08495,67,98,19.295766,73.013402,6.98,1.57,15.84,2.383,0.0
G08496,68,98,19.295817,73.018158,10.79,2.93,19.19,1.966,0.0
G08497,69,98,19.295869,73.022914,15.86,9.3,22.9,2.464,0.0132
G08498,70,98,19.29592,73.02767,8.19,2.26,18.27,2.138,0.0
G08499,71,98,19.295972,73.032426,8.1,2.34,15.26,2.268,0.0
G08500,72,98,19.296023,73.037183,7.69,2.6,14.78,1.975,0.0225
G08501,73,98,19.296074,73.041939,10.63,4.57,15.97,2.23,0.0
G08502,74,98,19.296125,73.046695,8.51,4.22,16.75,2.24,0.0575
G08503,75,98,19.296176,73.051452,13.48,7.06,18.69,2.182,0.0
G08504,76,98,19.296227,73.056208,15.68,7.56,24.09,2.812,0.0
G08505,77,98,19.296277,73.060964,13.18,8.27,18.05,2.249,0.0
G08506,78,98,19.296328,73.065721,20.45,13.63,28.03,2.442,0.0
G08507,79,98,19.296378,73.070477,18.68,13.84,25.79,2.337,0.0
G08508,80,98,19.296428,73.075233,21.81,16.1,30.66,2.289,0.0
G08509,81,98,19.296478,73.07999,29.07,18.82,68.56,4.04,0.0
G08510,82,98,19.296528,73.084746,44.49,26.84,75.25,7.739,0.0
G08511,83,98,19.296578,73.089503,47.49,24.47,131.17,10.614,0.0
G08512,84,98,19.296628,73.094259,144.22,42.17,231.87,24.891,0.0
G08513,85,98,19.296677,73.099015,144.2,41.45,212.54,22.499,0.0
G08514,0,99,19.296535,72.694709,0.0,0.0,0.0,0.0,1.0
G08515,1,99,19.296595,72.699465,0.0,0.0,0.0,0.0,1.0
G08516,2,99,19.296655,72.70422,0.0,0.0,0.0,0.0,1.0
G08517,3,99,19.296715,72.708975,0.0,0.0,0.0,0.0,1.0
G08518,4,99,19.296774,72.71373,0.0,0.0,0.0,0.0,1.0
G08519,5,99,19.296834,72.718486,0.0,0.0,0.0,0.0,1.0
G08520,6,99,19.296893,72.723241,0.0,0.0,0.0,0.0,1.0
G08521,7,99,19.296952,72.727996,0.0,0.0,0.0,0.0,1.0
G08522,8,99,19.297012,72.732752,0.0,0.0,0.0,0.0,1.0
G08523,9,99,19.297071,72.737507,0.0,0.0,0.0,0.0,1.0
G08524,10,99,19.297129,72.742262,0.0,0.0,0.0,0.0,1.0
G08525,11,99,19.297188,72.747018,0.0,0.0,0.0,0.0,1.0
G08526,12,99,19.297247,72.751773,0.0,0.0,0.0,0.0,1.0
G08527,13,99,19.297305,72.756529,0.0,0.0,0.0,0.0,1.0
G08528,14,99,19.297364,72.761284,0.0,0.0,0.0,0.0,1.0
G08529,15,99,19.297422,72.76604,0.0,0.0,0.0,0.0,1.0
G08530,16,99,19.29748,72.770795,0.0,0.0,0.0,0.0,1.0
G08531,17,99,19.297538,72.775551,0.0,0.0,0.0,0.0,1.0
G08532,18,99,19.297596,72.780306,0.0,0.0,0.0,0.0,1.0
G08533,19,99,19.297654,72.785062,7.04,0.0,44.93,3.24,0.3934
G08534,20,99,19.297712,72.789817,38.82,4.87,81.91,8.777,0.0
G08535,21,99,19.297769,72.794573,65.95,29.96,88.2,6.38,0.0
G08536,22,99,19.297826,72.799328,24.78,1.93,74.24,8.657,0.0
G08537,23,99,19.297884,72.804084,2.55,1.74,5.97,0.575,0.0
G08538,24,99,19.297941,72.80884,3.05,2.0,4.37,0.586,0.1211
G08539,25,99,19.297998,72.813595,2.97,1.5,5.09,0.573,0.1357
G08540,26,99,19.298055,72.818351,3.25,1.5,9.74,0.969,0.1658
G08541,27,99,19.298112,72.823107,3.47,1.51,7.99,1.332,0.1247
G08542,28,99,19.298168,72.827862,3.58,1.82,9.25,1.358,0.0105
G08543,29,99,19.298225,72.832618,3.47,1.56,9.11,1.386,0.0859
G08544,30,99,19.298281,72.837374,2.79,1.5,6.07,0.854,0.2184
G08545,31,99,19.298338,72.842129,4.87,1.5,13.56,1.882,0.1634
G08546,32,99,19.298394,72.846885,7.81,0.95,18.28,2.899,0.0
G08547,33,99,19.29845,72.851641,8.85,3.4,15.87,3.414,0.0
G08548,34,99,19.298506,72.856397,6.22,2.97,10.13,1.718,0.0
G08549,35,99,19.298561,72.861153,6.52,3.61,12.0,2.328,0.0026
G08550,36,99,19.298617,72.865908,6.17,0.45,16.17,2.781,0.0
G08551,37,99,19.298673,72.870664,5.33,2.56,10.68,2.028,0.0105
G08552,38,99,19.298728,72.87542,4.86,2.5,10.8,1.698,0.0028
G08553,39,99,19.298783,72.880176,3.64,1.7,7.17,0.955,0.0105
G08554,40,99,19.298839,72.884932,2.91,0.0,16.85,1.66,0.3546
G08555,41,99,19.298894,72.889688,2.21,0.0,32.67,2.037,0.8842
G08556,42,99,19.298949,72.894444,1.22,0.0,8.53,0.908,0.7895
G08557,43,99,19.299003,72.8992,4.23,0.0,14.95,2.188,0.0474
G08558,44,99,19.299058,72.903956,5.32,2.0,20.86,1.763,0.0
G08559,45,99,19.299113,72.908712,48.35,4.9,120.65,12.395,0.0
G08560,46,99,19.299167,72.913468,129.78,79.07,185.49,12.65,0.0
G08561,47,99,19.299221,72.918224,134.99,86.52,183.63,12.251,0.0
G08562,48,99,19.299276,72.92298,130.58,68.15,182.39,13.704,0.0
G08563,49,99,19.29933,72.927736,43.58,12.19,82.46,15.292,0.0
G08564,50,99,19.299384,72.932492,90.13,38.28,156.56,17.255,0.0
G08565,51,99,19.299437,72.937248,21.4,2.45,112.59,9.281,0.0
G08566,52,99,19.299491,72.942004,4.28,0.0,11.89,2.232,0.1828
G08567,53,99,19.299545,72.94676,0.88,0.0,9.56,0.9,0.8053
G08568,54,99,19.299598,72.951516,0.0,0.0,0.0,0.0,1.0
G08569,55,99,19.299651,72.956272,0.0,0.0,0.0,0.0,1.0
G08570,56,99,19.299705,72.961028,0.0,0.0,0.0,0.0,1.0
G08571,57,99,19.299758,72.965785,0.0,0.0,0.36,0.019,0.9972
G08572,58,99,19.299811,72.970541,1.91,0.0,10.55,1.895,0.5316
G08573,59,99,19.299863,72.975297,5.22,1.07,21.91,3.093,0.0332
G08574,60,99,19.299916,72.980053,7.73,1.57,34.48,4.526,0.0
G08575,61,99,19.299969,72.984809,6.32,1.45,26.86,2.65,0.0
G08576,62,99,19.300021,72.989566,5.8,1.79,22.13,1.926,0.0026
G08577,63,99,19.300074,72.994322,5.45,1.99,12.47,1.941,0.0
G08578,64,99,19.300126,72.999078,4.41,0.0,9.66,1.593,0.0184
G08579,65,99,19.300178,73.003834,1.89,0.0,5.5,0.891,0.1219
G08580,66,99,19.30023,73.008591,2.83,1.3,15.19,1.587,0.0
G08581,67,99,19.300282,73.013347,6.74,1.57,15.43,2.433,0.0166
G08582,68,99,19.300333,73.018103,13.72,8.15,18.84,2.789,0.0
G08583,69,99,19.300385,73.02286,16.51,4.08,23.82,2.929,0.0
G08584,70,99,19.300436,73.027616,6.51,0.33,19.16,2.741,0.0
G08585,71,99,19.300488,73.032372,4.01,0.41,12.07,1.971,0.0
G08586,72,99,19.300539,73.037129,9.48,0.01,18.18,3.33,0.0
G08587,73,99,19.30059,73.041885,4.96,0.0,13.62,2.231,0.0083
G08588,74,99,19.300641,73.046642,6.96,0.0,20.96,2.977,0.0211
G08589,75,99,19.300692,73.051398,9.89,0.0,20.95,3.005,0.0471
G08590,76,99,19.300743,73.056155,14.24,5.96,20.45,2.968,0.0
G08591,77,99,19.300793,73.060911,13.13,5.96,19.6,2.173,0.0
G08592,78,99,19.300844,73.065667,18.77,12.83,28.03,2.432,0.0
G08593,79,99,19.300894,73.070424,14.98,10.07,23.28,2.487,0.0
G08594,80,99,19.300944,73.07518,18.42,14.06,25.24,1.642,0.0
G08595,81,99,19.300994,73.079937,28.09,19.41,68.3,3.701,0.0
G08596,82,99,19.301044,73.084694,47.48,25.11,75.25,9.5,0.0
G08597,83,99,19.301094,73.08945,50.92,26.25,131.42,9.916,0.0
G08598,84,99,19.301144,73.094207,172.06,51.17,274.19,24.031,0.0
G08599,85,99,19.301194,73.098963,164.82,47.36,274.19,22.101,0.0
