timestamp,latitude,longitude,rainfall
2026-09-22 00:00,19.388726,72.707268,0.0
2026-09-22 00:00,19.388726,72.743445,0.0
2026-09-22 00:00,19.388726,72.779622,0.0
2026-09-22 00:00,19.388726,72.8158,0.0
2026-09-22 00:00,19.388726,72.851977,0.0
2026-09-22 00:00,19.388726,72.888154,0.0
2026-09-22 00:00,19.388726,72.924331,0.0
2026-09-22 00:00,19.388726,72.960508,0.0
2026-09-22 00:00,19.388726,72.996685,0.0
2026-09-22 00:00,19.388726,73.032863,0.0
2026-09-22 00:00,19.388726,73.06904,0.0
2026-09-22 00:00,19.352549,72.707268,0.0
2026-09-22 00:00,19.352549,72.743445,0.0
2026-09-22 00:00,19.352549,72.779622,0.0
2026-09-22 00:00,19.352549,72.8158,0.0
2026-09-22 00:00,19.352549,72.851977,0.0
2026-09-22 00:00,19.352549,72.888154,0.0
2026-09-22 00:00,19.352549,72.924331,0.0
2026-09-22 00:00,19.352549,72.960508,0.0
2026-09-22 00:00,19.352549,72.996685,0.0
2026-09-22 00:00,19.352549,73.032863,0.0
2026-09-22 00:00,19.352549,73.06904,0.0
2026-09-22 00:00,19.316372,72.707268,0.0
2026-09-22 00:00,19.316372,72.743445,0.0
2026-09-22 00:00,19.316372,72.779622,0.0
2026-09-22 00:00,19.316372,72.8158,0.0
2026-09-22 00:00,19.316372,72.851977,0.0
2026-09-22 00:00,19.316372,72.888154,0.0
2026-09-22 00:00,19.316372,72.924331,0.0
2026-09-22 00:00,19.316372,72.960508,0.0
2026-09-22 00:00,19.316372,72.996685,0.0
2026-09-22 00:00,19.316372,73.032863,0.0
2026-09-22 00:00,19.316372,73.06904,0.0
2026-09-22 00:00,19.280195,72.707268,0.0
2026-09-22 00:00,19.280195,72.743445,0.0
2026-09-22 00:00,19.280195,72.779622,0.0
2026-09-22 00:00,19.280195,72.8158,0.0
2026-09-22 00:00,19.280195,72.851977,0.0
2026-09-22 00:00,19.280195,72.888154,0.0
2026-09-22 00:00,19.280195,72.924331,0.0
2026-09-22 00:00,19.280195,72.960508,0.0
2026-09-22 00:00,19.280195,72.996685,0.0
2026-09-22 00:00,19.280195,73.032863,0.0
2026-09-22 00:00,19.280195,73.06904,0.0
2026-09-22 00:00,19.244018,72.707268,0.0
2026-09-22 00:00,19.244018,72.743445,0.0
2026-09-22 00:00,19.244018,72.779622,0.0
2026-09-22 00:00,19.244018,72.8158,0.0
2026-09-22 00:00,19.244018,72.851977,0.0
2026-09-22 00:00,19.244018,72.888154,0.0
2026-09-22 00:00,19.244018,72.924331,0.0
2026-09-22 00:00,19.244018,72.960508,0.0
2026-09-22 00:00,19.244018,72.996685,0.0
2026-09-22 00:00,19.244018,73.032863,0.0
2026-09-22 00:00,19.244018,73.06904,0.0
2026-09-22 00:00,19.20784,72.707268,0.0
2026-09-22 00:00,19.20784,72.743445,0.0
2026-09-22 00:00,19.20784,72.779622,0.0
2026-09-22 00:00,19.20784,72.8158,0.0
2026-09-22 00:00,19.20784,72.851977,0.0
2026-09-22 00:00,19.20784,72.888154,0.0
2026-09-22 00:00,19.20784,72.924331,0.0
2026-09-22 00:00,19.20784,72.960508,0.0
2026-09-22 00:00,19.20784,72.996685,0.0
2026-09-22 00:00,19.20784,73.032863,0.0
2026-09-22 00:00,19.20784,73.06904,0.0
2026-09-22 00:00,19.171663,72.707268,0.0
2026-09-22 00:00,19.171663,72.743445,0.0
2026-09-22 00:00,19.171663,72.779622,0.0
2026-09-22 00:00,19.171663,72.8158,0.0
2026-09-22 00:00,19.171663,72.851977,0.0
2026-09-22 00:00,19.171663,72.888154,0.0
2026-09-22 00:00,19.171663,72.924331,0.0
2026-09-22 00:00,19.171663,72.960508,0.0
2026-09-22 00:00,19.171663,72.996685,0.0
2026-09-22 00:00,19.171663,73.032863,0.0
2026-09-22 00:00,19.171663,73.06904,0.0
2026-09-22 00:00,19.135486,72.707268,0.0
2026-09-22 00:00,19.135486,72.743445,0.0
2026-09-22 00:00,19.135486,72.779622,0.0
2026-09-22 00:00,19.135486,72.8158,0.0
2026-09-22 00:00,19.135486,72.851977,0.0
2026-09-22 00:00,19.135486,72.888154,0.0
2026-09-22 00:00,19.135486,72.924331,0.0
2026-09-22 00:00,19.135486,72.960508,0.0
2026-09-22 00:00,19.135486,72.996685,0.0
2026-09-22 00:00,19.135486,73.032863,0.0
2026-09-22 00:00,19.135486,73.06904,0.0
2026-09-22 00:00,19.099309,72.707268,0.0
2026-09-22 00:00,19.099309,72.743445,0.0
2026-09-22 00:00,19.099309,72.779622,0.0
2026-09-22 00:00,19.099309,72.8158,0.0
2026-09-22 00:00,19.099309,72.851977,0.0
2026-09-22 00:00,19.099309,72.888154,0.0
2026-09-22 00:00,19.099309,72.924331,0.0
2026-09-22 00:00,19.099309,72.960508,0.0
2026-09-22 00:00,19.099309,72.996685,0.0
2026-09-22 00:00,19.099309,73.032863,0.0
2026-09-22 00:00,19.099309,73.06904,0.0
2026-09-22 00:00,19.063132,72.707268,0.0
2026-09-22 00:00,19.063132,72.743445,0.0
2026-09-22 00:00,19.063132,72.779622,0.0
2026-09-22 00:00,19.063132,72.8158,0.0
2026-09-22 00:00,19.063132,72.851977,0.0
2026-09-22 00:00,19.063132,72.888154,0.0
2026-09-22 00:00,19.063132,72.924331,0.0
2026-09-22 00:00,19.063132,72.960508,0.0
2026-09-22 00:00,19.063132,72.996685,0.0
2026-09-22 00:00,19.063132,73.032863,0.0
2026-09-22 00:00,19.063132,73.06904,0.0
2026-09-22 00:00,19.026955,72.707268,0.0
2026-09-22 00:00,19.026955,72.743445,0.0
2026-09-22 00:00,19.026955,72.779622,0.0
2026-09-22 00:00,19.026955,72.8158,0.0
2026-09-22 00:00,19.026955,72.851977,0.0
2026-09-22 00:00,19.026955,72.888154,0.0
2026-09-22 00:00,19.026955,72.924331,0.0
2026-09-22 00:00,19.026955,72.960508,0.0
2026-09-22 00:00,19.026955,72.996685,0.0
2026-09-22 00:00,19.026955,73.032863,0.0
2026-09-22 00:00,19.026955,73.06904,0.0
2026-09-22 00:00,18.990778,72.707268,0.0
2026-09-22 00:00,18.990778,72.743445,0.0
2026-09-22 00:00,18.990778,72.779622,0.0
2026-09-22 00:00,18.990778,72.8158,0.0
2026-09-22 00:00,18.990778,72.851977,0.0
2026-09-22 00:00,18.990778,72.888154,0.0
2026-09-22 00:00,18.990778,72.924331,0.0
2026-09-22 00:00,18.990778,72.960508,0.0
2026-09-22 00:00,18.990778,72.996685,0.0
2026-09-22 00:00,18.990778,73.032863,0.0
2026-09-22 00:00,18.990778,73.06904,0.0
2026-09-22 00:00,18.9546,72.707268,0.0
2026-09-22 00:00,18.9546,72.743445,0.0
2026-09-22 00:00,18.9546,72.779622,0.0
2026-09-22 00:00,18.9546,72.8158,0.0
2026-09-22 00:00,18.9546,72.851977,0.0
2026-09-22 00:00,18.9546,72.888154,0.0
2026-09-22 00:00,18.9546,72.924331,0.0
2026-09-22 00:00,18.9546,72.960508,0.0
2026-09-22 00:00,18.9546,72.996685,0.0
2026-09-22 00:00,18.9546,73.032863,0.0
2026-09-22 00:00,18.9546,73.06904,0.0
2026-09-22 00:00,18.918423,72.707268,0.0
2026-09-22 00:00,18.918423,72.743445,0.0
2026-09-22 00:00,18.918423,72.779622,0.0
2026-09-22 00:00,18.918423,72.8158,0.0
2026-09-22 00:00,18.918423,72.851977,0.0
2026-09-22 00:00,18.918423,72.888154,0.0
2026-09-22 00:00,18.918423,72.924331,0.0
2026-09-22 00:00,18.918423,72.960508,0.0
2026-09-22 00:00,18.918423,72.996685,0.0
2026-09-22 00:00,18.918423,73.032863,0.0
2026-09-22 00:00,18.918423,73.06904,0.0
2026-09-22 00:00,18.882246,72.707268,0.0
2026-09-22 00:00,18.882246,72.743445,0.0
2026-09-22 00:00,18.882246,72.779622,0.0
2026-09-22 00:00,18.882246,72.8158,0.0
2026-09-22 00:00,18.882246,72.851977,0.0
2026-09-22 00:00,18.882246,72.888154,0.0
2026-09-22 00:00,18.882246,72.924331,0.0
2026-09-22 00:00,18.882246,72.960508,0.0
2026-09-22 00:00,18.882246,72.996685,0.0
2026-09-22 00:00,18.882246,73.032863,0.0
2026-09-22 00:00,18.882246,73.06904,0.0
2026-09-22 00:00,18.846069,72.707268,0.0
2026-09-22 00:00,18.846069,72.743445,0.0
2026-09-22 00:00,18.846069,72.779622,0.0
2026-09-22 00:00,18.846069,72.8158,0.0
2026-09-22 00:00,18.846069,72.851977,0.0
2026-09-22 00:00,18.846069,72.888154,0.0
2026-09-22 00:00,18.846069,72.924331,0.0
2026-09-22 00:00,18.846069,72.960508,0.0
2026-09-22 00:00,18.846069,72.996685,0.0
2026-09-22 00:00,18.846069,73.032863,0.0
2026-09-22 00:00,18.846069,73.06904,0.0
2026-09-22 00:00,18.809892,72.707268,0.0
2026-09-22 00:00,18.809892,72.743445,0.0
2026-09-22 00:00,18.809892,72.779622,0.0
2026-09-22 00:00,18.809892,72.8158,0.0
2026-09-22 00:00,18.809892,72.851977,0.0
2026-09-22 00:00,18.809892,72.888154,0.0
2026-09-22 00:00,18.809892,72.924331,0.0
2026-09-22 00:00,18.809892,72.960508,0.0
2026-09-22 00:00,18.809892,72.996685,0.0
2026-09-22 00:00,18.809892,73.032863,0.0
2026-09-22 00:00,18.809892,73.06904,0.0
2026-09-22 00:30,19.388726,72.707268,0.0
2026-09-22 00:30,19.388726,72.743445,0.0
2026-09-22 00:30,19.388726,72.779622,0.0
2026-09-22 00:30,19.388726,72.8158,0.0
2026-09-22 00:30,19.388726,72.851977,0.0
2026-09-22 00:30,19.388726,72.888154,0.0
2026-09-22 00:30,19.388726,72.924331,0.0
2026-09-22 00:30,19.388726,72.960508,0.0
2026-09-22 00:30,19.388726,72.996685,0.0
2026-09-22 00:30,19.388726,73.032863,0.0
2026-09-22 00:30,19.388726,73.06904,0.0
2026-09-22 00:30,19.352549,72.707268,0.0
2026-09-22 00:30,19.352549,72.743445,0.0
2026-09-22 00:30,19.352549,72.779622,0.0
2026-09-22 00:30,19.352549,72.8158,0.0
2026-09-22 00:30,19.352549,72.851977,0.0
2026-09-22 00:30,19.352549,72.888154,0.0
2026-09-22 00:30,19.352549,72.924331,0.0
2026-09-22 00:30,19.352549,72.960508,0.0
2026-09-22 00:30,19.352549,72.996685,0.0
2026-09-22 00:30,19.352549,73.032863,0.0
2026-09-22 00:30,19.352549,73.06904,0.0
2026-09-22 00:30,19.316372,72.707268,0.0
2026-09-22 00:30,19.316372,72.743445,0.0
2026-09-22 00:30,19.316372,72.779622,0.0
2026-09-22 00:30,19.316372,72.8158,0.0
2026-09-22 00:30,19.316372,72.851977,0.0
2026-09-22 00:30,19.316372,72.888154,0.0
2026-09-22 00:30,19.316372,72.924331,0.0
2026-09-22 00:30,19.316372,72.960508,0.0
2026-09-22 00:30,19.316372,72.996685,0.0
2026-09-22 00:30,19.316372,73.032863,0.0
2026-09-22 00:30,19.316372,73.06904,0.0
2026-09-22 00:30,19.280195,72.707268,0.0
2026-09-22 00:30,19.280195,72.743445,0.0
2026-09-22 00:30,19.280195,72.779622,0.0
2026-09-22 00:30,19.280195,72.8158,0.0
2026-09-22 00:30,19.280195,72.851977,0.0
2026-09-22 00:30,19.280195,72.888154,0.0
2026-09-22 00:30,19.280195,72.924331,0.0
2026-09-22 00:30,19.280195,72.960508,0.0
2026-09-22 00:30,19.280195,72.996685,0.0
2026-09-22 00:30,19.280195,73.032863,0.0
2026-09-22 00:30,19.280195,73.06904,0.0
2026-09-22 00:30,19.244018,72.707268,0.0
2026-09-22 00:30,19.244018,72.743445,0.0
2026-09-22 00:30,19.244018,72.779622,0.0
2026-09-22 00:30,19.244018,72.8158,0.0
2026-09-22 00:30,19.244018,72.851977,0.0
2026-09-22 00:30,19.244018,72.888154,0.0
2026-09-22 00:30,19.244018,72.924331,0.0
2026-09-22 00:30,19.244018,72.960508,0.0
2026-09-22 00:30,19.244018,72.996685,0.0
2026-09-22 00:30,19.244018,73.032863,0.0
2026-09-22 00:30,19.244018,73.06904,0.0
2026-09-22 00:30,19.20784,72.707268,0.0
2026-09-22 00:30,19.20784,72.743445,0.0
2026-09-22 00:30,19.20784,72.779622,0.0
2026-09-22 00:30,19.20784,72.8158,0.0
2026-09-22 00:30,19.20784,72.851977,0.0
2026-09-22 00:30,19.20784,72.888154,0.0
2026-09-22 00:30,19.20784,72.924331,0.0
2026-09-22 00:30,19.20784,72.960508,0.0
2026-09-22 00:30,19.20784,72.996685,0.0
2026-09-22 00:30,19.20784,73.032863,0.0
2026-09-22 00:30,19.20784,73.06904,0.0
2026-09-22 00:30,19.171663,72.707268,0.0
2026-09-22 00:30,19.171663,72.743445,0.0
2026-09-22 00:30,19.171663,72.779622,0.0
2026-09-22 00:30,19.171663,72.8158,0.0
2026-09-22 00:30,19.171663,72.851977,0.0
2026-09-22 00:30,19.171663,72.888154,0.0
2026-09-22 00:30,19.171663,72.924331,0.0
2026-09-22 00:30,19.171663,72.960508,0.0
2026-09-22 00:30,19.171663,72.996685,0.0
2026-09-22 00:30,19.171663,73.032863,0.0
2026-09-22 00:30,19.171663,73.06904,0.0
2026-09-22 00:30,19.135486,72.707268,0.0
2026-09-22 00:30,19.135486,72.743445,0.0
2026-09-22 00:30,19.135486,72.779622,0.0
2026-09-22 00:30,19.135486,72.8158,0.0
2026-09-22 00:30,19.135486,72.851977,0.0
2026-09-22 00:30,19.135486,72.888154,0.0
2026-09-22 00:30,19.135486,72.924331,0.0
2026-09-22 00:30,19.135486,72.960508,0.0
2026-09-22 00:30,19.135486,72.996685,0.0
2026-09-22 00:30,19.135486,73.032863,0.0
2026-09-22 00:30,19.135486,73.06904,0.0
2026-09-22 00:30,19.099309,72.707268,0.0
2026-09-22 00:30,19.099309,72.743445,0.0
2026-09-22 00:30,19.099309,72.779622,0.0
2026-09-22 00:30,19.099309,72.8158,0.0
2026-09-22 00:30,19.099309,72.851977,0.0
2026-09-22 00:30,19.099309,72.888154,0.0
2026-09-22 00:30,19.099309,72.924331,0.0
2026-09-22 00:30,19.099309,72.960508,0.0
2026-09-22 00:30,19.099309,72.996685,0.0
2026-09-22 00:30,19.099309,73.032863,0.0
2026-09-22 00:30,19.099309,73.06904,0.0
2026-09-22 00:30,19.063132,72.707268,0.0
2026-09-22 00:30,19.063132,72.743445,0.0
2026-09-22 00:30,19.063132,72.779622,0.0
2026-09-22 00:30,19.063132,72.8158,0.0
2026-09-22 00:30,19.063132,72.851977,0.0
2026-09-22 00:30,19.063132,72.888154,0.0
2026-09-22 00:30,19.063132,72.924331,0.0
2026-09-22 00:30,19.063132,72.960508,0.0
2026-09-22 00:30,19.063132,72.996685,0.0
2026-09-22 00:30,19.063132,73.032863,0.0
2026-09-22 00:30,19.063132,73.06904,0.0
2026-09-22 00:30,19.026955,72.707268,0.0
2026-09-22 00:30,19.026955,72.743445,0.0
2026-09-22 00:30,19.026955,72.779622,0.0
2026-09-22 00:30,19.026955,72.8158,0.0
2026-09-22 00:30,19.026955,72.851977,0.0
2026-09-22 00:30,19.026955,72.888154,0.0
2026-09-22 00:30,19.026955,72.924331,0.0
2026-09-22 00:30,19.026955,72.960508,0.0
2026-09-22 00:30,19.026955,72.996685,0.0
2026-09-22 00:30,19.026955,73.032863,0.0
2026-09-22 00:30,19.026955,73.06904,0.0
2026-09-22 00:30,18.990778,72.707268,0.0
2026-09-22 00:30,18.990778,72.743445,0.0
2026-09-22 00:30,18.990778,72.779622,0.0
2026-09-22 00:30,18.990778,72.8158,0.0
2026-09-22 00:30,18.990778,72.851977,0.0
2026-09-22 00:30,18.990778,72.888154,0.0
2026-09-22 00:30,18.990778,72.924331,0.0
2026-09-22 00:30,18.990778,72.960508,0.0
2026-09-22 00:30,18.990778,72.996685,0.0
2026-09-22 00:30,18.990778,73.032863,0.0
2026-09-22 00:30,18.990778,73.06904,0.0
2026-09-22 00:30,18.9546,72.707268,0.0
2026-09-22 00:30,18.9546,72.743445,0.0
2026-09-22 00:30,18.9546,72.779622,0.0
2026-09-22 00:30,18.9546,72.8158,0.0
2026-09-22 00:30,18.9546,72.851977,0.0
2026-09-22 00:30,18.9546,72.888154,0.0
2026-09-22 00:30,18.9546,72.924331,0.0
2026-09-22 00:30,18.9546,72.960508,0.0
2026-09-22 00:30,18.9546,72.996685,0.0
2026-09-22 00:30,18.9546,73.032863,0.0
2026-09-22 00:30,18.9546,73.06904,0.0
2026-09-22 00:30,18.918423,72.707268,0.0
2026-09-22 00:30,18.918423,72.743445,0.0
2026-09-22 00:30,18.918423,72.779622,0.0
2026-09-22 00:30,18.918423,72.8158,0.0
2026-09-22 00:30,18.918423,72.851977,0.0
2026-09-22 00:30,18.918423,72.888154,0.0
2026-09-22 00:30,18.918423,72.924331,0.0
2026-09-22 00:30,18.918423,72.960508,0.0
2026-09-22 00:30,18.918423,72.996685,0.0
2026-09-22 00:30,18.918423,73.032863,0.0
2026-09-22 00:30,18.918423,73.06904,0.0
2026-09-22 00:30,18.882246,72.707268,0.0
2026-09-22 00:30,18.882246,72.743445,0.0
2026-09-22 00:30,18.882246,72.779622,0.0
2026-09-22 00:30,18.882246,72.8158,0.0
2026-09-22 00:30,18.882246,72.851977,0.0
2026-09-22 00:30,18.882246,72.888154,0.0
2026-09-22 00:30,18.882246,72.924331,0.0
2026-09-22 00:30,18.882246,72.960508,0.0
2026-09-22 00:30,18.882246,72.996685,0.0
2026-09-22 00:30,18.882246,73.032863,0.0
2026-09-22 00:30,18.882246,73.06904,0.0
2026-09-22 00:30,18.846069,72.707268,0.0
2026-09-22 00:30,18.846069,72.743445,0.0
2026-09-22 00:30,18.846069,72.779622,0.0
2026-09-22 00:30,18.846069,72.8158,0.0
2026-09-22 00:30,18.846069,72.851977,0.0
2026-09-22 00:30,18.846069,72.888154,0.0
2026-09-22 00:30,18.846069,72.924331,0.0
2026-09-22 00:30,18.846069,72.960508,0.0
2026-09-22 00:30,18.846069,72.996685,0.0
2026-09-22 00:30,18.846069,73.032863,0.0
2026-09-22 00:30,18.846069,73.06904,0.0
2026-09-22 00:30,18.809892,72.707268,0.0
2026-09-22 00:30,18.809892,72.743445,0.0
2026-09-22 00:30,18.809892,72.779622,0.0
2026-09-22 00:30,18.809892,72.8158,0.0
2026-09-22 00:30,18.809892,72.851977,0.0
2026-09-22 00:30,18.809892,72.888154,0.0
2026-09-22 00:30,18.809892,72.924331,0.0
2026-09-22 00:30,18.809892,72.960508,0.0
2026-09-22 00:30,18.809892,72.996685,0.0
2026-09-22 00:30,18.809892,73.032863,0.0
2026-09-22 00:30,18.809892,73.06904,0.0
2026-09-22 01:00,19.388726,72.707268,0.0
2026-09-22 01:00,19.388726,72.743445,0.0
2026-09-22 01:00,19.388726,72.779622,0.0
2026-09-22 01:00,19.388726,72.8158,0.0
2026-09-22 01:00,19.388726,72.851977,0.0
2026-09-22 01:00,19.388726,72.888154,0.0
2026-09-22 01:00,19.388726,72.924331,0.0
2026-09-22 01:00,19.388726,72.960508,0.0
2026-09-22 01:00,19.388726,72.996685,0.0
2026-09-22 01:00,19.388726,73.032863,0.0
2026-09-22 01:00,19.388726,73.06904,0.0
2026-09-22 01:00,19.352549,72.707268,0.0
2026-09-22 01:00,19.352549,72.743445,0.0
2026-09-22 01:00,19.352549,72.779622,0.0
2026-09-22 01:00,19.352549,72.8158,0.0
2026-09-22 01:00,19.352549,72.851977,0.0
2026-09-22 01:00,19.352549,72.888154,0.0
2026-09-22 01:00,19.352549,72.924331,0.0
2026-09-22 01:00,19.352549,72.960508,0.0
2026-09-22 01:00,19.352549,72.996685,0.0
2026-09-22 01:00,19.352549,73.032863,0.0
2026-09-22 01:00,19.352549,73.06904,0.0
2026-09-22 01:00,19.316372,72.707268,0.0
2026-09-22 01:00,19.316372,72.743445,0.0
2026-09-22 01:00,19.316372,72.779622,0.0
2026-09-22 01:00,19.316372,72.8158,0.0
2026-09-22 01:00,19.316372,72.851977,0.0
2026-09-22 01:00,19.316372,72.888154,0.0
2026-09-22 01:00,19.316372,72.924331,0.0
2026-09-22 01:00,19.316372,72.960508,0.0
2026-09-22 01:00,19.316372,72.996685,0.0
2026-09-22 01:00,19.316372,73.032863,0.0
2026-09-22 01:00,19.316372,73.06904,0.0
2026-09-22 01:00,19.280195,72.707268,0.0
2026-09-22 01:00,19.280195,72.743445,0.0
2026-09-22 01:00,19.280195,72.779622,0.0
2026-09-22 01:00,19.280195,72.8158,0.0
2026-09-22 01:00,19.280195,72.851977,0.0
2026-09-22 01:00,19.280195,72.888154,0.0
2026-09-22 01:00,19.280195,72.924331,0.0
2026-09-22 01:00,19.280195,72.960508,0.0
2026-09-22 01:00,19.280195,72.996685,0.0
2026-09-22 01:00,19.280195,73.032863,0.0
2026-09-22 01:00,19.280195,73.06904,0.0
2026-09-22 01:00,19.244018,72.707268,0.0
2026-09-22 01:00,19.244018,72.743445,0.0
2026-09-22 01:00,19.244018,72.779622,0.0
2026-09-22 01:00,19.244018,72.8158,0.0
2026-09-22 01:00,19.244018,72.851977,0.0
2026-09-22 01:00,19.244018,72.888154,0.0
2026-09-22 01:00,19.244018,72.924331,0.0
2026-09-22 01:00,19.244018,72.960508,0.0
2026-09-22 01:00,19.244018,72.996685,0.0
2026-09-22 01:00,19.244018,73.032863,0.0
2026-09-22 01:00,19.244018,73.06904,0.0
2026-09-22 01:00,19.20784,72.707268,0.0
2026-09-22 01:00,19.20784,72.743445,0.0
2026-09-22 01:00,19.20784,72.779622,0.0
2026-09-22 01:00,19.20784,72.8158,0.0
2026-09-22 01:00,19.20784,72.851977,0.0
2026-09-22 01:00,19.20784,72.888154,0.0
2026-09-22 01:00,19.20784,72.924331,0.0
2026-09-22 01:00,19.20784,72.960508,0.0
2026-09-22 01:00,19.20784,72.996685,0.0
2026-09-22 01:00,19.20784,73.032863,0.0
2026-09-22 01:00,19.20784,73.06904,0.0
2026-09-22 01:00,19.171663,72.707268,0.0
2026-09-22 01:00,19.171663,72.743445,0.0
2026-09-22 01:00,19.171663,72.779622,0.0
2026-09-22 01:00,19.171663,72.8158,0.0
2026-09-22 01:00,19.171663,72.851977,0.0
2026-09-22 01:00,19.171663,72.888154,0.0
2026-09-22 01:00,19.171663,72.924331,0.0
2026-09-22 01:00,19.171663,72.960508,0.0
2026-09-22 01:00,19.171663,72.996685,0.0
2026-09-22 01:00,19.171663,73.032863,0.0
2026-09-22 01:00,19.171663,73.06904,0.0
2026-09-22 01:00,19.135486,72.707268,0.0
2026-09-22 01:00,19.135486,72.743445,0.0
2026-09-22 01:00,19.135486,72.779622,0.0
2026-09-22 01:00,19.135486,72.8158,0.0
2026-09-22 01:00,19.135486,72.851977,0.0
2026-09-22 01:00,19.135486,72.888154,0.0
2026-09-22 01:00,19.135486,72.924331,0.0
2026-09-22 01:00,19.135486,72.960508,0.0
2026-09-22 01:00,19.135486,72.996685,0.0
2026-09-22 01:00,19.135486,73.032863,0.0
2026-09-22 01:00,19.135486,73.06904,0.0
2026-09-22 01:00,19.099309,72.707268,0.0
2026-09-22 01:00,19.099309,72.743445,0.0
2026-09-22 01:00,19.099309,72.779622,0.0
2026-09-22 01:00,19.099309,72.8158,0.0
2026-09-22 01:00,19.099309,72.851977,0.0
2026-09-22 01:00,19.099309,72.888154,0.0
2026-09-22 01:00,19.099309,72.924331,0.0
2026-09-22 01:00,19.099309,72.960508,0.0
2026-09-22 01:00,19.099309,72.996685,0.0
2026-09-22 01:00,19.099309,73.032863,0.0
2026-09-22 01:00,19.099309,73.06904,0.0
2026-09-22 01:00,19.063132,72.707268,0.0
2026-09-22 01:00,19.063132,72.743445,0.0
2026-09-22 01:00,19.063132,72.779622,0.0
2026-09-22 01:00,19.063132,72.8158,0.0
2026-09-22 01:00,19.063132,72.851977,0.0
2026-09-22 01:00,19.063132,72.888154,0.0
2026-09-22 01:00,19.063132,72.924331,0.0
2026-09-22 01:00,19.063132,72.960508,0.0
2026-09-22 01:00,19.063132,72.996685,0.0
2026-09-22 01:00,19.063132,73.032863,0.0
2026-09-22 01:00,19.063132,73.06904,0.0
2026-09-22 01:00,19.026955,72.707268,0.0
2026-09-22 01:00,19.026955,72.743445,0.0
2026-09-22 01:00,19.026955,72.779622,0.0
2026-09-22 01:00,19.026955,72.8158,0.0
2026-09-22 01:00,19.026955,72.851977,0.0
2026-09-22 01:00,19.026955,72.888154,0.0
2026-09-22 01:00,19.026955,72.924331,0.0
2026-09-22 01:00,19.026955,72.960508,0.0
2026-09-22 01:00,19.026955,72.996685,0.0
2026-09-22 01:00,19.026955,73.032863,0.0
2026-09-22 01:00,19.026955,73.06904,0.0
2026-09-22 01:00,18.990778,72.707268,0.0
2026-09-22 01:00,18.990778,72.743445,0.0
2026-09-22 01:00,18.990778,72.779622,0.0
2026-09-22 01:00,18.990778,72.8158,0.0
2026-09-22 01:00,18.990778,72.851977,0.0
2026-09-22 01:00,18.990778,72.888154,0.0
2026-09-22 01:00,18.990778,72.924331,0.0
2026-09-22 01:00,18.990778,72.960508,0.0
2026-09-22 01:00,18.990778,72.996685,0.0
2026-09-22 01:00,18.990778,73.032863,0.0
2026-09-22 01:00,18.990778,73.06904,0.0
2026-09-22 01:00,18.9546,72.707268,0.0
2026-09-22 01:00,18.9546,72.743445,0.0
2026-09-22 01:00,18.9546,72.779622,0.0
2026-09-22 01:00,18.9546,72.8158,0.0
2026-09-22 01:00,18.9546,72.851977,0.0
2026-09-22 01:00,18.9546,72.888154,0.0
2026-09-22 01:00,18.9546,72.924331,0.0
2026-09-22 01:00,18.9546,72.960508,0.0
2026-09-22 01:00,18.9546,72.996685,0.0
2026-09-22 01:00,18.9546,73.032863,0.0
2026-09-22 01:00,18.9546,73.06904,0.0
2026-09-22 01:00,18.918423,72.707268,0.0
2026-09-22 01:00,18.918423,72.743445,0.0
2026-09-22 01:00,18.918423,72.779622,0.0
2026-09-22 01:00,18.918423,72.8158,0.0
2026-09-22 01:00,18.918423,72.851977,0.0
2026-09-22 01:00,18.918423,72.888154,0.0
2026-09-22 01:00,18.918423,72.924331,0.0
2026-09-22 01:00,18.918423,72.960508,0.0
2026-09-22 01:00,18.918423,72.996685,0.0
2026-09-22 01:00,18.918423,73.032863,0.0
2026-09-22 01:00,18.918423,73.06904,0.0
2026-09-22 01:00,18.882246,72.707268,0.0
2026-09-22 01:00,18.882246,72.743445,0.0
2026-09-22 01:00,18.882246,72.779622,0.0
2026-09-22 01:00,18.882246,72.8158,0.0
2026-09-22 01:00,18.882246,72.851977,0.0
2026-09-22 01:00,18.882246,72.888154,0.0
2026-09-22 01:00,18.882246,72.924331,0.0
2026-09-22 01:00,18.882246,72.960508,0.0
2026-09-22 01:00,18.882246,72.996685,0.0
2026-09-22 01:00,18.882246,73.032863,0.0
2026-09-22 01:00,18.882246,73.06904,0.0
2026-09-22 01:00,18.846069,72.707268,0.0
2026-09-22 01:00,18.846069,72.743445,0.0
2026-09-22 01:00,18.846069,72.779622,0.0
2026-09-22 01:00,18.846069,72.8158,0.0
2026-09-22 01:00,18.846069,72.851977,0.0
2026-09-22 01:00,18.846069,72.888154,0.0
2026-09-22 01:00,18.846069,72.924331,0.0
2026-09-22 01:00,18.846069,72.960508,0.0
2026-09-22 01:00,18.846069,72.996685,0.0
2026-09-22 01:00,18.846069,73.032863,0.0
2026-09-22 01:00,18.846069,73.06904,0.0
2026-09-22 01:00,18.809892,72.707268,0.0
2026-09-22 01:00,18.809892,72.743445,0.0
2026-09-22 01:00,18.809892,72.779622,0.0
2026-09-22 01:00,18.809892,72.8158,0.0
2026-09-22 01:00,18.809892,72.851977,0.0
2026-09-22 01:00,18.809892,72.888154,0.0
2026-09-22 01:00,18.809892,72.924331,0.0
2026-09-22 01:00,18.809892,72.960508,0.0
2026-09-22 01:00,18.809892,72.996685,0.0
2026-09-22 01:00,18.809892,73.032863,0.0
2026-09-22 01:00,18.809892,73.06904,0.0
2026-09-22 01:30,19.388726,72.707268,0.0
2026-09-22 01:30,19.388726,72.743445,0.0
2026-09-22 01:30,19.388726,72.779622,0.0
2026-09-22 01:30,19.388726,72.8158,0.0
2026-09-22 01:30,19.388726,72.851977,0.0
2026-09-22 01:30,19.388726,72.888154,0.0
2026-09-22 01:30,19.388726,72.924331,0.0
2026-09-22 01:30,19.388726,72.960508,0.0
2026-09-22 01:30,19.388726,72.996685,0.0
2026-09-22 01:30,19.388726,73.032863,0.0
2026-09-22 01:30,19.388726,73.06904,0.0
2026-09-22 01:30,19.352549,72.707268,0.0
2026-09-22 01:30,19.352549,72.743445,0.0
2026-09-22 01:30,19.352549,72.779622,0.0
2026-09-22 01:30,19.352549,72.8158,0.0
2026-09-22 01:30,19.352549,72.851977,0.0
2026-09-22 01:30,19.352549,72.888154,0.0
2026-09-22 01:30,19.352549,72.924331,0.0
2026-09-22 01:30,19.352549,72.960508,0.0
2026-09-22 01:30,19.352549,72.996685,0.0
2026-09-22 01:30,19.352549,73.032863,0.0
2026-09-22 01:30,19.352549,73.06904,0.0
2026-09-22 01:30,19.316372,72.707268,0.0
2026-09-22 01:30,19.316372,72.743445,0.0
2026-09-22 01:30,19.316372,72.779622,0.0
2026-09-22 01:30,19.316372,72.8158,0.0
2026-09-22 01:30,19.316372,72.851977,0.0
2026-09-22 01:30,19.316372,72.888154,0.0
2026-09-22 01:30,19.316372,72.924331,0.0
2026-09-22 01:30,19.316372,72.960508,0.0
2026-09-22 01:30,19.316372,72.996685,0.0
2026-09-22 01:30,19.316372,73.032863,0.0
2026-09-22 01:30,19.316372,73.06904,0.0
2026-09-22 01:30,19.280195,72.707268,0.0
2026-09-22 01:30,19.280195,72.743445,0.0
2026-09-22 01:30,19.280195,72.779622,0.0
2026-09-22 01:30,19.280195,72.8158,0.0
2026-09-22 01:30,19.280195,72.851977,0.0
2026-09-22 01:30,19.280195,72.888154,0.0
2026-09-22 01:30,19.280195,72.924331,0.0
2026-09-22 01:30,19.280195,72.960508,0.0
2026-09-22 01:30,19.280195,72.996685,0.0
2026-09-22 01:30,19.280195,73.032863,0.0
2026-09-22 01:30,19.280195,73.06904,0.0
2026-09-22 01:30,19.244018,72.707268,0.42594936
2026-09-22 01:30,19.244018,72.743445,0.0
2026-09-22 01:30,19.244018,72.779622,0.0
2026-09-22 01:30,19.244018,72.8158,0.0
2026-09-22 01:30,19.244018,72.851977,0.0
2026-09-22 01:30,19.244018,72.888154,0.0
2026-09-22 01:30,19.244018,72.924331,0.0
2026-09-22 01:30,19.244018,72.960508,0.0
2026-09-22 01:30,19.244018,72.996685,0.0
2026-09-22 01:30,19.244018,73.032863,0.0
2026-09-22 01:30,19.244018,73.06904,0.0
2026-09-22 01:30,19.20784,72.707268,3.9833243
2026-09-22 01:30,19.20784,72.743445,0.0
2026-09-22 01:30,19.20784,72.779622,0.0
2026-09-22 01:30,19.20784,72.8158,0.0
2026-09-22 01:30,19.20784,72.851977,0.0
2026-09-22 01:30,19.20784,72.888154,0.0
2026-09-22 01:30,19.20784,72.924331,0.0
2026-09-22 01:30,19.20784,72.960508,0.0
2026-09-22 01:30,19.20784,72.996685,0.0
2026-09-22 01:30,19.20784,73.032863,0.0
2026-09-22 01:30,19.20784,73.06904,0.0
2026-09-22 01:30,19.171663,72.707268,2.2225382
2026-09-22 01:30,19.171663,72.743445,0.5383979
2026-09-22 01:30,19.171663,72.779622,0.0
2026-09-22 01:30,19.171663,72.8158,0.0
2026-09-22 01:30,19.171663,72.851977,0.0
2026-09-22 01:30,19.171663,72.888154,0.0
2026-09-22 01:30,19.171663,72.924331,0.0
2026-09-22 01:30,19.171663,72.960508,0.0
2026-09-22 01:30,19.171663,72.996685,0.0
2026-09-22 01:30,19.171663,73.032863,0.0
2026-09-22 01:30,19.171663,73.06904,0.0
2026-09-22 01:30,19.135486,72.707268,0.12027314
2026-09-22 01:30,19.135486,72.743445,0.036926292
2026-09-22 01:30,19.135486,72.779622,0.036926292
2026-09-22 01:30,19.135486,72.8158,0.0
2026-09-22 01:30,19.135486,72.851977,0.0
2026-09-22 01:30,19.135486,72.888154,0.0
2026-09-22 01:30,19.135486,72.924331,0.0
2026-09-22 01:30,19.135486,72.960508,0.0
2026-09-22 01:30,19.135486,72.996685,0.0
2026-09-22 01:30,19.135486,73.032863,0.0
2026-09-22 01:30,19.135486,73.06904,0.0
2026-09-22 01:30,19.099309,72.707268,0.0
2026-09-22 01:30,19.099309,72.743445,0.0
2026-09-22 01:30,19.099309,72.779622,0.0
2026-09-22 01:30,19.099309,72.8158,0.0
2026-09-22 01:30,19.099309,72.851977,0.0
2026-09-22 01:30,19.099309,72.888154,0.0
2026-09-22 01:30,19.099309,72.924331,0.0
2026-09-22 01:30,19.099309,72.960508,0.0
2026-09-22 01:30,19.099309,72.996685,0.0
2026-09-22 01:30,19.099309,73.032863,0.0
2026-09-22 01:30,19.099309,73.06904,0.0
2026-09-22 01:30,19.063132,72.707268,0.0
2026-09-22 01:30,19.063132,72.743445,0.0
2026-09-22 01:30,19.063132,72.779622,0.0
2026-09-22 01:30,19.063132,72.8158,0.0
2026-09-22 01:30,19.063132,72.851977,0.0
2026-09-22 01:30,19.063132,72.888154,0.0
2026-09-22 01:30,19.063132,72.924331,0.0
2026-09-22 01:30,19.063132,72.960508,0.0
2026-09-22 01:30,19.063132,72.996685,0.0
2026-09-22 01:30,19.063132,73.032863,0.0
2026-09-22 01:30,19.063132,73.06904,0.0
2026-09-22 01:30,19.026955,72.707268,0.0
2026-09-22 01:30,19.026955,72.743445,0.0
2026-09-22 01:30,19.026955,72.779622,0.0
2026-09-22 01:30,19.026955,72.8158,0.0
2026-09-22 01:30,19.026955,72.851977,0.0
2026-09-22 01:30,19.026955,72.888154,0.0
2026-09-22 01:30,19.026955,72.924331,0.0
2026-09-22 01:30,19.026955,72.960508,0.0
2026-09-22 01:30,19.026955,72.996685,0.0
2026-09-22 01:30,19.026955,73.032863,0.0
2026-09-22 01:30,19.026955,73.06904,0.0
2026-09-22 01:30,18.990778,72.707268,0.0
2026-09-22 01:30,18.990778,72.743445,0.0
2026-09-22 01:30,18.990778,72.779622,0.0
2026-09-22 01:30,18.990778,72.8158,0.0
2026-09-22 01:30,18.990778,72.851977,0.0
2026-09-22 01:30,18.990778,72.888154,0.0
2026-09-22 01:30,18.990778,72.924331,0.0
2026-09-22 01:30,18.990778,72.960508,0.0
2026-09-22 01:30,18.990778,72.996685,0.0
2026-09-22 01:30,18.990778,73.032863,0.0
2026-09-22 01:30,18.990778,73.06904,0.0
2026-09-22 01:30,18.9546,72.707268,0.0
2026-09-22 01:30,18.9546,72.743445,0.0
2026-09-22 01:30,18.9546,72.779622,0.0
2026-09-22 01:30,18.9546,72.8158,0.0
2026-09-22 01:30,18.9546,72.851977,0.0
2026-09-22 01:30,18.9546,72.888154,0.0
2026-09-22 01:30,18.9546,72.924331,0.0
2026-09-22 01:30,18.9546,72.960508,0.0
2026-09-22 01:30,18.9546,72.996685,0.0
2026-09-22 01:30,18.9546,73.032863,0.0
2026-09-22 01:30,18.9546,73.06904,0.0
2026-09-22 01:30,18.918423,72.707268,0.0
2026-09-22 01:30,18.918423,72.743445,0.0
2026-09-22 01:30,18.918423,72.779622,0.0
2026-09-22 01:30,18.918423,72.8158,0.0
2026-09-22 01:30,18.918423,72.851977,0.0
2026-09-22 01:30,18.918423,72.888154,0.0
2026-09-22 01:30,18.918423,72.924331,0.0
2026-09-22 01:30,18.918423,72.960508,0.0
2026-09-22 01:30,18.918423,72.996685,0.0
2026-09-22 01:30,18.918423,73.032863,0.0
2026-09-22 01:30,18.918423,73.06904,0.0
2026-09-22 01:30,18.882246,72.707268,0.0
2026-09-22 01:30,18.882246,72.743445,0.0
2026-09-22 01:30,18.882246,72.779622,0.0
2026-09-22 01:30,18.882246,72.8158,0.0
2026-09-22 01:30,18.882246,72.851977,0.0
2026-09-22 01:30,18.882246,72.888154,0.0
2026-09-22 01:30,18.882246,72.924331,0.0
2026-09-22 01:30,18.882246,72.960508,0.0
2026-09-22 01:30,18.882246,72.996685,0.0
2026-09-22 01:30,18.882246,73.032863,0.0
2026-09-22 01:30,18.882246,73.06904,0.0
2026-09-22 01:30,18.846069,72.707268,0.0
2026-09-22 01:30,18.846069,72.743445,0.0
2026-09-22 01:30,18.846069,72.779622,0.0
2026-09-22 01:30,18.846069,72.8158,0.0
2026-09-22 01:30,18.846069,72.851977,0.0
2026-09-22 01:30,18.846069,72.888154,0.0
2026-09-22 01:30,18.846069,72.924331,0.0
2026-09-22 01:30,18.846069,72.960508,0.0
2026-09-22 01:30,18.846069,72.996685,0.0
2026-09-22 01:30,18.846069,73.032863,0.0
2026-09-22 01:30,18.846069,73.06904,0.0
2026-09-22 01:30,18.809892,72.707268,0.0
2026-09-22 01:30,18.809892,72.743445,0.0
2026-09-22 01:30,18.809892,72.779622,0.0
2026-09-22 01:30,18.809892,72.8158,0.0
2026-09-22 01:30,18.809892,72.851977,0.0
2026-09-22 01:30,18.809892,72.888154,0.0
2026-09-22 01:30,18.809892,72.924331,0.0
2026-09-22 01:30,18.809892,72.960508,0.0
2026-09-22 01:30,18.809892,72.996685,0.0
2026-09-22 01:30,18.809892,73.032863,0.0
2026-09-22 01:30,18.809892,73.06904,0.0
2026-09-22 02:00,19.388726,72.707268,0.0
2026-09-22 02:00,19.388726,72.743445,0.0
2026-09-22 02:00,19.388726,72.779622,0.0
2026-09-22 02:00,19.388726,72.8158,0.0
2026-09-22 02:00,19.388726,72.851977,0.0
2026-09-22 02:00,19.388726,72.888154,0.0
2026-09-22 02:00,19.388726,72.924331,0.0
2026-09-22 02:00,19.388726,72.960508,0.0
2026-09-22 02:00,19.388726,72.996685,0.0
2026-09-22 02:00,19.388726,73.032863,0.0
2026-09-22 02:00,19.388726,73.06904,0.0
2026-09-22 02:00,19.352549,72.707268,0.0
2026-09-22 02:00,19.352549,72.743445,0.0
2026-09-22 02:00,19.352549,72.779622,0.0
2026-09-22 02:00,19.352549,72.8158,0.0
2026-09-22 02:00,19.352549,72.851977,0.0
2026-09-22 02:00,19.352549,72.888154,0.0
2026-09-22 02:00,19.352549,72.924331,0.0
2026-09-22 02:00,19.352549,72.960508,0.0
2026-09-22 02:00,19.352549,72.996685,0.0
2026-09-22 02:00,19.352549,73.032863,0.0
2026-09-22 02:00,19.352549,73.06904,0.0
2026-09-22 02:00,19.316372,72.707268,0.0
2026-09-22 02:00,19.316372,72.743445,0.0
2026-09-22 02:00,19.316372,72.779622,0.0
2026-09-22 02:00,19.316372,72.8158,0.0
2026-09-22 02:00,19.316372,72.851977,0.0
2026-09-22 02:00,19.316372,72.888154,0.0
2026-09-22 02:00,19.316372,72.924331,0.0
2026-09-22 02:00,19.316372,72.960508,0.0
2026-09-22 02:00,19.316372,72.996685,0.0
2026-09-22 02:00,19.316372,73.032863,0.0
2026-09-22 02:00,19.316372,73.06904,0.0
2026-09-22 02:00,19.280195,72.707268,0.0
2026-09-22 02:00,19.280195,72.743445,0.0
2026-09-22 02:00,19.280195,72.779622,0.0
2026-09-22 02:00,19.280195,72.8158,0.0
2026-09-22 02:00,19.280195,72.851977,0.0
2026-09-22 02:00,19.280195,72.888154,0.0
2026-09-22 02:00,19.280195,72.924331,0.0
2026-09-22 02:00,19.280195,72.960508,0.0
2026-09-22 02:00,19.280195,72.996685,0.0
2026-09-22 02:00,19.280195,73.032863,0.0
2026-09-22 02:00,19.280195,73.06904,0.0
2026-09-22 02:00,19.244018,72.707268,0.16264763
2026-09-22 02:00,19.244018,72.743445,0.0
2026-09-22 02:00,19.244018,72.779622,0.0
2026-09-22 02:00,19.244018,72.8158,0.0
2026-09-22 02:00,19.244018,72.851977,0.0
2026-09-22 02:00,19.244018,72.888154,0.0
2026-09-22 02:00,19.244018,72.924331,0.0
2026-09-22 02:00,19.244018,72.960508,0.0
2026-09-22 02:00,19.244018,72.996685,0.0
2026-09-22 02:00,19.244018,73.032863,0.0
2026-09-22 02:00,19.244018,73.06904,0.0
2026-09-22 02:00,19.20784,72.707268,0.4569594
2026-09-22 02:00,19.20784,72.743445,0.025180098
2026-09-22 02:00,19.20784,72.779622,0.0
2026-09-22 02:00,19.20784,72.8158,0.0
2026-09-22 02:00,19.20784,72.851977,0.0
2026-09-22 02:00,19.20784,72.888154,0.0
2026-09-22 02:00,19.20784,72.924331,0.0
2026-09-22 02:00,19.20784,72.960508,0.0
2026-09-22 02:00,19.20784,72.996685,0.0
2026-09-22 02:00,19.20784,73.032863,0.0
2026-09-22 02:00,19.20784,73.06904,0.0
2026-09-22 02:00,19.171663,72.707268,1.6711593
2026-09-22 02:00,19.171663,72.743445,0.23955566
2026-09-22 02:00,19.171663,72.779622,0.0
2026-09-22 02:00,19.171663,72.8158,0.0
2026-09-22 02:00,19.171663,72.851977,0.0
2026-09-22 02:00,19.171663,72.888154,0.0
2026-09-22 02:00,19.171663,72.924331,0.0
2026-09-22 02:00,19.171663,72.960508,0.0
2026-09-22 02:00,19.171663,72.996685,0.0
2026-09-22 02:00,19.171663,73.032863,0.0
2026-09-22 02:00,19.171663,73.06904,0.0
2026-09-22 02:00,19.135486,72.707268,1.2902637
2026-09-22 02:00,19.135486,72.743445,0.08779262
2026-09-22 02:00,19.135486,72.779622,0.08779262
2026-09-22 02:00,19.135486,72.8158,0.0
2026-09-22 02:00,19.135486,72.851977,0.0
2026-09-22 02:00,19.135486,72.888154,0.0
2026-09-22 02:00,19.135486,72.924331,0.0
2026-09-22 02:00,19.135486,72.960508,0.0
2026-09-22 02:00,19.135486,72.996685,0.0
2026-09-22 02:00,19.135486,73.032863,0.0
2026-09-22 02:00,19.135486,73.06904,0.0
2026-09-22 02:00,19.099309,72.707268,0.30048224
2026-09-22 02:00,19.099309,72.743445,0.30048224
2026-09-22 02:00,19.099309,72.779622,0.0
2026-09-22 02:00,19.099309,72.8158,0.0
2026-09-22 02:00,19.099309,72.851977,0.0
2026-09-22 02:00,19.099309,72.888154,0.0
2026-09-22 02:00,19.099309,72.924331,0.0
2026-09-22 02:00,19.099309,72.960508,0.0
2026-09-22 02:00,19.099309,72.996685,0.0
2026-09-22 02:00,19.099309,73.032863,0.0
2026-09-22 02:00,19.099309,73.06904,0.0
2026-09-22 02:00,19.063132,72.707268,0.12025372
2026-09-22 02:00,19.063132,72.743445,0.0
2026-09-22 02:00,19.063132,72.779622,0.0
2026-09-22 02:00,19.063132,72.8158,0.0
2026-09-22 02:00,19.063132,72.851977,0.0
2026-09-22 02:00,19.063132,72.888154,0.0
2026-09-22 02:00,19.063132,72.924331,0.0
2026-09-22 02:00,19.063132,72.960508,0.0
2026-09-22 02:00,19.063132,72.996685,0.0
2026-09-22 02:00,19.063132,73.032863,0.0
2026-09-22 02:00,19.063132,73.06904,0.0
2026-09-22 02:00,19.026955,72.707268,0.0
2026-09-22 02:00,19.026955,72.743445,0.0
2026-09-22 02:00,19.026955,72.779622,0.0
2026-09-22 02:00,19.026955,72.8158,0.0
2026-09-22 02:00,19.026955,72.851977,0.0
2026-09-22 02:00,19.026955,72.888154,0.0
2026-09-22 02:00,19.026955,72.924331,0.0
2026-09-22 02:00,19.026955,72.960508,0.0
2026-09-22 02:00,19.026955,72.996685,0.0
2026-09-22 02:00,19.026955,73.032863,0.0
2026-09-22 02:00,19.026955,73.06904,0.0
2026-09-22 02:00,18.990778,72.707268,0.0
2026-09-22 02:00,18.990778,72.743445,0.0
2026-09-22 02:00,18.990778,72.779622,0.0
2026-09-22 02:00,18.990778,72.8158,0.0
2026-09-22 02:00,18.990778,72.851977,0.0
2026-09-22 02:00,18.990778,72.888154,0.0
2026-09-22 02:00,18.990778,72.924331,0.0
2026-09-22 02:00,18.990778,72.960508,0.0
2026-09-22 02:00,18.990778,72.996685,0.0
2026-09-22 02:00,18.990778,73.032863,0.0
2026-09-22 02:00,18.990778,73.06904,0.0
2026-09-22 02:00,18.9546,72.707268,0.0
2026-09-22 02:00,18.9546,72.743445,0.0
2026-09-22 02:00,18.9546,72.779622,0.0
2026-09-22 02:00,18.9546,72.8158,0.0
2026-09-22 02:00,18.9546,72.851977,0.0
2026-09-22 02:00,18.9546,72.888154,0.0
2026-09-22 02:00,18.9546,72.924331,0.0
2026-09-22 02:00,18.9546,72.960508,0.0
2026-09-22 02:00,18.9546,72.996685,0.0
2026-09-22 02:00,18.9546,73.032863,0.0
2026-09-22 02:00,18.9546,73.06904,0.0
2026-09-22 02:00,18.918423,72.707268,0.0
2026-09-22 02:00,18.918423,72.743445,0.0
2026-09-22 02:00,18.918423,72.779622,0.0
2026-09-22 02:00,18.918423,72.8158,0.0
2026-09-22 02:00,18.918423,72.851977,0.0
2026-09-22 02:00,18.918423,72.888154,0.0
2026-09-22 02:00,18.918423,72.924331,0.0
2026-09-22 02:00,18.918423,72.960508,0.0
2026-09-22 02:00,18.918423,72.996685,0.0
2026-09-22 02:00,18.918423,73.032863,0.0
2026-09-22 02:00,18.918423,73.06904,0.0
2026-09-22 02:00,18.882246,72.707268,0.0
2026-09-22 02:00,18.882246,72.743445,0.0
2026-09-22 02:00,18.882246,72.779622,0.0
2026-09-22 02:00,18.882246,72.8158,0.0
2026-09-22 02:00,18.882246,72.851977,0.0
2026-09-22 02:00,18.882246,72.888154,0.0
2026-09-22 02:00,18.882246,72.924331,0.0
2026-09-22 02:00,18.882246,72.960508,0.0
2026-09-22 02:00,18.882246,72.996685,0.0
2026-09-22 02:00,18.882246,73.032863,0.0
2026-09-22 02:00,18.882246,73.06904,0.0
2026-09-22 02:00,18.846069,72.707268,0.0
2026-09-22 02:00,18.846069,72.743445,0.0
2026-09-22 02:00,18.846069,72.779622,0.0
2026-09-22 02:00,18.846069,72.8158,0.0
2026-09-22 02:00,18.846069,72.851977,0.0
2026-09-22 02:00,18.846069,72.888154,0.0
2026-09-22 02:00,18.846069,72.924331,0.0
2026-09-22 02:00,18.846069,72.960508,0.0
2026-09-22 02:00,18.846069,72.996685,0.0
2026-09-22 02:00,18.846069,73.032863,0.0
2026-09-22 02:00,18.846069,73.06904,0.0
2026-09-22 02:00,18.809892,72.707268,0.0
2026-09-22 02:00,18.809892,72.743445,0.0
2026-09-22 02:00,18.809892,72.779622,0.0
2026-09-22 02:00,18.809892,72.8158,0.0
2026-09-22 02:00,18.809892,72.851977,0.0
2026-09-22 02:00,18.809892,72.888154,0.0
2026-09-22 02:00,18.809892,72.924331,0.0
2026-09-22 02:00,18.809892,72.960508,0.0
2026-09-22 02:00,18.809892,72.996685,0.0
2026-09-22 02:00,18.809892,73.032863,0.0
2026-09-22 02:00,18.809892,73.06904,0.0
2026-09-22 02:30,19.388726,72.707268,0.0
2026-09-22 02:30,19.388726,72.743445,0.0
2026-09-22 02:30,19.388726,72.779622,0.0
2026-09-22 02:30,19.388726,72.8158,0.0
2026-09-22 02:30,19.388726,72.851977,0.0
2026-09-22 02:30,19.388726,72.888154,0.0
2026-09-22 02:30,19.388726,72.924331,0.0
2026-09-22 02:30,19.388726,72.960508,0.0
2026-09-22 02:30,19.388726,72.996685,0.0
2026-09-22 02:30,19.388726,73.032863,0.0
2026-09-22 02:30,19.388726,73.06904,0.0
2026-09-22 02:30,19.352549,72.707268,0.0
2026-09-22 02:30,19.352549,72.743445,0.0
2026-09-22 02:30,19.352549,72.779622,0.0
2026-09-22 02:30,19.352549,72.8158,0.0
2026-09-22 02:30,19.352549,72.851977,0.0
2026-09-22 02:30,19.352549,72.888154,0.0
2026-09-22 02:30,19.352549,72.924331,0.0
2026-09-22 02:30,19.352549,72.960508,0.0
2026-09-22 02:30,19.352549,72.996685,0.0
2026-09-22 02:30,19.352549,73.032863,0.0
2026-09-22 02:30,19.352549,73.06904,0.0
2026-09-22 02:30,19.316372,72.707268,0.0
2026-09-22 02:30,19.316372,72.743445,0.0
2026-09-22 02:30,19.316372,72.779622,0.0
2026-09-22 02:30,19.316372,72.8158,0.0
2026-09-22 02:30,19.316372,72.851977,0.0
2026-09-22 02:30,19.316372,72.888154,0.0
2026-09-22 02:30,19.316372,72.924331,0.0
2026-09-22 02:30,19.316372,72.960508,0.0
2026-09-22 02:30,19.316372,72.996685,0.0
2026-09-22 02:30,19.316372,73.032863,0.0
2026-09-22 02:30,19.316372,73.06904,0.0
2026-09-22 02:30,19.280195,72.707268,0.0
2026-09-22 02:30,19.280195,72.743445,0.0
2026-09-22 02:30,19.280195,72.779622,0.0
2026-09-22 02:30,19.280195,72.8158,0.0
2026-09-22 02:30,19.280195,72.851977,0.0
2026-09-22 02:30,19.280195,72.888154,0.0
2026-09-22 02:30,19.280195,72.924331,0.0
2026-09-22 02:30,19.280195,72.960508,0.0
2026-09-22 02:30,19.280195,72.996685,0.0
2026-09-22 02:30,19.280195,73.032863,0.0
2026-09-22 02:30,19.280195,73.06904,0.0
2026-09-22 02:30,19.244018,72.707268,0.0
2026-09-22 02:30,19.244018,72.743445,0.0
2026-09-22 02:30,19.244018,72.779622,0.0
2026-09-22 02:30,19.244018,72.8158,0.0
2026-09-22 02:30,19.244018,72.851977,0.0
2026-09-22 02:30,19.244018,72.888154,0.0
2026-09-22 02:30,19.244018,72.924331,0.0
2026-09-22 02:30,19.244018,72.960508,0.0
2026-09-22 02:30,19.244018,72.996685,0.0
2026-09-22 02:30,19.244018,73.032863,0.0
2026-09-22 02:30,19.244018,73.06904,0.0
2026-09-22 02:30,19.20784,72.707268,0.022085555
2026-09-22 02:30,19.20784,72.743445,0.0
2026-09-22 02:30,19.20784,72.779622,0.0
2026-09-22 02:30,19.20784,72.8158,0.0
2026-09-22 02:30,19.20784,72.851977,0.0
2026-09-22 02:30,19.20784,72.888154,0.0
2026-09-22 02:30,19.20784,72.924331,0.0
2026-09-22 02:30,19.20784,72.960508,0.0
2026-09-22 02:30,19.20784,72.996685,0.0
2026-09-22 02:30,19.20784,73.032863,0.0
2026-09-22 02:30,19.20784,73.06904,0.0
2026-09-22 02:30,19.171663,72.707268,0.08538245
2026-09-22 02:30,19.171663,72.743445,0.0
2026-09-22 02:30,19.171663,72.779622,0.0
2026-09-22 02:30,19.171663,72.8158,0.0
2026-09-22 02:30,19.171663,72.851977,0.0
2026-09-22 02:30,19.171663,72.888154,0.0
2026-09-22 02:30,19.171663,72.924331,0.0
2026-09-22 02:30,19.171663,72.960508,0.0
2026-09-22 02:30,19.171663,72.996685,0.0
2026-09-22 02:30,19.171663,73.032863,0.0
2026-09-22 02:30,19.171663,73.06904,0.0
2026-09-22 02:30,19.135486,72.707268,0.111751705
2026-09-22 02:30,19.135486,72.743445,0.0
2026-09-22 02:30,19.135486,72.779622,0.0
2026-09-22 02:30,19.135486,72.8158,0.0
2026-09-22 02:30,19.135486,72.851977,0.0
2026-09-22 02:30,19.135486,72.888154,0.0
2026-09-22 02:30,19.135486,72.924331,0.0
2026-09-22 02:30,19.135486,72.960508,0.0
2026-09-22 02:30,19.135486,72.996685,0.0
2026-09-22 02:30,19.135486,73.032863,0.0
2026-09-22 02:30,19.135486,73.06904,0.0
2026-09-22 02:30,19.099309,72.707268,0.10019802
2026-09-22 02:30,19.099309,72.743445,0.10019802
2026-09-22 02:30,19.099309,72.779622,0.0
2026-09-22 02:30,19.099309,72.8158,0.0
2026-09-22 02:30,19.099309,72.851977,0.0
2026-09-22 02:30,19.099309,72.888154,0.0
2026-09-22 02:30,19.099309,72.924331,0.0
2026-09-22 02:30,19.099309,72.960508,0.0
2026-09-22 02:30,19.099309,72.996685,0.0
2026-09-22 02:30,19.099309,73.032863,0.0
2026-09-22 02:30,19.099309,73.06904,0.0
2026-09-22 02:30,19.063132,72.707268,2.1448112
2026-09-22 02:30,19.063132,72.743445,0.0
2026-09-22 02:30,19.063132,72.779622,0.0
2026-09-22 02:30,19.063132,72.8158,0.0
2026-09-22 02:30,19.063132,72.851977,0.0
2026-09-22 02:30,19.063132,72.888154,0.0
2026-09-22 02:30,19.063132,72.924331,0.0
2026-09-22 02:30,19.063132,72.960508,0.0
2026-09-22 02:30,19.063132,72.996685,0.0
2026-09-22 02:30,19.063132,73.032863,0.0
2026-09-22 02:30,19.063132,73.06904,0.0
2026-09-22 02:30,19.026955,72.707268,0.10293779
2026-09-22 02:30,19.026955,72.743445,0.0
2026-09-22 02:30,19.026955,72.779622,0.0
2026-09-22 02:30,19.026955,72.8158,0.0
2026-09-22 02:30,19.026955,72.851977,0.0
2026-09-22 02:30,19.026955,72.888154,0.0
2026-09-22 02:30,19.026955,72.924331,0.0
2026-09-22 02:30,19.026955,72.960508,0.0
2026-09-22 02:30,19.026955,72.996685,0.0
2026-09-22 02:30,19.026955,73.032863,0.0
2026-09-22 02:30,19.026955,73.06904,0.0
2026-09-22 02:30,18.990778,72.707268,0.0
2026-09-22 02:30,18.990778,72.743445,0.0
2026-09-22 02:30,18.990778,72.779622,0.0
2026-09-22 02:30,18.990778,72.8158,0.0
2026-09-22 02:30,18.990778,72.851977,0.0
2026-09-22 02:30,18.990778,72.888154,0.0
2026-09-22 02:30,18.990778,72.924331,0.0
2026-09-22 02:30,18.990778,72.960508,0.0
2026-09-22 02:30,18.990778,72.996685,0.0
2026-09-22 02:30,18.990778,73.032863,0.0
2026-09-22 02:30,18.990778,73.06904,0.0
2026-09-22 02:30,18.9546,72.707268,0.0
2026-09-22 02:30,18.9546,72.743445,0.0
2026-09-22 02:30,18.9546,72.779622,0.0
2026-09-22 02:30,18.9546,72.8158,0.0
2026-09-22 02:30,18.9546,72.851977,0.0
2026-09-22 02:30,18.9546,72.888154,0.0
2026-09-22 02:30,18.9546,72.924331,0.0
2026-09-22 02:30,18.9546,72.960508,0.0
2026-09-22 02:30,18.9546,72.996685,0.0
2026-09-22 02:30,18.9546,73.032863,0.0
2026-09-22 02:30,18.9546,73.06904,0.0
2026-09-22 02:30,18.918423,72.707268,0.0
2026-09-22 02:30,18.918423,72.743445,0.0
2026-09-22 02:30,18.918423,72.779622,0.0
2026-09-22 02:30,18.918423,72.8158,0.0
2026-09-22 02:30,18.918423,72.851977,0.0
2026-09-22 02:30,18.918423,72.888154,0.0
2026-09-22 02:30,18.918423,72.924331,0.0
2026-09-22 02:30,18.918423,72.960508,0.0
2026-09-22 02:30,18.918423,72.996685,0.0
2026-09-22 02:30,18.918423,73.032863,0.0
2026-09-22 02:30,18.918423,73.06904,0.0
2026-09-22 02:30,18.882246,72.707268,0.0
2026-09-22 02:30,18.882246,72.743445,0.0
2026-09-22 02:30,18.882246,72.779622,0.0
2026-09-22 02:30,18.882246,72.8158,0.0
2026-09-22 02:30,18.882246,72.851977,0.0
2026-09-22 02:30,18.882246,72.888154,0.0
2026-09-22 02:30,18.882246,72.924331,0.0
2026-09-22 02:30,18.882246,72.960508,0.0
2026-09-22 02:30,18.882246,72.996685,0.0
2026-09-22 02:30,18.882246,73.032863,0.0
2026-09-22 02:30,18.882246,73.06904,0.0
2026-09-22 02:30,18.846069,72.707268,0.0
2026-09-22 02:30,18.846069,72.743445,0.0
2026-09-22 02:30,18.846069,72.779622,0.0
2026-09-22 02:30,18.846069,72.8158,0.0
2026-09-22 02:30,18.846069,72.851977,0.0
2026-09-22 02:30,18.846069,72.888154,0.0
2026-09-22 02:30,18.846069,72.924331,0.0
2026-09-22 02:30,18.846069,72.960508,0.0
2026-09-22 02:30,18.846069,72.996685,0.0
2026-09-22 02:30,18.846069,73.032863,0.0
2026-09-22 02:30,18.846069,73.06904,0.0
2026-09-22 02:30,18.809892,72.707268,0.0
2026-09-22 02:30,18.809892,72.743445,0.0
2026-09-22 02:30,18.809892,72.779622,0.0
2026-09-22 02:30,18.809892,72.8158,0.0
2026-09-22 02:30,18.809892,72.851977,0.0
2026-09-22 02:30,18.809892,72.888154,0.0
2026-09-22 02:30,18.809892,72.924331,0.0
2026-09-22 02:30,18.809892,72.960508,0.0
2026-09-22 02:30,18.809892,72.996685,0.0
2026-09-22 02:30,18.809892,73.032863,0.0
2026-09-22 02:30,18.809892,73.06904,0.0
2026-09-22 03:00,19.388726,72.707268,0.0
2026-09-22 03:00,19.388726,72.743445,0.0
2026-09-22 03:00,19.388726,72.779622,0.0
2026-09-22 03:00,19.388726,72.8158,0.0
2026-09-22 03:00,19.388726,72.851977,0.0
2026-09-22 03:00,19.388726,72.888154,0.0
2026-09-22 03:00,19.388726,72.924331,0.0
2026-09-22 03:00,19.388726,72.960508,0.0
2026-09-22 03:00,19.388726,72.996685,0.0
2026-09-22 03:00,19.388726,73.032863,0.0
2026-09-22 03:00,19.388726,73.06904,0.0
2026-09-22 03:00,19.352549,72.707268,0.0
2026-09-22 03:00,19.352549,72.743445,0.0
2026-09-22 03:00,19.352549,72.779622,0.0
2026-09-22 03:00,19.352549,72.8158,0.0
2026-09-22 03:00,19.352549,72.851977,0.0
2026-09-22 03:00,19.352549,72.888154,0.0
2026-09-22 03:00,19.352549,72.924331,0.0
2026-09-22 03:00,19.352549,72.960508,0.0
2026-09-22 03:00,19.352549,72.996685,0.0
2026-09-22 03:00,19.352549,73.032863,0.0
2026-09-22 03:00,19.352549,73.06904,0.0
2026-09-22 03:00,19.316372,72.707268,0.0
2026-09-22 03:00,19.316372,72.743445,0.0
2026-09-22 03:00,19.316372,72.779622,0.0
2026-09-22 03:00,19.316372,72.8158,0.0
2026-09-22 03:00,19.316372,72.851977,0.0
2026-09-22 03:00,19.316372,72.888154,0.0
2026-09-22 03:00,19.316372,72.924331,0.0
2026-09-22 03:00,19.316372,72.960508,0.0
2026-09-22 03:00,19.316372,72.996685,0.0
2026-09-22 03:00,19.316372,73.032863,0.0
2026-09-22 03:00,19.316372,73.06904,0.0
2026-09-22 03:00,19.280195,72.707268,0.0
2026-09-22 03:00,19.280195,72.743445,0.0
2026-09-22 03:00,19.280195,72.779622,0.0
2026-09-22 03:00,19.280195,72.8158,0.0
2026-09-22 03:00,19.280195,72.851977,0.0
2026-09-22 03:00,19.280195,72.888154,0.0
2026-09-22 03:00,19.280195,72.924331,0.0
2026-09-22 03:00,19.280195,72.960508,0.0
2026-09-22 03:00,19.280195,72.996685,0.0
2026-09-22 03:00,19.280195,73.032863,0.0
2026-09-22 03:00,19.280195,73.06904,0.0
2026-09-22 03:00,19.244018,72.707268,0.0
2026-09-22 03:00,19.244018,72.743445,0.0
2026-09-22 03:00,19.244018,72.779622,0.0
2026-09-22 03:00,19.244018,72.8158,0.0
2026-09-22 03:00,19.244018,72.851977,0.0
2026-09-22 03:00,19.244018,72.888154,0.0
2026-09-22 03:00,19.244018,72.924331,0.0
2026-09-22 03:00,19.244018,72.960508,0.0
2026-09-22 03:00,19.244018,72.996685,0.0
2026-09-22 03:00,19.244018,73.032863,0.0
2026-09-22 03:00,19.244018,73.06904,0.0
2026-09-22 03:00,19.20784,72.707268,0.0
2026-09-22 03:00,19.20784,72.743445,0.0
2026-09-22 03:00,19.20784,72.779622,0.0
2026-09-22 03:00,19.20784,72.8158,0.0
2026-09-22 03:00,19.20784,72.851977,0.0
2026-09-22 03:00,19.20784,72.888154,0.0
2026-09-22 03:00,19.20784,72.924331,0.0
2026-09-22 03:00,19.20784,72.960508,0.0
2026-09-22 03:00,19.20784,72.996685,0.0
2026-09-22 03:00,19.20784,73.032863,0.0
2026-09-22 03:00,19.20784,73.06904,0.0
2026-09-22 03:00,19.171663,72.707268,0.0
2026-09-22 03:00,19.171663,72.743445,0.0
2026-09-22 03:00,19.171663,72.779622,0.0
2026-09-22 03:00,19.171663,72.8158,0.0
2026-09-22 03:00,19.171663,72.851977,0.0
2026-09-22 03:00,19.171663,72.888154,0.0
2026-09-22 03:00,19.171663,72.924331,0.0
2026-09-22 03:00,19.171663,72.960508,0.0
2026-09-22 03:00,19.171663,72.996685,0.0
2026-09-22 03:00,19.171663,73.032863,0.0
2026-09-22 03:00,19.171663,73.06904,0.0
2026-09-22 03:00,19.135486,72.707268,0.0
2026-09-22 03:00,19.135486,72.743445,0.0
2026-09-22 03:00,19.135486,72.779622,0.0
2026-09-22 03:00,19.135486,72.8158,0.0
2026-09-22 03:00,19.135486,72.851977,0.0
2026-09-22 03:00,19.135486,72.888154,0.0
2026-09-22 03:00,19.135486,72.924331,0.0
2026-09-22 03:00,19.135486,72.960508,0.0
2026-09-22 03:00,19.135486,72.996685,0.0
2026-09-22 03:00,19.135486,73.032863,0.0
2026-09-22 03:00,19.135486,73.06904,0.0
2026-09-22 03:00,19.099309,72.707268,0.0
2026-09-22 03:00,19.099309,72.743445,0.0
2026-09-22 03:00,19.099309,72.779622,0.0
2026-09-22 03:00,19.099309,72.8158,0.0
2026-09-22 03:00,19.099309,72.851977,0.0
2026-09-22 03:00,19.099309,72.888154,0.0
2026-09-22 03:00,19.099309,72.924331,0.0
2026-09-22 03:00,19.099309,72.960508,0.0
2026-09-22 03:00,19.099309,72.996685,0.0
2026-09-22 03:00,19.099309,73.032863,0.0
2026-09-22 03:00,19.099309,73.06904,0.0
2026-09-22 03:00,19.063132,72.707268,0.9941742
2026-09-22 03:00,19.063132,72.743445,0.0
2026-09-22 03:00,19.063132,72.779622,0.0
2026-09-22 03:00,19.063132,72.8158,0.0
2026-09-22 03:00,19.063132,72.851977,0.0
2026-09-22 03:00,19.063132,72.888154,0.0
2026-09-22 03:00,19.063132,72.924331,0.0
2026-09-22 03:00,19.063132,72.960508,0.0
2026-09-22 03:00,19.063132,72.996685,0.0
2026-09-22 03:00,19.063132,73.032863,0.0
2026-09-22 03:00,19.063132,73.06904,0.0
2026-09-22 03:00,19.026955,72.707268,1.2140219
2026-09-22 03:00,19.026955,72.743445,0.0
2026-09-22 03:00,19.026955,72.779622,0.0
2026-09-22 03:00,19.026955,72.8158,0.0
2026-09-22 03:00,19.026955,72.851977,0.0
2026-09-22 03:00,19.026955,72.888154,0.0
2026-09-22 03:00,19.026955,72.924331,0.0
2026-09-22 03:00,19.026955,72.960508,0.0
2026-09-22 03:00,19.026955,72.996685,0.0
2026-09-22 03:00,19.026955,73.032863,0.0
2026-09-22 03:00,19.026955,73.06904,0.0
2026-09-22 03:00,18.990778,72.707268,0.32696646
2026-09-22 03:00,18.990778,72.743445,0.0
2026-09-22 03:00,18.990778,72.779622,0.0
2026-09-22 03:00,18.990778,72.8158,0.0
2026-09-22 03:00,18.990778,72.851977,0.0
2026-09-22 03:00,18.990778,72.888154,0.0
2026-09-22 03:00,18.990778,72.924331,0.0
2026-09-22 03:00,18.990778,72.960508,0.0
2026-09-22 03:00,18.990778,72.996685,0.0
2026-09-22 03:00,18.990778,73.032863,0.0
2026-09-22 03:00,18.990778,73.06904,0.0
2026-09-22 03:00,18.9546,72.707268,0.056950834
2026-09-22 03:00,18.9546,72.743445,0.0
2026-09-22 03:00,18.9546,72.779622,0.0
2026-09-22 03:00,18.9546,72.8158,0.0
2026-09-22 03:00,18.9546,72.851977,0.0
2026-09-22 03:00,18.9546,72.888154,0.0
2026-09-22 03:00,18.9546,72.924331,0.0
2026-09-22 03:00,18.9546,72.960508,0.0
2026-09-22 03:00,18.9546,72.996685,0.0
2026-09-22 03:00,18.9546,73.032863,0.0
2026-09-22 03:00,18.9546,73.06904,0.0
2026-09-22 03:00,18.918423,72.707268,0.0
2026-09-22 03:00,18.918423,72.743445,0.0
2026-09-22 03:00,18.918423,72.779622,0.0
2026-09-22 03:00,18.918423,72.8158,0.0
2026-09-22 03:00,18.918423,72.851977,0.0
2026-09-22 03:00,18.918423,72.888154,0.0
2026-09-22 03:00,18.918423,72.924331,0.0
2026-09-22 03:00,18.918423,72.960508,0.0
2026-09-22 03:00,18.918423,72.996685,0.0
2026-09-22 03:00,18.918423,73.032863,0.0
2026-09-22 03:00,18.918423,73.06904,0.0
2026-09-22 03:00,18.882246,72.707268,0.0
2026-09-22 03:00,18.882246,72.743445,0.0
2026-09-22 03:00,18.882246,72.779622,0.0
2026-09-22 03:00,18.882246,72.8158,0.0
2026-09-22 03:00,18.882246,72.851977,0.0
2026-09-22 03:00,18.882246,72.888154,0.0
2026-09-22 03:00,18.882246,72.924331,0.0
2026-09-22 03:00,18.882246,72.960508,0.0
2026-09-22 03:00,18.882246,72.996685,0.0
2026-09-22 03:00,18.882246,73.032863,0.0
2026-09-22 03:00,18.882246,73.06904,0.0
2026-09-22 03:00,18.846069,72.707268,0.0
2026-09-22 03:00,18.846069,72.743445,0.0
2026-09-22 03:00,18.846069,72.779622,0.0
2026-09-22 03:00,18.846069,72.8158,0.0
2026-09-22 03:00,18.846069,72.851977,0.0
2026-09-22 03:00,18.846069,72.888154,0.0
2026-09-22 03:00,18.846069,72.924331,0.0
2026-09-22 03:00,18.846069,72.960508,0.0
2026-09-22 03:00,18.846069,72.996685,0.0
2026-09-22 03:00,18.846069,73.032863,0.0
2026-09-22 03:00,18.846069,73.06904,0.0
2026-09-22 03:00,18.809892,72.707268,0.0
2026-09-22 03:00,18.809892,72.743445,0.0
2026-09-22 03:00,18.809892,72.779622,0.0
2026-09-22 03:00,18.809892,72.8158,0.0
2026-09-22 03:00,18.809892,72.851977,0.0
2026-09-22 03:00,18.809892,72.888154,0.0
2026-09-22 03:00,18.809892,72.924331,0.0
2026-09-22 03:00,18.809892,72.960508,0.0
2026-09-22 03:00,18.809892,72.996685,0.0
2026-09-22 03:00,18.809892,73.032863,0.0
2026-09-22 03:00,18.809892,73.06904,0.0
2026-09-22 03:30,19.388726,72.707268,0.0
2026-09-22 03:30,19.388726,72.743445,0.0
2026-09-22 03:30,19.388726,72.779622,0.0
2026-09-22 03:30,19.388726,72.8158,0.0
2026-09-22 03:30,19.388726,72.851977,0.0
2026-09-22 03:30,19.388726,72.888154,0.0
2026-09-22 03:30,19.388726,72.924331,0.0
2026-09-22 03:30,19.388726,72.960508,0.0
2026-09-22 03:30,19.388726,72.996685,0.0
2026-09-22 03:30,19.388726,73.032863,0.0
2026-09-22 03:30,19.388726,73.06904,0.0
2026-09-22 03:30,19.352549,72.707268,0.0
2026-09-22 03:30,19.352549,72.743445,0.0
2026-09-22 03:30,19.352549,72.779622,0.0
2026-09-22 03:30,19.352549,72.8158,0.0
2026-09-22 03:30,19.352549,72.851977,0.0
2026-09-22 03:30,19.352549,72.888154,0.0
2026-09-22 03:30,19.352549,72.924331,0.0
2026-09-22 03:30,19.352549,72.960508,0.0
2026-09-22 03:30,19.352549,72.996685,0.0
2026-09-22 03:30,19.352549,73.032863,0.0
2026-09-22 03:30,19.352549,73.06904,0.0
2026-09-22 03:30,19.316372,72.707268,0.0
2026-09-22 03:30,19.316372,72.743445,0.0
2026-09-22 03:30,19.316372,72.779622,0.0
2026-09-22 03:30,19.316372,72.8158,0.0
2026-09-22 03:30,19.316372,72.851977,0.0
2026-09-22 03:30,19.316372,72.888154,0.0
2026-09-22 03:30,19.316372,72.924331,0.0
2026-09-22 03:30,19.316372,72.960508,0.0
2026-09-22 03:30,19.316372,72.996685,0.0
2026-09-22 03:30,19.316372,73.032863,0.0
2026-09-22 03:30,19.316372,73.06904,0.0
2026-09-22 03:30,19.280195,72.707268,0.0
2026-09-22 03:30,19.280195,72.743445,0.0
2026-09-22 03:30,19.280195,72.779622,0.0
2026-09-22 03:30,19.280195,72.8158,0.0
2026-09-22 03:30,19.280195,72.851977,0.0
2026-09-22 03:30,19.280195,72.888154,0.0
2026-09-22 03:30,19.280195,72.924331,0.0
2026-09-22 03:30,19.280195,72.960508,0.0
2026-09-22 03:30,19.280195,72.996685,0.0
2026-09-22 03:30,19.280195,73.032863,0.0
2026-09-22 03:30,19.280195,73.06904,0.0
2026-09-22 03:30,19.244018,72.707268,0.0
2026-09-22 03:30,19.244018,72.743445,0.0
2026-09-22 03:30,19.244018,72.779622,0.0
2026-09-22 03:30,19.244018,72.8158,0.0
2026-09-22 03:30,19.244018,72.851977,0.0
2026-09-22 03:30,19.244018,72.888154,0.0
2026-09-22 03:30,19.244018,72.924331,0.0
2026-09-22 03:30,19.244018,72.960508,0.0
2026-09-22 03:30,19.244018,72.996685,0.0
2026-09-22 03:30,19.244018,73.032863,0.0
2026-09-22 03:30,19.244018,73.06904,0.0
2026-09-22 03:30,19.20784,72.707268,0.0
2026-09-22 03:30,19.20784,72.743445,0.0
2026-09-22 03:30,19.20784,72.779622,0.0
2026-09-22 03:30,19.20784,72.8158,0.0
2026-09-22 03:30,19.20784,72.851977,0.0
2026-09-22 03:30,19.20784,72.888154,0.0
2026-09-22 03:30,19.20784,72.924331,0.0
2026-09-22 03:30,19.20784,72.960508,0.0
2026-09-22 03:30,19.20784,72.996685,0.0
2026-09-22 03:30,19.20784,73.032863,0.0
2026-09-22 03:30,19.20784,73.06904,0.0
2026-09-22 03:30,19.171663,72.707268,0.0
2026-09-22 03:30,19.171663,72.743445,0.0
2026-09-22 03:30,19.171663,72.779622,0.0
2026-09-22 03:30,19.171663,72.8158,0.0
2026-09-22 03:30,19.171663,72.851977,0.0
2026-09-22 03:30,19.171663,72.888154,0.0
2026-09-22 03:30,19.171663,72.924331,0.0
2026-09-22 03:30,19.171663,72.960508,0.0
2026-09-22 03:30,19.171663,72.996685,0.0
2026-09-22 03:30,19.171663,73.032863,0.0
2026-09-22 03:30,19.171663,73.06904,0.0
2026-09-22 03:30,19.135486,72.707268,0.0
2026-09-22 03:30,19.135486,72.743445,0.0
2026-09-22 03:30,19.135486,72.779622,0.0
2026-09-22 03:30,19.135486,72.8158,0.0
2026-09-22 03:30,19.135486,72.851977,0.0
2026-09-22 03:30,19.135486,72.888154,0.0
2026-09-22 03:30,19.135486,72.924331,0.0
2026-09-22 03:30,19.135486,72.960508,0.0
2026-09-22 03:30,19.135486,72.996685,0.0
2026-09-22 03:30,19.135486,73.032863,0.0
2026-09-22 03:30,19.135486,73.06904,0.0
2026-09-22 03:30,19.099309,72.707268,0.0
2026-09-22 03:30,19.099309,72.743445,0.0
2026-09-22 03:30,19.099309,72.779622,0.0
2026-09-22 03:30,19.099309,72.8158,0.0
2026-09-22 03:30,19.099309,72.851977,0.0
2026-09-22 03:30,19.099309,72.888154,0.0
2026-09-22 03:30,19.099309,72.924331,0.0
2026-09-22 03:30,19.099309,72.960508,0.0
2026-09-22 03:30,19.099309,72.996685,0.0
2026-09-22 03:30,19.099309,73.032863,0.0
2026-09-22 03:30,19.099309,73.06904,0.0
2026-09-22 03:30,19.063132,72.707268,0.066385426
2026-09-22 03:30,19.063132,72.743445,0.0
2026-09-22 03:30,19.063132,72.779622,0.0
2026-09-22 03:30,19.063132,72.8158,0.0
2026-09-22 03:30,19.063132,72.851977,0.0
2026-09-22 03:30,19.063132,72.888154,0.0
2026-09-22 03:30,19.063132,72.924331,0.0
2026-09-22 03:30,19.063132,72.960508,0.0
2026-09-22 03:30,19.063132,72.996685,0.0
2026-09-22 03:30,19.063132,73.032863,0.0
2026-09-22 03:30,19.063132,73.06904,0.0
2026-09-22 03:30,19.026955,72.707268,0.0
2026-09-22 03:30,19.026955,72.743445,0.0
2026-09-22 03:30,19.026955,72.779622,0.0
2026-09-22 03:30,19.026955,72.8158,0.0
2026-09-22 03:30,19.026955,72.851977,0.0
2026-09-22 03:30,19.026955,72.888154,0.0
2026-09-22 03:30,19.026955,72.924331,0.0
2026-09-22 03:30,19.026955,72.960508,0.0
2026-09-22 03:30,19.026955,72.996685,0.0
2026-09-22 03:30,19.026955,73.032863,0.0
2026-09-22 03:30,19.026955,73.06904,0.0
2026-09-22 03:30,18.990778,72.707268,0.528106
2026-09-22 03:30,18.990778,72.743445,0.0
2026-09-22 03:30,18.990778,72.779622,0.0
2026-09-22 03:30,18.990778,72.8158,0.0
2026-09-22 03:30,18.990778,72.851977,0.0
2026-09-22 03:30,18.990778,72.888154,0.0
2026-09-22 03:30,18.990778,72.924331,0.0
2026-09-22 03:30,18.990778,72.960508,0.0
2026-09-22 03:30,18.990778,72.996685,0.0
2026-09-22 03:30,18.990778,73.032863,0.0
2026-09-22 03:30,18.990778,73.06904,0.0
2026-09-22 03:30,18.9546,72.707268,1.036051
2026-09-22 03:30,18.9546,72.743445,0.0
2026-09-22 03:30,18.9546,72.779622,0.0
2026-09-22 03:30,18.9546,72.8158,0.0
2026-09-22 03:30,18.9546,72.851977,0.0
2026-09-22 03:30,18.9546,72.888154,0.0
2026-09-22 03:30,18.9546,72.924331,0.0
2026-09-22 03:30,18.9546,72.960508,0.0
2026-09-22 03:30,18.9546,72.996685,0.0
2026-09-22 03:30,18.9546,73.032863,0.0
2026-09-22 03:30,18.9546,73.06904,0.0
2026-09-22 03:30,18.918423,72.707268,0.14268859
2026-09-22 03:30,18.918423,72.743445,0.0
2026-09-22 03:30,18.918423,72.779622,0.0
2026-09-22 03:30,18.918423,72.8158,0.0
2026-09-22 03:30,18.918423,72.851977,0.0
2026-09-22 03:30,18.918423,72.888154,0.0
2026-09-22 03:30,18.918423,72.924331,0.0
2026-09-22 03:30,18.918423,72.960508,0.0
2026-09-22 03:30,18.918423,72.996685,0.0
2026-09-22 03:30,18.918423,73.032863,0.0
2026-09-22 03:30,18.918423,73.06904,0.0
2026-09-22 03:30,18.882246,72.707268,0.14268859
2026-09-22 03:30,18.882246,72.743445,0.0
2026-09-22 03:30,18.882246,72.779622,0.0
2026-09-22 03:30,18.882246,72.8158,0.0
2026-09-22 03:30,18.882246,72.851977,0.0
2026-09-22 03:30,18.882246,72.888154,0.0
2026-09-22 03:30,18.882246,72.924331,0.0
2026-09-22 03:30,18.882246,72.960508,0.0
2026-09-22 03:30,18.882246,72.996685,0.0
2026-09-22 03:30,18.882246,73.032863,0.0
2026-09-22 03:30,18.882246,73.06904,0.0
2026-09-22 03:30,18.846069,72.707268,0.0
2026-09-22 03:30,18.846069,72.743445,0.0
2026-09-22 03:30,18.846069,72.779622,0.0
2026-09-22 03:30,18.846069,72.8158,0.0
2026-09-22 03:30,18.846069,72.851977,0.0
2026-09-22 03:30,18.846069,72.888154,0.0
2026-09-22 03:30,18.846069,72.924331,0.0
2026-09-22 03:30,18.846069,72.960508,0.0
2026-09-22 03:30,18.846069,72.996685,0.0
2026-09-22 03:30,18.846069,73.032863,0.0
2026-09-22 03:30,18.846069,73.06904,0.0
2026-09-22 03:30,18.809892,72.707268,0.0
2026-09-22 03:30,18.809892,72.743445,0.0
2026-09-22 03:30,18.809892,72.779622,0.0
2026-09-22 03:30,18.809892,72.8158,0.0
2026-09-22 03:30,18.809892,72.851977,0.0
2026-09-22 03:30,18.809892,72.888154,0.0
2026-09-22 03:30,18.809892,72.924331,0.0
2026-09-22 03:30,18.809892,72.960508,0.0
2026-09-22 03:30,18.809892,72.996685,0.0
2026-09-22 03:30,18.809892,73.032863,0.0
2026-09-22 03:30,18.809892,73.06904,0.0
2026-09-22 04:00,19.388726,72.707268,0.0
2026-09-22 04:00,19.388726,72.743445,0.0
2026-09-22 04:00,19.388726,72.779622,0.0
2026-09-22 04:00,19.388726,72.8158,0.0
2026-09-22 04:00,19.388726,72.851977,0.0
2026-09-22 04:00,19.388726,72.888154,0.0
2026-09-22 04:00,19.388726,72.924331,0.0
2026-09-22 04:00,19.388726,72.960508,0.0
2026-09-22 04:00,19.388726,72.996685,0.0
2026-09-22 04:00,19.388726,73.032863,0.0
2026-09-22 04:00,19.388726,73.06904,0.0
2026-09-22 04:00,19.352549,72.707268,0.0
2026-09-22 04:00,19.352549,72.743445,0.0
2026-09-22 04:00,19.352549,72.779622,0.0
2026-09-22 04:00,19.352549,72.8158,0.0
2026-09-22 04:00,19.352549,72.851977,0.0
2026-09-22 04:00,19.352549,72.888154,0.0
2026-09-22 04:00,19.352549,72.924331,0.0
2026-09-22 04:00,19.352549,72.960508,0.0
2026-09-22 04:00,19.352549,72.996685,0.0
2026-09-22 04:00,19.352549,73.032863,0.0
2026-09-22 04:00,19.352549,73.06904,0.0
2026-09-22 04:00,19.316372,72.707268,0.0
2026-09-22 04:00,19.316372,72.743445,0.0
2026-09-22 04:00,19.316372,72.779622,0.0
2026-09-22 04:00,19.316372,72.8158,0.0
2026-09-22 04:00,19.316372,72.851977,0.0
2026-09-22 04:00,19.316372,72.888154,0.0
2026-09-22 04:00,19.316372,72.924331,0.0
2026-09-22 04:00,19.316372,72.960508,0.0
2026-09-22 04:00,19.316372,72.996685,0.0
2026-09-22 04:00,19.316372,73.032863,0.0
2026-09-22 04:00,19.316372,73.06904,0.0
2026-09-22 04:00,19.280195,72.707268,0.0
2026-09-22 04:00,19.280195,72.743445,0.0
2026-09-22 04:00,19.280195,72.779622,0.0
2026-09-22 04:00,19.280195,72.8158,0.0
2026-09-22 04:00,19.280195,72.851977,0.0
2026-09-22 04:00,19.280195,72.888154,0.0
2026-09-22 04:00,19.280195,72.924331,0.0
2026-09-22 04:00,19.280195,72.960508,0.0
2026-09-22 04:00,19.280195,72.996685,0.0
2026-09-22 04:00,19.280195,73.032863,0.0
2026-09-22 04:00,19.280195,73.06904,0.0
2026-09-22 04:00,19.244018,72.707268,0.0
2026-09-22 04:00,19.244018,72.743445,0.0
2026-09-22 04:00,19.244018,72.779622,0.0
2026-09-22 04:00,19.244018,72.8158,0.0
2026-09-22 04:00,19.244018,72.851977,0.0
2026-09-22 04:00,19.244018,72.888154,0.0
2026-09-22 04:00,19.244018,72.924331,0.0
2026-09-22 04:00,19.244018,72.960508,0.0
2026-09-22 04:00,19.244018,72.996685,0.0
2026-09-22 04:00,19.244018,73.032863,0.0
2026-09-22 04:00,19.244018,73.06904,0.0
2026-09-22 04:00,19.20784,72.707268,0.0
2026-09-22 04:00,19.20784,72.743445,0.0
2026-09-22 04:00,19.20784,72.779622,0.0
2026-09-22 04:00,19.20784,72.8158,0.0
2026-09-22 04:00,19.20784,72.851977,0.0
2026-09-22 04:00,19.20784,72.888154,0.0
2026-09-22 04:00,19.20784,72.924331,0.0
2026-09-22 04:00,19.20784,72.960508,0.0
2026-09-22 04:00,19.20784,72.996685,0.0
2026-09-22 04:00,19.20784,73.032863,0.0
2026-09-22 04:00,19.20784,73.06904,0.0
2026-09-22 04:00,19.171663,72.707268,0.0
2026-09-22 04:00,19.171663,72.743445,0.0
2026-09-22 04:00,19.171663,72.779622,0.0
2026-09-22 04:00,19.171663,72.8158,0.0
2026-09-22 04:00,19.171663,72.851977,0.0
2026-09-22 04:00,19.171663,72.888154,0.0
2026-09-22 04:00,19.171663,72.924331,0.0
2026-09-22 04:00,19.171663,72.960508,0.0
2026-09-22 04:00,19.171663,72.996685,0.0
2026-09-22 04:00,19.171663,73.032863,0.0
2026-09-22 04:00,19.171663,73.06904,0.0
2026-09-22 04:00,19.135486,72.707268,0.0
2026-09-22 04:00,19.135486,72.743445,0.0
2026-09-22 04:00,19.135486,72.779622,0.0
2026-09-22 04:00,19.135486,72.8158,0.0
2026-09-22 04:00,19.135486,72.851977,0.0
2026-09-22 04:00,19.135486,72.888154,0.0
2026-09-22 04:00,19.135486,72.924331,0.0
2026-09-22 04:00,19.135486,72.960508,0.0
2026-09-22 04:00,19.135486,72.996685,0.0
2026-09-22 04:00,19.135486,73.032863,0.0
2026-09-22 04:00,19.135486,73.06904,0.0
2026-09-22 04:00,19.099309,72.707268,0.0
2026-09-22 04:00,19.099309,72.743445,0.0
2026-09-22 04:00,19.099309,72.779622,0.0
2026-09-22 04:00,19.099309,72.8158,0.0
2026-09-22 04:00,19.099309,72.851977,0.0
2026-09-22 04:00,19.099309,72.888154,0.0
2026-09-22 04:00,19.099309,72.924331,0.0
2026-09-22 04:00,19.099309,72.960508,0.0
2026-09-22 04:00,19.099309,72.996685,0.0
2026-09-22 04:00,19.099309,73.032863,0.0
2026-09-22 04:00,19.099309,73.06904,0.0
2026-09-22 04:00,19.063132,72.707268,0.0
2026-09-22 04:00,19.063132,72.743445,0.0
2026-09-22 04:00,19.063132,72.779622,0.0
2026-09-22 04:00,19.063132,72.8158,0.0
2026-09-22 04:00,19.063132,72.851977,0.0
2026-09-22 04:00,19.063132,72.888154,0.0
2026-09-22 04:00,19.063132,72.924331,0.0
2026-09-22 04:00,19.063132,72.960508,0.0
2026-09-22 04:00,19.063132,72.996685,0.0
2026-09-22 04:00,19.063132,73.032863,0.0
2026-09-22 04:00,19.063132,73.06904,0.0
2026-09-22 04:00,19.026955,72.707268,0.0
2026-09-22 04:00,19.026955,72.743445,0.0
2026-09-22 04:00,19.026955,72.779622,0.0
2026-09-22 04:00,19.026955,72.8158,0.0
2026-09-22 04:00,19.026955,72.851977,0.0
2026-09-22 04:00,19.026955,72.888154,0.0
2026-09-22 04:00,19.026955,72.924331,0.0
2026-09-22 04:00,19.026955,72.960508,0.0
2026-09-22 04:00,19.026955,72.996685,0.0
2026-09-22 04:00,19.026955,73.032863,0.0
2026-09-22 04:00,19.026955,73.06904,0.0
2026-09-22 04:00,18.990778,72.707268,0.0
2026-09-22 04:00,18.990778,72.743445,0.0
2026-09-22 04:00,18.990778,72.779622,0.0
2026-09-22 04:00,18.990778,72.8158,0.0
2026-09-22 04:00,18.990778,72.851977,0.0
2026-09-22 04:00,18.990778,72.888154,0.0
2026-09-22 04:00,18.990778,72.924331,0.0
2026-09-22 04:00,18.990778,72.960508,0.0
2026-09-22 04:00,18.990778,72.996685,0.0
2026-09-22 04:00,18.990778,73.032863,0.0
2026-09-22 04:00,18.990778,73.06904,0.0
2026-09-22 04:00,18.9546,72.707268,0.18498404
2026-09-22 04:00,18.9546,72.743445,0.0
2026-09-22 04:00,18.9546,72.779622,0.0
2026-09-22 04:00,18.9546,72.8158,0.0
2026-09-22 04:00,18.9546,72.851977,0.0
2026-09-22 04:00,18.9546,72.888154,0.0
2026-09-22 04:00,18.9546,72.924331,0.0
2026-09-22 04:00,18.9546,72.960508,0.0
2026-09-22 04:00,18.9546,72.996685,0.0
2026-09-22 04:00,18.9546,73.032863,0.0
2026-09-22 04:00,18.9546,73.06904,0.0
2026-09-22 04:00,18.918423,72.707268,0.093284085
2026-09-22 04:00,18.918423,72.743445,0.0
2026-09-22 04:00,18.918423,72.779622,0.0
2026-09-22 04:00,18.918423,72.8158,0.0
2026-09-22 04:00,18.918423,72.851977,0.0
2026-09-22 04:00,18.918423,72.888154,0.0
2026-09-22 04:00,18.918423,72.924331,0.0
2026-09-22 04:00,18.918423,72.960508,0.0
2026-09-22 04:00,18.918423,72.996685,0.0
2026-09-22 04:00,18.918423,73.032863,0.0
2026-09-22 04:00,18.918423,73.06904,0.0
2026-09-22 04:00,18.882246,72.707268,0.093284085
2026-09-22 04:00,18.882246,72.743445,0.0
2026-09-22 04:00,18.882246,72.779622,0.0
2026-09-22 04:00,18.882246,72.8158,0.0
2026-09-22 04:00,18.882246,72.851977,0.0
2026-09-22 04:00,18.882246,72.888154,0.0
2026-09-22 04:00,18.882246,72.924331,0.0
2026-09-22 04:00,18.882246,72.960508,0.0
2026-09-22 04:00,18.882246,72.996685,0.0
2026-09-22 04:00,18.882246,73.032863,0.0
2026-09-22 04:00,18.882246,73.06904,0.0
2026-09-22 04:00,18.846069,72.707268,0.045716066
2026-09-22 04:00,18.846069,72.743445,0.0
2026-09-22 04:00,18.846069,72.779622,0.0
2026-09-22 04:00,18.846069,72.8158,0.0
2026-09-22 04:00,18.846069,72.851977,0.0
2026-09-22 04:00,18.846069,72.888154,0.0
2026-09-22 04:00,18.846069,72.924331,0.0
2026-09-22 04:00,18.846069,72.960508,0.0
2026-09-22 04:00,18.846069,72.996685,0.0
2026-09-22 04:00,18.846069,73.032863,0.0
2026-09-22 04:00,18.846069,73.06904,0.0
2026-09-22 04:00,18.809892,72.707268,0.028123522
2026-09-22 04:00,18.809892,72.743445,0.0
2026-09-22 04:00,18.809892,72.779622,0.0
2026-09-22 04:00,18.809892,72.8158,0.0
2026-09-22 04:00,18.809892,72.851977,0.0
2026-09-22 04:00,18.809892,72.888154,0.0
2026-09-22 04:00,18.809892,72.924331,0.0
2026-09-22 04:00,18.809892,72.960508,0.0
2026-09-22 04:00,18.809892,72.996685,0.0
2026-09-22 04:00,18.809892,73.032863,0.0
2026-09-22 04:00,18.809892,73.06904,0.0
2026-09-22 04:30,19.388726,72.707268,0.0
2026-09-22 04:30,19.388726,72.743445,0.0
2026-09-22 04:30,19.388726,72.779622,0.0
2026-09-22 04:30,19.388726,72.8158,0.0
2026-09-22 04:30,19.388726,72.851977,0.0
2026-09-22 04:30,19.388726,72.888154,0.0
2026-09-22 04:30,19.388726,72.924331,0.0
2026-09-22 04:30,19.388726,72.960508,0.0
2026-09-22 04:30,19.388726,72.996685,0.0
2026-09-22 04:30,19.388726,73.032863,0.0
2026-09-22 04:30,19.388726,73.06904,0.0
2026-09-22 04:30,19.352549,72.707268,0.0
2026-09-22 04:30,19.352549,72.743445,0.0
2026-09-22 04:30,19.352549,72.779622,0.0
2026-09-22 04:30,19.352549,72.8158,0.0
2026-09-22 04:30,19.352549,72.851977,0.0
2026-09-22 04:30,19.352549,72.888154,0.0
2026-09-22 04:30,19.352549,72.924331,0.0
2026-09-22 04:30,19.352549,72.960508,0.0
2026-09-22 04:30,19.352549,72.996685,0.0
2026-09-22 04:30,19.352549,73.032863,0.0
2026-09-22 04:30,19.352549,73.06904,0.0
2026-09-22 04:30,19.316372,72.707268,0.0
2026-09-22 04:30,19.316372,72.743445,0.0
2026-09-22 04:30,19.316372,72.779622,0.0
2026-09-22 04:30,19.316372,72.8158,0.0
2026-09-22 04:30,19.316372,72.851977,0.0
2026-09-22 04:30,19.316372,72.888154,0.0
2026-09-22 04:30,19.316372,72.924331,0.0
2026-09-22 04:30,19.316372,72.960508,0.0
2026-09-22 04:30,19.316372,72.996685,0.0
2026-09-22 04:30,19.316372,73.032863,0.0
2026-09-22 04:30,19.316372,73.06904,0.0
2026-09-22 04:30,19.280195,72.707268,0.0
2026-09-22 04:30,19.280195,72.743445,0.0
2026-09-22 04:30,19.280195,72.779622,0.0
2026-09-22 04:30,19.280195,72.8158,0.0
2026-09-22 04:30,19.280195,72.851977,0.0
2026-09-22 04:30,19.280195,72.888154,0.0
2026-09-22 04:30,19.280195,72.924331,0.0
2026-09-22 04:30,19.280195,72.960508,0.0
2026-09-22 04:30,19.280195,72.996685,0.0
2026-09-22 04:30,19.280195,73.032863,0.0
2026-09-22 04:30,19.280195,73.06904,0.0
2026-09-22 04:30,19.244018,72.707268,0.0
2026-09-22 04:30,19.244018,72.743445,0.0
2026-09-22 04:30,19.244018,72.779622,0.0
2026-09-22 04:30,19.244018,72.8158,0.0
2026-09-22 04:30,19.244018,72.851977,0.0
2026-09-22 04:30,19.244018,72.888154,0.0
2026-09-22 04:30,19.244018,72.924331,0.0
2026-09-22 04:30,19.244018,72.960508,0.0
2026-09-22 04:30,19.244018,72.996685,0.0
2026-09-22 04:30,19.244018,73.032863,0.0
2026-09-22 04:30,19.244018,73.06904,0.0
2026-09-22 04:30,19.20784,72.707268,0.0
2026-09-22 04:30,19.20784,72.743445,0.0
2026-09-22 04:30,19.20784,72.779622,0.0
2026-09-22 04:30,19.20784,72.8158,0.0
2026-09-22 04:30,19.20784,72.851977,0.0
2026-09-22 04:30,19.20784,72.888154,0.0
2026-09-22 04:30,19.20784,72.924331,0.0
2026-09-22 04:30,19.20784,72.960508,0.0
2026-09-22 04:30,19.20784,72.996685,0.0
2026-09-22 04:30,19.20784,73.032863,0.0
2026-09-22 04:30,19.20784,73.06904,0.0
2026-09-22 04:30,19.171663,72.707268,0.0
2026-09-22 04:30,19.171663,72.743445,0.0
2026-09-22 04:30,19.171663,72.779622,0.0
2026-09-22 04:30,19.171663,72.8158,0.0
2026-09-22 04:30,19.171663,72.851977,0.0
2026-09-22 04:30,19.171663,72.888154,0.0
2026-09-22 04:30,19.171663,72.924331,0.0
2026-09-22 04:30,19.171663,72.960508,0.0
2026-09-22 04:30,19.171663,72.996685,0.0
2026-09-22 04:30,19.171663,73.032863,0.0
2026-09-22 04:30,19.171663,73.06904,0.0
2026-09-22 04:30,19.135486,72.707268,0.0
2026-09-22 04:30,19.135486,72.743445,0.0
2026-09-22 04:30,19.135486,72.779622,0.0
2026-09-22 04:30,19.135486,72.8158,0.0
2026-09-22 04:30,19.135486,72.851977,0.0
2026-09-22 04:30,19.135486,72.888154,0.0
2026-09-22 04:30,19.135486,72.924331,0.0
2026-09-22 04:30,19.135486,72.960508,0.0
2026-09-22 04:30,19.135486,72.996685,0.0
2026-09-22 04:30,19.135486,73.032863,0.0
2026-09-22 04:30,19.135486,73.06904,0.0
2026-09-22 04:30,19.099309,72.707268,0.0
2026-09-22 04:30,19.099309,72.743445,0.0
2026-09-22 04:30,19.099309,72.779622,0.0
2026-09-22 04:30,19.099309,72.8158,0.0
2026-09-22 04:30,19.099309,72.851977,0.0
2026-09-22 04:30,19.099309,72.888154,0.0
2026-09-22 04:30,19.099309,72.924331,0.0
2026-09-22 04:30,19.099309,72.960508,0.0
2026-09-22 04:30,19.099309,72.996685,0.0
2026-09-22 04:30,19.099309,73.032863,0.0
2026-09-22 04:30,19.099309,73.06904,0.0
2026-09-22 04:30,19.063132,72.707268,0.0
2026-09-22 04:30,19.063132,72.743445,0.0
2026-09-22 04:30,19.063132,72.779622,0.0
2026-09-22 04:30,19.063132,72.8158,0.0
2026-09-22 04:30,19.063132,72.851977,0.0
2026-09-22 04:30,19.063132,72.888154,0.0
2026-09-22 04:30,19.063132,72.924331,0.0
2026-09-22 04:30,19.063132,72.960508,0.0
2026-09-22 04:30,19.063132,72.996685,0.0
2026-09-22 04:30,19.063132,73.032863,0.0
2026-09-22 04:30,19.063132,73.06904,0.0
2026-09-22 04:30,19.026955,72.707268,0.0
2026-09-22 04:30,19.026955,72.743445,0.0
2026-09-22 04:30,19.026955,72.779622,0.0
2026-09-22 04:30,19.026955,72.8158,0.0
2026-09-22 04:30,19.026955,72.851977,0.0
2026-09-22 04:30,19.026955,72.888154,0.0
2026-09-22 04:30,19.026955,72.924331,0.0
2026-09-22 04:30,19.026955,72.960508,0.0
2026-09-22 04:30,19.026955,72.996685,0.0
2026-09-22 04:30,19.026955,73.032863,0.0
2026-09-22 04:30,19.026955,73.06904,0.0
2026-09-22 04:30,18.990778,72.707268,0.0
2026-09-22 04:30,18.990778,72.743445,0.0
2026-09-22 04:30,18.990778,72.779622,0.0
2026-09-22 04:30,18.990778,72.8158,0.0
2026-09-22 04:30,18.990778,72.851977,0.0
2026-09-22 04:30,18.990778,72.888154,0.0
2026-09-22 04:30,18.990778,72.924331,0.0
2026-09-22 04:30,18.990778,72.960508,0.0
2026-09-22 04:30,18.990778,72.996685,0.0
2026-09-22 04:30,18.990778,73.032863,0.0
2026-09-22 04:30,18.990778,73.06904,0.0
2026-09-22 04:30,18.9546,72.707268,0.0
2026-09-22 04:30,18.9546,72.743445,0.0
2026-09-22 04:30,18.9546,72.779622,0.0
2026-09-22 04:30,18.9546,72.8158,0.0
2026-09-22 04:30,18.9546,72.851977,0.0
2026-09-22 04:30,18.9546,72.888154,0.0
2026-09-22 04:30,18.9546,72.924331,0.0
2026-09-22 04:30,18.9546,72.960508,0.0
2026-09-22 04:30,18.9546,72.996685,0.0
2026-09-22 04:30,18.9546,73.032863,0.0
2026-09-22 04:30,18.9546,73.06904,0.0
2026-09-22 04:30,18.918423,72.707268,0.04415641
2026-09-22 04:30,18.918423,72.743445,0.0
2026-09-22 04:30,18.918423,72.779622,0.0
2026-09-22 04:30,18.918423,72.8158,0.0
2026-09-22 04:30,18.918423,72.851977,0.0
2026-09-22 04:30,18.918423,72.888154,0.0
2026-09-22 04:30,18.918423,72.924331,0.0
2026-09-22 04:30,18.918423,72.960508,0.0
2026-09-22 04:30,18.918423,72.996685,0.0
2026-09-22 04:30,18.918423,73.032863,0.0
2026-09-22 04:30,18.918423,73.06904,0.0
2026-09-22 04:30,18.882246,72.707268,0.04415641
2026-09-22 04:30,18.882246,72.743445,0.29674226
2026-09-22 04:30,18.882246,72.779622,0.11901126
2026-09-22 04:30,18.882246,72.8158,0.23160098
2026-09-22 04:30,18.882246,72.851977,0.0
2026-09-22 04:30,18.882246,72.888154,0.0
2026-09-22 04:30,18.882246,72.924331,0.0
2026-09-22 04:30,18.882246,72.960508,0.0
2026-09-22 04:30,18.882246,72.996685,0.0
2026-09-22 04:30,18.882246,73.032863,0.0
2026-09-22 04:30,18.882246,73.06904,0.0
2026-09-22 04:30,18.846069,72.707268,0.11299123
2026-09-22 04:30,18.846069,72.743445,0.8244044
2026-09-22 04:30,18.846069,72.779622,0.15319072
2026-09-22 04:30,18.846069,72.8158,0.053481147
2026-09-22 04:30,18.846069,72.851977,0.0
2026-09-22 04:30,18.846069,72.888154,0.0
2026-09-22 04:30,18.846069,72.924331,0.0
2026-09-22 04:30,18.846069,72.960508,0.0
2026-09-22 04:30,18.846069,72.996685,0.0
2026-09-22 04:30,18.846069,73.032863,0.0
2026-09-22 04:30,18.846069,73.06904,0.0
2026-09-22 04:30,18.809892,72.707268,0.025236858
2026-09-22 04:30,18.809892,72.743445,0.06044732
2026-09-22 04:30,18.809892,72.779622,0.089288816
2026-09-22 04:30,18.809892,72.8158,0.0
2026-09-22 04:30,18.809892,72.851977,0.0
2026-09-22 04:30,18.809892,72.888154,0.0
2026-09-22 04:30,18.809892,72.924331,0.0
2026-09-22 04:30,18.809892,72.960508,0.0
2026-09-22 04:30,18.809892,72.996685,0.0
2026-09-22 04:30,18.809892,73.032863,0.0
2026-09-22 04:30,18.809892,73.06904,0.0
2026-09-22 05:00,19.388726,72.707268,0.0
2026-09-22 05:00,19.388726,72.743445,0.0
2026-09-22 05:00,19.388726,72.779622,0.0
2026-09-22 05:00,19.388726,72.8158,0.0
2026-09-22 05:00,19.388726,72.851977,0.0
2026-09-22 05:00,19.388726,72.888154,0.0
2026-09-22 05:00,19.388726,72.924331,0.0
2026-09-22 05:00,19.388726,72.960508,0.0
2026-09-22 05:00,19.388726,72.996685,0.0
2026-09-22 05:00,19.388726,73.032863,0.0
2026-09-22 05:00,19.388726,73.06904,0.0
2026-09-22 05:00,19.352549,72.707268,0.0
2026-09-22 05:00,19.352549,72.743445,0.0
2026-09-22 05:00,19.352549,72.779622,0.0
2026-09-22 05:00,19.352549,72.8158,0.0
2026-09-22 05:00,19.352549,72.851977,0.0
2026-09-22 05:00,19.352549,72.888154,0.0
2026-09-22 05:00,19.352549,72.924331,0.0
2026-09-22 05:00,19.352549,72.960508,0.0
2026-09-22 05:00,19.352549,72.996685,0.0
2026-09-22 05:00,19.352549,73.032863,0.0
2026-09-22 05:00,19.352549,73.06904,0.0
2026-09-22 05:00,19.316372,72.707268,0.0
2026-09-22 05:00,19.316372,72.743445,0.0
2026-09-22 05:00,19.316372,72.779622,0.0
2026-09-22 05:00,19.316372,72.8158,0.0
2026-09-22 05:00,19.316372,72.851977,0.0
2026-09-22 05:00,19.316372,72.888154,0.0
2026-09-22 05:00,19.316372,72.924331,0.0
2026-09-22 05:00,19.316372,72.960508,0.0
2026-09-22 05:00,19.316372,72.996685,0.0
2026-09-22 05:00,19.316372,73.032863,0.0
2026-09-22 05:00,19.316372,73.06904,0.0
2026-09-22 05:00,19.280195,72.707268,0.0
2026-09-22 05:00,19.280195,72.743445,0.0
2026-09-22 05:00,19.280195,72.779622,0.0
2026-09-22 05:00,19.280195,72.8158,0.0
2026-09-22 05:00,19.280195,72.851977,0.0
2026-09-22 05:00,19.280195,72.888154,0.0
2026-09-22 05:00,19.280195,72.924331,0.0
2026-09-22 05:00,19.280195,72.960508,0.0
2026-09-22 05:00,19.280195,72.996685,0.0
2026-09-22 05:00,19.280195,73.032863,0.0
2026-09-22 05:00,19.280195,73.06904,0.0
2026-09-22 05:00,19.244018,72.707268,0.0
2026-09-22 05:00,19.244018,72.743445,0.0
2026-09-22 05:00,19.244018,72.779622,0.0
2026-09-22 05:00,19.244018,72.8158,0.0
2026-09-22 05:00,19.244018,72.851977,0.0
2026-09-22 05:00,19.244018,72.888154,0.0
2026-09-22 05:00,19.244018,72.924331,0.0
2026-09-22 05:00,19.244018,72.960508,0.0
2026-09-22 05:00,19.244018,72.996685,0.0
2026-09-22 05:00,19.244018,73.032863,0.0
2026-09-22 05:00,19.244018,73.06904,0.0
2026-09-22 05:00,19.20784,72.707268,0.0
2026-09-22 05:00,19.20784,72.743445,0.0
2026-09-22 05:00,19.20784,72.779622,0.0
2026-09-22 05:00,19.20784,72.8158,0.0
2026-09-22 05:00,19.20784,72.851977,0.0
2026-09-22 05:00,19.20784,72.888154,0.0
2026-09-22 05:00,19.20784,72.924331,0.0
2026-09-22 05:00,19.20784,72.960508,0.0
2026-09-22 05:00,19.20784,72.996685,0.0
2026-09-22 05:00,19.20784,73.032863,0.0
2026-09-22 05:00,19.20784,73.06904,0.0
2026-09-22 05:00,19.171663,72.707268,0.0
2026-09-22 05:00,19.171663,72.743445,0.0
2026-09-22 05:00,19.171663,72.779622,0.0
2026-09-22 05:00,19.171663,72.8158,0.0
2026-09-22 05:00,19.171663,72.851977,0.0
2026-09-22 05:00,19.171663,72.888154,0.0
2026-09-22 05:00,19.171663,72.924331,0.0
2026-09-22 05:00,19.171663,72.960508,0.0
2026-09-22 05:00,19.171663,72.996685,0.0
2026-09-22 05:00,19.171663,73.032863,0.0
2026-09-22 05:00,19.171663,73.06904,0.0
2026-09-22 05:00,19.135486,72.707268,0.0
2026-09-22 05:00,19.135486,72.743445,0.0
2026-09-22 05:00,19.135486,72.779622,0.0
2026-09-22 05:00,19.135486,72.8158,0.0
2026-09-22 05:00,19.135486,72.851977,0.0
2026-09-22 05:00,19.135486,72.888154,0.0
2026-09-22 05:00,19.135486,72.924331,0.0
2026-09-22 05:00,19.135486,72.960508,0.0
2026-09-22 05:00,19.135486,72.996685,0.0
2026-09-22 05:00,19.135486,73.032863,0.0
2026-09-22 05:00,19.135486,73.06904,0.0
2026-09-22 05:00,19.099309,72.707268,0.0
2026-09-22 05:00,19.099309,72.743445,0.0
2026-09-22 05:00,19.099309,72.779622,0.0
2026-09-22 05:00,19.099309,72.8158,0.0
2026-09-22 05:00,19.099309,72.851977,0.0
2026-09-22 05:00,19.099309,72.888154,0.0
2026-09-22 05:00,19.099309,72.924331,0.0
2026-09-22 05:00,19.099309,72.960508,0.0
2026-09-22 05:00,19.099309,72.996685,0.0
2026-09-22 05:00,19.099309,73.032863,0.0
2026-09-22 05:00,19.099309,73.06904,0.0
2026-09-22 05:00,19.063132,72.707268,0.0
2026-09-22 05:00,19.063132,72.743445,0.0
2026-09-22 05:00,19.063132,72.779622,0.0
2026-09-22 05:00,19.063132,72.8158,0.0
2026-09-22 05:00,19.063132,72.851977,0.0
2026-09-22 05:00,19.063132,72.888154,0.0
2026-09-22 05:00,19.063132,72.924331,0.0
2026-09-22 05:00,19.063132,72.960508,0.0
2026-09-22 05:00,19.063132,72.996685,0.0
2026-09-22 05:00,19.063132,73.032863,0.0
2026-09-22 05:00,19.063132,73.06904,0.0
2026-09-22 05:00,19.026955,72.707268,0.0
2026-09-22 05:00,19.026955,72.743445,0.0
2026-09-22 05:00,19.026955,72.779622,0.0
2026-09-22 05:00,19.026955,72.8158,0.0
2026-09-22 05:00,19.026955,72.851977,0.0
2026-09-22 05:00,19.026955,72.888154,0.0
2026-09-22 05:00,19.026955,72.924331,0.0
2026-09-22 05:00,19.026955,72.960508,0.0
2026-09-22 05:00,19.026955,72.996685,0.0
2026-09-22 05:00,19.026955,73.032863,0.0
2026-09-22 05:00,19.026955,73.06904,0.0
2026-09-22 05:00,18.990778,72.707268,0.0
2026-09-22 05:00,18.990778,72.743445,0.0
2026-09-22 05:00,18.990778,72.779622,0.0
2026-09-22 05:00,18.990778,72.8158,0.0
2026-09-22 05:00,18.990778,72.851977,0.0
2026-09-22 05:00,18.990778,72.888154,0.0
2026-09-22 05:00,18.990778,72.924331,0.0
2026-09-22 05:00,18.990778,72.960508,0.0
2026-09-22 05:00,18.990778,72.996685,0.0
2026-09-22 05:00,18.990778,73.032863,0.0
2026-09-22 05:00,18.990778,73.06904,0.0
2026-09-22 05:00,18.9546,72.707268,0.0
2026-09-22 05:00,18.9546,72.743445,0.0
2026-09-22 05:00,18.9546,72.779622,0.0
2026-09-22 05:00,18.9546,72.8158,0.0
2026-09-22 05:00,18.9546,72.851977,0.0
2026-09-22 05:00,18.9546,72.888154,0.0
2026-09-22 05:00,18.9546,72.924331,0.0
2026-09-22 05:00,18.9546,72.960508,0.0
2026-09-22 05:00,18.9546,72.996685,0.0
2026-09-22 05:00,18.9546,73.032863,0.0
2026-09-22 05:00,18.9546,73.06904,0.0
2026-09-22 05:00,18.918423,72.707268,0.0
2026-09-22 05:00,18.918423,72.743445,0.0
2026-09-22 05:00,18.918423,72.779622,0.0
2026-09-22 05:00,18.918423,72.8158,0.0
2026-09-22 05:00,18.918423,72.851977,0.0
2026-09-22 05:00,18.918423,72.888154,0.0
2026-09-22 05:00,18.918423,72.924331,0.0
2026-09-22 05:00,18.918423,72.960508,0.0
2026-09-22 05:00,18.918423,72.996685,0.0
2026-09-22 05:00,18.918423,73.032863,0.0
2026-09-22 05:00,18.918423,73.06904,0.0
2026-09-22 05:00,18.882246,72.707268,0.0
2026-09-22 05:00,18.882246,72.743445,0.0
2026-09-22 05:00,18.882246,72.779622,0.16536945
2026-09-22 05:00,18.882246,72.8158,0.0
2026-09-22 05:00,18.882246,72.851977,0.0
2026-09-22 05:00,18.882246,72.888154,0.0
2026-09-22 05:00,18.882246,72.924331,0.0
2026-09-22 05:00,18.882246,72.960508,0.0
2026-09-22 05:00,18.882246,72.996685,0.0
2026-09-22 05:00,18.882246,73.032863,0.0
2026-09-22 05:00,18.882246,73.06904,0.0
2026-09-22 05:00,18.846069,72.707268,0.6440128
2026-09-22 05:00,18.846069,72.743445,1.2740535
2026-09-22 05:00,18.846069,72.779622,1.4119401
2026-09-22 05:00,18.846069,72.8158,1.1438498
2026-09-22 05:00,18.846069,72.851977,0.0
2026-09-22 05:00,18.846069,72.888154,0.0
2026-09-22 05:00,18.846069,72.924331,0.0
2026-09-22 05:00,18.846069,72.960508,0.0
2026-09-22 05:00,18.846069,72.996685,0.0
2026-09-22 05:00,18.846069,73.032863,0.0
2026-09-22 05:00,18.846069,73.06904,0.0
2026-09-22 05:00,18.809892,72.707268,0.29665494
2026-09-22 05:00,18.809892,72.743445,0.3510623
2026-09-22 05:00,18.809892,72.779622,0.0
2026-09-22 05:00,18.809892,72.8158,0.0
2026-09-22 05:00,18.809892,72.851977,0.0
2026-09-22 05:00,18.809892,72.888154,0.0
2026-09-22 05:00,18.809892,72.924331,0.0
2026-09-22 05:00,18.809892,72.960508,0.0
2026-09-22 05:00,18.809892,72.996685,0.0
2026-09-22 05:00,18.809892,73.032863,0.0
2026-09-22 05:00,18.809892,73.06904,0.0
2026-09-22 05:30,19.388726,72.707268,0.0
2026-09-22 05:30,19.388726,72.743445,0.0
2026-09-22 05:30,19.388726,72.779622,0.0
2026-09-22 05:30,19.388726,72.8158,0.0
2026-09-22 05:30,19.388726,72.851977,0.0
2026-09-22 05:30,19.388726,72.888154,0.0
2026-09-22 05:30,19.388726,72.924331,0.0
2026-09-22 05:30,19.388726,72.960508,0.0
2026-09-22 05:30,19.388726,72.996685,0.0
2026-09-22 05:30,19.388726,73.032863,0.0
2026-09-22 05:30,19.388726,73.06904,0.0
2026-09-22 05:30,19.352549,72.707268,0.0
2026-09-22 05:30,19.352549,72.743445,0.0
2026-09-22 05:30,19.352549,72.779622,0.0
2026-09-22 05:30,19.352549,72.8158,0.0
2026-09-22 05:30,19.352549,72.851977,0.0
2026-09-22 05:30,19.352549,72.888154,0.0
2026-09-22 05:30,19.352549,72.924331,0.0
2026-09-22 05:30,19.352549,72.960508,0.0
2026-09-22 05:30,19.352549,72.996685,0.0
2026-09-22 05:30,19.352549,73.032863,0.0
2026-09-22 05:30,19.352549,73.06904,0.0
2026-09-22 05:30,19.316372,72.707268,0.0
2026-09-22 05:30,19.316372,72.743445,0.0
2026-09-22 05:30,19.316372,72.779622,0.0
2026-09-22 05:30,19.316372,72.8158,0.0
2026-09-22 05:30,19.316372,72.851977,0.0
2026-09-22 05:30,19.316372,72.888154,0.0
2026-09-22 05:30,19.316372,72.924331,0.0
2026-09-22 05:30,19.316372,72.960508,0.0
2026-09-22 05:30,19.316372,72.996685,0.0
2026-09-22 05:30,19.316372,73.032863,0.0
2026-09-22 05:30,19.316372,73.06904,0.0
2026-09-22 05:30,19.280195,72.707268,0.0
2026-09-22 05:30,19.280195,72.743445,0.0
2026-09-22 05:30,19.280195,72.779622,0.0
2026-09-22 05:30,19.280195,72.8158,0.0
2026-09-22 05:30,19.280195,72.851977,0.0
2026-09-22 05:30,19.280195,72.888154,0.0
2026-09-22 05:30,19.280195,72.924331,0.0
2026-09-22 05:30,19.280195,72.960508,0.0
2026-09-22 05:30,19.280195,72.996685,0.0
2026-09-22 05:30,19.280195,73.032863,0.0
2026-09-22 05:30,19.280195,73.06904,0.0
2026-09-22 05:30,19.244018,72.707268,0.0
2026-09-22 05:30,19.244018,72.743445,0.0
2026-09-22 05:30,19.244018,72.779622,0.0
2026-09-22 05:30,19.244018,72.8158,0.0
2026-09-22 05:30,19.244018,72.851977,0.0
2026-09-22 05:30,19.244018,72.888154,0.0
2026-09-22 05:30,19.244018,72.924331,0.0
2026-09-22 05:30,19.244018,72.960508,0.0
2026-09-22 05:30,19.244018,72.996685,0.0
2026-09-22 05:30,19.244018,73.032863,0.0
2026-09-22 05:30,19.244018,73.06904,0.0
2026-09-22 05:30,19.20784,72.707268,0.0
2026-09-22 05:30,19.20784,72.743445,0.0
2026-09-22 05:30,19.20784,72.779622,0.0
2026-09-22 05:30,19.20784,72.8158,0.0
2026-09-22 05:30,19.20784,72.851977,0.0
2026-09-22 05:30,19.20784,72.888154,0.0
2026-09-22 05:30,19.20784,72.924331,0.0
2026-09-22 05:30,19.20784,72.960508,0.0
2026-09-22 05:30,19.20784,72.996685,0.0
2026-09-22 05:30,19.20784,73.032863,0.0
2026-09-22 05:30,19.20784,73.06904,0.0
2026-09-22 05:30,19.171663,72.707268,0.0
2026-09-22 05:30,19.171663,72.743445,0.0
2026-09-22 05:30,19.171663,72.779622,0.0
2026-09-22 05:30,19.171663,72.8158,0.0
2026-09-22 05:30,19.171663,72.851977,0.0
2026-09-22 05:30,19.171663,72.888154,0.0
2026-09-22 05:30,19.171663,72.924331,0.0
2026-09-22 05:30,19.171663,72.960508,0.0
2026-09-22 05:30,19.171663,72.996685,0.0
2026-09-22 05:30,19.171663,73.032863,0.0
2026-09-22 05:30,19.171663,73.06904,0.0
2026-09-22 05:30,19.135486,72.707268,0.0
2026-09-22 05:30,19.135486,72.743445,0.0
2026-09-22 05:30,19.135486,72.779622,0.0
2026-09-22 05:30,19.135486,72.8158,0.0
2026-09-22 05:30,19.135486,72.851977,0.0
2026-09-22 05:30,19.135486,72.888154,0.0
2026-09-22 05:30,19.135486,72.924331,0.0
2026-09-22 05:30,19.135486,72.960508,0.0
2026-09-22 05:30,19.135486,72.996685,0.0
2026-09-22 05:30,19.135486,73.032863,0.0
2026-09-22 05:30,19.135486,73.06904,0.0
2026-09-22 05:30,19.099309,72.707268,0.0
2026-09-22 05:30,19.099309,72.743445,0.0
2026-09-22 05:30,19.099309,72.779622,0.0
2026-09-22 05:30,19.099309,72.8158,0.0
2026-09-22 05:30,19.099309,72.851977,0.0
2026-09-22 05:30,19.099309,72.888154,0.0
2026-09-22 05:30,19.099309,72.924331,0.0
2026-09-22 05:30,19.099309,72.960508,0.0
2026-09-22 05:30,19.099309,72.996685,0.0
2026-09-22 05:30,19.099309,73.032863,0.0
2026-09-22 05:30,19.099309,73.06904,0.0
2026-09-22 05:30,19.063132,72.707268,0.0
2026-09-22 05:30,19.063132,72.743445,0.0
2026-09-22 05:30,19.063132,72.779622,0.0
2026-09-22 05:30,19.063132,72.8158,0.0
2026-09-22 05:30,19.063132,72.851977,0.0
2026-09-22 05:30,19.063132,72.888154,0.0
2026-09-22 05:30,19.063132,72.924331,0.0
2026-09-22 05:30,19.063132,72.960508,0.0
2026-09-22 05:30,19.063132,72.996685,0.0
2026-09-22 05:30,19.063132,73.032863,0.0
2026-09-22 05:30,19.063132,73.06904,0.0
2026-09-22 05:30,19.026955,72.707268,0.0
2026-09-22 05:30,19.026955,72.743445,0.0
2026-09-22 05:30,19.026955,72.779622,0.0
2026-09-22 05:30,19.026955,72.8158,0.0
2026-09-22 05:30,19.026955,72.851977,0.0
2026-09-22 05:30,19.026955,72.888154,0.0
2026-09-22 05:30,19.026955,72.924331,0.0
2026-09-22 05:30,19.026955,72.960508,0.0
2026-09-22 05:30,19.026955,72.996685,0.0
2026-09-22 05:30,19.026955,73.032863,0.0
2026-09-22 05:30,19.026955,73.06904,0.0
2026-09-22 05:30,18.990778,72.707268,0.0
2026-09-22 05:30,18.990778,72.743445,0.0
2026-09-22 05:30,18.990778,72.779622,0.0
2026-09-22 05:30,18.990778,72.8158,0.0
2026-09-22 05:30,18.990778,72.851977,0.0
2026-09-22 05:30,18.990778,72.888154,0.0
2026-09-22 05:30,18.990778,72.924331,0.0
2026-09-22 05:30,18.990778,72.960508,0.0
2026-09-22 05:30,18.990778,72.996685,0.0
2026-09-22 05:30,18.990778,73.032863,0.0
2026-09-22 05:30,18.990778,73.06904,0.0
2026-09-22 05:30,18.9546,72.707268,0.0
2026-09-22 05:30,18.9546,72.743445,0.0
2026-09-22 05:30,18.9546,72.779622,0.0
2026-09-22 05:30,18.9546,72.8158,0.0
2026-09-22 05:30,18.9546,72.851977,0.0
2026-09-22 05:30,18.9546,72.888154,0.0
2026-09-22 05:30,18.9546,72.924331,0.0
2026-09-22 05:30,18.9546,72.960508,0.0
2026-09-22 05:30,18.9546,72.996685,0.0
2026-09-22 05:30,18.9546,73.032863,0.0
2026-09-22 05:30,18.9546,73.06904,0.0
2026-09-22 05:30,18.918423,72.707268,0.0
2026-09-22 05:30,18.918423,72.743445,0.0
2026-09-22 05:30,18.918423,72.779622,0.0
2026-09-22 05:30,18.918423,72.8158,0.0
2026-09-22 05:30,18.918423,72.851977,0.0
2026-09-22 05:30,18.918423,72.888154,0.0
2026-09-22 05:30,18.918423,72.924331,0.0
2026-09-22 05:30,18.918423,72.960508,0.0
2026-09-22 05:30,18.918423,72.996685,0.0
2026-09-22 05:30,18.918423,73.032863,0.0
2026-09-22 05:30,18.918423,73.06904,0.0
2026-09-22 05:30,18.882246,72.707268,0.0
2026-09-22 05:30,18.882246,72.743445,0.0
2026-09-22 05:30,18.882246,72.779622,0.0
2026-09-22 05:30,18.882246,72.8158,0.0
2026-09-22 05:30,18.882246,72.851977,0.0
2026-09-22 05:30,18.882246,72.888154,0.0
2026-09-22 05:30,18.882246,72.924331,0.0
2026-09-22 05:30,18.882246,72.960508,0.0
2026-09-22 05:30,18.882246,72.996685,0.0
2026-09-22 05:30,18.882246,73.032863,0.0
2026-09-22 05:30,18.882246,73.06904,0.0
2026-09-22 05:30,18.846069,72.707268,0.29097286
2026-09-22 05:30,18.846069,72.743445,0.590796
2026-09-22 05:30,18.846069,72.779622,0.5525908
2026-09-22 05:30,18.846069,72.8158,0.0
2026-09-22 05:30,18.846069,72.851977,0.0
2026-09-22 05:30,18.846069,72.888154,0.0
2026-09-22 05:30,18.846069,72.924331,0.0
2026-09-22 05:30,18.846069,72.960508,0.0
2026-09-22 05:30,18.846069,72.996685,0.0
2026-09-22 05:30,18.846069,73.032863,0.0
2026-09-22 05:30,18.846069,73.06904,0.0
2026-09-22 05:30,18.809892,72.707268,0.3409348
2026-09-22 05:30,18.809892,72.743445,0.6289617
2026-09-22 05:30,18.809892,72.779622,0.58730423
2026-09-22 05:30,18.809892,72.8158,0.0
2026-09-22 05:30,18.809892,72.851977,0.0
2026-09-22 05:30,18.809892,72.888154,0.0
2026-09-22 05:30,18.809892,72.924331,0.0
2026-09-22 05:30,18.809892,72.960508,0.0
2026-09-22 05:30,18.809892,72.996685,0.0
2026-09-22 05:30,18.809892,73.032863,0.0
2026-09-22 05:30,18.809892,73.06904,0.0
2026-09-22 06:00,19.388726,72.707268,0.0
2026-09-22 06:00,19.388726,72.743445,0.0
2026-09-22 06:00,19.388726,72.779622,0.0
2026-09-22 06:00,19.388726,72.8158,0.0
2026-09-22 06:00,19.388726,72.851977,0.0
2026-09-22 06:00,19.388726,72.888154,0.0
2026-09-22 06:00,19.388726,72.924331,0.0
2026-09-22 06:00,19.388726,72.960508,0.0
2026-09-22 06:00,19.388726,72.996685,0.0
2026-09-22 06:00,19.388726,73.032863,0.0
2026-09-22 06:00,19.388726,73.06904,0.0
2026-09-22 06:00,19.352549,72.707268,0.0
2026-09-22 06:00,19.352549,72.743445,0.0
2026-09-22 06:00,19.352549,72.779622,0.0
2026-09-22 06:00,19.352549,72.8158,0.0
2026-09-22 06:00,19.352549,72.851977,0.0
2026-09-22 06:00,19.352549,72.888154,0.0
2026-09-22 06:00,19.352549,72.924331,0.0
2026-09-22 06:00,19.352549,72.960508,0.0
2026-09-22 06:00,19.352549,72.996685,0.0
2026-09-22 06:00,19.352549,73.032863,0.0
2026-09-22 06:00,19.352549,73.06904,0.0
2026-09-22 06:00,19.316372,72.707268,0.0
2026-09-22 06:00,19.316372,72.743445,0.0
2026-09-22 06:00,19.316372,72.779622,0.0
2026-09-22 06:00,19.316372,72.8158,0.0
2026-09-22 06:00,19.316372,72.851977,0.0
2026-09-22 06:00,19.316372,72.888154,0.0
2026-09-22 06:00,19.316372,72.924331,0.0
2026-09-22 06:00,19.316372,72.960508,0.0
2026-09-22 06:00,19.316372,72.996685,0.0
2026-09-22 06:00,19.316372,73.032863,0.0
2026-09-22 06:00,19.316372,73.06904,0.0
2026-09-22 06:00,19.280195,72.707268,0.0
2026-09-22 06:00,19.280195,72.743445,0.0
2026-09-22 06:00,19.280195,72.779622,0.0
2026-09-22 06:00,19.280195,72.8158,0.0
2026-09-22 06:00,19.280195,72.851977,0.0
2026-09-22 06:00,19.280195,72.888154,0.0
2026-09-22 06:00,19.280195,72.924331,0.0
2026-09-22 06:00,19.280195,72.960508,0.0
2026-09-22 06:00,19.280195,72.996685,0.0
2026-09-22 06:00,19.280195,73.032863,0.0
2026-09-22 06:00,19.280195,73.06904,0.0
2026-09-22 06:00,19.244018,72.707268,0.0
2026-09-22 06:00,19.244018,72.743445,0.0
2026-09-22 06:00,19.244018,72.779622,0.0
2026-09-22 06:00,19.244018,72.8158,0.0
2026-09-22 06:00,19.244018,72.851977,0.0
2026-09-22 06:00,19.244018,72.888154,0.0
2026-09-22 06:00,19.244018,72.924331,0.0
2026-09-22 06:00,19.244018,72.960508,0.0
2026-09-22 06:00,19.244018,72.996685,0.0
2026-09-22 06:00,19.244018,73.032863,0.0
2026-09-22 06:00,19.244018,73.06904,0.0
2026-09-22 06:00,19.20784,72.707268,0.0
2026-09-22 06:00,19.20784,72.743445,0.0
2026-09-22 06:00,19.20784,72.779622,0.0
2026-09-22 06:00,19.20784,72.8158,0.0
2026-09-22 06:00,19.20784,72.851977,0.0
2026-09-22 06:00,19.20784,72.888154,0.0
2026-09-22 06:00,19.20784,72.924331,0.0
2026-09-22 06:00,19.20784,72.960508,0.0
2026-09-22 06:00,19.20784,72.996685,0.0
2026-09-22 06:00,19.20784,73.032863,0.0
2026-09-22 06:00,19.20784,73.06904,0.0
2026-09-22 06:00,19.171663,72.707268,0.0
2026-09-22 06:00,19.171663,72.743445,0.0
2026-09-22 06:00,19.171663,72.779622,0.0
2026-09-22 06:00,19.171663,72.8158,0.0
2026-09-22 06:00,19.171663,72.851977,0.0
2026-09-22 06:00,19.171663,72.888154,0.0
2026-09-22 06:00,19.171663,72.924331,0.0
2026-09-22 06:00,19.171663,72.960508,0.0
2026-09-22 06:00,19.171663,72.996685,0.0
2026-09-22 06:00,19.171663,73.032863,0.0
2026-09-22 06:00,19.171663,73.06904,0.0
2026-09-22 06:00,19.135486,72.707268,0.0
2026-09-22 06:00,19.135486,72.743445,0.0
2026-09-22 06:00,19.135486,72.779622,0.0
2026-09-22 06:00,19.135486,72.8158,0.0
2026-09-22 06:00,19.135486,72.851977,0.0
2026-09-22 06:00,19.135486,72.888154,0.0
2026-09-22 06:00,19.135486,72.924331,0.0
2026-09-22 06:00,19.135486,72.960508,0.0
2026-09-22 06:00,19.135486,72.996685,0.0
2026-09-22 06:00,19.135486,73.032863,0.0
2026-09-22 06:00,19.135486,73.06904,0.0
2026-09-22 06:00,19.099309,72.707268,0.0
2026-09-22 06:00,19.099309,72.743445,0.0
2026-09-22 06:00,19.099309,72.779622,0.0
2026-09-22 06:00,19.099309,72.8158,0.0
2026-09-22 06:00,19.099309,72.851977,0.0
2026-09-22 06:00,19.099309,72.888154,0.0
2026-09-22 06:00,19.099309,72.924331,0.0
2026-09-22 06:00,19.099309,72.960508,0.0
2026-09-22 06:00,19.099309,72.996685,0.0
2026-09-22 06:00,19.099309,73.032863,0.0
2026-09-22 06:00,19.099309,73.06904,0.0
2026-09-22 06:00,19.063132,72.707268,0.0
2026-09-22 06:00,19.063132,72.743445,0.0
2026-09-22 06:00,19.063132,72.779622,0.0
2026-09-22 06:00,19.063132,72.8158,0.0
2026-09-22 06:00,19.063132,72.851977,0.0
2026-09-22 06:00,19.063132,72.888154,0.0
2026-09-22 06:00,19.063132,72.924331,0.0
2026-09-22 06:00,19.063132,72.960508,0.0
2026-09-22 06:00,19.063132,72.996685,0.0
2026-09-22 06:00,19.063132,73.032863,0.0
2026-09-22 06:00,19.063132,73.06904,0.0
2026-09-22 06:00,19.026955,72.707268,0.0
2026-09-22 06:00,19.026955,72.743445,0.0
2026-09-22 06:00,19.026955,72.779622,0.0
2026-09-22 06:00,19.026955,72.8158,0.0
2026-09-22 06:00,19.026955,72.851977,0.0
2026-09-22 06:00,19.026955,72.888154,0.0
2026-09-22 06:00,19.026955,72.924331,0.0
2026-09-22 06:00,19.026955,72.960508,0.0
2026-09-22 06:00,19.026955,72.996685,0.0
2026-09-22 06:00,19.026955,73.032863,0.0
2026-09-22 06:00,19.026955,73.06904,0.0
2026-09-22 06:00,18.990778,72.707268,0.0
2026-09-22 06:00,18.990778,72.743445,0.0
2026-09-22 06:00,18.990778,72.779622,0.0
2026-09-22 06:00,18.990778,72.8158,0.0
2026-09-22 06:00,18.990778,72.851977,0.0
2026-09-22 06:00,18.990778,72.888154,0.0
2026-09-22 06:00,18.990778,72.924331,0.0
2026-09-22 06:00,18.990778,72.960508,0.0
2026-09-22 06:00,18.990778,72.996685,0.0
2026-09-22 06:00,18.990778,73.032863,0.0
2026-09-22 06:00,18.990778,73.06904,0.0
2026-09-22 06:00,18.9546,72.707268,0.0
2026-09-22 06:00,18.9546,72.743445,0.0
2026-09-22 06:00,18.9546,72.779622,0.0
2026-09-22 06:00,18.9546,72.8158,0.0
2026-09-22 06:00,18.9546,72.851977,0.0
2026-09-22 06:00,18.9546,72.888154,0.0
2026-09-22 06:00,18.9546,72.924331,0.0
2026-09-22 06:00,18.9546,72.960508,0.0
2026-09-22 06:00,18.9546,72.996685,0.0
2026-09-22 06:00,18.9546,73.032863,0.0
2026-09-22 06:00,18.9546,73.06904,0.0
2026-09-22 06:00,18.918423,72.707268,0.0
2026-09-22 06:00,18.918423,72.743445,0.0
2026-09-22 06:00,18.918423,72.779622,0.0
2026-09-22 06:00,18.918423,72.8158,0.0
2026-09-22 06:00,18.918423,72.851977,0.0
2026-09-22 06:00,18.918423,72.888154,0.0
2026-09-22 06:00,18.918423,72.924331,0.0
2026-09-22 06:00,18.918423,72.960508,0.0
2026-09-22 06:00,18.918423,72.996685,0.0
2026-09-22 06:00,18.918423,73.032863,0.0
2026-09-22 06:00,18.918423,73.06904,0.0
2026-09-22 06:00,18.882246,72.707268,0.0
2026-09-22 06:00,18.882246,72.743445,0.0
2026-09-22 06:00,18.882246,72.779622,0.0
2026-09-22 06:00,18.882246,72.8158,0.0
2026-09-22 06:00,18.882246,72.851977,0.0
2026-09-22 06:00,18.882246,72.888154,0.0
2026-09-22 06:00,18.882246,72.924331,0.0
2026-09-22 06:00,18.882246,72.960508,0.0
2026-09-22 06:00,18.882246,72.996685,0.0
2026-09-22 06:00,18.882246,73.032863,0.0
2026-09-22 06:00,18.882246,73.06904,0.0
2026-09-22 06:00,18.846069,72.707268,0.0
2026-09-22 06:00,18.846069,72.743445,0.0
2026-09-22 06:00,18.846069,72.779622,0.0
2026-09-22 06:00,18.846069,72.8158,0.0
2026-09-22 06:00,18.846069,72.851977,0.0
2026-09-22 06:00,18.846069,72.888154,0.0
2026-09-22 06:00,18.846069,72.924331,0.0
2026-09-22 06:00,18.846069,72.960508,0.0
2026-09-22 06:00,18.846069,72.996685,0.0
2026-09-22 06:00,18.846069,73.032863,0.0
2026-09-22 06:00,18.846069,73.06904,0.0
2026-09-22 06:00,18.809892,72.707268,0.0
2026-09-22 06:00,18.809892,72.743445,0.0
2026-09-22 06:00,18.809892,72.779622,0.0
2026-09-22 06:00,18.809892,72.8158,0.0
2026-09-22 06:00,18.809892,72.851977,0.0
2026-09-22 06:00,18.809892,72.888154,0.0
2026-09-22 06:00,18.809892,72.924331,0.0
2026-09-22 06:00,18.809892,72.960508,0.0
2026-09-22 06:00,18.809892,72.996685,0.0
2026-09-22 06:00,18.809892,73.032863,0.0
2026-09-22 06:00,18.809892,73.06904,0.0
2026-09-22 06:30,19.388726,72.707268,0.0
2026-09-22 06:30,19.388726,72.743445,0.0
2026-09-22 06:30,19.388726,72.779622,0.0
2026-09-22 06:30,19.388726,72.8158,0.0
2026-09-22 06:30,19.388726,72.851977,0.0
2026-09-22 06:30,19.388726,72.888154,0.0
2026-09-22 06:30,19.388726,72.924331,0.0
2026-09-22 06:30,19.388726,72.960508,0.0
2026-09-22 06:30,19.388726,72.996685,0.0
2026-09-22 06:30,19.388726,73.032863,0.0
2026-09-22 06:30,19.388726,73.06904,0.0
2026-09-22 06:30,19.352549,72.707268,0.0
2026-09-22 06:30,19.352549,72.743445,0.0
2026-09-22 06:30,19.352549,72.779622,0.0
2026-09-22 06:30,19.352549,72.8158,0.0
2026-09-22 06:30,19.352549,72.851977,0.0
2026-09-22 06:30,19.352549,72.888154,0.0
2026-09-22 06:30,19.352549,72.924331,0.0
2026-09-22 06:30,19.352549,72.960508,0.0
2026-09-22 06:30,19.352549,72.996685,0.0
2026-09-22 06:30,19.352549,73.032863,0.0
2026-09-22 06:30,19.352549,73.06904,0.0
2026-09-22 06:30,19.316372,72.707268,0.0
2026-09-22 06:30,19.316372,72.743445,0.0
2026-09-22 06:30,19.316372,72.779622,0.0
2026-09-22 06:30,19.316372,72.8158,0.0
2026-09-22 06:30,19.316372,72.851977,0.0
2026-09-22 06:30,19.316372,72.888154,0.0
2026-09-22 06:30,19.316372,72.924331,0.0
2026-09-22 06:30,19.316372,72.960508,0.0
2026-09-22 06:30,19.316372,72.996685,0.0
2026-09-22 06:30,19.316372,73.032863,0.0
2026-09-22 06:30,19.316372,73.06904,0.0
2026-09-22 06:30,19.280195,72.707268,0.0
2026-09-22 06:30,19.280195,72.743445,0.0
2026-09-22 06:30,19.280195,72.779622,0.0
2026-09-22 06:30,19.280195,72.8158,0.0
2026-09-22 06:30,19.280195,72.851977,0.0
2026-09-22 06:30,19.280195,72.888154,0.0
2026-09-22 06:30,19.280195,72.924331,0.0
2026-09-22 06:30,19.280195,72.960508,0.0
2026-09-22 06:30,19.280195,72.996685,0.0
2026-09-22 06:30,19.280195,73.032863,0.0
2026-09-22 06:30,19.280195,73.06904,0.0
2026-09-22 06:30,19.244018,72.707268,0.0
2026-09-22 06:30,19.244018,72.743445,0.0
2026-09-22 06:30,19.244018,72.779622,0.0
2026-09-22 06:30,19.244018,72.8158,0.0
2026-09-22 06:30,19.244018,72.851977,0.0
2026-09-22 06:30,19.244018,72.888154,0.0
2026-09-22 06:30,19.244018,72.924331,0.0
2026-09-22 06:30,19.244018,72.960508,0.0
2026-09-22 06:30,19.244018,72.996685,0.0
2026-09-22 06:30,19.244018,73.032863,0.0
2026-09-22 06:30,19.244018,73.06904,0.0
2026-09-22 06:30,19.20784,72.707268,0.0
2026-09-22 06:30,19.20784,72.743445,0.0
2026-09-22 06:30,19.20784,72.779622,0.0
2026-09-22 06:30,19.20784,72.8158,0.0
2026-09-22 06:30,19.20784,72.851977,0.0
2026-09-22 06:30,19.20784,72.888154,0.0
2026-09-22 06:30,19.20784,72.924331,0.0
2026-09-22 06:30,19.20784,72.960508,0.0
2026-09-22 06:30,19.20784,72.996685,0.0
2026-09-22 06:30,19.20784,73.032863,0.0
2026-09-22 06:30,19.20784,73.06904,0.0
2026-09-22 06:30,19.171663,72.707268,0.0
2026-09-22 06:30,19.171663,72.743445,0.0
2026-09-22 06:30,19.171663,72.779622,0.0
2026-09-22 06:30,19.171663,72.8158,0.0
2026-09-22 06:30,19.171663,72.851977,0.0
2026-09-22 06:30,19.171663,72.888154,0.0
2026-09-22 06:30,19.171663,72.924331,0.0
2026-09-22 06:30,19.171663,72.960508,0.0
2026-09-22 06:30,19.171663,72.996685,0.0
2026-09-22 06:30,19.171663,73.032863,0.0
2026-09-22 06:30,19.171663,73.06904,0.0
2026-09-22 06:30,19.135486,72.707268,0.0
2026-09-22 06:30,19.135486,72.743445,0.0
2026-09-22 06:30,19.135486,72.779622,0.0
2026-09-22 06:30,19.135486,72.8158,0.0
2026-09-22 06:30,19.135486,72.851977,0.0
2026-09-22 06:30,19.135486,72.888154,0.0
2026-09-22 06:30,19.135486,72.924331,0.0
2026-09-22 06:30,19.135486,72.960508,0.0
2026-09-22 06:30,19.135486,72.996685,0.0
2026-09-22 06:30,19.135486,73.032863,0.0
2026-09-22 06:30,19.135486,73.06904,0.0
2026-09-22 06:30,19.099309,72.707268,0.0
2026-09-22 06:30,19.099309,72.743445,0.0
2026-09-22 06:30,19.099309,72.779622,0.0
2026-09-22 06:30,19.099309,72.8158,0.0
2026-09-22 06:30,19.099309,72.851977,0.0
2026-09-22 06:30,19.099309,72.888154,0.0
2026-09-22 06:30,19.099309,72.924331,0.0
2026-09-22 06:30,19.099309,72.960508,0.0
2026-09-22 06:30,19.099309,72.996685,0.0
2026-09-22 06:30,19.099309,73.032863,0.0
2026-09-22 06:30,19.099309,73.06904,0.0
2026-09-22 06:30,19.063132,72.707268,0.0
2026-09-22 06:30,19.063132,72.743445,0.0
2026-09-22 06:30,19.063132,72.779622,0.0
2026-09-22 06:30,19.063132,72.8158,0.0
2026-09-22 06:30,19.063132,72.851977,0.0
2026-09-22 06:30,19.063132,72.888154,0.0
2026-09-22 06:30,19.063132,72.924331,0.0
2026-09-22 06:30,19.063132,72.960508,0.0
2026-09-22 06:30,19.063132,72.996685,0.0
2026-09-22 06:30,19.063132,73.032863,0.0
2026-09-22 06:30,19.063132,73.06904,0.0
2026-09-22 06:30,19.026955,72.707268,0.0
2026-09-22 06:30,19.026955,72.743445,0.0
2026-09-22 06:30,19.026955,72.779622,0.0
2026-09-22 06:30,19.026955,72.8158,0.0
2026-09-22 06:30,19.026955,72.851977,0.0
2026-09-22 06:30,19.026955,72.888154,0.0
2026-09-22 06:30,19.026955,72.924331,0.0
2026-09-22 06:30,19.026955,72.960508,0.0
2026-09-22 06:30,19.026955,72.996685,0.0
2026-09-22 06:30,19.026955,73.032863,0.0
2026-09-22 06:30,19.026955,73.06904,0.0
2026-09-22 06:30,18.990778,72.707268,0.0
2026-09-22 06:30,18.990778,72.743445,0.0
2026-09-22 06:30,18.990778,72.779622,0.0
2026-09-22 06:30,18.990778,72.8158,0.0
2026-09-22 06:30,18.990778,72.851977,0.0
2026-09-22 06:30,18.990778,72.888154,0.0
2026-09-22 06:30,18.990778,72.924331,0.0
2026-09-22 06:30,18.990778,72.960508,0.0
2026-09-22 06:30,18.990778,72.996685,0.0
2026-09-22 06:30,18.990778,73.032863,0.0
2026-09-22 06:30,18.990778,73.06904,0.0
2026-09-22 06:30,18.9546,72.707268,0.0
2026-09-22 06:30,18.9546,72.743445,0.0
2026-09-22 06:30,18.9546,72.779622,0.0
2026-09-22 06:30,18.9546,72.8158,0.0
2026-09-22 06:30,18.9546,72.851977,0.0
2026-09-22 06:30,18.9546,72.888154,0.0
2026-09-22 06:30,18.9546,72.924331,0.0
2026-09-22 06:30,18.9546,72.960508,0.0
2026-09-22 06:30,18.9546,72.996685,0.0
2026-09-22 06:30,18.9546,73.032863,0.0
2026-09-22 06:30,18.9546,73.06904,0.0
2026-09-22 06:30,18.918423,72.707268,0.0
2026-09-22 06:30,18.918423,72.743445,0.0
2026-09-22 06:30,18.918423,72.779622,0.0
2026-09-22 06:30,18.918423,72.8158,0.0
2026-09-22 06:30,18.918423,72.851977,0.0
2026-09-22 06:30,18.918423,72.888154,0.0
2026-09-22 06:30,18.918423,72.924331,0.0
2026-09-22 06:30,18.918423,72.960508,0.0
2026-09-22 06:30,18.918423,72.996685,0.0
2026-09-22 06:30,18.918423,73.032863,0.0
2026-09-22 06:30,18.918423,73.06904,0.0
2026-09-22 06:30,18.882246,72.707268,0.0
2026-09-22 06:30,18.882246,72.743445,0.0
2026-09-22 06:30,18.882246,72.779622,0.0
2026-09-22 06:30,18.882246,72.8158,0.0
2026-09-22 06:30,18.882246,72.851977,0.0
2026-09-22 06:30,18.882246,72.888154,0.0
2026-09-22 06:30,18.882246,72.924331,0.0
2026-09-22 06:30,18.882246,72.960508,0.0
2026-09-22 06:30,18.882246,72.996685,0.0
2026-09-22 06:30,18.882246,73.032863,0.0
2026-09-22 06:30,18.882246,73.06904,0.0
2026-09-22 06:30,18.846069,72.707268,0.0
2026-09-22 06:30,18.846069,72.743445,0.0
2026-09-22 06:30,18.846069,72.779622,0.0
2026-09-22 06:30,18.846069,72.8158,0.0
2026-09-22 06:30,18.846069,72.851977,0.0
2026-09-22 06:30,18.846069,72.888154,0.0
2026-09-22 06:30,18.846069,72.924331,0.0
2026-09-22 06:30,18.846069,72.960508,0.0
2026-09-22 06:30,18.846069,72.996685,0.0
2026-09-22 06:30,18.846069,73.032863,0.0
2026-09-22 06:30,18.846069,73.06904,0.0
2026-09-22 06:30,18.809892,72.707268,0.0
2026-09-22 06:30,18.809892,72.743445,0.0
2026-09-22 06:30,18.809892,72.779622,0.0
2026-09-22 06:30,18.809892,72.8158,0.0
2026-09-22 06:30,18.809892,72.851977,0.0
2026-09-22 06:30,18.809892,72.888154,0.0
2026-09-22 06:30,18.809892,72.924331,0.0
2026-09-22 06:30,18.809892,72.960508,0.0
2026-09-22 06:30,18.809892,72.996685,0.0
2026-09-22 06:30,18.809892,73.032863,0.0
2026-09-22 06:30,18.809892,73.06904,0.0
2026-09-22 07:00,19.388726,72.707268,0.0
2026-09-22 07:00,19.388726,72.743445,0.0
2026-09-22 07:00,19.388726,72.779622,0.0
2026-09-22 07:00,19.388726,72.8158,0.0
2026-09-22 07:00,19.388726,72.851977,0.0
2026-09-22 07:00,19.388726,72.888154,0.0
2026-09-22 07:00,19.388726,72.924331,0.0
2026-09-22 07:00,19.388726,72.960508,0.0
2026-09-22 07:00,19.388726,72.996685,0.0
2026-09-22 07:00,19.388726,73.032863,0.0
2026-09-22 07:00,19.388726,73.06904,0.0
2026-09-22 07:00,19.352549,72.707268,0.0
2026-09-22 07:00,19.352549,72.743445,0.0
2026-09-22 07:00,19.352549,72.779622,0.0
2026-09-22 07:00,19.352549,72.8158,0.0
2026-09-22 07:00,19.352549,72.851977,0.0
2026-09-22 07:00,19.352549,72.888154,0.0
2026-09-22 07:00,19.352549,72.924331,0.0
2026-09-22 07:00,19.352549,72.960508,0.0
2026-09-22 07:00,19.352549,72.996685,0.0
2026-09-22 07:00,19.352549,73.032863,0.0
2026-09-22 07:00,19.352549,73.06904,0.0
2026-09-22 07:00,19.316372,72.707268,0.0
2026-09-22 07:00,19.316372,72.743445,0.0
2026-09-22 07:00,19.316372,72.779622,0.0
2026-09-22 07:00,19.316372,72.8158,0.0
2026-09-22 07:00,19.316372,72.851977,0.0
2026-09-22 07:00,19.316372,72.888154,0.0
2026-09-22 07:00,19.316372,72.924331,0.0
2026-09-22 07:00,19.316372,72.960508,0.0
2026-09-22 07:00,19.316372,72.996685,0.0
2026-09-22 07:00,19.316372,73.032863,0.0
2026-09-22 07:00,19.316372,73.06904,0.0
2026-09-22 07:00,19.280195,72.707268,0.0
2026-09-22 07:00,19.280195,72.743445,0.0
2026-09-22 07:00,19.280195,72.779622,0.0
2026-09-22 07:00,19.280195,72.8158,0.0
2026-09-22 07:00,19.280195,72.851977,0.0
2026-09-22 07:00,19.280195,72.888154,0.0
2026-09-22 07:00,19.280195,72.924331,0.0
2026-09-22 07:00,19.280195,72.960508,0.0
2026-09-22 07:00,19.280195,72.996685,0.0
2026-09-22 07:00,19.280195,73.032863,0.0
2026-09-22 07:00,19.280195,73.06904,0.0
2026-09-22 07:00,19.244018,72.707268,0.0
2026-09-22 07:00,19.244018,72.743445,0.0
2026-09-22 07:00,19.244018,72.779622,0.0
2026-09-22 07:00,19.244018,72.8158,0.0
2026-09-22 07:00,19.244018,72.851977,0.0
2026-09-22 07:00,19.244018,72.888154,0.0
2026-09-22 07:00,19.244018,72.924331,0.0
2026-09-22 07:00,19.244018,72.960508,0.0
2026-09-22 07:00,19.244018,72.996685,0.0
2026-09-22 07:00,19.244018,73.032863,0.0
2026-09-22 07:00,19.244018,73.06904,0.0
2026-09-22 07:00,19.20784,72.707268,0.0
2026-09-22 07:00,19.20784,72.743445,0.0
2026-09-22 07:00,19.20784,72.779622,0.0
2026-09-22 07:00,19.20784,72.8158,0.0
2026-09-22 07:00,19.20784,72.851977,0.0
2026-09-22 07:00,19.20784,72.888154,0.0
2026-09-22 07:00,19.20784,72.924331,0.0
2026-09-22 07:00,19.20784,72.960508,0.0
2026-09-22 07:00,19.20784,72.996685,0.0
2026-09-22 07:00,19.20784,73.032863,0.0
2026-09-22 07:00,19.20784,73.06904,0.0
2026-09-22 07:00,19.171663,72.707268,0.0
2026-09-22 07:00,19.171663,72.743445,0.0
2026-09-22 07:00,19.171663,72.779622,0.0
2026-09-22 07:00,19.171663,72.8158,0.0
2026-09-22 07:00,19.171663,72.851977,0.0
2026-09-22 07:00,19.171663,72.888154,0.0
2026-09-22 07:00,19.171663,72.924331,0.0
2026-09-22 07:00,19.171663,72.960508,0.0
2026-09-22 07:00,19.171663,72.996685,0.0
2026-09-22 07:00,19.171663,73.032863,0.0
2026-09-22 07:00,19.171663,73.06904,0.0
2026-09-22 07:00,19.135486,72.707268,0.0
2026-09-22 07:00,19.135486,72.743445,0.0
2026-09-22 07:00,19.135486,72.779622,0.0
2026-09-22 07:00,19.135486,72.8158,0.0
2026-09-22 07:00,19.135486,72.851977,0.0
2026-09-22 07:00,19.135486,72.888154,0.0
2026-09-22 07:00,19.135486,72.924331,0.0
2026-09-22 07:00,19.135486,72.960508,0.0
2026-09-22 07:00,19.135486,72.996685,0.0
2026-09-22 07:00,19.135486,73.032863,0.0
2026-09-22 07:00,19.135486,73.06904,0.0
2026-09-22 07:00,19.099309,72.707268,0.0
2026-09-22 07:00,19.099309,72.743445,0.0
2026-09-22 07:00,19.099309,72.779622,0.0
2026-09-22 07:00,19.099309,72.8158,0.0
2026-09-22 07:00,19.099309,72.851977,0.0
2026-09-22 07:00,19.099309,72.888154,0.0
2026-09-22 07:00,19.099309,72.924331,0.0
2026-09-22 07:00,19.099309,72.960508,0.0
2026-09-22 07:00,19.099309,72.996685,0.0
2026-09-22 07:00,19.099309,73.032863,0.0
2026-09-22 07:00,19.099309,73.06904,0.0
2026-09-22 07:00,19.063132,72.707268,0.0
2026-09-22 07:00,19.063132,72.743445,0.0
2026-09-22 07:00,19.063132,72.779622,0.0
2026-09-22 07:00,19.063132,72.8158,0.0
2026-09-22 07:00,19.063132,72.851977,0.0
2026-09-22 07:00,19.063132,72.888154,0.0
2026-09-22 07:00,19.063132,72.924331,0.0
2026-09-22 07:00,19.063132,72.960508,0.0
2026-09-22 07:00,19.063132,72.996685,0.0
2026-09-22 07:00,19.063132,73.032863,0.0
2026-09-22 07:00,19.063132,73.06904,0.0
2026-09-22 07:00,19.026955,72.707268,0.0
2026-09-22 07:00,19.026955,72.743445,0.0
2026-09-22 07:00,19.026955,72.779622,0.0
2026-09-22 07:00,19.026955,72.8158,0.0
2026-09-22 07:00,19.026955,72.851977,0.0
2026-09-22 07:00,19.026955,72.888154,0.0
2026-09-22 07:00,19.026955,72.924331,0.0
2026-09-22 07:00,19.026955,72.960508,0.0
2026-09-22 07:00,19.026955,72.996685,0.0
2026-09-22 07:00,19.026955,73.032863,0.0
2026-09-22 07:00,19.026955,73.06904,0.0
2026-09-22 07:00,18.990778,72.707268,0.0
2026-09-22 07:00,18.990778,72.743445,0.0
2026-09-22 07:00,18.990778,72.779622,0.0
2026-09-22 07:00,18.990778,72.8158,0.0
2026-09-22 07:00,18.990778,72.851977,0.0
2026-09-22 07:00,18.990778,72.888154,0.0
2026-09-22 07:00,18.990778,72.924331,0.0
2026-09-22 07:00,18.990778,72.960508,0.0
2026-09-22 07:00,18.990778,72.996685,0.0
2026-09-22 07:00,18.990778,73.032863,0.0
2026-09-22 07:00,18.990778,73.06904,0.0
2026-09-22 07:00,18.9546,72.707268,0.0
2026-09-22 07:00,18.9546,72.743445,0.0
2026-09-22 07:00,18.9546,72.779622,0.0
2026-09-22 07:00,18.9546,72.8158,0.0
2026-09-22 07:00,18.9546,72.851977,0.0
2026-09-22 07:00,18.9546,72.888154,0.0
2026-09-22 07:00,18.9546,72.924331,0.0
2026-09-22 07:00,18.9546,72.960508,0.0
2026-09-22 07:00,18.9546,72.996685,0.0
2026-09-22 07:00,18.9546,73.032863,0.0
2026-09-22 07:00,18.9546,73.06904,0.0
2026-09-22 07:00,18.918423,72.707268,0.0
2026-09-22 07:00,18.918423,72.743445,0.0
2026-09-22 07:00,18.918423,72.779622,0.0
2026-09-22 07:00,18.918423,72.8158,0.0
2026-09-22 07:00,18.918423,72.851977,0.0
2026-09-22 07:00,18.918423,72.888154,0.0
2026-09-22 07:00,18.918423,72.924331,0.0
2026-09-22 07:00,18.918423,72.960508,0.0
2026-09-22 07:00,18.918423,72.996685,0.0
2026-09-22 07:00,18.918423,73.032863,0.0
2026-09-22 07:00,18.918423,73.06904,0.0
2026-09-22 07:00,18.882246,72.707268,0.0
2026-09-22 07:00,18.882246,72.743445,0.0
2026-09-22 07:00,18.882246,72.779622,0.0
2026-09-22 07:00,18.882246,72.8158,0.0
2026-09-22 07:00,18.882246,72.851977,0.0
2026-09-22 07:00,18.882246,72.888154,0.0
2026-09-22 07:00,18.882246,72.924331,0.0
2026-09-22 07:00,18.882246,72.960508,0.0
2026-09-22 07:00,18.882246,72.996685,0.0
2026-09-22 07:00,18.882246,73.032863,0.0
2026-09-22 07:00,18.882246,73.06904,0.0
2026-09-22 07:00,18.846069,72.707268,0.0
2026-09-22 07:00,18.846069,72.743445,0.0
2026-09-22 07:00,18.846069,72.779622,0.0
2026-09-22 07:00,18.846069,72.8158,0.0
2026-09-22 07:00,18.846069,72.851977,0.0
2026-09-22 07:00,18.846069,72.888154,0.0
2026-09-22 07:00,18.846069,72.924331,0.0
2026-09-22 07:00,18.846069,72.960508,0.0
2026-09-22 07:00,18.846069,72.996685,0.0
2026-09-22 07:00,18.846069,73.032863,0.0
2026-09-22 07:00,18.846069,73.06904,0.0
2026-09-22 07:00,18.809892,72.707268,0.0
2026-09-22 07:00,18.809892,72.743445,0.0
2026-09-22 07:00,18.809892,72.779622,0.0
2026-09-22 07:00,18.809892,72.8158,0.0
2026-09-22 07:00,18.809892,72.851977,0.0
2026-09-22 07:00,18.809892,72.888154,0.0
2026-09-22 07:00,18.809892,72.924331,0.0
2026-09-22 07:00,18.809892,72.960508,0.0
2026-09-22 07:00,18.809892,72.996685,0.0
2026-09-22 07:00,18.809892,73.032863,0.0
2026-09-22 07:00,18.809892,73.06904,0.0
2026-09-22 07:30,19.388726,72.707268,0.0
2026-09-22 07:30,19.388726,72.743445,0.0
2026-09-22 07:30,19.388726,72.779622,0.0
2026-09-22 07:30,19.388726,72.8158,0.0
2026-09-22 07:30,19.388726,72.851977,0.0
2026-09-22 07:30,19.388726,72.888154,0.0
2026-09-22 07:30,19.388726,72.924331,0.0
2026-09-22 07:30,19.388726,72.960508,0.0
2026-09-22 07:30,19.388726,72.996685,0.0
2026-09-22 07:30,19.388726,73.032863,0.0
2026-09-22 07:30,19.388726,73.06904,0.0
2026-09-22 07:30,19.352549,72.707268,0.0
2026-09-22 07:30,19.352549,72.743445,0.0
2026-09-22 07:30,19.352549,72.779622,0.0
2026-09-22 07:30,19.352549,72.8158,0.0
2026-09-22 07:30,19.352549,72.851977,0.0
2026-09-22 07:30,19.352549,72.888154,0.0
2026-09-22 07:30,19.352549,72.924331,0.0
2026-09-22 07:30,19.352549,72.960508,0.0
2026-09-22 07:30,19.352549,72.996685,0.0
2026-09-22 07:30,19.352549,73.032863,0.0
2026-09-22 07:30,19.352549,73.06904,0.0
2026-09-22 07:30,19.316372,72.707268,0.0
2026-09-22 07:30,19.316372,72.743445,0.0
2026-09-22 07:30,19.316372,72.779622,0.0
2026-09-22 07:30,19.316372,72.8158,0.0
2026-09-22 07:30,19.316372,72.851977,0.0
2026-09-22 07:30,19.316372,72.888154,0.0
2026-09-22 07:30,19.316372,72.924331,0.0
2026-09-22 07:30,19.316372,72.960508,0.0
2026-09-22 07:30,19.316372,72.996685,0.0
2026-09-22 07:30,19.316372,73.032863,0.0
2026-09-22 07:30,19.316372,73.06904,0.0
2026-09-22 07:30,19.280195,72.707268,0.0
2026-09-22 07:30,19.280195,72.743445,0.0
2026-09-22 07:30,19.280195,72.779622,0.0
2026-09-22 07:30,19.280195,72.8158,0.0
2026-09-22 07:30,19.280195,72.851977,0.0
2026-09-22 07:30,19.280195,72.888154,0.0
2026-09-22 07:30,19.280195,72.924331,0.0
2026-09-22 07:30,19.280195,72.960508,0.0
2026-09-22 07:30,19.280195,72.996685,0.0
2026-09-22 07:30,19.280195,73.032863,0.0
2026-09-22 07:30,19.280195,73.06904,0.0
2026-09-22 07:30,19.244018,72.707268,0.0
2026-09-22 07:30,19.244018,72.743445,0.0
2026-09-22 07:30,19.244018,72.779622,0.0
2026-09-22 07:30,19.244018,72.8158,0.0
2026-09-22 07:30,19.244018,72.851977,0.0
2026-09-22 07:30,19.244018,72.888154,0.0
2026-09-22 07:30,19.244018,72.924331,0.0
2026-09-22 07:30,19.244018,72.960508,0.0
2026-09-22 07:30,19.244018,72.996685,0.0
2026-09-22 07:30,19.244018,73.032863,0.0
2026-09-22 07:30,19.244018,73.06904,0.0
2026-09-22 07:30,19.20784,72.707268,0.0
2026-09-22 07:30,19.20784,72.743445,0.0
2026-09-22 07:30,19.20784,72.779622,0.0
2026-09-22 07:30,19.20784,72.8158,0.0
2026-09-22 07:30,19.20784,72.851977,0.0
2026-09-22 07:30,19.20784,72.888154,0.0
2026-09-22 07:30,19.20784,72.924331,0.0
2026-09-22 07:30,19.20784,72.960508,0.0
2026-09-22 07:30,19.20784,72.996685,0.0
2026-09-22 07:30,19.20784,73.032863,0.0
2026-09-22 07:30,19.20784,73.06904,0.0
2026-09-22 07:30,19.171663,72.707268,0.0
2026-09-22 07:30,19.171663,72.743445,0.0
2026-09-22 07:30,19.171663,72.779622,0.0
2026-09-22 07:30,19.171663,72.8158,0.0
2026-09-22 07:30,19.171663,72.851977,0.0
2026-09-22 07:30,19.171663,72.888154,0.0
2026-09-22 07:30,19.171663,72.924331,0.0
2026-09-22 07:30,19.171663,72.960508,0.0
2026-09-22 07:30,19.171663,72.996685,0.0
2026-09-22 07:30,19.171663,73.032863,0.0
2026-09-22 07:30,19.171663,73.06904,0.0
2026-09-22 07:30,19.135486,72.707268,0.0
2026-09-22 07:30,19.135486,72.743445,0.0
2026-09-22 07:30,19.135486,72.779622,0.0
2026-09-22 07:30,19.135486,72.8158,0.0
2026-09-22 07:30,19.135486,72.851977,0.0
2026-09-22 07:30,19.135486,72.888154,0.0
2026-09-22 07:30,19.135486,72.924331,0.0
2026-09-22 07:30,19.135486,72.960508,0.0
2026-09-22 07:30,19.135486,72.996685,0.0
2026-09-22 07:30,19.135486,73.032863,0.0
2026-09-22 07:30,19.135486,73.06904,0.0
2026-09-22 07:30,19.099309,72.707268,0.0
2026-09-22 07:30,19.099309,72.743445,0.0
2026-09-22 07:30,19.099309,72.779622,0.0
2026-09-22 07:30,19.099309,72.8158,0.0
2026-09-22 07:30,19.099309,72.851977,0.0
2026-09-22 07:30,19.099309,72.888154,0.0
2026-09-22 07:30,19.099309,72.924331,0.0
2026-09-22 07:30,19.099309,72.960508,0.0
2026-09-22 07:30,19.099309,72.996685,0.0
2026-09-22 07:30,19.099309,73.032863,0.0
2026-09-22 07:30,19.099309,73.06904,0.0
2026-09-22 07:30,19.063132,72.707268,0.0
2026-09-22 07:30,19.063132,72.743445,0.0
2026-09-22 07:30,19.063132,72.779622,0.0
2026-09-22 07:30,19.063132,72.8158,0.0
2026-09-22 07:30,19.063132,72.851977,0.0
2026-09-22 07:30,19.063132,72.888154,0.0
2026-09-22 07:30,19.063132,72.924331,0.0
2026-09-22 07:30,19.063132,72.960508,0.0
2026-09-22 07:30,19.063132,72.996685,0.0
2026-09-22 07:30,19.063132,73.032863,0.0
2026-09-22 07:30,19.063132,73.06904,0.0
2026-09-22 07:30,19.026955,72.707268,0.0
2026-09-22 07:30,19.026955,72.743445,0.0
2026-09-22 07:30,19.026955,72.779622,0.0
2026-09-22 07:30,19.026955,72.8158,0.0
2026-09-22 07:30,19.026955,72.851977,0.0
2026-09-22 07:30,19.026955,72.888154,0.0
2026-09-22 07:30,19.026955,72.924331,0.0
2026-09-22 07:30,19.026955,72.960508,0.0
2026-09-22 07:30,19.026955,72.996685,0.0
2026-09-22 07:30,19.026955,73.032863,0.0
2026-09-22 07:30,19.026955,73.06904,0.0
2026-09-22 07:30,18.990778,72.707268,0.0
2026-09-22 07:30,18.990778,72.743445,0.0
2026-09-22 07:30,18.990778,72.779622,0.0
2026-09-22 07:30,18.990778,72.8158,0.0
2026-09-22 07:30,18.990778,72.851977,0.0
2026-09-22 07:30,18.990778,72.888154,0.0
2026-09-22 07:30,18.990778,72.924331,0.0
2026-09-22 07:30,18.990778,72.960508,0.0
2026-09-22 07:30,18.990778,72.996685,0.0
2026-09-22 07:30,18.990778,73.032863,0.0
2026-09-22 07:30,18.990778,73.06904,0.0
2026-09-22 07:30,18.9546,72.707268,0.0
2026-09-22 07:30,18.9546,72.743445,0.0
2026-09-22 07:30,18.9546,72.779622,0.0
2026-09-22 07:30,18.9546,72.8158,0.0
2026-09-22 07:30,18.9546,72.851977,0.0
2026-09-22 07:30,18.9546,72.888154,0.0
2026-09-22 07:30,18.9546,72.924331,0.0
2026-09-22 07:30,18.9546,72.960508,0.0
2026-09-22 07:30,18.9546,72.996685,0.0
2026-09-22 07:30,18.9546,73.032863,0.0
2026-09-22 07:30,18.9546,73.06904,0.0
2026-09-22 07:30,18.918423,72.707268,0.0
2026-09-22 07:30,18.918423,72.743445,0.0
2026-09-22 07:30,18.918423,72.779622,0.0
2026-09-22 07:30,18.918423,72.8158,0.0
2026-09-22 07:30,18.918423,72.851977,0.0
2026-09-22 07:30,18.918423,72.888154,0.0
2026-09-22 07:30,18.918423,72.924331,0.0
2026-09-22 07:30,18.918423,72.960508,0.0
2026-09-22 07:30,18.918423,72.996685,0.0
2026-09-22 07:30,18.918423,73.032863,0.0
2026-09-22 07:30,18.918423,73.06904,0.0
2026-09-22 07:30,18.882246,72.707268,0.0
2026-09-22 07:30,18.882246,72.743445,0.0
2026-09-22 07:30,18.882246,72.779622,0.0
2026-09-22 07:30,18.882246,72.8158,0.0
2026-09-22 07:30,18.882246,72.851977,0.0
2026-09-22 07:30,18.882246,72.888154,0.0
2026-09-22 07:30,18.882246,72.924331,0.0
2026-09-22 07:30,18.882246,72.960508,0.0
2026-09-22 07:30,18.882246,72.996685,0.0
2026-09-22 07:30,18.882246,73.032863,0.0
2026-09-22 07:30,18.882246,73.06904,0.0
2026-09-22 07:30,18.846069,72.707268,0.0
2026-09-22 07:30,18.846069,72.743445,0.0
2026-09-22 07:30,18.846069,72.779622,0.0
2026-09-22 07:30,18.846069,72.8158,0.0
2026-09-22 07:30,18.846069,72.851977,0.0
2026-09-22 07:30,18.846069,72.888154,0.0
2026-09-22 07:30,18.846069,72.924331,0.0
2026-09-22 07:30,18.846069,72.960508,0.0
2026-09-22 07:30,18.846069,72.996685,0.0
2026-09-22 07:30,18.846069,73.032863,0.0
2026-09-22 07:30,18.846069,73.06904,0.0
2026-09-22 07:30,18.809892,72.707268,0.0
2026-09-22 07:30,18.809892,72.743445,0.0
2026-09-22 07:30,18.809892,72.779622,0.0
2026-09-22 07:30,18.809892,72.8158,0.0
2026-09-22 07:30,18.809892,72.851977,0.0
2026-09-22 07:30,18.809892,72.888154,0.0
2026-09-22 07:30,18.809892,72.924331,0.0
2026-09-22 07:30,18.809892,72.960508,0.0
2026-09-22 07:30,18.809892,72.996685,0.0
2026-09-22 07:30,18.809892,73.032863,0.0
2026-09-22 07:30,18.809892,73.06904,0.0
2026-09-22 08:00,19.388726,72.707268,0.0
2026-09-22 08:00,19.388726,72.743445,0.0
2026-09-22 08:00,19.388726,72.779622,0.0
2026-09-22 08:00,19.388726,72.8158,0.0
2026-09-22 08:00,19.388726,72.851977,0.0
2026-09-22 08:00,19.388726,72.888154,0.0
2026-09-22 08:00,19.388726,72.924331,0.0
2026-09-22 08:00,19.388726,72.960508,0.0
2026-09-22 08:00,19.388726,72.996685,0.0
2026-09-22 08:00,19.388726,73.032863,0.0
2026-09-22 08:00,19.388726,73.06904,0.0
2026-09-22 08:00,19.352549,72.707268,0.0
2026-09-22 08:00,19.352549,72.743445,0.0
2026-09-22 08:00,19.352549,72.779622,0.0
2026-09-22 08:00,19.352549,72.8158,0.0
2026-09-22 08:00,19.352549,72.851977,0.0
2026-09-22 08:00,19.352549,72.888154,0.0
2026-09-22 08:00,19.352549,72.924331,0.0
2026-09-22 08:00,19.352549,72.960508,0.0
2026-09-22 08:00,19.352549,72.996685,0.0
2026-09-22 08:00,19.352549,73.032863,0.0
2026-09-22 08:00,19.352549,73.06904,0.0
2026-09-22 08:00,19.316372,72.707268,0.0
2026-09-22 08:00,19.316372,72.743445,0.0
2026-09-22 08:00,19.316372,72.779622,0.0
2026-09-22 08:00,19.316372,72.8158,0.0
2026-09-22 08:00,19.316372,72.851977,0.0
2026-09-22 08:00,19.316372,72.888154,0.0
2026-09-22 08:00,19.316372,72.924331,0.0
2026-09-22 08:00,19.316372,72.960508,0.0
2026-09-22 08:00,19.316372,72.996685,0.0
2026-09-22 08:00,19.316372,73.032863,0.0
2026-09-22 08:00,19.316372,73.06904,0.0
2026-09-22 08:00,19.280195,72.707268,0.0
2026-09-22 08:00,19.280195,72.743445,0.0
2026-09-22 08:00,19.280195,72.779622,0.0
2026-09-22 08:00,19.280195,72.8158,0.0
2026-09-22 08:00,19.280195,72.851977,0.0
2026-09-22 08:00,19.280195,72.888154,0.0
2026-09-22 08:00,19.280195,72.924331,0.0
2026-09-22 08:00,19.280195,72.960508,0.0
2026-09-22 08:00,19.280195,72.996685,0.0
2026-09-22 08:00,19.280195,73.032863,0.0
2026-09-22 08:00,19.280195,73.06904,0.0
2026-09-22 08:00,19.244018,72.707268,0.0
2026-09-22 08:00,19.244018,72.743445,0.0
2026-09-22 08:00,19.244018,72.779622,0.0
2026-09-22 08:00,19.244018,72.8158,0.0
2026-09-22 08:00,19.244018,72.851977,0.0
2026-09-22 08:00,19.244018,72.888154,0.0
2026-09-22 08:00,19.244018,72.924331,0.0
2026-09-22 08:00,19.244018,72.960508,0.0
2026-09-22 08:00,19.244018,72.996685,0.0
2026-09-22 08:00,19.244018,73.032863,0.0
2026-09-22 08:00,19.244018,73.06904,0.0
2026-09-22 08:00,19.20784,72.707268,0.0
2026-09-22 08:00,19.20784,72.743445,0.0
2026-09-22 08:00,19.20784,72.779622,0.0
2026-09-22 08:00,19.20784,72.8158,0.0
2026-09-22 08:00,19.20784,72.851977,0.0
2026-09-22 08:00,19.20784,72.888154,0.0
2026-09-22 08:00,19.20784,72.924331,0.0
2026-09-22 08:00,19.20784,72.960508,0.0
2026-09-22 08:00,19.20784,72.996685,0.0
2026-09-22 08:00,19.20784,73.032863,0.0
2026-09-22 08:00,19.20784,73.06904,0.0
2026-09-22 08:00,19.171663,72.707268,0.0
2026-09-22 08:00,19.171663,72.743445,0.0
2026-09-22 08:00,19.171663,72.779622,0.0
2026-09-22 08:00,19.171663,72.8158,0.0
2026-09-22 08:00,19.171663,72.851977,0.0
2026-09-22 08:00,19.171663,72.888154,0.0
2026-09-22 08:00,19.171663,72.924331,0.0
2026-09-22 08:00,19.171663,72.960508,0.0
2026-09-22 08:00,19.171663,72.996685,0.0
2026-09-22 08:00,19.171663,73.032863,0.0
2026-09-22 08:00,19.171663,73.06904,0.0
2026-09-22 08:00,19.135486,72.707268,0.0
2026-09-22 08:00,19.135486,72.743445,0.0
2026-09-22 08:00,19.135486,72.779622,0.0
2026-09-22 08:00,19.135486,72.8158,0.0
2026-09-22 08:00,19.135486,72.851977,0.0
2026-09-22 08:00,19.135486,72.888154,0.0
2026-09-22 08:00,19.135486,72.924331,0.0
2026-09-22 08:00,19.135486,72.960508,0.0
2026-09-22 08:00,19.135486,72.996685,0.0
2026-09-22 08:00,19.135486,73.032863,0.0
2026-09-22 08:00,19.135486,73.06904,0.0
2026-09-22 08:00,19.099309,72.707268,0.0
2026-09-22 08:00,19.099309,72.743445,0.0
2026-09-22 08:00,19.099309,72.779622,0.0
2026-09-22 08:00,19.099309,72.8158,0.0
2026-09-22 08:00,19.099309,72.851977,0.0
2026-09-22 08:00,19.099309,72.888154,0.0
2026-09-22 08:00,19.099309,72.924331,0.0
2026-09-22 08:00,19.099309,72.960508,0.0
2026-09-22 08:00,19.099309,72.996685,0.0
2026-09-22 08:00,19.099309,73.032863,0.0
2026-09-22 08:00,19.099309,73.06904,0.0
2026-09-22 08:00,19.063132,72.707268,0.0
2026-09-22 08:00,19.063132,72.743445,0.0
2026-09-22 08:00,19.063132,72.779622,0.0
2026-09-22 08:00,19.063132,72.8158,0.0
2026-09-22 08:00,19.063132,72.851977,0.0
2026-09-22 08:00,19.063132,72.888154,0.0
2026-09-22 08:00,19.063132,72.924331,0.0
2026-09-22 08:00,19.063132,72.960508,0.0
2026-09-22 08:00,19.063132,72.996685,0.0
2026-09-22 08:00,19.063132,73.032863,0.0
2026-09-22 08:00,19.063132,73.06904,0.0
2026-09-22 08:00,19.026955,72.707268,0.0
2026-09-22 08:00,19.026955,72.743445,0.0
2026-09-22 08:00,19.026955,72.779622,0.0
2026-09-22 08:00,19.026955,72.8158,0.0
2026-09-22 08:00,19.026955,72.851977,0.0
2026-09-22 08:00,19.026955,72.888154,0.0
2026-09-22 08:00,19.026955,72.924331,0.0
2026-09-22 08:00,19.026955,72.960508,0.0
2026-09-22 08:00,19.026955,72.996685,0.0
2026-09-22 08:00,19.026955,73.032863,0.0
2026-09-22 08:00,19.026955,73.06904,0.0
2026-09-22 08:00,18.990778,72.707268,0.0
2026-09-22 08:00,18.990778,72.743445,0.0
2026-09-22 08:00,18.990778,72.779622,0.0
2026-09-22 08:00,18.990778,72.8158,0.0
2026-09-22 08:00,18.990778,72.851977,0.0
2026-09-22 08:00,18.990778,72.888154,0.0
2026-09-22 08:00,18.990778,72.924331,0.0
2026-09-22 08:00,18.990778,72.960508,0.0
2026-09-22 08:00,18.990778,72.996685,0.0
2026-09-22 08:00,18.990778,73.032863,0.0
2026-09-22 08:00,18.990778,73.06904,0.0
2026-09-22 08:00,18.9546,72.707268,0.0
2026-09-22 08:00,18.9546,72.743445,0.0
2026-09-22 08:00,18.9546,72.779622,0.0
2026-09-22 08:00,18.9546,72.8158,0.0
2026-09-22 08:00,18.9546,72.851977,0.0
2026-09-22 08:00,18.9546,72.888154,0.0
2026-09-22 08:00,18.9546,72.924331,0.0
2026-09-22 08:00,18.9546,72.960508,0.0
2026-09-22 08:00,18.9546,72.996685,0.0
2026-09-22 08:00,18.9546,73.032863,0.0
2026-09-22 08:00,18.9546,73.06904,0.0
2026-09-22 08:00,18.918423,72.707268,0.0
2026-09-22 08:00,18.918423,72.743445,0.0
2026-09-22 08:00,18.918423,72.779622,0.0
2026-09-22 08:00,18.918423,72.8158,0.0
2026-09-22 08:00,18.918423,72.851977,0.0
2026-09-22 08:00,18.918423,72.888154,0.0
2026-09-22 08:00,18.918423,72.924331,0.0
2026-09-22 08:00,18.918423,72.960508,0.0
2026-09-22 08:00,18.918423,72.996685,0.0
2026-09-22 08:00,18.918423,73.032863,0.0
2026-09-22 08:00,18.918423,73.06904,0.0
2026-09-22 08:00,18.882246,72.707268,0.0
2026-09-22 08:00,18.882246,72.743445,0.0
2026-09-22 08:00,18.882246,72.779622,0.0
2026-09-22 08:00,18.882246,72.8158,0.0
2026-09-22 08:00,18.882246,72.851977,0.0
2026-09-22 08:00,18.882246,72.888154,0.0
2026-09-22 08:00,18.882246,72.924331,0.0
2026-09-22 08:00,18.882246,72.960508,0.0
2026-09-22 08:00,18.882246,72.996685,0.0
2026-09-22 08:00,18.882246,73.032863,0.0
2026-09-22 08:00,18.882246,73.06904,0.0
2026-09-22 08:00,18.846069,72.707268,0.0
2026-09-22 08:00,18.846069,72.743445,0.0
2026-09-22 08:00,18.846069,72.779622,0.0
2026-09-22 08:00,18.846069,72.8158,0.0
2026-09-22 08:00,18.846069,72.851977,0.0
2026-09-22 08:00,18.846069,72.888154,0.0
2026-09-22 08:00,18.846069,72.924331,0.0
2026-09-22 08:00,18.846069,72.960508,0.0
2026-09-22 08:00,18.846069,72.996685,0.0
2026-09-22 08:00,18.846069,73.032863,0.0
2026-09-22 08:00,18.846069,73.06904,0.0
2026-09-22 08:00,18.809892,72.707268,0.0
2026-09-22 08:00,18.809892,72.743445,0.0
2026-09-22 08:00,18.809892,72.779622,0.0
2026-09-22 08:00,18.809892,72.8158,0.0
2026-09-22 08:00,18.809892,72.851977,0.0
2026-09-22 08:00,18.809892,72.888154,0.0
2026-09-22 08:00,18.809892,72.924331,0.0
2026-09-22 08:00,18.809892,72.960508,0.0
2026-09-22 08:00,18.809892,72.996685,0.0
2026-09-22 08:00,18.809892,73.032863,0.0
2026-09-22 08:00,18.809892,73.06904,0.0
2026-09-22 08:30,19.388726,72.707268,0.0
2026-09-22 08:30,19.388726,72.743445,0.0
2026-09-22 08:30,19.388726,72.779622,0.0
2026-09-22 08:30,19.388726,72.8158,0.0
2026-09-22 08:30,19.388726,72.851977,0.0
2026-09-22 08:30,19.388726,72.888154,0.0
2026-09-22 08:30,19.388726,72.924331,0.0
2026-09-22 08:30,19.388726,72.960508,0.0
2026-09-22 08:30,19.388726,72.996685,0.0
2026-09-22 08:30,19.388726,73.032863,0.0
2026-09-22 08:30,19.388726,73.06904,0.0
2026-09-22 08:30,19.352549,72.707268,0.0
2026-09-22 08:30,19.352549,72.743445,0.0
2026-09-22 08:30,19.352549,72.779622,0.0
2026-09-22 08:30,19.352549,72.8158,0.0
2026-09-22 08:30,19.352549,72.851977,0.0
2026-09-22 08:30,19.352549,72.888154,0.0
2026-09-22 08:30,19.352549,72.924331,0.0
2026-09-22 08:30,19.352549,72.960508,0.0
2026-09-22 08:30,19.352549,72.996685,0.0
2026-09-22 08:30,19.352549,73.032863,0.0
2026-09-22 08:30,19.352549,73.06904,0.0
2026-09-22 08:30,19.316372,72.707268,0.0
2026-09-22 08:30,19.316372,72.743445,0.0
2026-09-22 08:30,19.316372,72.779622,0.0
2026-09-22 08:30,19.316372,72.8158,0.0
2026-09-22 08:30,19.316372,72.851977,0.0
2026-09-22 08:30,19.316372,72.888154,0.0
2026-09-22 08:30,19.316372,72.924331,0.0
2026-09-22 08:30,19.316372,72.960508,0.0
2026-09-22 08:30,19.316372,72.996685,0.0
2026-09-22 08:30,19.316372,73.032863,0.0
2026-09-22 08:30,19.316372,73.06904,0.0
2026-09-22 08:30,19.280195,72.707268,0.0
2026-09-22 08:30,19.280195,72.743445,0.0
2026-09-22 08:30,19.280195,72.779622,0.0
2026-09-22 08:30,19.280195,72.8158,0.0
2026-09-22 08:30,19.280195,72.851977,0.0
2026-09-22 08:30,19.280195,72.888154,0.0
2026-09-22 08:30,19.280195,72.924331,0.0
2026-09-22 08:30,19.280195,72.960508,0.0
2026-09-22 08:30,19.280195,72.996685,0.0
2026-09-22 08:30,19.280195,73.032863,0.0
2026-09-22 08:30,19.280195,73.06904,0.0
2026-09-22 08:30,19.244018,72.707268,0.0
2026-09-22 08:30,19.244018,72.743445,0.0
2026-09-22 08:30,19.244018,72.779622,0.0
2026-09-22 08:30,19.244018,72.8158,0.0
2026-09-22 08:30,19.244018,72.851977,0.0
2026-09-22 08:30,19.244018,72.888154,0.0
2026-09-22 08:30,19.244018,72.924331,0.0
2026-09-22 08:30,19.244018,72.960508,0.0
2026-09-22 08:30,19.244018,72.996685,0.0
2026-09-22 08:30,19.244018,73.032863,0.0
2026-09-22 08:30,19.244018,73.06904,0.0
2026-09-22 08:30,19.20784,72.707268,0.0
2026-09-22 08:30,19.20784,72.743445,0.0
2026-09-22 08:30,19.20784,72.779622,0.0
2026-09-22 08:30,19.20784,72.8158,0.0
2026-09-22 08:30,19.20784,72.851977,0.0
2026-09-22 08:30,19.20784,72.888154,0.0
2026-09-22 08:30,19.20784,72.924331,0.0
2026-09-22 08:30,19.20784,72.960508,0.0
2026-09-22 08:30,19.20784,72.996685,0.0
2026-09-22 08:30,19.20784,73.032863,0.0
2026-09-22 08:30,19.20784,73.06904,0.0
2026-09-22 08:30,19.171663,72.707268,0.0
2026-09-22 08:30,19.171663,72.743445,0.0
2026-09-22 08:30,19.171663,72.779622,0.0
2026-09-22 08:30,19.171663,72.8158,0.0
2026-09-22 08:30,19.171663,72.851977,0.0
2026-09-22 08:30,19.171663,72.888154,0.0
2026-09-22 08:30,19.171663,72.924331,0.0
2026-09-22 08:30,19.171663,72.960508,0.0
2026-09-22 08:30,19.171663,72.996685,0.0
2026-09-22 08:30,19.171663,73.032863,0.0
2026-09-22 08:30,19.171663,73.06904,0.0
2026-09-22 08:30,19.135486,72.707268,0.0
2026-09-22 08:30,19.135486,72.743445,0.0
2026-09-22 08:30,19.135486,72.779622,0.0
2026-09-22 08:30,19.135486,72.8158,0.0
2026-09-22 08:30,19.135486,72.851977,0.0
2026-09-22 08:30,19.135486,72.888154,0.0
2026-09-22 08:30,19.135486,72.924331,0.0
2026-09-22 08:30,19.135486,72.960508,0.0
2026-09-22 08:30,19.135486,72.996685,0.0
2026-09-22 08:30,19.135486,73.032863,0.0
2026-09-22 08:30,19.135486,73.06904,0.0
2026-09-22 08:30,19.099309,72.707268,0.0
2026-09-22 08:30,19.099309,72.743445,0.0
2026-09-22 08:30,19.099309,72.779622,0.0
2026-09-22 08:30,19.099309,72.8158,0.0
2026-09-22 08:30,19.099309,72.851977,0.0
2026-09-22 08:30,19.099309,72.888154,0.0
2026-09-22 08:30,19.099309,72.924331,0.0
2026-09-22 08:30,19.099309,72.960508,0.0
2026-09-22 08:30,19.099309,72.996685,0.0
2026-09-22 08:30,19.099309,73.032863,0.0
2026-09-22 08:30,19.099309,73.06904,0.0
2026-09-22 08:30,19.063132,72.707268,0.0
2026-09-22 08:30,19.063132,72.743445,0.0
2026-09-22 08:30,19.063132,72.779622,0.0
2026-09-22 08:30,19.063132,72.8158,0.0
2026-09-22 08:30,19.063132,72.851977,0.0
2026-09-22 08:30,19.063132,72.888154,0.0
2026-09-22 08:30,19.063132,72.924331,0.0
2026-09-22 08:30,19.063132,72.960508,0.0
2026-09-22 08:30,19.063132,72.996685,0.0
2026-09-22 08:30,19.063132,73.032863,0.0
2026-09-22 08:30,19.063132,73.06904,0.0
2026-09-22 08:30,19.026955,72.707268,0.0
2026-09-22 08:30,19.026955,72.743445,0.0
2026-09-22 08:30,19.026955,72.779622,0.0
2026-09-22 08:30,19.026955,72.8158,0.0
2026-09-22 08:30,19.026955,72.851977,0.0
2026-09-22 08:30,19.026955,72.888154,0.0
2026-09-22 08:30,19.026955,72.924331,0.0
2026-09-22 08:30,19.026955,72.960508,0.0
2026-09-22 08:30,19.026955,72.996685,0.0
2026-09-22 08:30,19.026955,73.032863,0.0
2026-09-22 08:30,19.026955,73.06904,0.0
2026-09-22 08:30,18.990778,72.707268,0.0
2026-09-22 08:30,18.990778,72.743445,0.0
2026-09-22 08:30,18.990778,72.779622,0.0
2026-09-22 08:30,18.990778,72.8158,0.0
2026-09-22 08:30,18.990778,72.851977,0.0
2026-09-22 08:30,18.990778,72.888154,0.0
2026-09-22 08:30,18.990778,72.924331,0.0
2026-09-22 08:30,18.990778,72.960508,0.0
2026-09-22 08:30,18.990778,72.996685,0.0
2026-09-22 08:30,18.990778,73.032863,0.0
2026-09-22 08:30,18.990778,73.06904,0.0
2026-09-22 08:30,18.9546,72.707268,0.0
2026-09-22 08:30,18.9546,72.743445,0.0
2026-09-22 08:30,18.9546,72.779622,0.0
2026-09-22 08:30,18.9546,72.8158,0.0
2026-09-22 08:30,18.9546,72.851977,0.0
2026-09-22 08:30,18.9546,72.888154,0.0
2026-09-22 08:30,18.9546,72.924331,0.0
2026-09-22 08:30,18.9546,72.960508,0.0
2026-09-22 08:30,18.9546,72.996685,0.0
2026-09-22 08:30,18.9546,73.032863,0.0
2026-09-22 08:30,18.9546,73.06904,0.0
2026-09-22 08:30,18.918423,72.707268,0.0
2026-09-22 08:30,18.918423,72.743445,0.0
2026-09-22 08:30,18.918423,72.779622,0.0
2026-09-22 08:30,18.918423,72.8158,0.0
2026-09-22 08:30,18.918423,72.851977,0.0
2026-09-22 08:30,18.918423,72.888154,0.0
2026-09-22 08:30,18.918423,72.924331,0.0
2026-09-22 08:30,18.918423,72.960508,0.0
2026-09-22 08:30,18.918423,72.996685,0.0
2026-09-22 08:30,18.918423,73.032863,0.0
2026-09-22 08:30,18.918423,73.06904,0.0
2026-09-22 08:30,18.882246,72.707268,0.0
2026-09-22 08:30,18.882246,72.743445,0.0
2026-09-22 08:30,18.882246,72.779622,0.0
2026-09-22 08:30,18.882246,72.8158,0.0
2026-09-22 08:30,18.882246,72.851977,0.0
2026-09-22 08:30,18.882246,72.888154,0.0
2026-09-22 08:30,18.882246,72.924331,0.0
2026-09-22 08:30,18.882246,72.960508,0.0
2026-09-22 08:30,18.882246,72.996685,0.0
2026-09-22 08:30,18.882246,73.032863,0.0
2026-09-22 08:30,18.882246,73.06904,0.0
2026-09-22 08:30,18.846069,72.707268,0.0
2026-09-22 08:30,18.846069,72.743445,0.0
2026-09-22 08:30,18.846069,72.779622,0.0
2026-09-22 08:30,18.846069,72.8158,0.0
2026-09-22 08:30,18.846069,72.851977,0.0
2026-09-22 08:30,18.846069,72.888154,0.0
2026-09-22 08:30,18.846069,72.924331,0.0
2026-09-22 08:30,18.846069,72.960508,0.0
2026-09-22 08:30,18.846069,72.996685,0.0
2026-09-22 08:30,18.846069,73.032863,0.0
2026-09-22 08:30,18.846069,73.06904,0.0
2026-09-22 08:30,18.809892,72.707268,0.0
2026-09-22 08:30,18.809892,72.743445,0.0
2026-09-22 08:30,18.809892,72.779622,0.0
2026-09-22 08:30,18.809892,72.8158,0.0
2026-09-22 08:30,18.809892,72.851977,0.0
2026-09-22 08:30,18.809892,72.888154,0.0
2026-09-22 08:30,18.809892,72.924331,0.0
2026-09-22 08:30,18.809892,72.960508,0.0
2026-09-22 08:30,18.809892,72.996685,0.0
2026-09-22 08:30,18.809892,73.032863,0.0
2026-09-22 08:30,18.809892,73.06904,0.0
2026-09-22 09:00,19.388726,72.707268,0.0
2026-09-22 09:00,19.388726,72.743445,0.0
2026-09-22 09:00,19.388726,72.779622,0.0
2026-09-22 09:00,19.388726,72.8158,0.0
2026-09-22 09:00,19.388726,72.851977,0.0
2026-09-22 09:00,19.388726,72.888154,0.0
2026-09-22 09:00,19.388726,72.924331,0.0
2026-09-22 09:00,19.388726,72.960508,0.0
2026-09-22 09:00,19.388726,72.996685,0.0
2026-09-22 09:00,19.388726,73.032863,0.0
2026-09-22 09:00,19.388726,73.06904,0.0
2026-09-22 09:00,19.352549,72.707268,0.0
2026-09-22 09:00,19.352549,72.743445,0.0
2026-09-22 09:00,19.352549,72.779622,0.0
2026-09-22 09:00,19.352549,72.8158,0.0
2026-09-22 09:00,19.352549,72.851977,0.0
2026-09-22 09:00,19.352549,72.888154,0.0
2026-09-22 09:00,19.352549,72.924331,0.0
2026-09-22 09:00,19.352549,72.960508,0.0
2026-09-22 09:00,19.352549,72.996685,0.0
2026-09-22 09:00,19.352549,73.032863,0.0
2026-09-22 09:00,19.352549,73.06904,0.0
2026-09-22 09:00,19.316372,72.707268,0.0
2026-09-22 09:00,19.316372,72.743445,0.0
2026-09-22 09:00,19.316372,72.779622,0.0
2026-09-22 09:00,19.316372,72.8158,0.0
2026-09-22 09:00,19.316372,72.851977,0.0
2026-09-22 09:00,19.316372,72.888154,0.0
2026-09-22 09:00,19.316372,72.924331,0.0
2026-09-22 09:00,19.316372,72.960508,0.0
2026-09-22 09:00,19.316372,72.996685,0.0
2026-09-22 09:00,19.316372,73.032863,0.0
2026-09-22 09:00,19.316372,73.06904,0.0
2026-09-22 09:00,19.280195,72.707268,0.0
2026-09-22 09:00,19.280195,72.743445,0.0
2026-09-22 09:00,19.280195,72.779622,0.0
2026-09-22 09:00,19.280195,72.8158,0.0
2026-09-22 09:00,19.280195,72.851977,0.0
2026-09-22 09:00,19.280195,72.888154,0.0
2026-09-22 09:00,19.280195,72.924331,0.0
2026-09-22 09:00,19.280195,72.960508,0.0
2026-09-22 09:00,19.280195,72.996685,0.0
2026-09-22 09:00,19.280195,73.032863,0.0
2026-09-22 09:00,19.280195,73.06904,0.0
2026-09-22 09:00,19.244018,72.707268,0.0
2026-09-22 09:00,19.244018,72.743445,0.0
2026-09-22 09:00,19.244018,72.779622,0.0
2026-09-22 09:00,19.244018,72.8158,0.0
2026-09-22 09:00,19.244018,72.851977,0.0
2026-09-22 09:00,19.244018,72.888154,0.0
2026-09-22 09:00,19.244018,72.924331,0.0
2026-09-22 09:00,19.244018,72.960508,0.0
2026-09-22 09:00,19.244018,72.996685,0.0
2026-09-22 09:00,19.244018,73.032863,0.0
2026-09-22 09:00,19.244018,73.06904,0.0
2026-09-22 09:00,19.20784,72.707268,0.0
2026-09-22 09:00,19.20784,72.743445,0.0
2026-09-22 09:00,19.20784,72.779622,0.0
2026-09-22 09:00,19.20784,72.8158,0.0
2026-09-22 09:00,19.20784,72.851977,0.0
2026-09-22 09:00,19.20784,72.888154,0.0
2026-09-22 09:00,19.20784,72.924331,0.0
2026-09-22 09:00,19.20784,72.960508,0.0
2026-09-22 09:00,19.20784,72.996685,0.0
2026-09-22 09:00,19.20784,73.032863,0.0
2026-09-22 09:00,19.20784,73.06904,0.0
2026-09-22 09:00,19.171663,72.707268,0.0
2026-09-22 09:00,19.171663,72.743445,0.0
2026-09-22 09:00,19.171663,72.779622,0.0
2026-09-22 09:00,19.171663,72.8158,0.0
2026-09-22 09:00,19.171663,72.851977,0.0
2026-09-22 09:00,19.171663,72.888154,0.0
2026-09-22 09:00,19.171663,72.924331,0.0
2026-09-22 09:00,19.171663,72.960508,0.0
2026-09-22 09:00,19.171663,72.996685,0.0
2026-09-22 09:00,19.171663,73.032863,0.0
2026-09-22 09:00,19.171663,73.06904,0.0
2026-09-22 09:00,19.135486,72.707268,0.0
2026-09-22 09:00,19.135486,72.743445,0.0
2026-09-22 09:00,19.135486,72.779622,0.0
2026-09-22 09:00,19.135486,72.8158,0.0
2026-09-22 09:00,19.135486,72.851977,0.0
2026-09-22 09:00,19.135486,72.888154,0.0
2026-09-22 09:00,19.135486,72.924331,0.0
2026-09-22 09:00,19.135486,72.960508,0.0
2026-09-22 09:00,19.135486,72.996685,0.0
2026-09-22 09:00,19.135486,73.032863,0.0
2026-09-22 09:00,19.135486,73.06904,0.0
2026-09-22 09:00,19.099309,72.707268,0.0
2026-09-22 09:00,19.099309,72.743445,0.0
2026-09-22 09:00,19.099309,72.779622,0.0
2026-09-22 09:00,19.099309,72.8158,0.0
2026-09-22 09:00,19.099309,72.851977,0.0
2026-09-22 09:00,19.099309,72.888154,0.0
2026-09-22 09:00,19.099309,72.924331,0.0
2026-09-22 09:00,19.099309,72.960508,0.0
2026-09-22 09:00,19.099309,72.996685,0.0
2026-09-22 09:00,19.099309,73.032863,0.0
2026-09-22 09:00,19.099309,73.06904,0.0
2026-09-22 09:00,19.063132,72.707268,0.0
2026-09-22 09:00,19.063132,72.743445,0.0
2026-09-22 09:00,19.063132,72.779622,0.0
2026-09-22 09:00,19.063132,72.8158,0.0
2026-09-22 09:00,19.063132,72.851977,0.0
2026-09-22 09:00,19.063132,72.888154,0.0
2026-09-22 09:00,19.063132,72.924331,0.0
2026-09-22 09:00,19.063132,72.960508,0.0
2026-09-22 09:00,19.063132,72.996685,0.0
2026-09-22 09:00,19.063132,73.032863,0.0
2026-09-22 09:00,19.063132,73.06904,0.0
2026-09-22 09:00,19.026955,72.707268,0.0
2026-09-22 09:00,19.026955,72.743445,0.0
2026-09-22 09:00,19.026955,72.779622,0.0
2026-09-22 09:00,19.026955,72.8158,0.0
2026-09-22 09:00,19.026955,72.851977,0.0
2026-09-22 09:00,19.026955,72.888154,0.0
2026-09-22 09:00,19.026955,72.924331,0.0
2026-09-22 09:00,19.026955,72.960508,0.0
2026-09-22 09:00,19.026955,72.996685,0.0
2026-09-22 09:00,19.026955,73.032863,0.0
2026-09-22 09:00,19.026955,73.06904,0.0
2026-09-22 09:00,18.990778,72.707268,0.0
2026-09-22 09:00,18.990778,72.743445,0.0
2026-09-22 09:00,18.990778,72.779622,0.0
2026-09-22 09:00,18.990778,72.8158,0.0
2026-09-22 09:00,18.990778,72.851977,0.0
2026-09-22 09:00,18.990778,72.888154,0.0
2026-09-22 09:00,18.990778,72.924331,0.0
2026-09-22 09:00,18.990778,72.960508,0.0
2026-09-22 09:00,18.990778,72.996685,0.0
2026-09-22 09:00,18.990778,73.032863,0.0
2026-09-22 09:00,18.990778,73.06904,0.0
2026-09-22 09:00,18.9546,72.707268,0.0
2026-09-22 09:00,18.9546,72.743445,0.0
2026-09-22 09:00,18.9546,72.779622,0.0
2026-09-22 09:00,18.9546,72.8158,0.0
2026-09-22 09:00,18.9546,72.851977,0.0
2026-09-22 09:00,18.9546,72.888154,0.0
2026-09-22 09:00,18.9546,72.924331,0.0
2026-09-22 09:00,18.9546,72.960508,0.0
2026-09-22 09:00,18.9546,72.996685,0.0
2026-09-22 09:00,18.9546,73.032863,0.0
2026-09-22 09:00,18.9546,73.06904,0.0
2026-09-22 09:00,18.918423,72.707268,0.0
2026-09-22 09:00,18.918423,72.743445,0.0
2026-09-22 09:00,18.918423,72.779622,0.0
2026-09-22 09:00,18.918423,72.8158,0.0
2026-09-22 09:00,18.918423,72.851977,0.0
2026-09-22 09:00,18.918423,72.888154,0.0
2026-09-22 09:00,18.918423,72.924331,0.0
2026-09-22 09:00,18.918423,72.960508,0.0
2026-09-22 09:00,18.918423,72.996685,0.0
2026-09-22 09:00,18.918423,73.032863,0.0
2026-09-22 09:00,18.918423,73.06904,0.0
2026-09-22 09:00,18.882246,72.707268,0.0
2026-09-22 09:00,18.882246,72.743445,0.0
2026-09-22 09:00,18.882246,72.779622,0.0
2026-09-22 09:00,18.882246,72.8158,0.0
2026-09-22 09:00,18.882246,72.851977,0.0
2026-09-22 09:00,18.882246,72.888154,0.0
2026-09-22 09:00,18.882246,72.924331,0.0
2026-09-22 09:00,18.882246,72.960508,0.0
2026-09-22 09:00,18.882246,72.996685,0.0
2026-09-22 09:00,18.882246,73.032863,0.0
2026-09-22 09:00,18.882246,73.06904,0.0
2026-09-22 09:00,18.846069,72.707268,0.0
2026-09-22 09:00,18.846069,72.743445,0.0
2026-09-22 09:00,18.846069,72.779622,0.0
2026-09-22 09:00,18.846069,72.8158,0.0
2026-09-22 09:00,18.846069,72.851977,0.0
2026-09-22 09:00,18.846069,72.888154,0.0
2026-09-22 09:00,18.846069,72.924331,0.0
2026-09-22 09:00,18.846069,72.960508,0.0
2026-09-22 09:00,18.846069,72.996685,0.0
2026-09-22 09:00,18.846069,73.032863,0.0
2026-09-22 09:00,18.846069,73.06904,0.0
2026-09-22 09:00,18.809892,72.707268,0.0
2026-09-22 09:00,18.809892,72.743445,0.0
2026-09-22 09:00,18.809892,72.779622,0.0
2026-09-22 09:00,18.809892,72.8158,0.0
2026-09-22 09:00,18.809892,72.851977,0.0
2026-09-22 09:00,18.809892,72.888154,0.0
2026-09-22 09:00,18.809892,72.924331,0.0
2026-09-22 09:00,18.809892,72.960508,0.0
2026-09-22 09:00,18.809892,72.996685,0.0
2026-09-22 09:00,18.809892,73.032863,0.0
2026-09-22 09:00,18.809892,73.06904,0.0
2026-09-22 09:30,19.388726,72.707268,0.0
2026-09-22 09:30,19.388726,72.743445,0.0
2026-09-22 09:30,19.388726,72.779622,0.0
2026-09-22 09:30,19.388726,72.8158,0.0
2026-09-22 09:30,19.388726,72.851977,0.0
2026-09-22 09:30,19.388726,72.888154,0.0
2026-09-22 09:30,19.388726,72.924331,0.0
2026-09-22 09:30,19.388726,72.960508,0.0
2026-09-22 09:30,19.388726,72.996685,0.0
2026-09-22 09:30,19.388726,73.032863,0.021925641
2026-09-22 09:30,19.388726,73.06904,0.23439151
2026-09-22 09:30,19.352549,72.707268,0.0
2026-09-22 09:30,19.352549,72.743445,0.0
2026-09-22 09:30,19.352549,72.779622,0.0
2026-09-22 09:30,19.352549,72.8158,0.0
2026-09-22 09:30,19.352549,72.851977,0.0
2026-09-22 09:30,19.352549,72.888154,0.0
2026-09-22 09:30,19.352549,72.924331,0.0
2026-09-22 09:30,19.352549,72.960508,0.0
2026-09-22 09:30,19.352549,72.996685,0.0
2026-09-22 09:30,19.352549,73.032863,0.021925641
2026-09-22 09:30,19.352549,73.06904,0.23439151
2026-09-22 09:30,19.316372,72.707268,0.0
2026-09-22 09:30,19.316372,72.743445,0.0
2026-09-22 09:30,19.316372,72.779622,0.0
2026-09-22 09:30,19.316372,72.8158,0.0
2026-09-22 09:30,19.316372,72.851977,0.0
2026-09-22 09:30,19.316372,72.888154,0.0
2026-09-22 09:30,19.316372,72.924331,0.0
2026-09-22 09:30,19.316372,72.960508,0.0
2026-09-22 09:30,19.316372,72.996685,0.0
2026-09-22 09:30,19.316372,73.032863,0.0
2026-09-22 09:30,19.316372,73.06904,0.16137327
2026-09-22 09:30,19.280195,72.707268,0.0
2026-09-22 09:30,19.280195,72.743445,0.0
2026-09-22 09:30,19.280195,72.779622,0.0
2026-09-22 09:30,19.280195,72.8158,0.0
2026-09-22 09:30,19.280195,72.851977,0.0
2026-09-22 09:30,19.280195,72.888154,0.0
2026-09-22 09:30,19.280195,72.924331,0.0
2026-09-22 09:30,19.280195,72.960508,0.0
2026-09-22 09:30,19.280195,72.996685,0.0
2026-09-22 09:30,19.280195,73.032863,0.0
2026-09-22 09:30,19.280195,73.06904,0.0
2026-09-22 09:30,19.244018,72.707268,0.0
2026-09-22 09:30,19.244018,72.743445,0.0
2026-09-22 09:30,19.244018,72.779622,0.0
2026-09-22 09:30,19.244018,72.8158,0.0
2026-09-22 09:30,19.244018,72.851977,0.0
2026-09-22 09:30,19.244018,72.888154,0.0
2026-09-22 09:30,19.244018,72.924331,0.0
2026-09-22 09:30,19.244018,72.960508,0.0
2026-09-22 09:30,19.244018,72.996685,0.0
2026-09-22 09:30,19.244018,73.032863,0.0
2026-09-22 09:30,19.244018,73.06904,0.0
2026-09-22 09:30,19.20784,72.707268,0.0
2026-09-22 09:30,19.20784,72.743445,0.0
2026-09-22 09:30,19.20784,72.779622,0.0
2026-09-22 09:30,19.20784,72.8158,0.0
2026-09-22 09:30,19.20784,72.851977,0.0
2026-09-22 09:30,19.20784,72.888154,0.0
2026-09-22 09:30,19.20784,72.924331,0.0
2026-09-22 09:30,19.20784,72.960508,0.0
2026-09-22 09:30,19.20784,72.996685,0.0
2026-09-22 09:30,19.20784,73.032863,0.0
2026-09-22 09:30,19.20784,73.06904,0.0
2026-09-22 09:30,19.171663,72.707268,0.0
2026-09-22 09:30,19.171663,72.743445,0.0
2026-09-22 09:30,19.171663,72.779622,0.0
2026-09-22 09:30,19.171663,72.8158,0.0
2026-09-22 09:30,19.171663,72.851977,0.0
2026-09-22 09:30,19.171663,72.888154,0.0
2026-09-22 09:30,19.171663,72.924331,0.0
2026-09-22 09:30,19.171663,72.960508,0.0
2026-09-22 09:30,19.171663,72.996685,0.0
2026-09-22 09:30,19.171663,73.032863,0.0
2026-09-22 09:30,19.171663,73.06904,0.0
2026-09-22 09:30,19.135486,72.707268,0.0
2026-09-22 09:30,19.135486,72.743445,0.0
2026-09-22 09:30,19.135486,72.779622,0.0
2026-09-22 09:30,19.135486,72.8158,0.0
2026-09-22 09:30,19.135486,72.851977,0.0
2026-09-22 09:30,19.135486,72.888154,0.0
2026-09-22 09:30,19.135486,72.924331,0.0
2026-09-22 09:30,19.135486,72.960508,0.0
2026-09-22 09:30,19.135486,72.996685,0.0
2026-09-22 09:30,19.135486,73.032863,0.0
2026-09-22 09:30,19.135486,73.06904,0.0
2026-09-22 09:30,19.099309,72.707268,0.0
2026-09-22 09:30,19.099309,72.743445,0.0
2026-09-22 09:30,19.099309,72.779622,0.0
2026-09-22 09:30,19.099309,72.8158,0.0
2026-09-22 09:30,19.099309,72.851977,0.0
2026-09-22 09:30,19.099309,72.888154,0.0
2026-09-22 09:30,19.099309,72.924331,0.0
2026-09-22 09:30,19.099309,72.960508,0.0
2026-09-22 09:30,19.099309,72.996685,0.0
2026-09-22 09:30,19.099309,73.032863,0.0
2026-09-22 09:30,19.099309,73.06904,0.0
2026-09-22 09:30,19.063132,72.707268,0.0
2026-09-22 09:30,19.063132,72.743445,0.0
2026-09-22 09:30,19.063132,72.779622,0.0
2026-09-22 09:30,19.063132,72.8158,0.0
2026-09-22 09:30,19.063132,72.851977,0.0
2026-09-22 09:30,19.063132,72.888154,0.0
2026-09-22 09:30,19.063132,72.924331,0.0
2026-09-22 09:30,19.063132,72.960508,0.0
2026-09-22 09:30,19.063132,72.996685,0.0
2026-09-22 09:30,19.063132,73.032863,0.0
2026-09-22 09:30,19.063132,73.06904,0.0
2026-09-22 09:30,19.026955,72.707268,0.0
2026-09-22 09:30,19.026955,72.743445,0.0
2026-09-22 09:30,19.026955,72.779622,0.0
2026-09-22 09:30,19.026955,72.8158,0.0
2026-09-22 09:30,19.026955,72.851977,0.0
2026-09-22 09:30,19.026955,72.888154,0.0
2026-09-22 09:30,19.026955,72.924331,0.0
2026-09-22 09:30,19.026955,72.960508,0.0
2026-09-22 09:30,19.026955,72.996685,0.0
2026-09-22 09:30,19.026955,73.032863,0.0
2026-09-22 09:30,19.026955,73.06904,0.0
2026-09-22 09:30,18.990778,72.707268,0.0
2026-09-22 09:30,18.990778,72.743445,0.0
2026-09-22 09:30,18.990778,72.779622,0.0
2026-09-22 09:30,18.990778,72.8158,0.0
2026-09-22 09:30,18.990778,72.851977,0.0
2026-09-22 09:30,18.990778,72.888154,0.0
2026-09-22 09:30,18.990778,72.924331,0.0
2026-09-22 09:30,18.990778,72.960508,0.0
2026-09-22 09:30,18.990778,72.996685,0.0
2026-09-22 09:30,18.990778,73.032863,0.0
2026-09-22 09:30,18.990778,73.06904,0.0
2026-09-22 09:30,18.9546,72.707268,0.0
2026-09-22 09:30,18.9546,72.743445,0.0
2026-09-22 09:30,18.9546,72.779622,0.0
2026-09-22 09:30,18.9546,72.8158,0.0
2026-09-22 09:30,18.9546,72.851977,0.0
2026-09-22 09:30,18.9546,72.888154,0.0
2026-09-22 09:30,18.9546,72.924331,0.0
2026-09-22 09:30,18.9546,72.960508,0.0
2026-09-22 09:30,18.9546,72.996685,0.0
2026-09-22 09:30,18.9546,73.032863,0.0
2026-09-22 09:30,18.9546,73.06904,0.0
2026-09-22 09:30,18.918423,72.707268,0.0
2026-09-22 09:30,18.918423,72.743445,0.0
2026-09-22 09:30,18.918423,72.779622,0.0
2026-09-22 09:30,18.918423,72.8158,0.0
2026-09-22 09:30,18.918423,72.851977,0.0
2026-09-22 09:30,18.918423,72.888154,0.0
2026-09-22 09:30,18.918423,72.924331,0.0
2026-09-22 09:30,18.918423,72.960508,0.0
2026-09-22 09:30,18.918423,72.996685,0.0
2026-09-22 09:30,18.918423,73.032863,0.0
2026-09-22 09:30,18.918423,73.06904,0.0
2026-09-22 09:30,18.882246,72.707268,0.0
2026-09-22 09:30,18.882246,72.743445,0.0
2026-09-22 09:30,18.882246,72.779622,0.0
2026-09-22 09:30,18.882246,72.8158,0.0
2026-09-22 09:30,18.882246,72.851977,0.0
2026-09-22 09:30,18.882246,72.888154,0.0
2026-09-22 09:30,18.882246,72.924331,0.0
2026-09-22 09:30,18.882246,72.960508,0.0
2026-09-22 09:30,18.882246,72.996685,0.0
2026-09-22 09:30,18.882246,73.032863,0.0
2026-09-22 09:30,18.882246,73.06904,0.0
2026-09-22 09:30,18.846069,72.707268,0.0
2026-09-22 09:30,18.846069,72.743445,0.0
2026-09-22 09:30,18.846069,72.779622,0.0
2026-09-22 09:30,18.846069,72.8158,0.0
2026-09-22 09:30,18.846069,72.851977,0.0
2026-09-22 09:30,18.846069,72.888154,0.0
2026-09-22 09:30,18.846069,72.924331,0.0
2026-09-22 09:30,18.846069,72.960508,0.0
2026-09-22 09:30,18.846069,72.996685,0.0
2026-09-22 09:30,18.846069,73.032863,0.0
2026-09-22 09:30,18.846069,73.06904,0.0
2026-09-22 09:30,18.809892,72.707268,0.0
2026-09-22 09:30,18.809892,72.743445,0.0
2026-09-22 09:30,18.809892,72.779622,0.0
2026-09-22 09:30,18.809892,72.8158,0.0
2026-09-22 09:30,18.809892,72.851977,0.0
2026-09-22 09:30,18.809892,72.888154,0.0
2026-09-22 09:30,18.809892,72.924331,0.0
2026-09-22 09:30,18.809892,72.960508,0.0
2026-09-22 09:30,18.809892,72.996685,0.0
2026-09-22 09:30,18.809892,73.032863,0.0
2026-09-22 09:30,18.809892,73.06904,0.0
2026-09-22 10:00,19.388726,72.707268,0.0
2026-09-22 10:00,19.388726,72.743445,0.0
2026-09-22 10:00,19.388726,72.779622,0.0
2026-09-22 10:00,19.388726,72.8158,0.0
2026-09-22 10:00,19.388726,72.851977,0.0
2026-09-22 10:00,19.388726,72.888154,0.0
2026-09-22 10:00,19.388726,72.924331,0.0
2026-09-22 10:00,19.388726,72.960508,0.0
2026-09-22 10:00,19.388726,72.996685,0.0
2026-09-22 10:00,19.388726,73.032863,0.025763812
2026-09-22 10:00,19.388726,73.06904,0.33515278
2026-09-22 10:00,19.352549,72.707268,0.0
2026-09-22 10:00,19.352549,72.743445,0.0
2026-09-22 10:00,19.352549,72.779622,0.0
2026-09-22 10:00,19.352549,72.8158,0.0
2026-09-22 10:00,19.352549,72.851977,0.0
2026-09-22 10:00,19.352549,72.888154,0.0
2026-09-22 10:00,19.352549,72.924331,0.0
2026-09-22 10:00,19.352549,72.960508,0.0
2026-09-22 10:00,19.352549,72.996685,0.0
2026-09-22 10:00,19.352549,73.032863,0.025763812
2026-09-22 10:00,19.352549,73.06904,0.33515278
2026-09-22 10:00,19.316372,72.707268,0.0
2026-09-22 10:00,19.316372,72.743445,0.0
2026-09-22 10:00,19.316372,72.779622,0.0
2026-09-22 10:00,19.316372,72.8158,0.0
2026-09-22 10:00,19.316372,72.851977,0.0
2026-09-22 10:00,19.316372,72.888154,0.0
2026-09-22 10:00,19.316372,72.924331,0.0
2026-09-22 10:00,19.316372,72.960508,0.0
2026-09-22 10:00,19.316372,72.996685,0.0
2026-09-22 10:00,19.316372,73.032863,0.0
2026-09-22 10:00,19.316372,73.06904,0.30572084
2026-09-22 10:00,19.280195,72.707268,0.0
2026-09-22 10:00,19.280195,72.743445,0.0
2026-09-22 10:00,19.280195,72.779622,0.0
2026-09-22 10:00,19.280195,72.8158,0.0
2026-09-22 10:00,19.280195,72.851977,0.0
2026-09-22 10:00,19.280195,72.888154,0.0
2026-09-22 10:00,19.280195,72.924331,0.0
2026-09-22 10:00,19.280195,72.960508,0.0
2026-09-22 10:00,19.280195,72.996685,0.027149364
2026-09-22 10:00,19.280195,73.032863,0.031061051
2026-09-22 10:00,19.280195,73.06904,0.07832914
2026-09-22 10:00,19.244018,72.707268,0.0
2026-09-22 10:00,19.244018,72.743445,0.0
2026-09-22 10:00,19.244018,72.779622,0.0
2026-09-22 10:00,19.244018,72.8158,0.0
2026-09-22 10:00,19.244018,72.851977,0.0
2026-09-22 10:00,19.244018,72.888154,0.0
2026-09-22 10:00,19.244018,72.924331,0.0
2026-09-22 10:00,19.244018,72.960508,0.0
2026-09-22 10:00,19.244018,72.996685,0.0
2026-09-22 10:00,19.244018,73.032863,0.0
2026-09-22 10:00,19.244018,73.06904,0.013992148
2026-09-22 10:00,19.20784,72.707268,0.0
2026-09-22 10:00,19.20784,72.743445,0.0
2026-09-22 10:00,19.20784,72.779622,0.0
2026-09-22 10:00,19.20784,72.8158,0.0
2026-09-22 10:00,19.20784,72.851977,0.0
2026-09-22 10:00,19.20784,72.888154,0.0
2026-09-22 10:00,19.20784,72.924331,0.0
2026-09-22 10:00,19.20784,72.960508,0.0
2026-09-22 10:00,19.20784,72.996685,0.0
2026-09-22 10:00,19.20784,73.032863,0.0
2026-09-22 10:00,19.20784,73.06904,0.0
2026-09-22 10:00,19.171663,72.707268,0.0
2026-09-22 10:00,19.171663,72.743445,0.0
2026-09-22 10:00,19.171663,72.779622,0.0
2026-09-22 10:00,19.171663,72.8158,0.0
2026-09-22 10:00,19.171663,72.851977,0.0
2026-09-22 10:00,19.171663,72.888154,0.0
2026-09-22 10:00,19.171663,72.924331,0.0
2026-09-22 10:00,19.171663,72.960508,0.0
2026-09-22 10:00,19.171663,72.996685,0.0
2026-09-22 10:00,19.171663,73.032863,0.0
2026-09-22 10:00,19.171663,73.06904,0.0
2026-09-22 10:00,19.135486,72.707268,0.0
2026-09-22 10:00,19.135486,72.743445,0.0
2026-09-22 10:00,19.135486,72.779622,0.0
2026-09-22 10:00,19.135486,72.8158,0.0
2026-09-22 10:00,19.135486,72.851977,0.0
2026-09-22 10:00,19.135486,72.888154,0.0
2026-09-22 10:00,19.135486,72.924331,0.0
2026-09-22 10:00,19.135486,72.960508,0.0
2026-09-22 10:00,19.135486,72.996685,0.0
2026-09-22 10:00,19.135486,73.032863,0.0
2026-09-22 10:00,19.135486,73.06904,0.0
2026-09-22 10:00,19.099309,72.707268,0.0
2026-09-22 10:00,19.099309,72.743445,0.0
2026-09-22 10:00,19.099309,72.779622,0.0
2026-09-22 10:00,19.099309,72.8158,0.0
2026-09-22 10:00,19.099309,72.851977,0.0
2026-09-22 10:00,19.099309,72.888154,0.0
2026-09-22 10:00,19.099309,72.924331,0.0
2026-09-22 10:00,19.099309,72.960508,0.0
2026-09-22 10:00,19.099309,72.996685,0.0
2026-09-22 10:00,19.099309,73.032863,0.0
2026-09-22 10:00,19.099309,73.06904,0.0
2026-09-22 10:00,19.063132,72.707268,0.0
2026-09-22 10:00,19.063132,72.743445,0.0
2026-09-22 10:00,19.063132,72.779622,0.0
2026-09-22 10:00,19.063132,72.8158,0.0
2026-09-22 10:00,19.063132,72.851977,0.0
2026-09-22 10:00,19.063132,72.888154,0.0
2026-09-22 10:00,19.063132,72.924331,0.0
2026-09-22 10:00,19.063132,72.960508,0.0
2026-09-22 10:00,19.063132,72.996685,0.0
2026-09-22 10:00,19.063132,73.032863,0.0
2026-09-22 10:00,19.063132,73.06904,0.0
2026-09-22 10:00,19.026955,72.707268,0.0
2026-09-22 10:00,19.026955,72.743445,0.0
2026-09-22 10:00,19.026955,72.779622,0.0
2026-09-22 10:00,19.026955,72.8158,0.0
2026-09-22 10:00,19.026955,72.851977,0.0
2026-09-22 10:00,19.026955,72.888154,0.0
2026-09-22 10:00,19.026955,72.924331,0.0
2026-09-22 10:00,19.026955,72.960508,0.0
2026-09-22 10:00,19.026955,72.996685,0.0
2026-09-22 10:00,19.026955,73.032863,0.0
2026-09-22 10:00,19.026955,73.06904,0.0
2026-09-22 10:00,18.990778,72.707268,0.0
2026-09-22 10:00,18.990778,72.743445,0.0
2026-09-22 10:00,18.990778,72.779622,0.0
2026-09-22 10:00,18.990778,72.8158,0.0
2026-09-22 10:00,18.990778,72.851977,0.0
2026-09-22 10:00,18.990778,72.888154,0.0
2026-09-22 10:00,18.990778,72.924331,0.0
2026-09-22 10:00,18.990778,72.960508,0.0
2026-09-22 10:00,18.990778,72.996685,0.0
2026-09-22 10:00,18.990778,73.032863,0.0
2026-09-22 10:00,18.990778,73.06904,0.0
2026-09-22 10:00,18.9546,72.707268,0.0
2026-09-22 10:00,18.9546,72.743445,0.0
2026-09-22 10:00,18.9546,72.779622,0.0
2026-09-22 10:00,18.9546,72.8158,0.0
2026-09-22 10:00,18.9546,72.851977,0.0
2026-09-22 10:00,18.9546,72.888154,0.0
2026-09-22 10:00,18.9546,72.924331,0.0
2026-09-22 10:00,18.9546,72.960508,0.0
2026-09-22 10:00,18.9546,72.996685,0.0
2026-09-22 10:00,18.9546,73.032863,0.0
2026-09-22 10:00,18.9546,73.06904,0.0
2026-09-22 10:00,18.918423,72.707268,0.0
2026-09-22 10:00,18.918423,72.743445,0.0
2026-09-22 10:00,18.918423,72.779622,0.0
2026-09-22 10:00,18.918423,72.8158,0.0
2026-09-22 10:00,18.918423,72.851977,0.0
2026-09-22 10:00,18.918423,72.888154,0.0
2026-09-22 10:00,18.918423,72.924331,0.0
2026-09-22 10:00,18.918423,72.960508,0.0
2026-09-22 10:00,18.918423,72.996685,0.0
2026-09-22 10:00,18.918423,73.032863,0.0
2026-09-22 10:00,18.918423,73.06904,0.0
2026-09-22 10:00,18.882246,72.707268,0.0
2026-09-22 10:00,18.882246,72.743445,0.0
2026-09-22 10:00,18.882246,72.779622,0.0
2026-09-22 10:00,18.882246,72.8158,0.0
2026-09-22 10:00,18.882246,72.851977,0.0
2026-09-22 10:00,18.882246,72.888154,0.0
2026-09-22 10:00,18.882246,72.924331,0.0
2026-09-22 10:00,18.882246,72.960508,0.0
2026-09-22 10:00,18.882246,72.996685,0.0
2026-09-22 10:00,18.882246,73.032863,0.0
2026-09-22 10:00,18.882246,73.06904,0.0
2026-09-22 10:00,18.846069,72.707268,0.0
2026-09-22 10:00,18.846069,72.743445,0.0
2026-09-22 10:00,18.846069,72.779622,0.0
2026-09-22 10:00,18.846069,72.8158,0.0
2026-09-22 10:00,18.846069,72.851977,0.0
2026-09-22 10:00,18.846069,72.888154,0.0
2026-09-22 10:00,18.846069,72.924331,0.0
2026-09-22 10:00,18.846069,72.960508,0.0
2026-09-22 10:00,18.846069,72.996685,0.0
2026-09-22 10:00,18.846069,73.032863,0.0
2026-09-22 10:00,18.846069,73.06904,0.0
2026-09-22 10:00,18.809892,72.707268,0.0
2026-09-22 10:00,18.809892,72.743445,0.0
2026-09-22 10:00,18.809892,72.779622,0.0
2026-09-22 10:00,18.809892,72.8158,0.0
2026-09-22 10:00,18.809892,72.851977,0.0
2026-09-22 10:00,18.809892,72.888154,0.0
2026-09-22 10:00,18.809892,72.924331,0.0
2026-09-22 10:00,18.809892,72.960508,0.0
2026-09-22 10:00,18.809892,72.996685,0.0
2026-09-22 10:00,18.809892,73.032863,0.0
2026-09-22 10:00,18.809892,73.06904,0.0
2026-09-22 10:30,19.388726,72.707268,0.0
2026-09-22 10:30,19.388726,72.743445,0.0
2026-09-22 10:30,19.388726,72.779622,0.0
2026-09-22 10:30,19.388726,72.8158,0.0
2026-09-22 10:30,19.388726,72.851977,0.0
2026-09-22 10:30,19.388726,72.888154,0.0
2026-09-22 10:30,19.388726,72.924331,0.0
2026-09-22 10:30,19.388726,72.960508,0.0
2026-09-22 10:30,19.388726,72.996685,0.0
2026-09-22 10:30,19.388726,73.032863,0.024236353
2026-09-22 10:30,19.388726,73.06904,0.0
2026-09-22 10:30,19.352549,72.707268,0.0
2026-09-22 10:30,19.352549,72.743445,0.0
2026-09-22 10:30,19.352549,72.779622,0.0
2026-09-22 10:30,19.352549,72.8158,0.0
2026-09-22 10:30,19.352549,72.851977,0.0
2026-09-22 10:30,19.352549,72.888154,0.0
2026-09-22 10:30,19.352549,72.924331,0.0
2026-09-22 10:30,19.352549,72.960508,0.0
2026-09-22 10:30,19.352549,72.996685,0.0
2026-09-22 10:30,19.352549,73.032863,0.024236353
2026-09-22 10:30,19.352549,73.06904,0.0
2026-09-22 10:30,19.316372,72.707268,0.0
2026-09-22 10:30,19.316372,72.743445,0.0
2026-09-22 10:30,19.316372,72.779622,0.0
2026-09-22 10:30,19.316372,72.8158,0.0
2026-09-22 10:30,19.316372,72.851977,0.0
2026-09-22 10:30,19.316372,72.888154,0.0
2026-09-22 10:30,19.316372,72.924331,0.0
2026-09-22 10:30,19.316372,72.960508,0.0
2026-09-22 10:30,19.316372,72.996685,0.0
2026-09-22 10:30,19.316372,73.032863,0.0
2026-09-22 10:30,19.316372,73.06904,0.0
2026-09-22 10:30,19.280195,72.707268,0.0
2026-09-22 10:30,19.280195,72.743445,0.0
2026-09-22 10:30,19.280195,72.779622,0.0
2026-09-22 10:30,19.280195,72.8158,0.0
2026-09-22 10:30,19.280195,72.851977,0.0
2026-09-22 10:30,19.280195,72.888154,0.0
2026-09-22 10:30,19.280195,72.924331,0.0
2026-09-22 10:30,19.280195,72.960508,0.0
2026-09-22 10:30,19.280195,72.996685,0.059516087
2026-09-22 10:30,19.280195,73.032863,0.0
2026-09-22 10:30,19.280195,73.06904,0.0
2026-09-22 10:30,19.244018,72.707268,0.0
2026-09-22 10:30,19.244018,72.743445,0.0
2026-09-22 10:30,19.244018,72.779622,0.0
2026-09-22 10:30,19.244018,72.8158,0.0
2026-09-22 10:30,19.244018,72.851977,0.0
2026-09-22 10:30,19.244018,72.888154,0.0
2026-09-22 10:30,19.244018,72.924331,0.0
2026-09-22 10:30,19.244018,72.960508,0.0
2026-09-22 10:30,19.244018,72.996685,0.0
2026-09-22 10:30,19.244018,73.032863,0.0
2026-09-22 10:30,19.244018,73.06904,0.0
2026-09-22 10:30,19.20784,72.707268,0.0
2026-09-22 10:30,19.20784,72.743445,0.0
2026-09-22 10:30,19.20784,72.779622,0.0
2026-09-22 10:30,19.20784,72.8158,0.0
2026-09-22 10:30,19.20784,72.851977,0.0
2026-09-22 10:30,19.20784,72.888154,0.0
2026-09-22 10:30,19.20784,72.924331,0.0
2026-09-22 10:30,19.20784,72.960508,0.0
2026-09-22 10:30,19.20784,72.996685,0.0
2026-09-22 10:30,19.20784,73.032863,0.0
2026-09-22 10:30,19.20784,73.06904,0.0
2026-09-22 10:30,19.171663,72.707268,0.0
2026-09-22 10:30,19.171663,72.743445,0.0
2026-09-22 10:30,19.171663,72.779622,0.0
2026-09-22 10:30,19.171663,72.8158,0.0
2026-09-22 10:30,19.171663,72.851977,0.0
2026-09-22 10:30,19.171663,72.888154,0.0
2026-09-22 10:30,19.171663,72.924331,0.0
2026-09-22 10:30,19.171663,72.960508,0.0
2026-09-22 10:30,19.171663,72.996685,0.0
2026-09-22 10:30,19.171663,73.032863,0.0
2026-09-22 10:30,19.171663,73.06904,0.0
2026-09-22 10:30,19.135486,72.707268,0.0
2026-09-22 10:30,19.135486,72.743445,0.0
2026-09-22 10:30,19.135486,72.779622,0.0
2026-09-22 10:30,19.135486,72.8158,0.0
2026-09-22 10:30,19.135486,72.851977,0.0
2026-09-22 10:30,19.135486,72.888154,0.0
2026-09-22 10:30,19.135486,72.924331,0.0
2026-09-22 10:30,19.135486,72.960508,0.0
2026-09-22 10:30,19.135486,72.996685,0.0
2026-09-22 10:30,19.135486,73.032863,0.0
2026-09-22 10:30,19.135486,73.06904,0.0
2026-09-22 10:30,19.099309,72.707268,0.0
2026-09-22 10:30,19.099309,72.743445,0.0
2026-09-22 10:30,19.099309,72.779622,0.0
2026-09-22 10:30,19.099309,72.8158,0.0
2026-09-22 10:30,19.099309,72.851977,0.0
2026-09-22 10:30,19.099309,72.888154,0.0
2026-09-22 10:30,19.099309,72.924331,0.0
2026-09-22 10:30,19.099309,72.960508,0.0
2026-09-22 10:30,19.099309,72.996685,0.0
2026-09-22 10:30,19.099309,73.032863,0.0
2026-09-22 10:30,19.099309,73.06904,0.0
2026-09-22 10:30,19.063132,72.707268,0.0
2026-09-22 10:30,19.063132,72.743445,0.0
2026-09-22 10:30,19.063132,72.779622,0.0
2026-09-22 10:30,19.063132,72.8158,0.0
2026-09-22 10:30,19.063132,72.851977,0.0
2026-09-22 10:30,19.063132,72.888154,0.0
2026-09-22 10:30,19.063132,72.924331,0.0
2026-09-22 10:30,19.063132,72.960508,0.0
2026-09-22 10:30,19.063132,72.996685,0.0
2026-09-22 10:30,19.063132,73.032863,0.0
2026-09-22 10:30,19.063132,73.06904,0.0
2026-09-22 10:30,19.026955,72.707268,0.0
2026-09-22 10:30,19.026955,72.743445,0.0
2026-09-22 10:30,19.026955,72.779622,0.0
2026-09-22 10:30,19.026955,72.8158,0.0
2026-09-22 10:30,19.026955,72.851977,0.0
2026-09-22 10:30,19.026955,72.888154,0.0
2026-09-22 10:30,19.026955,72.924331,0.0
2026-09-22 10:30,19.026955,72.960508,0.0
2026-09-22 10:30,19.026955,72.996685,0.0
2026-09-22 10:30,19.026955,73.032863,0.0
2026-09-22 10:30,19.026955,73.06904,0.0
2026-09-22 10:30,18.990778,72.707268,0.0
2026-09-22 10:30,18.990778,72.743445,0.0
2026-09-22 10:30,18.990778,72.779622,0.0
2026-09-22 10:30,18.990778,72.8158,0.0
2026-09-22 10:30,18.990778,72.851977,0.0
2026-09-22 10:30,18.990778,72.888154,0.0
2026-09-22 10:30,18.990778,72.924331,0.0
2026-09-22 10:30,18.990778,72.960508,0.0
2026-09-22 10:30,18.990778,72.996685,0.0
2026-09-22 10:30,18.990778,73.032863,0.0
2026-09-22 10:30,18.990778,73.06904,0.0
2026-09-22 10:30,18.9546,72.707268,0.0
2026-09-22 10:30,18.9546,72.743445,0.0
2026-09-22 10:30,18.9546,72.779622,0.0
2026-09-22 10:30,18.9546,72.8158,0.0
2026-09-22 10:30,18.9546,72.851977,0.0
2026-09-22 10:30,18.9546,72.888154,0.0
2026-09-22 10:30,18.9546,72.924331,0.0
2026-09-22 10:30,18.9546,72.960508,0.0
2026-09-22 10:30,18.9546,72.996685,0.0
2026-09-22 10:30,18.9546,73.032863,0.0
2026-09-22 10:30,18.9546,73.06904,0.0
2026-09-22 10:30,18.918423,72.707268,0.0
2026-09-22 10:30,18.918423,72.743445,0.0
2026-09-22 10:30,18.918423,72.779622,0.0
2026-09-22 10:30,18.918423,72.8158,0.0
2026-09-22 10:30,18.918423,72.851977,0.0
2026-09-22 10:30,18.918423,72.888154,0.0
2026-09-22 10:30,18.918423,72.924331,0.0
2026-09-22 10:30,18.918423,72.960508,0.0
2026-09-22 10:30,18.918423,72.996685,0.0
2026-09-22 10:30,18.918423,73.032863,0.0
2026-09-22 10:30,18.918423,73.06904,0.0
2026-09-22 10:30,18.882246,72.707268,0.0
2026-09-22 10:30,18.882246,72.743445,0.0
2026-09-22 10:30,18.882246,72.779622,0.0
2026-09-22 10:30,18.882246,72.8158,0.0
2026-09-22 10:30,18.882246,72.851977,0.0
2026-09-22 10:30,18.882246,72.888154,0.0
2026-09-22 10:30,18.882246,72.924331,0.0
2026-09-22 10:30,18.882246,72.960508,0.0
2026-09-22 10:30,18.882246,72.996685,0.0
2026-09-22 10:30,18.882246,73.032863,0.0
2026-09-22 10:30,18.882246,73.06904,0.0
2026-09-22 10:30,18.846069,72.707268,0.0
2026-09-22 10:30,18.846069,72.743445,0.0
2026-09-22 10:30,18.846069,72.779622,0.0
2026-09-22 10:30,18.846069,72.8158,0.0
2026-09-22 10:30,18.846069,72.851977,0.0
2026-09-22 10:30,18.846069,72.888154,0.0
2026-09-22 10:30,18.846069,72.924331,0.0
2026-09-22 10:30,18.846069,72.960508,0.0
2026-09-22 10:30,18.846069,72.996685,0.0
2026-09-22 10:30,18.846069,73.032863,0.0
2026-09-22 10:30,18.846069,73.06904,0.0
2026-09-22 10:30,18.809892,72.707268,0.0
2026-09-22 10:30,18.809892,72.743445,0.0
2026-09-22 10:30,18.809892,72.779622,0.0
2026-09-22 10:30,18.809892,72.8158,0.0
2026-09-22 10:30,18.809892,72.851977,0.0
2026-09-22 10:30,18.809892,72.888154,0.0
2026-09-22 10:30,18.809892,72.924331,0.0
2026-09-22 10:30,18.809892,72.960508,0.0
2026-09-22 10:30,18.809892,72.996685,0.0
2026-09-22 10:30,18.809892,73.032863,0.0
2026-09-22 10:30,18.809892,73.06904,0.0
2026-09-22 11:00,19.388726,72.707268,0.0
2026-09-22 11:00,19.388726,72.743445,0.0
2026-09-22 11:00,19.388726,72.779622,0.0
2026-09-22 11:00,19.388726,72.8158,0.0
2026-09-22 11:00,19.388726,72.851977,0.0
2026-09-22 11:00,19.388726,72.888154,0.0
2026-09-22 11:00,19.388726,72.924331,0.0
2026-09-22 11:00,19.388726,72.960508,0.0
2026-09-22 11:00,19.388726,72.996685,0.0
2026-09-22 11:00,19.388726,73.032863,0.0
2026-09-22 11:00,19.388726,73.06904,0.0
2026-09-22 11:00,19.352549,72.707268,0.0
2026-09-22 11:00,19.352549,72.743445,0.0
2026-09-22 11:00,19.352549,72.779622,0.0
2026-09-22 11:00,19.352549,72.8158,0.0
2026-09-22 11:00,19.352549,72.851977,0.0
2026-09-22 11:00,19.352549,72.888154,0.0
2026-09-22 11:00,19.352549,72.924331,0.0
2026-09-22 11:00,19.352549,72.960508,0.0
2026-09-22 11:00,19.352549,72.996685,0.0
2026-09-22 11:00,19.352549,73.032863,0.0
2026-09-22 11:00,19.352549,73.06904,0.0
2026-09-22 11:00,19.316372,72.707268,0.0
2026-09-22 11:00,19.316372,72.743445,0.0
2026-09-22 11:00,19.316372,72.779622,0.0
2026-09-22 11:00,19.316372,72.8158,0.0
2026-09-22 11:00,19.316372,72.851977,0.0
2026-09-22 11:00,19.316372,72.888154,0.0
2026-09-22 11:00,19.316372,72.924331,0.0
2026-09-22 11:00,19.316372,72.960508,0.0
2026-09-22 11:00,19.316372,72.996685,0.0
2026-09-22 11:00,19.316372,73.032863,0.0
2026-09-22 11:00,19.316372,73.06904,0.0
2026-09-22 11:00,19.280195,72.707268,0.0
2026-09-22 11:00,19.280195,72.743445,0.0
2026-09-22 11:00,19.280195,72.779622,0.0
2026-09-22 11:00,19.280195,72.8158,0.0
2026-09-22 11:00,19.280195,72.851977,0.0
2026-09-22 11:00,19.280195,72.888154,0.0
2026-09-22 11:00,19.280195,72.924331,0.0
2026-09-22 11:00,19.280195,72.960508,0.0
2026-09-22 11:00,19.280195,72.996685,0.0
2026-09-22 11:00,19.280195,73.032863,0.0
2026-09-22 11:00,19.280195,73.06904,0.0
2026-09-22 11:00,19.244018,72.707268,0.0
2026-09-22 11:00,19.244018,72.743445,0.0
2026-09-22 11:00,19.244018,72.779622,0.0
2026-09-22 11:00,19.244018,72.8158,0.0
2026-09-22 11:00,19.244018,72.851977,0.0
2026-09-22 11:00,19.244018,72.888154,0.0
2026-09-22 11:00,19.244018,72.924331,0.0
2026-09-22 11:00,19.244018,72.960508,0.0
2026-09-22 11:00,19.244018,72.996685,0.0
2026-09-22 11:00,19.244018,73.032863,0.0
2026-09-22 11:00,19.244018,73.06904,0.0
2026-09-22 11:00,19.20784,72.707268,0.0
2026-09-22 11:00,19.20784,72.743445,0.0
2026-09-22 11:00,19.20784,72.779622,0.0
2026-09-22 11:00,19.20784,72.8158,0.0
2026-09-22 11:00,19.20784,72.851977,0.0
2026-09-22 11:00,19.20784,72.888154,0.0
2026-09-22 11:00,19.20784,72.924331,0.0
2026-09-22 11:00,19.20784,72.960508,0.0
2026-09-22 11:00,19.20784,72.996685,0.0
2026-09-22 11:00,19.20784,73.032863,0.0
2026-09-22 11:00,19.20784,73.06904,0.0
2026-09-22 11:00,19.171663,72.707268,0.0
2026-09-22 11:00,19.171663,72.743445,0.0
2026-09-22 11:00,19.171663,72.779622,0.0
2026-09-22 11:00,19.171663,72.8158,0.0
2026-09-22 11:00,19.171663,72.851977,0.0
2026-09-22 11:00,19.171663,72.888154,0.0
2026-09-22 11:00,19.171663,72.924331,0.0
2026-09-22 11:00,19.171663,72.960508,0.0
2026-09-22 11:00,19.171663,72.996685,0.0
2026-09-22 11:00,19.171663,73.032863,0.0
2026-09-22 11:00,19.171663,73.06904,0.0
2026-09-22 11:00,19.135486,72.707268,0.0
2026-09-22 11:00,19.135486,72.743445,0.0
2026-09-22 11:00,19.135486,72.779622,0.0
2026-09-22 11:00,19.135486,72.8158,0.0
2026-09-22 11:00,19.135486,72.851977,0.0
2026-09-22 11:00,19.135486,72.888154,0.0
2026-09-22 11:00,19.135486,72.924331,0.0
2026-09-22 11:00,19.135486,72.960508,0.0
2026-09-22 11:00,19.135486,72.996685,0.0
2026-09-22 11:00,19.135486,73.032863,0.0
2026-09-22 11:00,19.135486,73.06904,0.0
2026-09-22 11:00,19.099309,72.707268,0.0
2026-09-22 11:00,19.099309,72.743445,0.0
2026-09-22 11:00,19.099309,72.779622,0.0
2026-09-22 11:00,19.099309,72.8158,0.0
2026-09-22 11:00,19.099309,72.851977,0.0
2026-09-22 11:00,19.099309,72.888154,0.0
2026-09-22 11:00,19.099309,72.924331,0.0
2026-09-22 11:00,19.099309,72.960508,0.0
2026-09-22 11:00,19.099309,72.996685,0.0
2026-09-22 11:00,19.099309,73.032863,0.0
2026-09-22 11:00,19.099309,73.06904,0.0
2026-09-22 11:00,19.063132,72.707268,0.0
2026-09-22 11:00,19.063132,72.743445,0.0
2026-09-22 11:00,19.063132,72.779622,0.0
2026-09-22 11:00,19.063132,72.8158,0.0
2026-09-22 11:00,19.063132,72.851977,0.0
2026-09-22 11:00,19.063132,72.888154,0.0
2026-09-22 11:00,19.063132,72.924331,0.0
2026-09-22 11:00,19.063132,72.960508,0.0
2026-09-22 11:00,19.063132,72.996685,0.0
2026-09-22 11:00,19.063132,73.032863,0.0
2026-09-22 11:00,19.063132,73.06904,0.0
2026-09-22 11:00,19.026955,72.707268,0.0
2026-09-22 11:00,19.026955,72.743445,0.0
2026-09-22 11:00,19.026955,72.779622,0.0
2026-09-22 11:00,19.026955,72.8158,0.0
2026-09-22 11:00,19.026955,72.851977,0.0
2026-09-22 11:00,19.026955,72.888154,0.0
2026-09-22 11:00,19.026955,72.924331,0.0
2026-09-22 11:00,19.026955,72.960508,0.0
2026-09-22 11:00,19.026955,72.996685,0.0
2026-09-22 11:00,19.026955,73.032863,0.0
2026-09-22 11:00,19.026955,73.06904,0.0
2026-09-22 11:00,18.990778,72.707268,0.0
2026-09-22 11:00,18.990778,72.743445,0.0
2026-09-22 11:00,18.990778,72.779622,0.0
2026-09-22 11:00,18.990778,72.8158,0.0
2026-09-22 11:00,18.990778,72.851977,0.0
2026-09-22 11:00,18.990778,72.888154,0.0
2026-09-22 11:00,18.990778,72.924331,0.0
2026-09-22 11:00,18.990778,72.960508,0.0
2026-09-22 11:00,18.990778,72.996685,0.0
2026-09-22 11:00,18.990778,73.032863,0.0
2026-09-22 11:00,18.990778,73.06904,0.0
2026-09-22 11:00,18.9546,72.707268,0.0
2026-09-22 11:00,18.9546,72.743445,0.0
2026-09-22 11:00,18.9546,72.779622,0.0
2026-09-22 11:00,18.9546,72.8158,0.0
2026-09-22 11:00,18.9546,72.851977,0.0
2026-09-22 11:00,18.9546,72.888154,0.0
2026-09-22 11:00,18.9546,72.924331,0.0
2026-09-22 11:00,18.9546,72.960508,0.0
2026-09-22 11:00,18.9546,72.996685,0.0
2026-09-22 11:00,18.9546,73.032863,0.0
2026-09-22 11:00,18.9546,73.06904,0.0
2026-09-22 11:00,18.918423,72.707268,0.0
2026-09-22 11:00,18.918423,72.743445,0.0
2026-09-22 11:00,18.918423,72.779622,0.0
2026-09-22 11:00,18.918423,72.8158,0.0
2026-09-22 11:00,18.918423,72.851977,0.0
2026-09-22 11:00,18.918423,72.888154,0.0
2026-09-22 11:00,18.918423,72.924331,0.0
2026-09-22 11:00,18.918423,72.960508,0.0
2026-09-22 11:00,18.918423,72.996685,0.0
2026-09-22 11:00,18.918423,73.032863,0.0
2026-09-22 11:00,18.918423,73.06904,0.0
2026-09-22 11:00,18.882246,72.707268,0.0
2026-09-22 11:00,18.882246,72.743445,0.0
2026-09-22 11:00,18.882246,72.779622,0.0
2026-09-22 11:00,18.882246,72.8158,0.0
2026-09-22 11:00,18.882246,72.851977,0.0
2026-09-22 11:00,18.882246,72.888154,0.0
2026-09-22 11:00,18.882246,72.924331,0.0
2026-09-22 11:00,18.882246,72.960508,0.0
2026-09-22 11:00,18.882246,72.996685,0.0
2026-09-22 11:00,18.882246,73.032863,0.0
2026-09-22 11:00,18.882246,73.06904,0.0
2026-09-22 11:00,18.846069,72.707268,0.0
2026-09-22 11:00,18.846069,72.743445,0.0
2026-09-22 11:00,18.846069,72.779622,0.0
2026-09-22 11:00,18.846069,72.8158,0.0
2026-09-22 11:00,18.846069,72.851977,0.0
2026-09-22 11:00,18.846069,72.888154,0.0
2026-09-22 11:00,18.846069,72.924331,0.0
2026-09-22 11:00,18.846069,72.960508,0.0
2026-09-22 11:00,18.846069,72.996685,0.0
2026-09-22 11:00,18.846069,73.032863,0.0
2026-09-22 11:00,18.846069,73.06904,0.0
2026-09-22 11:00,18.809892,72.707268,0.0
2026-09-22 11:00,18.809892,72.743445,0.0
2026-09-22 11:00,18.809892,72.779622,0.0
2026-09-22 11:00,18.809892,72.8158,0.0
2026-09-22 11:00,18.809892,72.851977,0.0
2026-09-22 11:00,18.809892,72.888154,0.0
2026-09-22 11:00,18.809892,72.924331,0.0
2026-09-22 11:00,18.809892,72.960508,0.0
2026-09-22 11:00,18.809892,72.996685,0.0
2026-09-22 11:00,18.809892,73.032863,0.0
2026-09-22 11:00,18.809892,73.06904,0.0
2026-09-22 11:30,19.388726,72.707268,0.0
2026-09-22 11:30,19.388726,72.743445,0.0
2026-09-22 11:30,19.388726,72.779622,0.0
2026-09-22 11:30,19.388726,72.8158,0.0
2026-09-22 11:30,19.388726,72.851977,0.0
2026-09-22 11:30,19.388726,72.888154,0.0
2026-09-22 11:30,19.388726,72.924331,0.0
2026-09-22 11:30,19.388726,72.960508,0.0
2026-09-22 11:30,19.388726,72.996685,0.025263239
2026-09-22 11:30,19.388726,73.032863,0.05153435
2026-09-22 11:30,19.388726,73.06904,0.077490285
2026-09-22 11:30,19.352549,72.707268,0.0
2026-09-22 11:30,19.352549,72.743445,0.0
2026-09-22 11:30,19.352549,72.779622,0.0
2026-09-22 11:30,19.352549,72.8158,0.0
2026-09-22 11:30,19.352549,72.851977,0.0
2026-09-22 11:30,19.352549,72.888154,0.0
2026-09-22 11:30,19.352549,72.924331,0.0
2026-09-22 11:30,19.352549,72.960508,0.0
2026-09-22 11:30,19.352549,72.996685,0.025263239
2026-09-22 11:30,19.352549,73.032863,0.05153435
2026-09-22 11:30,19.352549,73.06904,0.077490285
2026-09-22 11:30,19.316372,72.707268,0.0
2026-09-22 11:30,19.316372,72.743445,0.0
2026-09-22 11:30,19.316372,72.779622,0.0
2026-09-22 11:30,19.316372,72.8158,0.0
2026-09-22 11:30,19.316372,72.851977,0.0
2026-09-22 11:30,19.316372,72.888154,0.0
2026-09-22 11:30,19.316372,72.924331,0.0
2026-09-22 11:30,19.316372,72.960508,0.034986336
2026-09-22 11:30,19.316372,72.996685,0.03946542
2026-09-22 11:30,19.316372,73.032863,0.0
2026-09-22 11:30,19.316372,73.06904,0.080498576
2026-09-22 11:30,19.280195,72.707268,0.0
2026-09-22 11:30,19.280195,72.743445,0.0
2026-09-22 11:30,19.280195,72.779622,0.0
2026-09-22 11:30,19.280195,72.8158,0.0
2026-09-22 11:30,19.280195,72.851977,0.0
2026-09-22 11:30,19.280195,72.888154,0.0
2026-09-22 11:30,19.280195,72.924331,0.0
2026-09-22 11:30,19.280195,72.960508,0.0
2026-09-22 11:30,19.280195,72.996685,0.039841328
2026-09-22 11:30,19.280195,73.032863,0.0
2026-09-22 11:30,19.280195,73.06904,0.047972366
2026-09-22 11:30,19.244018,72.707268,0.0
2026-09-22 11:30,19.244018,72.743445,0.0
2026-09-22 11:30,19.244018,72.779622,0.0
2026-09-22 11:30,19.244018,72.8158,0.0
2026-09-22 11:30,19.244018,72.851977,0.0
2026-09-22 11:30,19.244018,72.888154,0.0
2026-09-22 11:30,19.244018,72.924331,0.0
2026-09-22 11:30,19.244018,72.960508,0.0
2026-09-22 11:30,19.244018,72.996685,0.0
2026-09-22 11:30,19.244018,73.032863,0.0
2026-09-22 11:30,19.244018,73.06904,0.0
2026-09-22 11:30,19.20784,72.707268,0.0
2026-09-22 11:30,19.20784,72.743445,0.0
2026-09-22 11:30,19.20784,72.779622,0.0
2026-09-22 11:30,19.20784,72.8158,0.0
2026-09-22 11:30,19.20784,72.851977,0.0
2026-09-22 11:30,19.20784,72.888154,0.0
2026-09-22 11:30,19.20784,72.924331,0.0
2026-09-22 11:30,19.20784,72.960508,0.0
2026-09-22 11:30,19.20784,72.996685,0.0
2026-09-22 11:30,19.20784,73.032863,0.0
2026-09-22 11:30,19.20784,73.06904,0.0
2026-09-22 11:30,19.171663,72.707268,0.0
2026-09-22 11:30,19.171663,72.743445,0.0
2026-09-22 11:30,19.171663,72.779622,0.0
2026-09-22 11:30,19.171663,72.8158,0.0
2026-09-22 11:30,19.171663,72.851977,0.0
2026-09-22 11:30,19.171663,72.888154,0.0
2026-09-22 11:30,19.171663,72.924331,0.0
2026-09-22 11:30,19.171663,72.960508,0.024608886
2026-09-22 11:30,19.171663,72.996685,0.033406183
2026-09-22 11:30,19.171663,73.032863,0.0
2026-09-22 11:30,19.171663,73.06904,0.0
2026-09-22 11:30,19.135486,72.707268,0.0
2026-09-22 11:30,19.135486,72.743445,0.0
2026-09-22 11:30,19.135486,72.779622,0.0
2026-09-22 11:30,19.135486,72.8158,0.0
2026-09-22 11:30,19.135486,72.851977,0.0
2026-09-22 11:30,19.135486,72.888154,0.0
2026-09-22 11:30,19.135486,72.924331,0.021930555
2026-09-22 11:30,19.135486,72.960508,0.032283023
2026-09-22 11:30,19.135486,72.996685,0.0
2026-09-22 11:30,19.135486,73.032863,0.046770383
2026-09-22 11:30,19.135486,73.06904,0.04639528
2026-09-22 11:30,19.099309,72.707268,0.0
2026-09-22 11:30,19.099309,72.743445,0.0
2026-09-22 11:30,19.099309,72.779622,0.0
2026-09-22 11:30,19.099309,72.8158,0.0
2026-09-22 11:30,19.099309,72.851977,0.0
2026-09-22 11:30,19.099309,72.888154,0.0
2026-09-22 11:30,19.099309,72.924331,0.0
2026-09-22 11:30,19.099309,72.960508,0.0
2026-09-22 11:30,19.099309,72.996685,0.0
2026-09-22 11:30,19.099309,73.032863,0.064165175
2026-09-22 11:30,19.099309,73.06904,0.06678418
2026-09-22 11:30,19.063132,72.707268,0.0
2026-09-22 11:30,19.063132,72.743445,0.0
2026-09-22 11:30,19.063132,72.779622,0.0
2026-09-22 11:30,19.063132,72.8158,0.0
2026-09-22 11:30,19.063132,72.851977,0.0
2026-09-22 11:30,19.063132,72.888154,0.0
2026-09-22 11:30,19.063132,72.924331,0.0
2026-09-22 11:30,19.063132,72.960508,0.0
2026-09-22 11:30,19.063132,72.996685,0.0
2026-09-22 11:30,19.063132,73.032863,0.048995517
2026-09-22 11:30,19.063132,73.06904,0.109231435
2026-09-22 11:30,19.026955,72.707268,0.0
2026-09-22 11:30,19.026955,72.743445,0.0
2026-09-22 11:30,19.026955,72.779622,0.0
2026-09-22 11:30,19.026955,72.8158,0.0
2026-09-22 11:30,19.026955,72.851977,0.0
2026-09-22 11:30,19.026955,72.888154,0.0
2026-09-22 11:30,19.026955,72.924331,0.0
2026-09-22 11:30,19.026955,72.960508,0.0
2026-09-22 11:30,19.026955,72.996685,0.0
2026-09-22 11:30,19.026955,73.032863,0.045638874
2026-09-22 11:30,19.026955,73.06904,0.1300462
2026-09-22 11:30,18.990778,72.707268,0.0
2026-09-22 11:30,18.990778,72.743445,0.0
2026-09-22 11:30,18.990778,72.779622,0.0
2026-09-22 11:30,18.990778,72.8158,0.0
2026-09-22 11:30,18.990778,72.851977,0.0
2026-09-22 11:30,18.990778,72.888154,0.0
2026-09-22 11:30,18.990778,72.924331,0.0
2026-09-22 11:30,18.990778,72.960508,0.0
2026-09-22 11:30,18.990778,72.996685,0.0
2026-09-22 11:30,18.990778,73.032863,0.0
2026-09-22 11:30,18.990778,73.06904,0.0
2026-09-22 11:30,18.9546,72.707268,0.0
2026-09-22 11:30,18.9546,72.743445,0.0
2026-09-22 11:30,18.9546,72.779622,0.0
2026-09-22 11:30,18.9546,72.8158,0.0
2026-09-22 11:30,18.9546,72.851977,0.0
2026-09-22 11:30,18.9546,72.888154,0.0
2026-09-22 11:30,18.9546,72.924331,0.0
2026-09-22 11:30,18.9546,72.960508,0.0
2026-09-22 11:30,18.9546,72.996685,0.0
2026-09-22 11:30,18.9546,73.032863,0.0
2026-09-22 11:30,18.9546,73.06904,0.0
2026-09-22 11:30,18.918423,72.707268,0.0
2026-09-22 11:30,18.918423,72.743445,0.0
2026-09-22 11:30,18.918423,72.779622,0.0
2026-09-22 11:30,18.918423,72.8158,0.0
2026-09-22 11:30,18.918423,72.851977,0.0
2026-09-22 11:30,18.918423,72.888154,0.0
2026-09-22 11:30,18.918423,72.924331,0.0
2026-09-22 11:30,18.918423,72.960508,0.0
2026-09-22 11:30,18.918423,72.996685,0.0
2026-09-22 11:30,18.918423,73.032863,0.0
2026-09-22 11:30,18.918423,73.06904,0.0
2026-09-22 11:30,18.882246,72.707268,0.0
2026-09-22 11:30,18.882246,72.743445,0.0
2026-09-22 11:30,18.882246,72.779622,0.0
2026-09-22 11:30,18.882246,72.8158,0.0
2026-09-22 11:30,18.882246,72.851977,0.0
2026-09-22 11:30,18.882246,72.888154,0.0
2026-09-22 11:30,18.882246,72.924331,0.0
2026-09-22 11:30,18.882246,72.960508,0.0
2026-09-22 11:30,18.882246,72.996685,0.0
2026-09-22 11:30,18.882246,73.032863,0.0
2026-09-22 11:30,18.882246,73.06904,0.0
2026-09-22 11:30,18.846069,72.707268,0.0
2026-09-22 11:30,18.846069,72.743445,0.0
2026-09-22 11:30,18.846069,72.779622,0.0
2026-09-22 11:30,18.846069,72.8158,0.0
2026-09-22 11:30,18.846069,72.851977,0.0
2026-09-22 11:30,18.846069,72.888154,0.0
2026-09-22 11:30,18.846069,72.924331,0.0
2026-09-22 11:30,18.846069,72.960508,0.0
2026-09-22 11:30,18.846069,72.996685,0.0
2026-09-22 11:30,18.846069,73.032863,0.0
2026-09-22 11:30,18.846069,73.06904,0.0
2026-09-22 11:30,18.809892,72.707268,0.0
2026-09-22 11:30,18.809892,72.743445,0.0
2026-09-22 11:30,18.809892,72.779622,0.0
2026-09-22 11:30,18.809892,72.8158,0.0
2026-09-22 11:30,18.809892,72.851977,0.0
2026-09-22 11:30,18.809892,72.888154,0.0
2026-09-22 11:30,18.809892,72.924331,0.0
2026-09-22 11:30,18.809892,72.960508,0.0
2026-09-22 11:30,18.809892,72.996685,0.0
2026-09-22 11:30,18.809892,73.032863,0.0
2026-09-22 11:30,18.809892,73.06904,0.0
2026-09-22 12:00,19.388726,72.707268,0.0
2026-09-22 12:00,19.388726,72.743445,0.0
2026-09-22 12:00,19.388726,72.779622,0.0
2026-09-22 12:00,19.388726,72.8158,0.0
2026-09-22 12:00,19.388726,72.851977,0.0
2026-09-22 12:00,19.388726,72.888154,0.05857582
2026-09-22 12:00,19.388726,72.924331,0.2310208
2026-09-22 12:00,19.388726,72.960508,0.2310208
2026-09-22 12:00,19.388726,72.996685,0.58139265
2026-09-22 12:00,19.388726,73.032863,1.8304149
2026-09-22 12:00,19.388726,73.06904,2.1093364
2026-09-22 12:00,19.352549,72.707268,0.0
2026-09-22 12:00,19.352549,72.743445,0.0
2026-09-22 12:00,19.352549,72.779622,0.0
2026-09-22 12:00,19.352549,72.8158,0.0
2026-09-22 12:00,19.352549,72.851977,0.0
2026-09-22 12:00,19.352549,72.888154,0.05626717
2026-09-22 12:00,19.352549,72.924331,0.05857582
2026-09-22 12:00,19.352549,72.960508,0.2310208
2026-09-22 12:00,19.352549,72.996685,0.58139265
2026-09-22 12:00,19.352549,73.032863,1.8304149
2026-09-22 12:00,19.352549,73.06904,2.1093364
2026-09-22 12:00,19.316372,72.707268,0.0
2026-09-22 12:00,19.316372,72.743445,0.0
2026-09-22 12:00,19.316372,72.779622,0.0
2026-09-22 12:00,19.316372,72.8158,0.0
2026-09-22 12:00,19.316372,72.851977,0.0
2026-09-22 12:00,19.316372,72.888154,0.05626717
2026-09-22 12:00,19.316372,72.924331,0.05626717
2026-09-22 12:00,19.316372,72.960508,0.29482657
2026-09-22 12:00,19.316372,72.996685,0.693289
2026-09-22 12:00,19.316372,73.032863,0.38275322
2026-09-22 12:00,19.316372,73.06904,2.0870714
2026-09-22 12:00,19.280195,72.707268,0.0
2026-09-22 12:00,19.280195,72.743445,0.0
2026-09-22 12:00,19.280195,72.779622,0.0
2026-09-22 12:00,19.280195,72.8158,0.0
2026-09-22 12:00,19.280195,72.851977,0.0
2026-09-22 12:00,19.280195,72.888154,0.0
2026-09-22 12:00,19.280195,72.924331,0.0
2026-09-22 12:00,19.280195,72.960508,0.048782207
2026-09-22 12:00,19.280195,72.996685,0.19185235
2026-09-22 12:00,19.280195,73.032863,0.20146914
2026-09-22 12:00,19.280195,73.06904,1.64393
2026-09-22 12:00,19.244018,72.707268,0.0
2026-09-22 12:00,19.244018,72.743445,0.0
2026-09-22 12:00,19.244018,72.779622,0.0
2026-09-22 12:00,19.244018,72.8158,0.0
2026-09-22 12:00,19.244018,72.851977,0.0
2026-09-22 12:00,19.244018,72.888154,0.0
2026-09-22 12:00,19.244018,72.924331,0.0
2026-09-22 12:00,19.244018,72.960508,0.0
2026-09-22 12:00,19.244018,72.996685,0.028754435
2026-09-22 12:00,19.244018,73.032863,0.0757013
2026-09-22 12:00,19.244018,73.06904,0.28283936
2026-09-22 12:00,19.20784,72.707268,0.0
2026-09-22 12:00,19.20784,72.743445,0.0
2026-09-22 12:00,19.20784,72.779622,0.0
2026-09-22 12:00,19.20784,72.8158,0.0
2026-09-22 12:00,19.20784,72.851977,0.0
2026-09-22 12:00,19.20784,72.888154,0.0
2026-09-22 12:00,19.20784,72.924331,0.0
2026-09-22 12:00,19.20784,72.960508,0.06814581
2026-09-22 12:00,19.20784,72.996685,0.05161282
2026-09-22 12:00,19.20784,73.032863,0.04444731
2026-09-22 12:00,19.20784,73.06904,0.108803496
2026-09-22 12:00,19.171663,72.707268,0.0
2026-09-22 12:00,19.171663,72.743445,0.0
2026-09-22 12:00,19.171663,72.779622,0.0
2026-09-22 12:00,19.171663,72.8158,0.0
2026-09-22 12:00,19.171663,72.851977,0.0
2026-09-22 12:00,19.171663,72.888154,0.0
2026-09-22 12:00,19.171663,72.924331,0.061850205
2026-09-22 12:00,19.171663,72.960508,0.16035233
2026-09-22 12:00,19.171663,72.996685,0.17595005
2026-09-22 12:00,19.171663,73.032863,0.057705488
2026-09-22 12:00,19.171663,73.06904,0.107820325
2026-09-22 12:00,19.135486,72.707268,0.0
2026-09-22 12:00,19.135486,72.743445,0.0
2026-09-22 12:00,19.135486,72.779622,0.0
2026-09-22 12:00,19.135486,72.8158,0.0
2026-09-22 12:00,19.135486,72.851977,0.0
2026-09-22 12:00,19.135486,72.888154,0.0
2026-09-22 12:00,19.135486,72.924331,0.08192839
2026-09-22 12:00,19.135486,72.960508,0.13798381
2026-09-22 12:00,19.135486,72.996685,0.051928595
2026-09-22 12:00,19.135486,73.032863,0.2243902
2026-09-22 12:00,19.135486,73.06904,0.23943736
2026-09-22 12:00,19.099309,72.707268,0.0
2026-09-22 12:00,19.099309,72.743445,0.0
2026-09-22 12:00,19.099309,72.779622,0.0
2026-09-22 12:00,19.099309,72.8158,0.0
2026-09-22 12:00,19.099309,72.851977,0.0
2026-09-22 12:00,19.099309,72.888154,0.031753495
2026-09-22 12:00,19.099309,72.924331,0.0
2026-09-22 12:00,19.099309,72.960508,0.0
2026-09-22 12:00,19.099309,72.996685,0.046149816
2026-09-22 12:00,19.099309,73.032863,0.3100342
2026-09-22 12:00,19.099309,73.06904,0.33661693
2026-09-22 12:00,19.063132,72.707268,0.0
2026-09-22 12:00,19.063132,72.743445,0.0
2026-09-22 12:00,19.063132,72.779622,0.0
2026-09-22 12:00,19.063132,72.8158,0.0
2026-09-22 12:00,19.063132,72.851977,0.0
2026-09-22 12:00,19.063132,72.888154,0.0
2026-09-22 12:00,19.063132,72.924331,0.0
2026-09-22 12:00,19.063132,72.960508,0.025414431
2026-09-22 12:00,19.063132,72.996685,0.03998846
2026-09-22 12:00,19.063132,73.032863,0.20123269
2026-09-22 12:00,19.063132,73.06904,0.5747056
2026-09-22 12:00,19.026955,72.707268,0.0
2026-09-22 12:00,19.026955,72.743445,0.0
2026-09-22 12:00,19.026955,72.779622,0.0
2026-09-22 12:00,19.026955,72.8158,0.0
2026-09-22 12:00,19.026955,72.851977,0.0
2026-09-22 12:00,19.026955,72.888154,0.0
2026-09-22 12:00,19.026955,72.924331,0.0
2026-09-22 12:00,19.026955,72.960508,0.027757743
2026-09-22 12:00,19.026955,72.996685,0.04933926
2026-09-22 12:00,19.026955,73.032863,0.26404905
2026-09-22 12:00,19.026955,73.06904,0.806385
2026-09-22 12:00,18.990778,72.707268,0.0
2026-09-22 12:00,18.990778,72.743445,0.0
2026-09-22 12:00,18.990778,72.779622,0.0
2026-09-22 12:00,18.990778,72.8158,0.0
2026-09-22 12:00,18.990778,72.851977,0.0
2026-09-22 12:00,18.990778,72.888154,0.0
2026-09-22 12:00,18.990778,72.924331,0.0
2026-09-22 12:00,18.990778,72.960508,0.0
2026-09-22 12:00,18.990778,72.996685,0.03217935
2026-09-22 12:00,18.990778,73.032863,0.08640283
2026-09-22 12:00,18.990778,73.06904,0.19020444
2026-09-22 12:00,18.9546,72.707268,0.0
2026-09-22 12:00,18.9546,72.743445,0.0
2026-09-22 12:00,18.9546,72.779622,0.0
2026-09-22 12:00,18.9546,72.8158,0.0
2026-09-22 12:00,18.9546,72.851977,0.0
2026-09-22 12:00,18.9546,72.888154,0.0
2026-09-22 12:00,18.9546,72.924331,0.0
2026-09-22 12:00,18.9546,72.960508,0.0
2026-09-22 12:00,18.9546,72.996685,0.0
2026-09-22 12:00,18.9546,73.032863,0.03659048
2026-09-22 12:00,18.9546,73.06904,0.19020444
2026-09-22 12:00,18.918423,72.707268,0.0
2026-09-22 12:00,18.918423,72.743445,0.0
2026-09-22 12:00,18.918423,72.779622,0.0
2026-09-22 12:00,18.918423,72.8158,0.0
2026-09-22 12:00,18.918423,72.851977,0.0
2026-09-22 12:00,18.918423,72.888154,0.0
2026-09-22 12:00,18.918423,72.924331,0.0
2026-09-22 12:00,18.918423,72.960508,0.0
2026-09-22 12:00,18.918423,72.996685,0.0
2026-09-22 12:00,18.918423,73.032863,0.03659048
2026-09-22 12:00,18.918423,73.06904,0.03659048
2026-09-22 12:00,18.882246,72.707268,0.0
2026-09-22 12:00,18.882246,72.743445,0.0
2026-09-22 12:00,18.882246,72.779622,0.0
2026-09-22 12:00,18.882246,72.8158,0.0
2026-09-22 12:00,18.882246,72.851977,0.0
2026-09-22 12:00,18.882246,72.888154,0.0
2026-09-22 12:00,18.882246,72.924331,0.0
2026-09-22 12:00,18.882246,72.960508,0.0
2026-09-22 12:00,18.882246,72.996685,0.0
2026-09-22 12:00,18.882246,73.032863,0.046260495
2026-09-22 12:00,18.882246,73.06904,0.046260495
2026-09-22 12:00,18.846069,72.707268,0.0
2026-09-22 12:00,18.846069,72.743445,0.0
2026-09-22 12:00,18.846069,72.779622,0.0
2026-09-22 12:00,18.846069,72.8158,0.0
2026-09-22 12:00,18.846069,72.851977,0.0
2026-09-22 12:00,18.846069,72.888154,0.0
2026-09-22 12:00,18.846069,72.924331,0.0
2026-09-22 12:00,18.846069,72.960508,0.0
2026-09-22 12:00,18.846069,72.996685,0.0
2026-09-22 12:00,18.846069,73.032863,0.0
2026-09-22 12:00,18.846069,73.06904,0.0
2026-09-22 12:00,18.809892,72.707268,0.0
2026-09-22 12:00,18.809892,72.743445,0.0
2026-09-22 12:00,18.809892,72.779622,0.0
2026-09-22 12:00,18.809892,72.8158,0.0
2026-09-22 12:00,18.809892,72.851977,0.0
2026-09-22 12:00,18.809892,72.888154,0.0
2026-09-22 12:00,18.809892,72.924331,0.0
2026-09-22 12:00,18.809892,72.960508,0.0
2026-09-22 12:00,18.809892,72.996685,0.0
2026-09-22 12:00,18.809892,73.032863,0.0
2026-09-22 12:00,18.809892,73.06904,0.0
2026-09-22 12:30,19.388726,72.707268,0.0
2026-09-22 12:30,19.388726,72.743445,0.0806424
2026-09-22 12:30,19.388726,72.779622,0.12016518
2026-09-22 12:30,19.388726,72.8158,0.2240375
2026-09-22 12:30,19.388726,72.851977,0.61683154
2026-09-22 12:30,19.388726,72.888154,2.0788224
2026-09-22 12:30,19.388726,72.924331,2.1162722
2026-09-22 12:30,19.388726,72.960508,2.1162722
2026-09-22 12:30,19.388726,72.996685,2.236243
2026-09-22 12:30,19.388726,73.032863,2.6098428
2026-09-22 12:30,19.388726,73.06904,3.4954598
2026-09-22 12:30,19.352549,72.707268,0.029864587
2026-09-22 12:30,19.352549,72.743445,0.08064242
2026-09-22 12:30,19.352549,72.779622,0.11368231
2026-09-22 12:30,19.352549,72.8158,0.2515276
2026-09-22 12:30,19.352549,72.851977,0.34620076
2026-09-22 12:30,19.352549,72.888154,1.9300408
2026-09-22 12:30,19.352549,72.924331,2.0788224
2026-09-22 12:30,19.352549,72.960508,2.1162722
2026-09-22 12:30,19.352549,72.996685,2.236243
2026-09-22 12:30,19.352549,73.032863,2.6098428
2026-09-22 12:30,19.352549,73.06904,3.4954598
2026-09-22 12:30,19.316372,72.707268,0.029864587
2026-09-22 12:30,19.316372,72.743445,0.08064242
2026-09-22 12:30,19.316372,72.779622,0.11368231
2026-09-22 12:30,19.316372,72.8158,0.2515276
2026-09-22 12:30,19.316372,72.851977,0.34620076
2026-09-22 12:30,19.316372,72.888154,1.9300408
2026-09-22 12:30,19.316372,72.924331,1.9300408
2026-09-22 12:30,19.316372,72.960508,2.5090647
2026-09-22 12:30,19.316372,72.996685,3.0247731
2026-09-22 12:30,19.316372,73.032863,1.2574949
2026-09-22 12:30,19.316372,73.06904,3.5731542
2026-09-22 12:30,19.280195,72.707268,0.020210207
2026-09-22 12:30,19.280195,72.743445,0.020241491
2026-09-22 12:30,19.280195,72.779622,0.09485583
2026-09-22 12:30,19.280195,72.8158,0.12581788
2026-09-22 12:30,19.280195,72.851977,0.18535611
2026-09-22 12:30,19.280195,72.888154,0.18535611
2026-09-22 12:30,19.280195,72.924331,0.3532832
2026-09-22 12:30,19.280195,72.960508,1.8214331
2026-09-22 12:30,19.280195,72.996685,2.6555283
2026-09-22 12:30,19.280195,73.032863,1.2515402
2026-09-22 12:30,19.280195,73.06904,2.12926
2026-09-22 12:30,19.244018,72.707268,0.022122312
2026-09-22 12:30,19.244018,72.743445,0.030574687
2026-09-22 12:30,19.244018,72.779622,0.05764476
2026-09-22 12:30,19.244018,72.8158,0.097445
2026-09-22 12:30,19.244018,72.851977,0.097445
2026-09-22 12:30,19.244018,72.888154,0.09169205
2026-09-22 12:30,19.244018,72.924331,0.19939333
2026-09-22 12:30,19.244018,72.960508,0.39406064
2026-09-22 12:30,19.244018,72.996685,0.7645479
2026-09-22 12:30,19.244018,73.032863,0.8546899
2026-09-22 12:30,19.244018,73.06904,1.2395563
2026-09-22 12:30,19.20784,72.707268,0.022122312
2026-09-22 12:30,19.20784,72.743445,0.033608876
2026-09-22 12:30,19.20784,72.779622,0.027812775
2026-09-22 12:30,19.20784,72.8158,0.027812775
2026-09-22 12:30,19.20784,72.851977,0.0327365
2026-09-22 12:30,19.20784,72.888154,0.05560936
2026-09-22 12:30,19.20784,72.924331,0.13101241
2026-09-22 12:30,19.20784,72.960508,0.580198
2026-09-22 12:30,19.20784,72.996685,0.4708635
2026-09-22 12:30,19.20784,73.032863,0.521645
2026-09-22 12:30,19.20784,73.06904,1.4799551
2026-09-22 12:30,19.171663,72.707268,0.022122312
2026-09-22 12:30,19.171663,72.743445,0.033608876
2026-09-22 12:30,19.171663,72.779622,0.049589504
2026-09-22 12:30,19.171663,72.8158,0.049589504
2026-09-22 12:30,19.171663,72.851977,0.03568933
2026-09-22 12:30,19.171663,72.888154,0.060137063
2026-09-22 12:30,19.171663,72.924331,0.39011943
2026-09-22 12:30,19.171663,72.960508,1.0048888
2026-09-22 12:30,19.171663,72.996685,1.1850841
2026-09-22 12:30,19.171663,73.032863,0.42941144
2026-09-22 12:30,19.171663,73.06904,0.9322872
2026-09-22 12:30,19.135486,72.707268,0.024236899
2026-09-22 12:30,19.135486,72.743445,0.03880856
2026-09-22 12:30,19.135486,72.779622,0.03880856
2026-09-22 12:30,19.135486,72.8158,0.028514892
2026-09-22 12:30,19.135486,72.851977,0.036253326
2026-09-22 12:30,19.135486,72.888154,0.053948637
2026-09-22 12:30,19.135486,72.924331,0.3033988
2026-09-22 12:30,19.135486,72.960508,0.62673897
2026-09-22 12:30,19.135486,72.996685,0.25395414
2026-09-22 12:30,19.135486,73.032863,1.9733897
2026-09-22 12:30,19.135486,73.06904,1.861578
2026-09-22 12:30,19.099309,72.707268,0.022631083
2026-09-22 12:30,19.099309,72.743445,0.022631083
2026-09-22 12:30,19.099309,72.779622,0.03525057
2026-09-22 12:30,19.099309,72.8158,0.042771176
2026-09-22 12:30,19.099309,72.851977,0.03593166
2026-09-22 12:30,19.099309,72.888154,0.09886396
2026-09-22 12:30,19.099309,72.924331,0.07016888
2026-09-22 12:30,19.099309,72.960508,0.063557245
2026-09-22 12:30,19.099309,72.996685,0.2005456
2026-09-22 12:30,19.099309,73.032863,2.1679988
2026-09-22 12:30,19.099309,73.06904,2.0245776
2026-09-22 12:30,19.063132,72.707268,0.0
2026-09-22 12:30,19.063132,72.743445,0.0
2026-09-22 12:30,19.063132,72.779622,0.034418833
2026-09-22 12:30,19.063132,72.8158,0.052125614
2026-09-22 12:30,19.063132,72.851977,0.040168006
2026-09-22 12:30,19.063132,72.888154,0.04947746
2026-09-22 12:30,19.063132,72.924331,0.053870834
2026-09-22 12:30,19.063132,72.960508,0.109855324
2026-09-22 12:30,19.063132,72.996685,0.29074955
2026-09-22 12:30,19.063132,73.032863,1.9546258
2026-09-22 12:30,19.063132,73.06904,2.5409775
2026-09-22 12:30,19.026955,72.707268,0.00711947
2026-09-22 12:30,19.026955,72.743445,0.02315284
2026-09-22 12:30,19.026955,72.779622,0.03610462
2026-09-22 12:30,19.026955,72.8158,0.03233628
2026-09-22 12:30,19.026955,72.851977,0.040373456
2026-09-22 12:30,19.026955,72.888154,0.059684232
2026-09-22 12:30,19.026955,72.924331,0.056051277
2026-09-22 12:30,19.026955,72.960508,0.13272609
2026-09-22 12:30,19.026955,72.996685,0.55786157
2026-09-22 12:30,19.026955,73.032863,2.2485695
2026-09-22 12:30,19.026955,73.06904,3.0003433
2026-09-22 12:30,18.990778,72.707268,0.020670436
2026-09-22 12:30,18.990778,72.743445,0.02162619
2026-09-22 12:30,18.990778,72.779622,0.02986461
2026-09-22 12:30,18.990778,72.8158,0.048373386
2026-09-22 12:30,18.990778,72.851977,0.03563162
2026-09-22 12:30,18.990778,72.888154,0.037714865
2026-09-22 12:30,18.990778,72.924331,0.06898397
2026-09-22 12:30,18.990778,72.960508,0.09749398
2026-09-22 12:30,18.990778,72.996685,0.25029856
2026-09-22 12:30,18.990778,73.032863,0.91896963
2026-09-22 12:30,18.990778,73.06904,1.4403455
2026-09-22 12:30,18.9546,72.707268,0.0
2026-09-22 12:30,18.9546,72.743445,0.0
2026-09-22 12:30,18.9546,72.779622,0.0
2026-09-22 12:30,18.9546,72.8158,0.0
2026-09-22 12:30,18.9546,72.851977,0.0
2026-09-22 12:30,18.9546,72.888154,0.0
2026-09-22 12:30,18.9546,72.924331,0.05348247
2026-09-22 12:30,18.9546,72.960508,0.07956744
2026-09-22 12:30,18.9546,72.996685,0.19926582
2026-09-22 12:30,18.9546,73.032863,0.21553688
2026-09-22 12:30,18.9546,73.06904,1.4403455
2026-09-22 12:30,18.918423,72.707268,0.0
2026-09-22 12:30,18.918423,72.743445,0.0
2026-09-22 12:30,18.918423,72.779622,0.0
2026-09-22 12:30,18.918423,72.8158,0.0
2026-09-22 12:30,18.918423,72.851977,0.0
2026-09-22 12:30,18.918423,72.888154,0.0
2026-09-22 12:30,18.918423,72.924331,0.05348247
2026-09-22 12:30,18.918423,72.960508,0.07956744
2026-09-22 12:30,18.918423,72.996685,0.19926582
2026-09-22 12:30,18.918423,73.032863,0.21553688
2026-09-22 12:30,18.918423,73.06904,0.21553688
2026-09-22 12:30,18.882246,72.707268,0.0
2026-09-22 12:30,18.882246,72.743445,0.0
2026-09-22 12:30,18.882246,72.779622,0.0
2026-09-22 12:30,18.882246,72.8158,0.0
2026-09-22 12:30,18.882246,72.851977,0.0
2026-09-22 12:30,18.882246,72.888154,0.0
2026-09-22 12:30,18.882246,72.924331,0.04545223
2026-09-22 12:30,18.882246,72.960508,0.077504724
2026-09-22 12:30,18.882246,72.996685,0.19294919
2026-09-22 12:30,18.882246,73.032863,0.41709924
2026-09-22 12:30,18.882246,73.06904,0.41709924
2026-09-22 12:30,18.846069,72.707268,0.0
2026-09-22 12:30,18.846069,72.743445,0.0
2026-09-22 12:30,18.846069,72.779622,0.0
2026-09-22 12:30,18.846069,72.8158,0.0
2026-09-22 12:30,18.846069,72.851977,0.0
2026-09-22 12:30,18.846069,72.888154,0.08500695
2026-09-22 12:30,18.846069,72.924331,0.08265333
2026-09-22 12:30,18.846069,72.960508,0.22206269
2026-09-22 12:30,18.846069,72.996685,0.28134245
2026-09-22 12:30,18.846069,73.032863,0.28134245
2026-09-22 12:30,18.846069,73.06904,0.36635837
2026-09-22 12:30,18.809892,72.707268,0.0
2026-09-22 12:30,18.809892,72.743445,0.0
2026-09-22 12:30,18.809892,72.779622,0.0
2026-09-22 12:30,18.809892,72.8158,0.0
2026-09-22 12:30,18.809892,72.851977,0.0
2026-09-22 12:30,18.809892,72.888154,0.0
2026-09-22 12:30,18.809892,72.924331,0.073976725
2026-09-22 12:30,18.809892,72.960508,0.13435076
2026-09-22 12:30,18.809892,72.996685,0.13435076
2026-09-22 12:30,18.809892,73.032863,0.1617379
2026-09-22 12:30,18.809892,73.06904,0.23370297
