{
"type": "FeatureCollection",
"name": "mumbai_500m_grid",
"crs": { "type": "name", "properties": { "name": "urn:ogc:def:crs:OGC:1.3:CRS84" } },
"features": [
{ "type": "Feature", "properties": { "cell_id": "CELL_0001", "bmc_ward_code": "UNKNOWN", "lat": 19.130701, "lon": 72.779974 }, "geometry": { "type": "Polygon", "coordinates": [ [ [ 72.782379042464171, 19.128471605444513 ], [ 72.782318750173872, 19.132986981860828 ], [ 72.77756795029886, 19.13292960809931 ], [ 72.77762837149065, 19.128414246246834 ], [ 72.782379042464171, 19.128471605444513 ] ] ] } },
{ "type": "Feature", "properties": { "cell_id": "CELL_0002", "bmc_ward_code": "UNKNOWN", "lat": 19.135216, "lon": 72.779913 }, "geometry": { "type": "Polygon", "coordinates": [ [ [ 72.782318750173872, 19.132986981860828 ], [ 72.782258440907981, 19.137502355879537 ], [ 72.777507512095212, 19.137444967553428 ], [ 72.77756795029886, 19.13292960809931 ], [ 72.782318750173872, 19.132986981860828 ] ] ] } },
{ "type": "Feature", "properties": { "cell_id": "CELL_0003", "bmc_ward_code": "UNKNOWN", "lat": 19.157793, "lon": 72.779611 }, "geometry": { "type": "Polygon", "coordinates": [ [ [ 72.782017034045921, 19.155563827968454 ], [ 72.781956639870174, 19.160079189991713 ], [ 72.777205065824376, 19.160021728831175 ], [ 72.777265589119295, 19.15550638137633 ], [ 72.782017034045921, 19.155563827968454 ] ] ] } },
{ "type": "Feature", "properties": { "cell_id": "CELL_0004", "bmc_ward_code": "UNKNOWN", "lat": 19.162308, "lon": 72.779551 }, "geometry": { "type": "Polygon", "coordinates": [ [ [ 72.781956639870174, 19.160079189991713 ], [ 72.781896228706103, 19.164594549614385 ], [ 72.777144525504809, 19.164537073884674 ], [ 72.777205065824376, 19.160021728831175 ], [ 72.781956639870174, 19.160079189991713 ] ] ] } },
{ "type": "Feature", "properties": { "cell_id": "CELL_0005", "bmc_ward_code": "UNKNOWN", "lat": 19.166824, "lon": 72.77949 }, "geometry": { "type": "Polygon", "coordinates": [ [ [ 72.781896228706103, 19.164594549614385 ], [ 72.781835800551576, 19.169109906835985 ], [ 72.777083968158479, 19.169052416536321 ], [ 72.777144525504809, 19.164537073884674 ], [ 72.781896228706103, 19.164594549614385 ] ] ] } },
{ "type": "Feature", "properties": { "cell_id": "CELL_0006", "bmc_ward_code": "UNKNOWN", "lat": 19.207462, "lon": 72.778945 }, "geometry": { "type": "Polygon", "coordinates": [ [ [ 72.781351763403734, 19.205232678110264 ], [ 72.781291182239386, 19.209748013699784 ], [ 72.776538185485805, 19.209690392236091 ], [ 72.776598896168878, 19.205175071223422 ], [ 72.781351763403734, 19.205232678110264 ] ] ] } },
{ "type": "Feature", "properties": { "cell_id": "CELL_0007", "bmc_ward_code": "UNKNOWN", "lat": 19.211977, "lon": 72.778884 }, "geometry": { "type": "Polygon", "coordinates": [ [ [ 72.781291182239386, 19.209748013699784 ], [ 72.781230584063309, 19.214263346883257 ], [ 72.776477457754638, 19.214205710841949 ], [ 72.776538185485805, 19.209690392236091 ], [ 72.781291182239386, 19.209748013699784 ] ] ] } },
{ "type": "Feature", "properties": { "cell_id": "CELL_0008", "bmc_ward_code": "UNKNOWN", "lat": 19.216492, "lon": 72.778824 }, "geometry": { "type": "Polygon", "coordinates": [ [ [ 72.781230584063309, 19.214263346883257 ], [ 72.781169968873357, 19.218778677660179 ], [ 72.776416712973287, 19.21872102704048 ], [ 72.776477457754638, 19.214205710841949 ], [ 72.781230584063309, 19.214263346883257 ] ] ] } },
{ "type": "Feature", "properties": { "cell_id": "CELL_0009", "bmc_ward_code": "R/C", "lat": 19.221008, "lon": 72.778763 }, "geometry": { "type": "Polygon", "coordinates": [ [ [ 72.781169968873357, 19.218778677660179 ], [ 72.781109336667413, 19.22329400603007 ], [ 72.776355951139536, 19.223236340831214 ], [ 72.776416712973287, 19.21872102704048 ], [ 72.781169968873357, 19.218778677660179 ] ] ] } },
{ "type": "Feature", "properties": { "cell_id": "CELL_0010", "bmc_ward_code": "R/C", "lat": 19.225523, "lon": 72.778702 }, "geometry": { "type": "Polygon", "coordinates": [ [ [ 72.781109336667413, 19.22329400603007 ], [ 72.781048687443331, 19.227809331992418 ], [ 72.776295172251324, 19.227751652213641 ], [ 72.776355951139536, 19.223236340831214 ], [ 72.781109336667413, 19.22329400603007 ] ] ] } },
{ "type": "Feature", "properties": { "cell_id": "CELL_0011", "bmc_ward_code": "UNKNOWN", "lat": 19.230038, "lon": 72.778642 }, "geometry": { "type": "Polygon", "coordinates": [ [ [ 72.781048687443331, 19.227809331992418 ], [ 72.780988021198979, 19.232324655546723 ], [ 72.776234376306462, 19.23226696118725 ], [ 72.776295172251324, 19.227751652213641 ], [ 72.781048687443331, 19.227809331992418 ] ] ] } },
{ "type": "Feature", "properties": { "cell_id": "CELL_0012", "bmc_ward_code": "UNKNOWN", "lat": 19.234553, "lon": 72.778581 }, "geometry": { "type": "Polygon", "coordinates": [ [ [ 72.780988021198979, 19.232324655546723 ], [ 72.780927337932241, 19.236839976692512 ], [ 72.77617356330282, 19.236782267751579 ], [ 72.776234376306462, 19.23226696118725 ], [ 72.780988021198979, 19.232324655546723 ] ] ] } },
{ "type": "Feature", "properties": { "cell_id": "CELL_0013", "bmc_ward_code": "UNKNOWN", "lat": 19.239069, "lon": 72.77852 }, "geometry": { "type": "Polygon", "coordinates": [ [ [ 72.780927337932241, 19.236839976692512 ], [ 72.780866637640955, 19.241355295429265 ], [ 72.776112733238278, 19.241297571906099 ], [ 72.77617356330282, 19.236782267751579 ], [ 72.780927337932241, 19.236839976692512 ] ] ] } },
{ "type": "Feature", "properties": { "cell_id": "CELL_0014", "bmc_ward_code": "UNKNOWN", "lat": 19.130758, "lon": 72.784724 }, "geometry": { "type": "Polygon", "coordinates": [ [ [ 72.787129730411166, 19.128528842121341 ], [ 72.787069567024488, 19.133044233070375 ], [ 72.782318750173872, 19.132986981860828 ], [ 72.782379042464171, 19.128471605444513 ], [ 72.787129730411166, 19.128528842121341 ] ] ] } },
{ "type": "Feature", "properties": { "cell_id": "CELL_0015", "bmc_ward_code": "UNKNOWN", "lat": 19.135273, "lon": 72.784664 }, "geometry": { "type": "Polygon", "coordinates": [ [ [ 72.787069567024488, 19.133044233070375 ], [ 72.787009386698472, 19.137559621622579 ], [ 72.782258440907981, 19.137502355879537 ], [ 72.782318750173872, 19.132986981860828 ], [ 72.787069567024488, 19.133044233070375 ] ] ] } },
{ "type": "Feature", "properties": { "cell_id": "CELL_0016", "bmc_ward_code": "UNKNOWN", "lat": 19.153335, "lon": 72.784423 }, "geometry": { "type": "Polygon", "coordinates": [ [ [ 72.786828744063257, 19.151105772893207 ], [ 72.786768495958739, 19.155621151853094 ], [ 72.782017034045921, 19.155563827968454 ], [ 72.782077411235448, 19.151048463545109 ], [ 72.786828744063257, 19.151105772893207 ] ] ] } },
{ "type": "Feature", "properties": { "cell_id": "CELL_0017", "bmc_ward_code": "P/N", "lat": 19.15785, "lon": 72.784363 }, "geometry": { "type": "Polygon", "coordinates": [ [ [ 72.786768495958739, 19.155621151853094 ], [ 72.78670823090431, 19.160136528413663 ], [ 72.781956639870174, 19.160079189991713 ], [ 72.782017034045921, 19.155563827968454 ], [ 72.786768495958739, 19.155621151853094 ] ] ] } },
{ "type": "Feature", "properties": { "cell_id": "CELL_0018", "bmc_ward_code": "P/N", "lat": 19.162366, "lon": 72.784302 }, "geometry": { "type": "Polygon", "coordinates": [ [ [ 72.78670823090431, 19.160136528413663 ], [ 72.786647948897851, 19.164651902574406 ], [ 72.781896228706103, 19.164594549614385 ], [ 72.781956639870174, 19.160079189991713 ], [ 72.78670823090431, 19.160136528413663 ] ] ] } },
{ "type": "Feature", "properties": { "cell_id": "CELL_0019", "bmc_ward_code": "UNKNOWN", "lat": 19.166881, "lon": 72.784242 }, "geometry": { "type": "Polygon", "coordinates": [ [ [ 72.786647948897851, 19.164651902574406 ], [ 72.786587649937232, 19.169167274334836 ], [ 72.781835800551576, 19.169109906835985 ], [ 72.781896228706103, 19.164594549614385 ], [ 72.786647948897851, 19.164651902574406 ] ] ] } },
{ "type": "Feature", "properties": { "cell_id": "CELL_0020", "bmc_ward_code": "P/N", "lat": 19.193973, "lon": 72.783879 }, "geometry": { "type": "Polygon", "coordinates": [ [ [ 72.786285900747615, 19.191744097114892 ], [ 72.786225500017522, 19.196259454462997 ], [ 72.781472874705742, 19.196201999715068 ], [ 72.78153340484765, 19.191686656910381 ], [ 72.786285900747615, 19.191744097114892 ] ] ] } },
{ "type": "Feature", "properties": { "cell_id": "CELL_0021", "bmc_ward_code": "P/N", "lat": 19.198488, "lon": 72.783819 }, "geometry": { "type": "Polygon", "coordinates": [ [ [ 72.786225500017522, 19.196259454462997 ], [ 72.786165082318419, 19.200774809407314 ], [ 72.781412327558471, 19.20071734011519 ], [ 72.781472874705742, 19.196201999715068 ], [ 72.786225500017522, 19.196259454462997 ] ] ] } },
{ "type": "Feature", "properties": { "cell_id": "CELL_0022", "bmc_ward_code": "UNKNOWN", "lat": 19.203004, "lon": 72.783758 }, "geometry": { "type": "Polygon", "coordinates": [ [ [ 72.786165082318419, 19.200774809407314 ], [ 72.786104647648202, 19.205290161947339 ], [ 72.781351763403734, 19.205232678110264 ], [ 72.781412327558471, 19.20071734011519 ], [ 72.786165082318419, 19.200774809407314 ] ] ] } },
{ "type": "Feature", "properties": { "cell_id": "CELL_0023", "bmc_ward_code": "P/N", "lat": 19.207519, "lon": 72.783698 }, "geometry": { "type": "Polygon", "coordinates": [ [ [ 72.786104647648202, 19.205290161947339 ], [ 72.78604419600471, 19.209805512082589 ], [ 72.781291182239386, 19.209748013699784 ], [ 72.781351763403734, 19.205232678110264 ], [ 72.786104647648202, 19.205290161947339 ] ] ] } },
{ "type": "Feature", "properties": { "cell_id": "CELL_0024", "bmc_ward_code": "P/N", "lat": 19.212034, "lon": 72.783637 }, "geometry": { "type": "Polygon", "coordinates": [ [ [ 72.78604419600471, 19.209805512082589 ], [ 72.785983727385826, 19.214320859812542 ], [ 72.781230584063309, 19.214263346883257 ], [ 72.781291182239386, 19.209748013699784 ], [ 72.78604419600471, 19.209805512082589 ] ] ] } },
{ "type": "Feature", "properties": { "cell_id": "CELL_0025", "bmc_ward_code": "P/N", "lat": 19.21655, "lon": 72.783577 }, "geometry": { "type": "Polygon", "coordinates": [ [ [ 72.785983727385826, 19.214320859812542 ], [ 72.785923241789448, 19.218836205136729 ], [ 72.781169968873357, 19.218778677660179 ], [ 72.781230584063309, 19.214263346883257 ], [ 72.785983727385826, 19.214320859812542 ] ] ] } },
{ "type": "Feature", "properties": { "cell_id": "CELL_0026", "bmc_ward_code": "P/N", "lat": 19.221065, "lon": 72.783516 }, "geometry": { "type": "Polygon", "coordinates": [ [ [ 72.785923241789448, 19.218836205136729 ], [ 72.785862739213414, 19.223351548054641 ], [ 72.781109336667413, 19.22329400603007 ], [ 72.781169968873357, 19.218778677660179 ], [ 72.785923241789448, 19.218836205136729 ] ] ] } },
{ "type": "Feature", "properties": { "cell_id": "CELL_0027", "bmc_ward_code": "R/C", "lat": 19.22558, "lon": 72.783456 }, "geometry": { "type": "Polygon", "coordinates": [ [ [ 72.785862739213414, 19.223351548054641 ], [ 72.785802219655608, 19.227866888565778 ], [ 72.781048687443331, 19.227809331992418 ], [ 72.781109336667413, 19.22329400603007 ], [ 72.785862739213414, 19.223351548054641 ] ] ] } },
{ "type": "Feature", "properties": { "cell_id": "CELL_0028", "bmc_ward_code": "R/C", "lat": 19.230096, "lon": 72.783395 }, "geometry": { "type": "Polygon", "coordinates": [ [ [ 72.785802219655608, 19.227866888565778 ], [ 72.785741683113898, 19.232382226669642 ], [ 72.780988021198979, 19.232324655546723 ], [ 72.781048687443331, 19.227809331992418 ], [ 72.785802219655608, 19.227866888565778 ] ] ] } },
{ "type": "Feature", "properties": { "cell_id": "CELL_0029", "bmc_ward_code": "R/C", "lat": 19.234611, "lon": 72.783335 }, "geometry": { "type": "Polygon", "coordinates": [ [ [ 72.785741683113898, 19.232382226669642 ], [ 72.78568112958618, 19.236897562365758 ], [ 72.780927337932241, 19.236839976692512 ], [ 72.780988021198979, 19.232324655546723 ], [ 72.785741683113898, 19.232382226669642 ] ] ] } },
{ "type": "Feature", "properties": { "cell_id": "CELL_0030", "bmc_ward_code": "R/C", "lat": 19.239126, "lon": 72.783274 }, "geometry": { "type": "Polygon", "coordinates": [ [ [ 72.78568112958618, 19.236897562365758 ], [ 72.785620559070296, 19.241412895653607 ], [ 72.780866637640955, 19.241355295429265 ], [ 72.780927337932241, 19.236839976692512 ], [ 72.78568112958618, 19.236897562365758 ] ] ] } },
{ "type": "Feature", "properties": { "cell_id": "CELL_0031", "bmc_ward_code": "R/C", "lat": 19.243642, "lon": 72.783213 }, "geometry": { "type": "Polygon", "coordinates": [ [ [ 72.785620559070296, 19.241412895653607 ], [ 72.785559971564098, 19.245928226532705 ], [ 72.78080592032299, 19.245870611756498 ], [ 72.780866637640955, 19.241355295429265 ], [ 72.785620559070296, 19.241412895653607 ] ] ] } },
{ "type": "Feature", "properties": { "cell_id": "CELL_0032", "bmc_ward_code": "R/C", "lat": 19.248157, "lon": 72.783153 }, "geometry": { "type": "Polygon", "coordinates": [ [ [ 72.785559971564098, 19.245928226532705 ], [ 72.785499367065484, 19.250443555002544 ], [ 72.780745185976215, 19.250385925673712 ], [ 72.78080592032299, 19.245870611756498 ], [ 72.785559971564098, 19.245928226532705 ] ] ] } },
{ "type": "Feature", "properties": { "cell_id": "CELL_0033", "bmc_ward_code": "R/C", "lat": 19.252672, "lon": 72.783092 }, "geometry": { "type": "Polygon", "coordinates": [ [ [ 72.785499367065484, 19.250443555002544 ], [ 72.785438745572336, 19.254958881062649 ], [ 72.780684434598498, 19.254901237180409 ], [ 72.780745185976215, 19.250385925673712 ], [ 72.785499367065484, 19.250443555002544 ] ] ] } },
{ "type": "Feature", "properties": { "cell_id": "CELL_0034", "bmc_ward_code": "R/C", "lat": 19.257188, "lon": 72.783031 }, "geometry": { "type": "Polygon", "coordinates": [ [ [ 72.785438745572336, 19.254958881062649 ], [ 72.785378107082479, 19.25947420471249 ], [ 72.780623666187694, 19.259416546276089 ], [ 72.780684434598498, 19.254901237180409 ], [ 72.785438745572336, 19.254958881062649 ] ] ] } },
{ "type": "Feature", "properties": { "cell_id": "CELL_0035", "bmc_ward_code": "UNKNOWN", "lat": 19.261703, "lon": 72.782971 }, "geometry": { "type": "Polygon", "coordinates": [ [ [ 72.785378107082479, 19.25947420471249 ], [ 72.785317451593784, 19.263989525951605 ], [ 72.780562880741655, 19.263931852960265 ], [ 72.780623666187694, 19.259416546276089 ], [ 72.785378107082479, 19.25947420471249 ] ] ] } },
{ "type": "Feature", "properties": { "cell_id": "CELL_0036", "bmc_ward_code": "UNKNOWN", "lat": 19.266218, "lon": 72.78291 }, "geometry": { "type": "Polygon", "coordinates": [ [ [ 72.785317451593784, 19.263989525951605 ], [ 72.785256779104145, 19.268504844779486 ], [ 72.780502078258266, 19.268447157232441 ], [ 72.780562880741655, 19.263931852960265 ], [ 72.785317451593784, 19.263989525951605 ] ] ] } },
{ "type": "Feature", "properties": { "cell_id": "CELL_0037", "bmc_ward_code": "UNKNOWN", "lat": 18.941166, "lon": 72.791984 }, "geometry": { "type": "Polygon", "coordinates": [ [ [ 72.794386647871008, 18.938936770279156 ], [ 72.794327321422685, 18.943452275915671 ], [ 72.789581870497273, 18.943395755676203 ], [ 72.789641324331896, 18.938880264509567 ], [ 72.794386647871008, 18.938936770279156 ] ] ] } },
{ "type": "Feature", "properties": { "cell_id": "CELL_0038", "bmc_ward_code": "UNKNOWN", "lat": 18.945682, "lon": 72.791925 }, "geometry": { "type": "Polygon", "coordinates": [ [ [ 72.794327321422685, 18.943452275915671 ], [ 72.794267978159269, 18.947967779177027 ], [ 72.789522399811474, 18.947911244466923 ], [ 72.789581870497273, 18.943395755676203 ], [ 72.794327321422685, 18.943452275915671 ] ] ] } },
{ "type": "Feature", "properties": { "cell_id": "CELL_0039", "bmc_ward_code": "UNKNOWN", "lat": 18.950197, "lon": 72.791865 }, "geometry": { "type": "Polygon", "coordinates": [ [ [ 72.794267978159269, 18.947967779177027 ], [ 72.794208618078699, 18.952483280062719 ], [ 72.789462912272427, 18.952426730881221 ], [ 72.789522399811474, 18.947911244466923 ], [ 72.794267978159269, 18.947967779177027 ] ] ] } },
{ "type": "Feature", "properties": { "cell_id": "CELL_0040", "bmc_ward_code": "UNKNOWN", "lat": 18.954713, "lon": 72.791806 }, "geometry": { "type": "Polygon", "coordinates": [ [ [ 72.794208618078699, 18.952483280062719 ], [ 72.794149241178886, 18.956998778572249 ], [ 72.789403407878041, 18.95694221491862 ], [ 72.789462912272427, 18.952426730881221 ], [ 72.794208618078699, 18.952483280062719 ] ] ] } },
{ "type": "Feature", "properties": { "cell_id": "CELL_0041", "bmc_ward_code": "UNKNOWN", "lat": 19.130815, "lon": 72.789475 }, "geometry": { "type": "Polygon", "coordinates": [ [ [ 72.791880435295397, 19.128585956275423 ], [ 72.791820400814444, 19.133101361726094 ], [ 72.787069567024488, 19.133044233070375 ], [ 72.787129730411166, 19.128528842121341 ], [ 72.791880435295397, 19.128585956275423 ] ] ] } },
{ "type": "Feature", "properties": { "cell_id": "CELL_0042", "bmc_ward_code": "K/W", "lat": 19.135331, "lon": 72.789415 }, "geometry": { "type": "Polygon", "coordinates": [ [ [ 72.791820400814444, 19.133101361726094 ], [ 72.791760349430405, 19.137616764780681 ], [ 72.787009386698472, 19.137559621622579 ], [ 72.787069567024488, 19.133044233070375 ], [ 72.791820400814444, 19.133101361726094 ] ] ] } },
{ "type": "Feature", "properties": { "cell_id": "CELL_0043", "bmc_ward_code": "K/W", "lat": 19.139846, "lon": 72.789355 }, "geometry": { "type": "Polygon", "coordinates": [ [ [ 72.791760349430405, 19.137616764780681 ], [ 72.791700281141217, 19.142132165438706 ], [ 72.786949189430999, 19.142075007777457 ], [ 72.787009386698472, 19.137559621622579 ], [ 72.791760349430405, 19.137616764780681 ] ] ] } },
{ "type": "Feature", "properties": { "cell_id": "CELL_0044", "bmc_ward_code": "K/W", "lat": 19.144361, "lon": 72.789295 }, "geometry": { "type": "Polygon", "coordinates": [ [ [ 72.791700281141217, 19.142132165438706 ], [ 72.791640195944751, 19.146647563699659 ], [ 72.786888975219966, 19.146590391534499 ], [ 72.786949189430999, 19.142075007777457 ], [ 72.791700281141217, 19.142132165438706 ] ] ] } },
{ "type": "Feature", "properties": { "cell_id": "CELL_0045", "bmc_ward_code": "P/N", "lat": 19.148877, "lon": 72.789235 }, "geometry": { "type": "Polygon", "coordinates": [ [ [ 72.791640195944751, 19.146647563699659 ], [ 72.791580093838874, 19.151162959563042 ], [ 72.786828744063257, 19.151105772893207 ], [ 72.786888975219966, 19.146590391534499 ], [ 72.791640195944751, 19.146647563699659 ] ] ] } },
{ "type": "Feature", "properties": { "cell_id": "CELL_0046", "bmc_ward_code": "P/N", "lat": 19.153392, "lon": 72.789174 }, "geometry": { "type": "Polygon", "coordinates": [ [ [ 72.791580093838874, 19.151162959563042 ], [ 72.791519974821483, 19.155678353028364 ], [ 72.786768495958739, 19.155621151853094 ], [ 72.786828744063257, 19.151105772893207 ], [ 72.791580093838874, 19.151162959563042 ] ] ] } },
{ "type": "Feature", "properties": { "cell_id": "CELL_0047", "bmc_ward_code": "P/N", "lat": 19.157907, "lon": 72.789114 }, "geometry": { "type": "Polygon", "coordinates": [ [ [ 72.791519974821483, 19.155678353028364 ], [ 72.791459838890489, 19.160193744095135 ], [ 72.78670823090431, 19.160136528413663 ], [ 72.786768495958739, 19.155621151853094 ], [ 72.791519974821483, 19.155678353028364 ] ] ] } },
{ "type": "Feature", "properties": { "cell_id": "CELL_0048", "bmc_ward_code": "P/N", "lat": 19.162423, "lon": 72.789054 }, "geometry": { "type": "Polygon", "coordinates": [ [ [ 72.791459838890489, 19.160193744095135 ], [ 72.791399686043746, 19.164709132762841 ], [ 72.786647948897851, 19.164651902574406 ], [ 72.78670823090431, 19.160136528413663 ], [ 72.791459838890489, 19.160193744095135 ] ] ] } },
{ "type": "Feature", "properties": { "cell_id": "CELL_0049", "bmc_ward_code": "P/N", "lat": 19.166938, "lon": 72.788994 }, "geometry": { "type": "Polygon", "coordinates": [ [ [ 72.791399686043746, 19.164709132762841 ], [ 72.791339516279166, 19.169224519030994 ], [ 72.786587649937232, 19.169167274334836 ], [ 72.786647948897851, 19.164651902574406 ], [ 72.791399686043746, 19.164709132762841 ] ] ] } },
{ "type": "Feature", "properties": { "cell_id": "CELL_0050", "bmc_ward_code": "UNKNOWN", "lat": 19.171454, "lon": 72.788933 }, "geometry": { "type": "Polygon", "coordinates": [ [ [ 72.791339516279166, 19.169224519030994 ], [ 72.791279329594616, 19.173739902899104 ], [ 72.786527334020334, 19.173682643694463 ], [ 72.786587649937232, 19.169167274334836 ], [ 72.791339516279166, 19.169224519030994 ] ] ] } },
{ "type": "Feature", "properties": { "cell_id": "CELL_0051", "bmc_ward_code": "P/N", "lat": 19.19403, "lon": 72.788632 }, "geometry": { "type": "Polygon", "coordinates": [ [ [ 72.791038413614444, 19.191801414361109 ], [ 72.790978142298314, 19.196316786221519 ], [ 72.786225500017522, 19.196259454462997 ], [ 72.786285900747615, 19.191744097114892 ], [ 72.791038413614444, 19.191801414361109 ] ] ] } },
{ "type": "Feature", "properties": { "cell_id": "CELL_0052", "bmc_ward_code": "P/N", "lat": 19.198546, "lon": 72.788572 }, "geometry": { "type": "Polygon", "coordinates": [ [ [ 72.790978142298314, 19.196316786221519 ], [ 72.790917854049511, 19.200832155678903 ], [ 72.786165082318419, 19.200774809407314 ], [ 72.786225500017522, 19.196259454462997 ], [ 72.790978142298314, 19.196316786221519 ] ] ] } },
{ "type": "Feature", "properties": { "cell_id": "CELL_0053", "bmc_ward_code": "P/N", "lat": 19.203061, "lon": 72.788511 }, "geometry": { "type": "Polygon", "coordinates": [ [ [ 72.790917854049511, 19.200832155678903 ], [ 72.79085754886593, 19.205347522732762 ], [ 72.786104647648202, 19.205290161947339 ], [ 72.786165082318419, 19.200774809407314 ], [ 72.790917854049511, 19.200832155678903 ] ] ] } },
{ "type": "Feature", "properties": { "cell_id": "CELL_0054", "bmc_ward_code": "P/N", "lat": 19.207577, "lon": 72.788451 }, "geometry": { "type": "Polygon", "coordinates": [ [ [ 72.79085754886593, 19.205347522732762 ], [ 72.790797226745411, 19.209862887382599 ], [ 72.78604419600471, 19.209805512082589 ], [ 72.786104647648202, 19.205290161947339 ], [ 72.79085754886593, 19.205347522732762 ] ] ] } },
{ "type": "Feature", "properties": { "cell_id": "CELL_0055", "bmc_ward_code": "P/N", "lat": 19.212092, "lon": 72.788391 }, "geometry": { "type": "Polygon", "coordinates": [ [ [ 72.790797226745411, 19.209862887382599 ], [ 72.790736887685867, 19.214378249627927 ], [ 72.785983727385826, 19.214320859812542 ], [ 72.78604419600471, 19.209805512082589 ], [ 72.790797226745411, 19.209862887382599 ] ] ] } },
{ "type": "Feature", "properties": { "cell_id": "CELL_0056", "bmc_ward_code": "P/N", "lat": 19.216607, "lon": 72.78833 }, "geometry": { "type": "Polygon", "coordinates": [ [ [ 72.790736887685867, 19.214378249627927 ], [ 72.790676531685165, 19.218893609468235 ], [ 72.785923241789448, 19.218836205136729 ], [ 72.785983727385826, 19.214320859812542 ], [ 72.790736887685867, 19.214378249627927 ] ] ] } },
{ "type": "Feature", "properties": { "cell_id": "CELL_0057", "bmc_ward_code": "P/N", "lat": 19.221123, "lon": 72.78827 }, "geometry": { "type": "Polygon", "coordinates": [ [ [ 72.790676531685165, 19.218893609468235 ], [ 72.790616158741173, 19.223408966903037 ], [ 72.785862739213414, 19.223351548054641 ], [ 72.785923241789448, 19.218836205136729 ], [ 72.790676531685165, 19.218893609468235 ] ] ] } },
{ "type": "Feature", "properties": { "cell_id": "CELL_0058", "bmc_ward_code": "R/C", "lat": 19.225638, "lon": 72.788209 }, "geometry": { "type": "Polygon", "coordinates": [ [ [ 72.790616158741173, 19.223408966903037 ], [ 72.790555768851789, 19.227924321931834 ], [ 72.785802219655608, 19.227866888565778 ], [ 72.785862739213414, 19.223351548054641 ], [ 72.790616158741173, 19.223408966903037 ] ] ] } },
{ "type": "Feature", "properties": { "cell_id": "CELL_0059", "bmc_ward_code": "R/C", "lat": 19.230153, "lon": 72.788149 }, "geometry": { "type": "Polygon", "coordinates": [ [ [ 72.790555768851789, 19.227924321931834 ], [ 72.790495362014866, 19.232439674554122 ], [ 72.785741683113898, 19.232382226669642 ], [ 72.785802219655608, 19.227866888565778 ], [ 72.790555768851789, 19.227924321931834 ] ] ] } },
{ "type": "Feature", "properties": { "cell_id": "CELL_0060", "bmc_ward_code": "R/C", "lat": 19.234669, "lon": 72.788088 }, "geometry": { "type": "Polygon", "coordinates": [ [ [ 72.790495362014866, 19.232439674554122 ], [ 72.790434938228287, 19.236955024769429 ], [ 72.78568112958618, 19.236897562365758 ], [ 72.785741683113898, 19.232382226669642 ], [ 72.790495362014866, 19.232439674554122 ] ] ] } },
{ "type": "Feature", "properties": { "cell_id": "CELL_0061", "bmc_ward_code": "R/C", "lat": 19.239184, "lon": 72.788028 }, "geometry": { "type": "Polygon", "coordinates": [ [ [ 72.790434938228287, 19.236955024769429 ], [ 72.790374497489921, 19.241470372577229 ], [ 72.785620559070296, 19.241412895653607 ], [ 72.78568112958618, 19.236897562365758 ], [ 72.790434938228287, 19.236955024769429 ] ] ] } },
{ "type": "Feature", "properties": { "cell_id": "CELL_0062", "bmc_ward_code": "R/C", "lat": 19.243699, "lon": 72.787967 }, "geometry": { "type": "Polygon", "coordinates": [ [ [ 72.790374497489921, 19.241470372577229 ], [ 72.790314039797636, 19.245985717977046 ], [ 72.785559971564098, 19.245928226532705 ], [ 72.785620559070296, 19.241412895653607 ], [ 72.790374497489921, 19.241470372577229 ] ] ] } },
{ "type": "Feature", "properties": { "cell_id": "CELL_0063", "bmc_ward_code": "R/C", "lat": 19.248215, "lon": 72.787907 }, "geometry": { "type": "Polygon", "coordinates": [ [ [ 72.790314039797636, 19.245985717977046 ], [ 72.790253565149342, 19.250501060968379 ], [ 72.785499367065484, 19.250443555002544 ], [ 72.785559971564098, 19.245928226532705 ], [ 72.790314039797636, 19.245985717977046 ] ] ] } },
{ "type": "Feature", "properties": { "cell_id": "CELL_0064", "bmc_ward_code": "R/C", "lat": 19.25273, "lon": 72.787846 }, "geometry": { "type": "Polygon", "coordinates": [ [ [ 72.790253565149342, 19.250501060968379 ], [ 72.790193073542866, 19.255016401550737 ], [ 72.785438745572336, 19.254958881062649 ], [ 72.785499367065484, 19.250443555002544 ], [ 72.790253565149342, 19.250501060968379 ] ] ] } },
{ "type": "Feature", "properties": { "cell_id": "CELL_0065", "bmc_ward_code": "R/C", "lat": 19.257245, "lon": 72.787786 }, "geometry": { "type": "Polygon", "coordinates": [ [ [ 72.790193073542866, 19.255016401550737 ], [ 72.790132564976091, 19.259531739723606 ], [ 72.785378107082479, 19.25947420471249 ], [ 72.785438745572336, 19.254958881062649 ], [ 72.790193073542866, 19.255016401550737 ] ] ] } },
{ "type": "Feature", "properties": { "cell_id": "CELL_0066", "bmc_ward_code": "R/C", "lat": 19.261761, "lon": 72.787725 }, "geometry": { "type": "Polygon", "coordinates": [ [ [ 72.790132564976091, 19.259531739723606 ], [ 72.790072039446883, 19.264047075486513 ], [ 72.785317451593784, 19.263989525951605 ], [ 72.785378107082479, 19.25947420471249 ], [ 72.790132564976091, 19.259531739723606 ] ] ] } },
{ "type": "Feature", "properties": { "cell_id": "CELL_0067", "bmc_ward_code": "UNKNOWN", "lat": 19.266276, "lon": 72.787664 }, "geometry": { "type": "Polygon", "coordinates": [ [ [ 72.790072039446883, 19.264047075486513 ], [ 72.790011496953127, 19.268562408838957 ], [ 72.785256779104145, 19.268504844779486 ], [ 72.785317451593784, 19.263989525951605 ], [ 72.790072039446883, 19.264047075486513 ] ] ] } },
{ "type": "Feature", "properties": { "cell_id": "CELL_0068", "bmc_ward_code": "UNKNOWN", "lat": 18.941223, "lon": 72.79673 }, "geometry": { "type": "Polygon", "coordinates": [ [ [ 72.79913198822311, 18.938993154828861 ], [ 72.799072789163162, 18.94350867490423 ], [ 72.794327321422685, 18.943452275915671 ], [ 72.794386647871008, 18.938936770279156 ], [ 72.79913198822311, 18.938993154828861 ] ] ] } },
{ "type": "Feature", "properties": { "cell_id": "CELL_0069", "bmc_ward_code": "D", "lat": 18.945738, "lon": 72.79667 }, "geometry": { "type": "Polygon", "coordinates": [ [ [ 72.799072789163162, 18.94350867490423 ], [ 72.799013573324231, 18.948024192605189 ], [ 72.794267978159269, 18.947967779177027 ], [ 72.794327321422685, 18.943452275915671 ], [ 72.799072789163162, 18.94350867490423 ] ] ] } },
{ "type": "Feature", "properties": { "cell_id": "CELL_0070", "bmc_ward_code": "D", "lat": 18.950254, "lon": 72.796611 }, "geometry": { "type": "Polygon", "coordinates": [ [ [ 72.799013573324231, 18.948024192605189 ], [ 72.798954340704228, 18.952539707931233 ], [ 72.794208618078699, 18.952483280062719 ], [ 72.794267978159269, 18.947967779177027 ], [ 72.799013573324231, 18.948024192605189 ] ] ] } },
{ "type": "Feature", "properties": { "cell_id": "CELL_0071", "bmc_ward_code": "D", "lat": 18.954769, "lon": 72.796552 }, "geometry": { "type": "Polygon", "coordinates": [ [ [ 72.798954340704228, 18.952539707931233 ], [ 72.798895091301048, 18.95705522088187 ], [ 72.794149241178886, 18.956998778572249 ], [ 72.794208618078699, 18.952483280062719 ], [ 72.798954340704228, 18.952539707931233 ] ] ] } },
{ "type": "Feature", "properties": { "cell_id": "CELL_0072", "bmc_ward_code": "UNKNOWN", "lat": 18.959285, "lon": 72.796493 }, "geometry": { "type": "Polygon", "coordinates": [ [ [ 72.798895091301048, 18.95705522088187 ], [ 72.798835825112661, 18.96157073145659 ], [ 72.794089847457741, 18.96151427470512 ], [ 72.794149241178886, 18.956998778572249 ], [ 72.798895091301048, 18.95705522088187 ] ] ] } },
{ "type": "Feature", "properties": { "cell_id": "CELL_0073", "bmc_ward_code": "UNKNOWN", "lat": 18.9638, "lon": 72.796433 }, "geometry": { "type": "Polygon", "coordinates": [ [ [ 72.798835825112661, 18.96157073145659 ], [ 72.798776542136949, 18.966086239654903 ], [ 72.794030436913189, 18.966029768460832 ], [ 72.794089847457741, 18.96151427470512 ], [ 72.798835825112661, 18.96157073145659 ] ] ] } },
{ "type": "Feature", "properties": { "cell_id": "CELL_0074", "bmc_ward_code": "UNKNOWN", "lat": 19.130872, "lon": 72.794226 }, "geometry": { "type": "Polygon", "coordinates": [ [ [ 72.796631157080569, 19.128642947904879 ], [ 72.796571251507444, 19.133158367826077 ], [ 72.791820400814444, 19.133101361726094 ], [ 72.791880435295397, 19.128585956275423 ], [ 72.796631157080569, 19.128642947904879 ] ] ] } },
{ "type": "Feature", "properties": { "cell_id": "CELL_0075", "bmc_ward_code": "K/W", "lat": 19.135388, "lon": 72.794166 }, "geometry": { "type": "Polygon", "coordinates": [ [ [ 72.796571251507444, 19.133158367826077 ], [ 72.796511329067528, 19.137673785351961 ], [ 72.791760349430405, 19.137616764780681 ], [ 72.791820400814444, 19.133101361726094 ], [ 72.796571251507444, 19.133158367826077 ] ] ] } },
{ "type": "Feature", "properties": { "cell_id": "CELL_0076", "bmc_ward_code": "K/W", "lat": 19.139903, "lon": 72.794106 }, "geometry": { "type": "Polygon", "coordinates": [ [ [ 72.796511329067528, 19.137673785351961 ], [ 72.796451389758715, 19.142189200482029 ], [ 72.791700281141217, 19.142132165438706 ], [ 72.791760349430405, 19.137616764780681 ], [ 72.796511329067528, 19.137673785351961 ] ] ] } },
{ "type": "Feature", "properties": { "cell_id": "CELL_0077", "bmc_ward_code": "P/N", "lat": 19.144418, "lon": 72.794046 }, "geometry": { "type": "Polygon", "coordinates": [ [ [ 72.796451389758715, 19.142189200482029 ], [ 72.796391433578904, 19.146704613215789 ], [ 72.791640195944751, 19.146647563699659 ], [ 72.791700281141217, 19.142132165438706 ], [ 72.796451389758715, 19.142189200482029 ] ] ] } },
{ "type": "Feature", "properties": { "cell_id": "CELL_0078", "bmc_ward_code": "P/N", "lat": 19.148934, "lon": 72.793986 }, "geometry": { "type": "Polygon", "coordinates": [ [ [ 72.796391433578904, 19.146704613215789 ], [ 72.796331460525991, 19.151220023552742 ], [ 72.791580093838874, 19.151162959563042 ], [ 72.791640195944751, 19.146647563699659 ], [ 72.796391433578904, 19.146704613215789 ] ] ] } },
{ "type": "Feature", "properties": { "cell_id": "CELL_0079", "bmc_ward_code": "P/N", "lat": 19.153449, "lon": 72.793926 }, "geometry": { "type": "Polygon", "coordinates": [ [ [ 72.796331460525991, 19.151220023552742 ], [ 72.796271470597858, 19.155735431492396 ], [ 72.791519974821483, 19.155678353028364 ], [ 72.791580093838874, 19.151162959563042 ], [ 72.796331460525991, 19.151220023552742 ] ] ] } },
{ "type": "Feature", "properties": { "cell_id": "CELL_0080", "bmc_ward_code": "P/N", "lat": 19.157965, "lon": 72.793866 }, "geometry": { "type": "Polygon", "coordinates": [ [ [ 72.796271470597858, 19.155735431492396 ], [ 72.796211463792389, 19.160250837034255 ], [ 72.791459838890489, 19.160193744095135 ], [ 72.791519974821483, 19.155678353028364 ], [ 72.796271470597858, 19.155735431492396 ] ] ] } },
{ "type": "Feature", "properties": { "cell_id": "CELL_0081", "bmc_ward_code": "P/N", "lat": 19.16248, "lon": 72.793806 }, "geometry": { "type": "Polygon", "coordinates": [ [ [ 72.796211463792389, 19.160250837034255 ], [ 72.796151440107508, 19.164766240177805 ], [ 72.791399686043746, 19.164709132762841 ], [ 72.791459838890489, 19.160193744095135 ], [ 72.796211463792389, 19.160250837034255 ] ] ] } },
{ "type": "Feature", "properties": { "cell_id": "CELL_0082", "bmc_ward_code": "P/N", "lat": 19.166995, "lon": 72.793746 }, "geometry": { "type": "Polygon", "coordinates": [ [ [ 72.796151440107508, 19.164766240177805 ], [ 72.796091399541069, 19.169281640922577 ], [ 72.791339516279166, 19.169224519030994 ], [ 72.791399686043746, 19.164709132762841 ], [ 72.796151440107508, 19.164766240177805 ] ] ] } },
{ "type": "Feature", "properties": { "cell_id": "CELL_0083", "bmc_ward_code": "P/N", "lat": 19.171511, "lon": 72.793685 }, "geometry": { "type": "Polygon", "coordinates": [ [ [ 72.796091399541069, 19.169281640922577 ], [ 72.796031342090984, 19.173797039268056 ], [ 72.791279329594616, 19.173739902899104 ], [ 72.791339516279166, 19.169224519030994 ], [ 72.796091399541069, 19.169281640922577 ] ] ] } },
{ "type": "Feature", "properties": { "cell_id": "CELL_0084", "bmc_ward_code": "UNKNOWN", "lat": 19.176026, "lon": 72.793625 }, "geometry": { "type": "Polygon", "coordinates": [ [ [ 72.796031342090984, 19.173797039268056 ], [ 72.795971267755121, 19.178312435213744 ], [ 72.791219125987993, 19.178255284366664 ], [ 72.791279329594616, 19.173739902899104 ], [ 72.796031342090984, 19.173797039268056 ] ] ] } },
{ "type": "Feature", "properties": { "cell_id": "CELL_0085", "bmc_ward_code": "UNKNOWN", "lat": 19.180542, "lon": 72.793565 }, "geometry": { "type": "Polygon", "coordinates": [ [ [ 72.795971267755121, 19.178312435213744 ], [ 72.795911176531391, 19.182827828759155 ], [ 72.791158905457166, 19.182770663433185 ], [ 72.791219125987993, 19.178255284366664 ], [ 72.795971267755121, 19.178312435213744 ] ] ] } },
{ "type": "Feature", "properties": { "cell_id": "CELL_0086", "bmc_ward_code": "UNKNOWN", "lat": 19.185057, "lon": 72.793505 }, "geometry": { "type": "Polygon", "coordinates": [ [ [ 72.795911176531391, 19.182827828759155 ], [ 72.795851068417676, 19.187343219903795 ], [ 72.791098668000018, 19.187286040098165 ], [ 72.791158905457166, 19.182770663433185 ], [ 72.795911176531391, 19.182827828759155 ] ] ] } },
{ "type": "Feature", "properties": { "cell_id": "CELL_0087", "bmc_ward_code": "UNKNOWN", "lat": 19.189572, "lon": 72.793445 }, "geometry": { "type": "Polygon", "coordinates": [ [ [ 72.795851068417676, 19.187343219903795 ], [ 72.795790943411831, 19.191858608647156 ], [ 72.791038413614444, 19.191801414361109 ], [ 72.791098668000018, 19.187286040098165 ], [ 72.795851068417676, 19.187343219903795 ] ] ] } },
{ "type": "Feature", "properties": { "cell_id": "CELL_0088", "bmc_ward_code": "UNKNOWN", "lat": 19.194088, "lon": 72.793385 }, "geometry": { "type": "Polygon", "coordinates": [ [ [ 72.795790943411831, 19.191858608647156 ], [ 72.79573080151178, 19.196373994988743 ], [ 72.790978142298314, 19.196316786221519 ], [ 72.791038413614444, 19.191801414361109 ], [ 72.795790943411831, 19.191858608647156 ] ] ] } },
{ "type": "Feature", "properties": { "cell_id": "CELL_0089", "bmc_ward_code": "P/N", "lat": 19.198603, "lon": 72.793324 }, "geometry": { "type": "Polygon", "coordinates": [ [ [ 72.79573080151178, 19.196373994988743 ], [ 72.795670642715407, 19.200889378928075 ], [ 72.790917854049511, 19.200832155678903 ], [ 72.790978142298314, 19.196316786221519 ], [ 72.79573080151178, 19.196373994988743 ] ] ] } },
{ "type": "Feature", "properties": { "cell_id": "CELL_0090", "bmc_ward_code": "P/N", "lat": 19.203118, "lon": 72.793264 }, "geometry": { "type": "Polygon", "coordinates": [ [ [ 72.795670642715407, 19.200889378928075 ], [ 72.795610467020566, 19.205404760464639 ], [ 72.79085754886593, 19.205347522732762 ], [ 72.790917854049511, 19.200832155678903 ], [ 72.795670642715407, 19.200889378928075 ] ] ] } },
{ "type": "Feature", "properties": { "cell_id": "CELL_0091", "bmc_ward_code": "P/N", "lat": 19.207634, "lon": 72.793204 }, "geometry": { "type": "Polygon", "coordinates": [ [ [ 72.795610467020566, 19.205404760464639 ], [ 72.795550274425153, 19.209920139597944 ], [ 72.790797226745411, 19.209862887382599 ], [ 72.79085754886593, 19.205347522732762 ], [ 72.795610467020566, 19.205404760464639 ] ] ] } },
{ "type": "Feature", "properties": { "cell_id": "CELL_0092", "bmc_ward_code": "P/N", "lat": 19.212149, "lon": 72.793144 }, "geometry": { "type": "Polygon", "coordinates": [ [ [ 72.795550274425153, 19.209920139597944 ], [ 72.795490064927066, 19.214435516327505 ], [ 72.790736887685867, 19.214378249627927 ], [ 72.790797226745411, 19.209862887382599 ], [ 72.795550274425153, 19.209920139597944 ] ] ] } },
{ "type": "Feature", "properties": { "cell_id": "CELL_0093", "bmc_ward_code": "P/N", "lat": 19.216665, "lon": 72.793083 }, "geometry": { "type": "Polygon", "coordinates": [ [ [ 72.795490064927066, 19.214435516327505 ], [ 72.795429838524157, 19.21895089065281 ], [ 72.790676531685165, 19.218893609468235 ], [ 72.790736887685867, 19.214378249627927 ], [ 72.795490064927066, 19.214435516327505 ] ] ] } },
{ "type": "Feature", "properties": { "cell_id": "CELL_0094", "bmc_ward_code": "P/N", "lat": 19.22118, "lon": 72.793023 }, "geometry": { "type": "Polygon", "coordinates": [ [ [ 72.795429838524157, 19.21895089065281 ], [ 72.795369595214353, 19.223466262573371 ], [ 72.790616158741173, 19.223408966903037 ], [ 72.790676531685165, 19.218893609468235 ], [ 72.795429838524157, 19.21895089065281 ] ] ] } },
{ "type": "Feature", "properties": { "cell_id": "CELL_0095", "bmc_ward_code": "R/C", "lat": 19.225695, "lon": 72.792963 }, "geometry": { "type": "Polygon", "coordinates": [ [ [ 72.795369595214353, 19.223466262573371 ], [ 72.795309334995494, 19.227981632088689 ], [ 72.790555768851789, 19.227924321931834 ], [ 72.790616158741173, 19.223408966903037 ], [ 72.795369595214353, 19.223466262573371 ] ] ] } },
{ "type": "Feature", "properties": { "cell_id": "CELL_0096", "bmc_ward_code": "R/C", "lat": 19.230211, "lon": 72.792902 }, "geometry": { "type": "Polygon", "coordinates": [ [ [ 72.795309334995494, 19.227981632088689 ], [ 72.795249057865476, 19.232496999198268 ], [ 72.790495362014866, 19.232439674554122 ], [ 72.790555768851789, 19.227924321931834 ], [ 72.795309334995494, 19.227981632088689 ] ] ] } },
{ "type": "Feature", "properties": { "cell_id": "CELL_0097", "bmc_ward_code": "R/C", "lat": 19.234726, "lon": 72.792842 }, "geometry": { "type": "Polygon", "coordinates": [ [ [ 72.795249057865476, 19.232496999198268 ], [ 72.795188763822168, 19.23701236390162 ], [ 72.790434938228287, 19.236955024769429 ], [ 72.790495362014866, 19.232439674554122 ], [ 72.795249057865476, 19.232496999198268 ] ] ] } },
{ "type": "Feature", "properties": { "cell_id": "CELL_0098", "bmc_ward_code": "R/C", "lat": 19.239241, "lon": 72.792782 }, "geometry": { "type": "Polygon", "coordinates": [ [ [ 72.795188763822168, 19.23701236390162 ], [ 72.795128452863466, 19.241527726198242 ], [ 72.790374497489921, 19.241470372577229 ], [ 72.790434938228287, 19.236955024769429 ], [ 72.795188763822168, 19.23701236390162 ] ] ] } },
{ "type": "Feature", "properties": { "cell_id": "CELL_0099", "bmc_ward_code": "R/C", "lat": 19.243757, "lon": 72.792721 }, "geometry": { "type": "Polygon", "coordinates": [ [ [ 72.795128452863466, 19.241527726198242 ], [ 72.795068124987225, 19.246043086087639 ], [ 72.790314039797636, 19.245985717977046 ], [ 72.790374497489921, 19.241470372577229 ], [ 72.795128452863466, 19.241527726198242 ] ] ] } },
{ "type": "Feature", "properties": { "cell_id": "CELL_0100", "bmc_ward_code": "R/C", "lat": 19.248272, "lon": 72.792661 }, "geometry": { "type": "Polygon", "coordinates": [ [ [ 72.795068124987225, 19.246043086087639 ], [ 72.795007780191341, 19.250558443569322 ], [ 72.790253565149342, 19.250501060968379 ], [ 72.790314039797636, 19.245985717977046 ], [ 72.795068124987225, 19.246043086087639 ] ] ] } },
{ "type": "Feature", "properties": { "cell_id": "CELL_0101", "bmc_ward_code": "R/C", "lat": 19.252787, "lon": 72.7926 }, "geometry": { "type": "Polygon", "coordinates": [ [ [ 72.795007780191341, 19.250558443569322 ], [ 72.794947418473683, 19.25507379864279 ], [ 72.790193073542866, 19.255016401550737 ], [ 72.790253565149342, 19.250501060968379 ], [ 72.795007780191341, 19.250558443569322 ] ] ] } },
{ "type": "Feature", "properties": { "cell_id": "CELL_0102", "bmc_ward_code": "R/C", "lat": 19.257303, "lon": 72.79254 }, "geometry": { "type": "Polygon", "coordinates": [ [ [ 72.794947418473683, 19.25507379864279 ], [ 72.794887039832119, 19.259589151307537 ], [ 72.790132564976091, 19.259531739723606 ], [ 72.790193073542866, 19.255016401550737 ], [ 72.794947418473683, 19.25507379864279 ] ] ] } },
{ "type": "Feature", "properties": { "cell_id": "CELL_0103", "bmc_ward_code": "UNKNOWN", "lat": 19.261818, "lon": 72.79248 }, "geometry": { "type": "Polygon", "coordinates": [ [ [ 72.794887039832119, 19.259589151307537 ], [ 72.794826644264532, 19.264104501563082 ], [ 72.790072039446883, 19.264047075486513 ], [ 72.790132564976091, 19.259531739723606 ], [ 72.794887039832119, 19.259589151307537 ] ] ] } },
{ "type": "Feature", "properties": { "cell_id": "CELL_0104", "bmc_ward_code": "UNKNOWN", "lat": 18.900639, "lon": 72.802007 }, "geometry": { "type": "Polygon", "coordinates": [ [ [ 72.804408237287774, 18.898409501075342 ], [ 72.804349316211443, 18.9029250568991 ], [ 72.79960497690746, 18.902868908806806 ], [ 72.79966402504968, 18.898353367384146 ], [ 72.804408237287774, 18.898409501075342 ] ] ] } },
{ "type": "Feature", "properties": { "cell_id": "CELL_0105", "bmc_ward_code": "UNKNOWN", "lat": 18.905155, "lon": 72.801948 }, "geometry": { "type": "Polygon", "coordinates": [ [ [ 72.804349316211443, 18.9029250568991 ], [ 72.804290378410784, 18.907440610353685 ], [ 72.799545912004874, 18.907384447859538 ], [ 72.79960497690746, 18.902868908806806 ], [ 72.804349316211443, 18.9029250568991 ] ] ] } },
{ "type": "Feature", "properties": { "cell_id": "CELL_0106", "bmc_ward_code": "UNKNOWN", "lat": 18.90967, "lon": 72.801889 }, "geometry": { "type": "Polygon", "coordinates": [ [ [ 72.804290378410784, 18.907440610353685 ], [ 72.804231423883763, 18.911956161438585 ], [ 72.799486830339902, 18.911899984541847 ], [ 72.799545912004874, 18.907384447859538 ], [ 72.804290378410784, 18.907440610353685 ] ] ] } },
{ "type": "Feature", "properties": { "cell_id": "CELL_0107", "bmc_ward_code": "UNKNOWN", "lat": 18.945795, "lon": 72.801416 }, "geometry": { "type": "Polygon", "coordinates": [ [ [ 72.803818273682666, 18.943564952640024 ], [ 72.803759185270266, 18.948080484749553 ], [ 72.799013573324231, 18.948024192605189 ], [ 72.799072789163162, 18.94350867490423 ], [ 72.803818273682666, 18.943564952640024 ] ] ] } },
{ "type": "Feature", "properties": { "cell_id": "CELL_0108", "bmc_ward_code": "D", "lat": 18.95031, "lon": 72.801357 }, "geometry": { "type": "Polygon", "coordinates": [ [ [ 72.803759185270266, 18.948080484749553 ], [ 72.803700080112876, 18.952596014484914 ], [ 72.798954340704228, 18.952539707931233 ], [ 72.799013573324231, 18.948024192605189 ], [ 72.803759185270266, 18.948080484749553 ] ] ] } },
{ "type": "Feature", "properties": { "cell_id": "CELL_0109", "bmc_ward_code": "D", "lat": 18.954826, "lon": 72.801298 }, "geometry": { "type": "Polygon", "coordinates": [ [ [ 72.803700080112876, 18.952596014484914 ], [ 72.803640958208447, 18.95711154184561 ], [ 72.798895091301048, 18.95705522088187 ], [ 72.798954340704228, 18.952539707931233 ], [ 72.803700080112876, 18.952596014484914 ] ] ] } },
{ "type": "Feature", "properties": { "cell_id": "CELL_0110", "bmc_ward_code": "D", "lat": 18.959341, "lon": 72.801238 }, "geometry": { "type": "Polygon", "coordinates": [ [ [ 72.803640958208447, 18.95711154184561 ], [ 72.803581819554879, 18.961627066831145 ], [ 72.798835825112661, 18.96157073145659 ], [ 72.798895091301048, 18.95705522088187 ], [ 72.803640958208447, 18.95711154184561 ] ] ] } },
{ "type": "Feature", "properties": { "cell_id": "CELL_0111", "bmc_ward_code": "D", "lat": 18.963857, "lon": 72.801179 }, "geometry": { "type": "Polygon", "coordinates": [ [ [ 72.803581819554879, 18.961627066831145 ], [ 72.803522664150108, 18.96614258944102 ], [ 72.798776542136949, 18.966086239654903 ], [ 72.798835825112661, 18.96157073145659 ], [ 72.803581819554879, 18.961627066831145 ] ] ] } },
{ "type": "Feature", "properties": { "cell_id": "CELL_0112", "bmc_ward_code": "D", "lat": 18.968372, "lon": 72.80112 }, "geometry": { "type": "Polygon", "coordinates": [ [ [ 72.803522664150108, 18.96614258944102 ], [ 72.803463491992076, 18.970658109674744 ], [ 72.798717242371865, 18.970601745476309 ], [ 72.798776542136949, 18.966086239654903 ], [ 72.803522664150108, 18.96614258944102 ] ] ] } },
{ "type": "Feature", "properties": { "cell_id": "CELL_0113", "bmc_ward_code": "UNKNOWN", "lat": 18.972888, "lon": 72.801061 }, "geometry": { "type": "Polygon", "coordinates": [ [ [ 72.803463491992076, 18.970658109674744 ], [ 72.803404303078665, 18.975173627531799 ], [ 72.798657925815334, 18.975117248920313 ], [ 72.798717242371865, 18.970601745476309 ], [ 72.803463491992076, 18.970658109674744 ] ] ] } },
{ "type": "Feature", "properties": { "cell_id": "CELL_0114", "bmc_ward_code": "UNKNOWN", "lat": 18.977403, "lon": 72.801001 }, "geometry": { "type": "Polygon", "coordinates": [ [ [ 72.803404303078665, 18.975173627531799 ], [ 72.803345097407856, 18.979689143011708 ], [ 72.798598592465225, 18.979632749986411 ], [ 72.798657925815334, 18.975117248920313 ], [ 72.803404303078665, 18.975173627531799 ] ] ] } },
{ "type": "Feature", "properties": { "cell_id": "CELL_0115", "bmc_ward_code": "K/W", "lat": 19.135445, "lon": 72.798917 }, "geometry": { "type": "Polygon", "coordinates": [ [ [ 72.801322119067251, 19.133215251368465 ], [ 72.801262325573546, 19.137730683334532 ], [ 72.796511329067528, 19.137673785351961 ], [ 72.796571251507444, 19.133158367826077 ], [ 72.801322119067251, 19.133215251368465 ] ] ] } },
{ "type": "Feature", "properties": { "cell_id": "CELL_0116", "bmc_ward_code": "P/N", "lat": 19.13996, "lon": 72.798857 }, "geometry": { "type": "Polygon", "coordinates": [ [ [ 72.801262325573546, 19.137730683334532 ], [ 72.801202515247226, 19.142246112905553 ], [ 72.796451389758715, 19.142189200482029 ], [ 72.796511329067528, 19.137673785351961 ], [ 72.801262325573546, 19.137730683334532 ] ] ] } },
{ "type": "Feature", "properties": { "cell_id": "CELL_0117", "bmc_ward_code": "P/N", "lat": 19.144475, "lon": 72.798797 }, "geometry": { "type": "Polygon", "coordinates": [ [ [ 72.801202515247226, 19.142246112905553 ], [ 72.801142688086188, 19.146761540081016 ], [ 72.796391433578904, 19.146704613215789 ], [ 72.796451389758715, 19.142189200482029 ], [ 72.801202515247226, 19.142246112905553 ] ] ] } },
{ "type": "Feature", "properties": { "cell_id": "CELL_0118", "bmc_ward_code": "P/N", "lat": 19.148991, "lon": 72.798737 }, "geometry": { "type": "Polygon", "coordinates": [ [ [ 72.801142688086188, 19.146761540081016 ], [ 72.801082844088327, 19.151276964860429 ], [ 72.796331460525991, 19.151220023552742 ], [ 72.796391433578904, 19.146704613215789 ], [ 72.801142688086188, 19.146761540081016 ] ] ] } },
{ "type": "Feature", "properties": { "cell_id": "CELL_0119", "bmc_ward_code": "P/N", "lat": 19.153506, "lon": 72.798677 }, "geometry": { "type": "Polygon", "coordinates": [ [ [ 72.801082844088327, 19.151276964860429 ], [ 72.801022983251542, 19.155792387243299 ], [ 72.796271470597858, 19.155735431492396 ], [ 72.796331460525991, 19.151220023552742 ], [ 72.801082844088327, 19.151276964860429 ] ] ] } },
{ "type": "Feature", "properties": { "cell_id": "CELL_0120", "bmc_ward_code": "P/N", "lat": 19.158022, "lon": 72.798617 }, "geometry": { "type": "Polygon", "coordinates": [ [ [ 72.801022983251542, 19.155792387243299 ], [ 72.800963105573743, 19.160307807229138 ], [ 72.796211463792389, 19.160250837034255 ], [ 72.796271470597858, 19.155735431492396 ], [ 72.801022983251542, 19.155792387243299 ] ] ] } },
{ "type": "Feature", "properties": { "cell_id": "CELL_0121", "bmc_ward_code": "P/N", "lat": 19.162537, "lon": 72.798557 }, "geometry": { "type": "Polygon", "coordinates": [ [ [ 72.800963105573743, 19.160307807229138 ], [ 72.800903211052798, 19.164823224817425 ], [ 72.796151440107508, 19.164766240177805 ], [ 72.796211463792389, 19.160250837034255 ], [ 72.800963105573743, 19.160307807229138 ] ] ] } },
{ "type": "Feature", "properties": { "cell_id": "CELL_0122", "bmc_ward_code": "P/N", "lat": 19.167052, "lon": 72.798497 }, "geometry": { "type": "Polygon", "coordinates": [ [ [ 72.800903211052798, 19.164823224817425 ], [ 72.800843299686619, 19.169338640007688 ], [ 72.796091399541069, 19.169281640922577 ], [ 72.796151440107508, 19.164766240177805 ], [ 72.800903211052798, 19.164823224817425 ] ] ] } },
{ "type": "Feature", "properties": { "cell_id": "CELL_0123", "bmc_ward_code": "P/N", "lat": 19.171568, "lon": 72.798437 }, "geometry": { "type": "Polygon", "coordinates": [ [ [ 72.800843299686619, 19.169338640007688 ], [ 72.800783371473102, 19.173854052799424 ], [ 72.796031342090984, 19.173797039268056 ], [ 72.796091399541069, 19.169281640922577 ], [ 72.800843299686619, 19.169338640007688 ] ] ] } },
{ "type": "Feature", "properties": { "cell_id": "CELL_0124", "bmc_ward_code": "P/N", "lat": 19.176083, "lon": 72.798377 }, "geometry": { "type": "Polygon", "coordinates": [ [ [ 72.800783371473102, 19.173854052799424 ], [ 72.800723426410144, 19.17836946319213 ], [ 72.795971267755121, 19.178312435213744 ], [ 72.796031342090984, 19.173797039268056 ], [ 72.800783371473102, 19.173854052799424 ] ] ] } },
{ "type": "Feature", "properties": { "cell_id": "CELL_0125", "bmc_ward_code": "P/N", "lat": 19.180599, "lon": 72.798317 }, "geometry": { "type": "Polygon", "coordinates": [ [ [ 72.800723426410144, 19.17836946319213 ], [ 72.800663464495614, 19.182884871185319 ], [ 72.795911176531391, 19.182827828759155 ], [ 72.795971267755121, 19.178312435213744 ], [ 72.800723426410144, 19.17836946319213 ] ] ] } },
{ "type": "Feature", "properties": { "cell_id": "CELL_0126", "bmc_ward_code": "P/N", "lat": 19.185114, "lon": 72.798257 }, "geometry": { "type": "Polygon", "coordinates": [ [ [ 72.800663464495614, 19.182884871185319 ], [ 72.800603485727407, 19.18740027677849 ], [ 72.795851068417676, 19.187343219903795 ], [ 72.795911176531391, 19.182827828759155 ], [ 72.800663464495614, 19.182884871185319 ] ] ] } },
{ "type": "Feature", "properties": { "cell_id": "CELL_0127", "bmc_ward_code": "P/N", "lat": 19.189629, "lon": 72.798197 }, "geometry": { "type": "Polygon", "coordinates": [ [ [ 72.800603485727407, 19.18740027677849 ], [ 72.800543490103436, 19.191915679971149 ], [ 72.795790943411831, 19.191858608647156 ], [ 72.795851068417676, 19.187343219903795 ], [ 72.800603485727407, 19.18740027677849 ] ] ] } },
{ "type": "Feature", "properties": { "cell_id": "CELL_0128", "bmc_ward_code": "P/N", "lat": 19.194145, "lon": 72.798137 }, "geometry": { "type": "Polygon", "coordinates": [ [ [ 72.800543490103436, 19.191915679971149 ], [ 72.800483477621583, 19.196431080762796 ], [ 72.79573080151178, 19.196373994988743 ], [ 72.795790943411831, 19.191858608647156 ], [ 72.800543490103436, 19.191915679971149 ] ] ] } },
{ "type": "Feature", "properties": { "cell_id": "CELL_0129", "bmc_ward_code": "P/N", "lat": 19.19866, "lon": 72.798077 }, "geometry": { "type": "Polygon", "coordinates": [ [ [ 72.800483477621583, 19.196431080762796 ], [ 72.80042344827973, 19.200946479152943 ], [ 72.795670642715407, 19.200889378928075 ], [ 72.79573080151178, 19.196373994988743 ], [ 72.800483477621583, 19.196431080762796 ] ] ] } },
{ "type": "Feature", "properties": { "cell_id": "CELL_0130", "bmc_ward_code": "P/N", "lat": 19.203176, "lon": 72.798017 }, "geometry": { "type": "Polygon", "coordinates": [ [ [ 72.80042344827973, 19.200946479152943 ], [ 72.80036340207576, 19.205461875141086 ], [ 72.795610467020566, 19.205404760464639 ], [ 72.795670642715407, 19.200889378928075 ], [ 72.80042344827973, 19.200946479152943 ] ] ] } },
{ "type": "Feature", "properties": { "cell_id": "CELL_0131", "bmc_ward_code": "P/N", "lat": 19.207691, "lon": 72.797957 }, "geometry": { "type": "Polygon", "coordinates": [ [ [ 72.80036340207576, 19.205461875141086 ], [ 72.800303339007584, 19.209977268726735 ], [ 72.795550274425153, 19.209920139597944 ], [ 72.795610467020566, 19.205404760464639 ], [ 72.80036340207576, 19.205461875141086 ] ] ] } },
{ "type": "Feature", "properties": { "cell_id": "CELL_0132", "bmc_ward_code": "P/N", "lat": 19.212206, "lon": 72.797897 }, "geometry": { "type": "Polygon", "coordinates": [ [ [ 72.800303339007584, 19.209977268726735 ], [ 72.800243259073056, 19.214492659909393 ], [ 72.795490064927066, 19.214435516327505 ], [ 72.795550274425153, 19.209920139597944 ], [ 72.800303339007584, 19.209977268726735 ] ] ] } },
{ "type": "Feature", "properties": { "cell_id": "CELL_0133", "bmc_ward_code": "P/N", "lat": 19.216722, "lon": 72.797837 }, "geometry": { "type": "Polygon", "coordinates": [ [ [ 72.800243259073056, 19.214492659909393 ], [ 72.800183162270088, 19.219008048688561 ], [ 72.795429838524157, 19.21895089065281 ], [ 72.795490064927066, 19.214435516327505 ], [ 72.800243259073056, 19.214492659909393 ] ] ] } },
{ "type": "Feature", "properties": { "cell_id": "CELL_0134", "bmc_ward_code": "P/N", "lat": 19.221237, "lon": 72.797776 }, "geometry": { "type": "Polygon", "coordinates": [ [ [ 72.800183162270088, 19.219008048688561 ], [ 72.800123048596561, 19.22352343506375 ], [ 72.795369595214353, 19.223466262573371 ], [ 72.795429838524157, 19.21895089065281 ], [ 72.800183162270088, 19.219008048688561 ] ] ] } },
{ "type": "Feature", "properties": { "cell_id": "CELL_0135", "bmc_ward_code": "R/C", "lat": 19.225753, "lon": 72.797716 }, "geometry": { "type": "Polygon", "coordinates": [ [ [ 72.800123048596561, 19.22352343506375 ], [ 72.800062918050372, 19.228038819034456 ], [ 72.795309334995494, 19.227981632088689 ], [ 72.795369595214353, 19.223466262573371 ], [ 72.800123048596561, 19.22352343506375 ] ] ] } },
{ "type": "Feature", "properties": { "cell_id": "CELL_0136", "bmc_ward_code": "R/C", "lat": 19.230268, "lon": 72.797656 }, "geometry": { "type": "Polygon", "coordinates": [ [ [ 72.800062918050372, 19.228038819034456 ], [ 72.800002770629376, 19.232554200600187 ], [ 72.795249057865476, 19.232496999198268 ], [ 72.795309334995494, 19.227981632088689 ], [ 72.800062918050372, 19.228038819034456 ] ] ] } },
{ "type": "Feature", "properties": { "cell_id": "CELL_0137", "bmc_ward_code": "R/C", "lat": 19.234783, "lon": 72.797596 }, "geometry": { "type": "Polygon", "coordinates": [ [ [ 72.800002770629376, 19.232554200600187 ], [ 72.79994260633147, 19.237069579760458 ], [ 72.795188763822168, 19.23701236390162 ], [ 72.795249057865476, 19.232496999198268 ], [ 72.800002770629376, 19.232554200600187 ] ] ] } },
{ "type": "Feature", "properties": { "cell_id": "CELL_0138", "bmc_ward_code": "R/C", "lat": 19.239299, "lon": 72.797536 }, "geometry": { "type": "Polygon", "coordinates": [ [ [ 72.79994260633147, 19.237069579760458 ], [ 72.799882425154536, 19.241584956514753 ], [ 72.795128452863466, 19.241527726198242 ], [ 72.795188763822168, 19.23701236390162 ], [ 72.79994260633147, 19.237069579760458 ] ] ] } },
{ "type": "Feature", "properties": { "cell_id": "CELL_0139", "bmc_ward_code": "R/C", "lat": 19.243814, "lon": 72.797475 }, "geometry": { "type": "Polygon", "coordinates": [ [ [ 72.799882425154536, 19.241584956514753 ], [ 72.799822227096456, 19.246100330862593 ], [ 72.795068124987225, 19.246043086087639 ], [ 72.795128452863466, 19.241527726198242 ], [ 72.799882425154536, 19.241584956514753 ] ] ] } },
{ "type": "Feature", "properties": { "cell_id": "CELL_0140", "bmc_ward_code": "R/C", "lat": 19.248329, "lon": 72.797415 }, "geometry": { "type": "Polygon", "coordinates": [ [ [ 72.799822227096456, 19.246100330862593 ], [ 72.799762012155128, 19.250615702803472 ], [ 72.795007780191341, 19.250558443569322 ], [ 72.795068124987225, 19.246043086087639 ], [ 72.799822227096456, 19.246100330862593 ] ] ] } },
{ "type": "Feature", "properties": { "cell_id": "CELL_0141", "bmc_ward_code": "R/C", "lat": 19.252845, "lon": 72.797355 }, "geometry": { "type": "Polygon", "coordinates": [ [ [ 72.799762012155128, 19.250615702803472 ], [ 72.799701780328405, 19.255131072336908 ], [ 72.794947418473683, 19.25507379864279 ], [ 72.795007780191341, 19.250558443569322 ], [ 72.799762012155128, 19.250615702803472 ] ] ] } },
{ "type": "Feature", "properties": { "cell_id": "CELL_0142", "bmc_ward_code": "R/C", "lat": 19.25736, "lon": 72.797294 }, "geometry": { "type": "Polygon", "coordinates": [ [ [ 72.799701780328405, 19.255131072336908 ], [ 72.799641531614171, 19.25964643946239 ], [ 72.794887039832119, 19.259589151307537 ], [ 72.794947418473683, 19.25507379864279 ], [ 72.799701780328405, 19.255131072336908 ] ] ] } },
{ "type": "Feature", "properties": { "cell_id": "CELL_0143", "bmc_ward_code": "R/C", "lat": 19.261875, "lon": 72.797234 }, "geometry": { "type": "Polygon", "coordinates": [ [ [ 72.799641531614171, 19.25964643946239 ], [ 72.799581266010335, 19.264161804179437 ], [ 72.794826644264532, 19.264104501563082 ], [ 72.794887039832119, 19.259589151307537 ], [ 72.799641531614171, 19.25964643946239 ] ] ] } },
{ "type": "Feature", "properties": { "cell_id": "CELL_0144", "bmc_ward_code": "A", "lat": 18.89618, "lon": 72.80681 }, "geometry": { "type": "Polygon", "coordinates": [ [ [ 72.809211243570331, 18.893949941260409 ], [ 72.809152466248136, 18.898465513822188 ], [ 72.804408237287774, 18.898409501075342 ], [ 72.804467141641879, 18.893893942882904 ], [ 72.809211243570331, 18.893949941260409 ] ] ] } },
{ "type": "Feature", "properties": { "cell_id": "CELL_0145", "bmc_ward_code": "A", "lat": 18.900695, "lon": 72.806751 }, "geometry": { "type": "Polygon", "coordinates": [ [ [ 72.809152466248136, 18.898465513822188 ], [ 72.80909367223974, 18.902981084016027 ], [ 72.804349316211443, 18.9029250568991 ], [ 72.804408237287774, 18.898409501075342 ], [ 72.809152466248136, 18.898465513822188 ] ] ] } },
{ "type": "Feature", "properties": { "cell_id": "CELL_0146", "bmc_ward_code": "A", "lat": 18.905211, "lon": 72.806692 }, "geometry": { "type": "Polygon", "coordinates": [ [ [ 72.80909367223974, 18.902981084016027 ], [ 72.809034861543068, 18.907496651841441 ], [ 72.804290378410784, 18.907440610353685 ], [ 72.804349316211443, 18.9029250568991 ], [ 72.80909367223974, 18.902981084016027 ] ] ] } },
{ "type": "Feature", "properties": { "cell_id": "CELL_0147", "bmc_ward_code": "A", "lat": 18.909726, "lon": 72.806633 }, "geometry": { "type": "Polygon", "coordinates": [ [ [ 72.809034861543068, 18.907496651841441 ], [ 72.808976034156089, 18.912012217297907 ], [ 72.804231423883763, 18.911956161438585 ], [ 72.804290378410784, 18.907440610353685 ], [ 72.809034861543068, 18.907496651841441 ] ] ] } },
{ "type": "Feature", "properties": { "cell_id": "CELL_0148", "bmc_ward_code": "UNKNOWN", "lat": 18.914242, "lon": 72.806574 }, "geometry": { "type": "Polygon", "coordinates": [ [ [ 72.808976034156089, 18.912012217297907 ], [ 72.808917190076727, 18.91652778038495 ], [ 72.804172452628322, 18.91647171015331 ], [ 72.804231423883763, 18.911956161438585 ], [ 72.808976034156089, 18.912012217297907 ] ] ] } },
{ "type": "Feature", "properties": { "cell_id": "CELL_0149", "bmc_ward_code": "UNKNOWN", "lat": 18.950366, "lon": 72.806102 }, "geometry": { "type": "Polygon", "coordinates": [ [ [ 72.808504813961278, 18.948136655608266 ], [ 72.808445836268604, 18.952652199721904 ], [ 72.803700080112876, 18.952596014484914 ], [ 72.803759185270266, 18.948080484749553 ], [ 72.808504813961278, 18.948136655608266 ] ] ] } },
{ "type": "Feature", "properties": { "cell_id": "CELL_0150", "bmc_ward_code": "D", "lat": 18.954882, "lon": 72.806043 }, "geometry": { "type": "Polygon", "coordinates": [ [ [ 72.808445836268604, 18.952652199721904 ], [ 72.808386841864973, 18.957167741461628 ], [ 72.803640958208447, 18.95711154184561 ], [ 72.803700080112876, 18.952596014484914 ], [ 72.808445836268604, 18.952652199721904 ] ] ] } },
{ "type": "Feature", "properties": { "cell_id": "CELL_0151", "bmc_ward_code": "D", "lat": 18.959397, "lon": 72.805984 }, "geometry": { "type": "Polygon", "coordinates": [ [ [ 72.808386841864973, 18.957167741461628 ], [ 72.808327830748297, 18.961683280826939 ], [ 72.803581819554879, 18.961627066831145 ], [ 72.803640958208447, 18.95711154184561 ], [ 72.808386841864973, 18.957167741461628 ] ] ] } },
{ "type": "Feature", "properties": { "cell_id": "CELL_0152", "bmc_ward_code": "D", "lat": 18.963913, "lon": 72.805925 }, "geometry": { "type": "Polygon", "coordinates": [ [ [ 72.808327830748297, 18.961683280826939 ], [ 72.80826880291653, 18.966198817817332 ], [ 72.803522664150108, 18.96614258944102 ], [ 72.803581819554879, 18.961627066831145 ], [ 72.808327830748297, 18.961683280826939 ] ] ] } },
{ "type": "Feature", "properties": { "cell_id": "CELL_0153", "bmc_ward_code": "D", "lat": 18.968428, "lon": 72.805866 }, "geometry": { "type": "Polygon", "coordinates": [ [ [ 72.80826880291653, 18.966198817817332 ], [ 72.80820975836761, 18.970714352432321 ], [ 72.803463491992076, 18.970658109674744 ], [ 72.803522664150108, 18.96614258944102 ], [ 72.80826880291653, 18.966198817817332 ] ] ] } },
{ "type": "Feature", "properties": { "cell_id": "CELL_0154", "bmc_ward_code": "D", "lat": 18.972944, "lon": 72.805807 }, "geometry": { "type": "Polygon", "coordinates": [ [ [ 72.80820975836761, 18.970714352432321 ], [ 72.80815069709945, 18.975229884671396 ], [ 72.803404303078665, 18.975173627531799 ], [ 72.803463491992076, 18.970658109674744 ], [ 72.80820975836761, 18.970714352432321 ] ] ] } },
{ "type": "Feature", "properties": { "cell_id": "CELL_0155", "bmc_ward_code": "D", "lat": 18.97746, "lon": 72.805748 }, "geometry": { "type": "Polygon", "coordinates": [ [ [ 72.80815069709945, 18.975229884671396 ], [ 72.808091619109973, 18.979745414534072 ], [ 72.803345097407856, 18.979689143011708 ], [ 72.803404303078665, 18.975173627531799 ], [ 72.80815069709945, 18.975229884671396 ] ] ] } },
{ "type": "Feature", "properties": { "cell_id": "CELL_0156", "bmc_ward_code": "UNKNOWN", "lat": 18.981975, "lon": 72.805689 }, "geometry": { "type": "Polygon", "coordinates": [ [ [ 72.808091619109973, 18.979745414534072 ], [ 72.80803252439712, 18.984260942019841 ], [ 72.803285874977533, 18.984204656113967 ], [ 72.803345097407856, 18.979689143011708 ], [ 72.808091619109973, 18.979745414534072 ] ] ] } },
{ "type": "Feature", "properties": { "cell_id": "CELL_0157", "bmc_ward_code": "UNKNOWN", "lat": 19.135501, "lon": 72.803668 }, "geometry": { "type": "Polygon", "coordinates": [ [ [ 72.806073003457556, 19.133272012351391 ], [ 72.806013338912166, 19.137787458726539 ], [ 72.801262325573546, 19.137730683334532 ], [ 72.801322119067251, 19.133215251368465 ], [ 72.806073003457556, 19.133272012351391 ] ] ] } },
{ "type": "Feature", "properties": { "cell_id": "CELL_0158", "bmc_ward_code": "K/W", "lat": 19.140017, "lon": 72.803608 }, "geometry": { "type": "Polygon", "coordinates": [ [ [ 72.806013338912166, 19.137787458726539 ], [ 72.805953657570427, 19.142302902707396 ], [ 72.801202515247226, 19.142246112905553 ], [ 72.801262325573546, 19.137730683334532 ], [ 72.806013338912166, 19.137787458726539 ] ] ] } },
{ "type": "Feature", "properties": { "cell_id": "CELL_0159", "bmc_ward_code": "P/N", "lat": 19.144532, "lon": 72.803548 }, "geometry": { "type": "Polygon", "coordinates": [ [ [ 72.805953657570427, 19.142302902707396 ], [ 72.805893959430279, 19.146818344293457 ], [ 72.801142688086188, 19.146761540081016 ], [ 72.801202515247226, 19.142246112905553 ], [ 72.805953657570427, 19.142302902707396 ] ] ] } },
{ "type": "Feature", "properties": { "cell_id": "CELL_0160", "bmc_ward_code": "P/N", "lat": 19.149048, "lon": 72.803488 }, "geometry": { "type": "Polygon", "coordinates": [ [ [ 72.805893959430279, 19.146818344293457 ], [ 72.805834244489589, 19.15133378348423 ], [ 72.801082844088327, 19.151276964860429 ], [ 72.801142688086188, 19.146761540081016 ], [ 72.805893959430279, 19.146818344293457 ] ] ] } },
{ "type": "Feature", "properties": { "cell_id": "CELL_0161", "bmc_ward_code": "P/N", "lat": 19.153563, "lon": 72.803429 }, "geometry": { "type": "Polygon", "coordinates": [ [ [ 72.805834244489589, 19.15133378348423 ], [ 72.805774512746254, 19.155849220279205 ], [ 72.801022983251542, 19.155792387243299 ], [ 72.801082844088327, 19.151276964860429 ], [ 72.805834244489589, 19.15133378348423 ] ] ] } },
{ "type": "Feature", "properties": { "cell_id": "CELL_0162", "bmc_ward_code": "P/N", "lat": 19.158079, "lon": 72.803369 }, "geometry": { "type": "Polygon", "coordinates": [ [ [ 72.805774512746254, 19.155849220279205 ], [ 72.805714764198214, 19.160364654677906 ], [ 72.800963105573743, 19.160307807229138 ], [ 72.801022983251542, 19.155792387243299 ], [ 72.805774512746254, 19.155849220279205 ] ] ] } },
{ "type": "Feature", "properties": { "cell_id": "CELL_0163", "bmc_ward_code": "P/N", "lat": 19.162594, "lon": 72.803309 }, "geometry": { "type": "Polygon", "coordinates": [ [ [ 72.805714764198214, 19.160364654677906 ], [ 72.805654998843323, 19.164880086679826 ], [ 72.800903211052798, 19.164823224817425 ], [ 72.800963105573743, 19.160307807229138 ], [ 72.805714764198214, 19.160364654677906 ] ] ] } },
{ "type": "Feature", "properties": { "cell_id": "CELL_0164", "bmc_ward_code": "P/N", "lat": 19.167109, "lon": 72.803249 }, "geometry": { "type": "Polygon", "coordinates": [ [ [ 72.805654998843323, 19.164880086679826 ], [ 72.805595216679521, 19.169395516284464 ], [ 72.800843299686619, 19.169338640007688 ], [ 72.800903211052798, 19.164823224817425 ], [ 72.805654998843323, 19.164880086679826 ] ] ] } },
{ "type": "Feature", "properties": { "cell_id": "CELL_0165", "bmc_ward_code": "P/N", "lat": 19.171625, "lon": 72.803189 }, "geometry": { "type": "Polygon", "coordinates": [ [ [ 72.805595216679521, 19.169395516284464 ], [ 72.805535417704675, 19.173910943491347 ], [ 72.800783371473102, 19.173854052799424 ], [ 72.800843299686619, 19.169338640007688 ], [ 72.805595216679521, 19.169395516284464 ] ] ] } },
{ "type": "Feature", "properties": { "cell_id": "CELL_0166", "bmc_ward_code": "P/N", "lat": 19.17614, "lon": 72.803129 }, "geometry": { "type": "Polygon", "coordinates": [ [ [ 72.805535417704675, 19.173910943491347 ], [ 72.805475601916712, 19.178426368299949 ], [ 72.800723426410144, 19.17836946319213 ], [ 72.800783371473102, 19.173854052799424 ], [ 72.805535417704675, 19.173910943491347 ] ] ] } },
{ "type": "Feature", "properties": { "cell_id": "CELL_0167", "bmc_ward_code": "P/N", "lat": 19.180656, "lon": 72.80307 }, "geometry": { "type": "Polygon", "coordinates": [ [ [ 72.805475601916712, 19.178426368299949 ], [ 72.805415769313498, 19.182941790709794 ], [ 72.800663464495614, 19.182884871185319 ], [ 72.800723426410144, 19.17836946319213 ], [ 72.805475601916712, 19.178426368299949 ] ] ] } },
{ "type": "Feature", "properties": { "cell_id": "CELL_0168", "bmc_ward_code": "P/N", "lat": 19.185171, "lon": 72.80301 }, "geometry": { "type": "Polygon", "coordinates": [ [ [ 72.805415769313498, 19.182941790709794 ], [ 72.805355919892946, 19.187457210720378 ], [ 72.800603485727407, 19.18740027677849 ], [ 72.800663464495614, 19.182884871185319 ], [ 72.805415769313498, 19.182941790709794 ] ] ] } },
{ "type": "Feature", "properties": { "cell_id": "CELL_0169", "bmc_ward_code": "P/N", "lat": 19.189686, "lon": 72.80295 }, "geometry": { "type": "Polygon", "coordinates": [ [ [ 72.805355919892946, 19.187457210720378 ], [ 72.805296053652924, 19.191972628331211 ], [ 72.800543490103436, 19.191915679971149 ], [ 72.800603485727407, 19.18740027677849 ], [ 72.805355919892946, 19.187457210720378 ] ] ] } },
{ "type": "Feature", "properties": { "cell_id": "CELL_0170", "bmc_ward_code": "P/N", "lat": 19.194202, "lon": 72.80289 }, "geometry": { "type": "Polygon", "coordinates": [ [ [ 72.805296053652924, 19.191972628331211 ], [ 72.805236170591385, 19.196488043541798 ], [ 72.800483477621583, 19.196431080762796 ], [ 72.800543490103436, 19.191915679971149 ], [ 72.805296053652924, 19.191972628331211 ] ] ] } },
{ "type": "Feature", "properties": { "cell_id": "CELL_0171", "bmc_ward_code": "P/N", "lat": 19.198717, "lon": 72.80283 }, "geometry": { "type": "Polygon", "coordinates": [ [ [ 72.805236170591385, 19.196488043541798 ], [ 72.80517627070617, 19.201003456351632 ], [ 72.80042344827973, 19.200946479152943 ], [ 72.800483477621583, 19.196431080762796 ], [ 72.805236170591385, 19.196488043541798 ] ] ] } },
{ "type": "Feature", "properties": { "cell_id": "CELL_0172", "bmc_ward_code": "P/N", "lat": 19.203233, "lon": 72.80277 }, "geometry": { "type": "Polygon", "coordinates": [ [ [ 72.80517627070617, 19.201003456351632 ], [ 72.805116353995189, 19.205518866760226 ], [ 72.80036340207576, 19.205461875141086 ], [ 72.80042344827973, 19.200946479152943 ], [ 72.80517627070617, 19.201003456351632 ] ] ] } },
{ "type": "Feature", "properties": { "cell_id": "CELL_0173", "bmc_ward_code": "P/N", "lat": 19.207748, "lon": 72.80271 }, "geometry": { "type": "Polygon", "coordinates": [ [ [ 72.805116353995189, 19.205518866760226 ], [ 72.805056420456339, 19.210034274767086 ], [ 72.800303339007584, 19.209977268726735 ], [ 72.80036340207576, 19.205461875141086 ], [ 72.805116353995189, 19.205518866760226 ] ] ] } },
{ "type": "Feature", "properties": { "cell_id": "CELL_0174", "bmc_ward_code": "P/N", "lat": 19.212263, "lon": 72.80265 }, "geometry": { "type": "Polygon", "coordinates": [ [ [ 72.805056420456339, 19.210034274767086 ], [ 72.804996470087502, 19.214549680371718 ], [ 72.800243259073056, 19.214492659909393 ], [ 72.800303339007584, 19.209977268726735 ], [ 72.805056420456339, 19.210034274767086 ] ] ] } },
{ "type": "Feature", "properties": { "cell_id": "CELL_0175", "bmc_ward_code": "P/N", "lat": 19.216779, "lon": 72.80259 }, "geometry": { "type": "Polygon", "coordinates": [ [ [ 72.804996470087502, 19.214549680371718 ], [ 72.804936502886591, 19.219065083573614 ], [ 72.800183162270088, 19.219008048688561 ], [ 72.800243259073056, 19.214492659909393 ], [ 72.804996470087502, 19.214549680371718 ] ] ] } },
{ "type": "Feature", "properties": { "cell_id": "CELL_0176", "bmc_ward_code": "P/N", "lat": 19.221294, "lon": 72.80253 }, "geometry": { "type": "Polygon", "coordinates": [ [ [ 72.804936502886591, 19.219065083573614 ], [ 72.804876518851458, 19.223580484372302 ], [ 72.800123048596561, 19.22352343506375 ], [ 72.800183162270088, 19.219008048688561 ], [ 72.804936502886591, 19.219065083573614 ] ] ] } },
{ "type": "Feature", "properties": { "cell_id": "CELL_0177", "bmc_ward_code": "R/C", "lat": 19.22581, "lon": 72.80247 }, "geometry": { "type": "Polygon", "coordinates": [ [ [ 72.804876518851458, 19.223580484372302 ], [ 72.804816517980029, 19.22809588276726 ], [ 72.800062918050372, 19.228038819034456 ], [ 72.800123048596561, 19.22352343506375 ], [ 72.804876518851458, 19.223580484372302 ] ] ] } },
{ "type": "Feature", "properties": { "cell_id": "CELL_0178", "bmc_ward_code": "R/C", "lat": 19.230325, "lon": 72.80241 }, "geometry": { "type": "Polygon", "coordinates": [ [ [ 72.804816517980029, 19.22809588276726 ], [ 72.804756500270173, 19.232611278758 ], [ 72.800002770629376, 19.232554200600187 ], [ 72.800062918050372, 19.228038819034456 ], [ 72.804816517980029, 19.22809588276726 ] ] ] } },
{ "type": "Feature", "properties": { "cell_id": "CELL_0179", "bmc_ward_code": "R/C", "lat": 19.23484, "lon": 72.80235 }, "geometry": { "type": "Polygon", "coordinates": [ [ [ 72.804756500270173, 19.232611278758 ], [ 72.804696465719786, 19.237126672344043 ], [ 72.79994260633147, 19.237069579760458 ], [ 72.800002770629376, 19.232554200600187 ], [ 72.804756500270173, 19.232611278758 ] ] ] } },
{ "type": "Feature", "properties": { "cell_id": "CELL_0180", "bmc_ward_code": "R/C", "lat": 19.239356, "lon": 72.802289 }, "geometry": { "type": "Polygon", "coordinates": [ [ [ 72.804696465719786, 19.237126672344043 ], [ 72.804636414326751, 19.241642063524882 ], [ 72.799882425154536, 19.241584956514753 ], [ 72.79994260633147, 19.237069579760458 ], [ 72.804696465719786, 19.237126672344043 ] ] ] } },
{ "type": "Feature", "properties": { "cell_id": "CELL_0181", "bmc_ward_code": "R/C", "lat": 19.243871, "lon": 72.802229 }, "geometry": { "type": "Polygon", "coordinates": [ [ [ 72.804636414326751, 19.241642063524882 ], [ 72.80457634608895, 19.246157452300018 ], [ 72.799822227096456, 19.246100330862593 ], [ 72.799882425154536, 19.241584956514753 ], [ 72.804636414326751, 19.241642063524882 ] ] ] } },
{ "type": "Feature", "properties": { "cell_id": "CELL_0182", "bmc_ward_code": "R/C", "lat": 19.248387, "lon": 72.802169 }, "geometry": { "type": "Polygon", "coordinates": [ [ [ 72.80457634608895, 19.246157452300018 ], [ 72.804516261004281, 19.250672838668958 ], [ 72.799762012155128, 19.250615702803472 ], [ 72.799822227096456, 19.246100330862593 ], [ 72.80457634608895, 19.246157452300018 ] ] ] } },
{ "type": "Feature", "properties": { "cell_id": "CELL_0183", "bmc_ward_code": "R/C", "lat": 19.252902, "lon": 72.802109 }, "geometry": { "type": "Polygon", "coordinates": [ [ [ 72.804516261004281, 19.250672838668958 ], [ 72.804456159070625, 19.255188222631219 ], [ 72.799701780328405, 19.255131072336908 ], [ 72.799762012155128, 19.250615702803472 ], [ 72.804516261004281, 19.250672838668958 ] ] ] } },
{ "type": "Feature", "properties": { "cell_id": "CELL_0184", "bmc_ward_code": "R/C", "lat": 19.257417, "lon": 72.802049 }, "geometry": { "type": "Polygon", "coordinates": [ [ [ 72.804456159070625, 19.255188222631219 ], [ 72.804396040285866, 19.259703604186285 ], [ 72.799641531614171, 19.25964643946239 ], [ 72.799701780328405, 19.255131072336908 ], [ 72.804456159070625, 19.255188222631219 ] ] ] } },
{ "type": "Feature", "properties": { "cell_id": "CELL_0185", "bmc_ward_code": "UNKNOWN", "lat": 19.261933, "lon": 72.801989 }, "geometry": { "type": "Polygon", "coordinates": [ [ [ 72.804396040285866, 19.259703604186285 ], [ 72.804335904647886, 19.264218983333674 ], [ 72.799581266010335, 19.264161804179437 ], [ 72.799641531614171, 19.25964643946239 ], [ 72.804396040285866, 19.259703604186285 ] ] ] } },
{ "type": "Feature", "properties": { "cell_id": "CELL_0186", "bmc_ward_code": "A", "lat": 18.896236, "lon": 72.811554 }, "geometry": { "type": "Polygon", "coordinates": [ [ [ 72.813955362182938, 18.894005818722743 ], [ 72.813896711894685, 18.898521405622841 ], [ 72.809152466248136, 18.898465513822188 ], [ 72.809211243570331, 18.893949941260409 ], [ 72.813955362182938, 18.894005818722743 ] ] ] } },
{ "type": "Feature", "properties": { "cell_id": "CELL_0187", "bmc_ward_code": "A", "lat": 18.900751, "lon": 72.811495 }, "geometry": { "type": "Polygon", "coordinates": [ [ [ 72.813896711894685, 18.898521405622841 ], [ 72.813838044956285, 18.903036990155748 ], [ 72.80909367223974, 18.902981084016027 ], [ 72.809152466248136, 18.898465513822188 ], [ 72.813896711894685, 18.898521405622841 ] ] ] } },
{ "type": "Feature", "properties": { "cell_id": "CELL_0188", "bmc_ward_code": "A", "lat": 18.905267, "lon": 72.811436 }, "geometry": { "type": "Polygon", "coordinates": [ [ [ 72.813838044956285, 18.903036990155748 ], [ 72.813779361365675, 18.907552572320963 ], [ 72.809034861543068, 18.907496651841441 ], [ 72.80909367223974, 18.902981084016027 ], [ 72.813838044956285, 18.903036990155748 ] ] ] } },
{ "type": "Feature", "properties": { "cell_id": "CELL_0189", "bmc_ward_code": "A", "lat": 18.909782, "lon": 72.811378 }, "geometry": { "type": "Polygon", "coordinates": [ [ [ 72.813779361365675, 18.907552572320963 ], [ 72.813720661120783, 18.912068152117975 ], [ 72.808976034156089, 18.912012217297907 ], [ 72.809034861543068, 18.907496651841441 ], [ 72.813779361365675, 18.907552572320963 ] ] ] } },
{ "type": "Feature", "properties": { "cell_id": "CELL_0190", "bmc_ward_code": "A", "lat": 18.914298, "lon": 72.811319 }, "geometry": { "type": "Polygon", "coordinates": [ [ [ 72.813720661120783, 18.912068152117975 ], [ 72.813661944219575, 18.916583729546314 ], [ 72.808917190076727, 18.91652778038495 ], [ 72.808976034156089, 18.912012217297907 ], [ 72.813720661120783, 18.912068152117975 ] ] ] } },
{ "type": "Feature", "properties": { "cell_id": "CELL_0191", "bmc_ward_code": "UNKNOWN", "lat": 18.918814, "lon": 72.81126 }, "geometry": { "type": "Polygon", "coordinates": [ [ [ 72.813661944219575, 18.916583729546314 ], [ 72.813603210659991, 18.921099304605455 ], [ 72.808858329302922, 18.921043341102063 ], [ 72.808917190076727, 18.91652778038495 ], [ 72.813661944219575, 18.916583729546314 ] ] ] } },
{ "type": "Feature", "properties": { "cell_id": "CELL_0192", "bmc_ward_code": "D", "lat": 18.954938, "lon": 72.810789 }, "geometry": { "type": "Polygon", "coordinates": [ [ [ 72.813191609135288, 18.952708263640364 ], [ 72.813132742234515, 18.957223819728085 ], [ 72.808386841864973, 18.957167741461628 ], [ 72.808445836268604, 18.952652199721904 ], [ 72.813191609135288, 18.952708263640364 ] ] ] } },
{ "type": "Feature", "properties": { "cell_id": "CELL_0193", "bmc_ward_code": "D", "lat": 18.959454, "lon": 72.81073 }, "geometry": { "type": "Polygon", "coordinates": [ [ [ 72.813132742234515, 18.957223819728085 ], [ 72.813073858656821, 18.961739373442125 ], [ 72.808327830748297, 18.961683280826939 ], [ 72.808386841864973, 18.957167741461628 ], [ 72.813132742234515, 18.957223819728085 ] ] ] } },
{ "type": "Feature", "properties": { "cell_id": "CELL_0194", "bmc_ward_code": "D", "lat": 18.963969, "lon": 72.810671 }, "geometry": { "type": "Polygon", "coordinates": [ [ [ 72.813073858656821, 18.961739373442125 ], [ 72.813014958400132, 18.966254924781996 ], [ 72.80826880291653, 18.966198817817332 ], [ 72.808327830748297, 18.961683280826939 ], [ 72.813073858656821, 18.961739373442125 ] ] ] } },
{ "type": "Feature", "properties": { "cell_id": "CELL_0195", "bmc_ward_code": "D", "lat": 18.968485, "lon": 72.810612 }, "geometry": { "type": "Polygon", "coordinates": [ [ [ 72.813014958400132, 18.966254924781996 ], [ 72.8129560414624, 18.970770473747212 ], [ 72.80820975836761, 18.970714352432321 ], [ 72.80826880291653, 18.966198817817332 ], [ 72.813014958400132, 18.966254924781996 ] ] ] } },
{ "type": "Feature", "properties": { "cell_id": "CELL_0196", "bmc_ward_code": "D", "lat": 18.973, "lon": 72.810553 }, "geometry": { "type": "Polygon", "coordinates": [ [ [ 72.8129560414624, 18.970770473747212 ], [ 72.812897107841522, 18.975286020337258 ], [ 72.80815069709945, 18.975229884671396 ], [ 72.80820975836761, 18.970714352432321 ], [ 72.8129560414624, 18.970770473747212 ] ] ] } },
{ "type": "Feature", "properties": { "cell_id": "CELL_0197", "bmc_ward_code": "D", "lat": 18.977516, "lon": 72.810494 }, "geometry": { "type": "Polygon", "coordinates": [ [ [ 72.812897107841522, 18.975286020337258 ], [ 72.812838157535467, 18.979801564551643 ], [ 72.808091619109973, 18.979745414534072 ], [ 72.80815069709945, 18.975229884671396 ], [ 72.812897107841522, 18.975286020337258 ] ] ] } },
{ "type": "Feature", "properties": { "cell_id": "CELL_0198", "bmc_ward_code": "G/S", "lat": 18.982031, "lon": 72.810435 }, "geometry": { "type": "Polygon", "coordinates": [ [ [ 72.812838157535467, 18.979801564551643 ], [ 72.812779190542173, 18.984317106389877 ], [ 72.80803252439712, 18.984260942019841 ], [ 72.808091619109973, 18.979745414534072 ], [ 72.812838157535467, 18.979801564551643 ] ] ] } },
{ "type": "Feature", "properties": { "cell_id": "CELL_0199", "bmc_ward_code": "G/S", "lat": 18.986547, "lon": 72.810376 }, "geometry": { "type": "Polygon", "coordinates": [ [ [ 72.812779190542173, 18.984317106389877 ], [ 72.812720206859538, 18.988832645851453 ], [ 72.80797341295883, 18.988776467128204 ], [ 72.80803252439712, 18.984260942019841 ], [ 72.812779190542173, 18.984317106389877 ] ] ] } },
{ "type": "Feature", "properties": { "cell_id": "CELL_0200", "bmc_ward_code": "UNKNOWN", "lat": 18.991062, "lon": 72.810317 }, "geometry": { "type": "Polygon", "coordinates": [ [ [ 72.812720206859538, 18.988832645851453 ], [ 72.812661206485515, 18.993348182935872 ], [ 72.807914284793, 18.993291989858665 ], [ 72.80797341295883, 18.988776467128204 ], [ 72.812720206859538, 18.988832645851453 ] ] ] } },
{ "type": "Feature", "properties": { "cell_id": "CELL_0201", "bmc_ward_code": "UNKNOWN", "lat": 18.995578, "lon": 72.810258 }, "geometry": { "type": "Polygon", "coordinates": [ [ [ 72.812661206485515, 18.993348182935872 ], [ 72.812602189418044, 18.997863717642637 ], [ 72.807855139897583, 18.99780751021073 ], [ 72.807914284793, 18.993291989858665 ], [ 72.812661206485515, 18.993348182935872 ] ] ] } },
{ "type": "Feature", "properties": { "cell_id": "CELL_0202", "bmc_ward_code": "UNKNOWN", "lat": 19.000093, "lon": 72.810199 }, "geometry": { "type": "Polygon", "coordinates": [ [ [ 72.812602189418044, 18.997863717642637 ], [ 72.812543155655021, 19.00237924997127 ], [ 72.807795978270505, 19.002323028183909 ], [ 72.807855139897583, 18.99780751021073 ], [ 72.812602189418044, 18.997863717642637 ] ] ] } },
{ "type": "Feature", "properties": { "cell_id": "CELL_0203", "bmc_ward_code": "UNKNOWN", "lat": 19.004609, "lon": 72.81014 }, "geometry": { "type": "Polygon", "coordinates": [ [ [ 72.812543155655021, 19.00237924997127 ], [ 72.812484105194414, 19.00689477992124 ], [ 72.807736799909662, 19.006838543777686 ], [ 72.807795978270505, 19.002323028183909 ], [ 72.812543155655021, 19.00237924997127 ] ] ] } },
{ "type": "Feature", "properties": { "cell_id": "CELL_0204", "bmc_ward_code": "UNKNOWN", "lat": 19.131043, "lon": 72.808478 }, "geometry": { "type": "Polygon", "coordinates": [ [ [ 72.810883423479126, 19.128813187626797 ], [ 72.810823904642106, 19.133328650772977 ], [ 72.806073003457556, 19.133272012351391 ], [ 72.806132651208713, 19.128756563582439 ], [ 72.810883423479126, 19.128813187626797 ] ] ] } },
{ "type": "Feature", "properties": { "cell_id": "CELL_0205", "bmc_ward_code": "K/W", "lat": 19.135558, "lon": 72.808419 }, "geometry": { "type": "Polygon", "coordinates": [ [ [ 72.810823904642106, 19.133328650772977 ], [ 72.810764369047121, 19.13784411152611 ], [ 72.806013338912166, 19.137787458726539 ], [ 72.806073003457556, 19.133272012351391 ], [ 72.810823904642106, 19.133328650772977 ] ] ] } },
{ "type": "Feature", "properties": { "cell_id": "CELL_0206", "bmc_ward_code": "K/W", "lat": 19.140074, "lon": 72.808359 }, "geometry": { "type": "Polygon", "coordinates": [ [ [ 72.810764369047121, 19.13784411152611 ], [ 72.81070481669208, 19.142359569885699 ], [ 72.805953657570427, 19.142302902707396 ], [ 72.806013338912166, 19.137787458726539 ], [ 72.810764369047121, 19.13784411152611 ] ] ] } },
{ "type": "Feature", "properties": { "cell_id": "CELL_0207", "bmc_ward_code": "K/W", "lat": 19.144589, "lon": 72.808299 }, "geometry": { "type": "Polygon", "coordinates": [ [ [ 72.81070481669208, 19.142359569885699 ], [ 72.810645247574897, 19.146875025851251 ], [ 72.805893959430279, 19.146818344293457 ], [ 72.805953657570427, 19.142302902707396 ], [ 72.81070481669208, 19.142359569885699 ] ] ] } },
{ "type": "Feature", "properties": { "cell_id": "CELL_0208", "bmc_ward_code": "K/W", "lat": 19.149104, "lon": 72.80824 }, "geometry": { "type": "Polygon", "coordinates": [ [ [ 72.810645247574897, 19.146875025851251 ], [ 72.810585661693466, 19.151390479422265 ], [ 72.805834244489589, 19.15133378348423 ], [ 72.805893959430279, 19.146818344293457 ], [ 72.810645247574897, 19.146875025851251 ] ] ] } },
{ "type": "Feature", "properties": { "cell_id": "CELL_0209", "bmc_ward_code": "P/N", "lat": 19.15362, "lon": 72.80818 }, "geometry": { "type": "Polygon", "coordinates": [ [ [ 72.810585661693466, 19.151390479422265 ], [ 72.810526059045699, 19.155905930598244 ], [ 72.805774512746254, 19.155849220279205 ], [ 72.805834244489589, 19.15133378348423 ], [ 72.810585661693466, 19.151390479422265 ] ] ] } },
{ "type": "Feature", "properties": { "cell_id": "CELL_0210", "bmc_ward_code": "P/N", "lat": 19.158135, "lon": 72.80812 }, "geometry": { "type": "Polygon", "coordinates": [ [ [ 72.810526059045699, 19.155905930598244 ], [ 72.810466439629522, 19.1604213793787 ], [ 72.805714764198214, 19.160364654677906 ], [ 72.805774512746254, 19.155849220279205 ], [ 72.810526059045699, 19.155905930598244 ] ] ] } },
{ "type": "Feature", "properties": { "cell_id": "CELL_0211", "bmc_ward_code": "P/N", "lat": 19.162651, "lon": 72.808061 }, "geometry": { "type": "Polygon", "coordinates": [ [ [ 72.810466439629522, 19.1604213793787 ], [ 72.810406803442802, 19.164936825763128 ], [ 72.805654998843323, 19.164880086679826 ], [ 72.805714764198214, 19.160364654677906 ], [ 72.810466439629522, 19.1604213793787 ] ] ] } },
{ "type": "Feature", "properties": { "cell_id": "CELL_0212", "bmc_ward_code": "P/N", "lat": 19.167166, "lon": 72.808001 }, "geometry": { "type": "Polygon", "coordinates": [ [ [ 72.810406803442802, 19.164936825763128 ], [ 72.810347150483452, 19.169452269751037 ], [ 72.805595216679521, 19.169395516284464 ], [ 72.805654998843323, 19.164880086679826 ], [ 72.810406803442802, 19.164936825763128 ] ] ] } },
{ "type": "Feature", "properties": { "cell_id": "CELL_0213", "bmc_ward_code": "P/N", "lat": 19.171682, "lon": 72.807941 }, "geometry": { "type": "Polygon", "coordinates": [ [ [ 72.810347150483452, 19.169452269751037 ], [ 72.810287480749395, 19.173967711341938 ], [ 72.805535417704675, 19.173910943491347 ], [ 72.805595216679521, 19.169395516284464 ], [ 72.810347150483452, 19.169452269751037 ] ] ] } },
{ "type": "Feature", "properties": { "cell_id": "CELL_0214", "bmc_ward_code": "P/N", "lat": 19.176197, "lon": 72.807882 }, "geometry": { "type": "Polygon", "coordinates": [ [ [ 72.810287480749395, 19.173967711341938 ], [ 72.810227794238514, 19.178483150535321 ], [ 72.805475601916712, 19.178426368299949 ], [ 72.805535417704675, 19.173910943491347 ], [ 72.810287480749395, 19.173967711341938 ] ] ] } },
{ "type": "Feature", "properties": { "cell_id": "CELL_0215", "bmc_ward_code": "P/N", "lat": 19.180712, "lon": 72.807822 }, "geometry": { "type": "Polygon", "coordinates": [ [ [ 72.810227794238514, 19.178483150535321 ], [ 72.810168090948721, 19.182998587330708 ], [ 72.805415769313498, 19.182941790709794 ], [ 72.805475601916712, 19.178426368299949 ], [ 72.810227794238514, 19.178483150535321 ] ] ] } },
{ "type": "Feature", "properties": { "cell_id": "CELL_0216", "bmc_ward_code": "P/N", "lat": 19.185228, "lon": 72.807762 }, "geometry": { "type": "Polygon", "coordinates": [ [ [ 72.810168090948721, 19.182998587330708 ], [ 72.810108370877913, 19.187514021727587 ], [ 72.805355919892946, 19.187457210720378 ], [ 72.805415769313498, 19.182941790709794 ], [ 72.810168090948721, 19.182998587330708 ] ] ] } },
{ "type": "Feature", "properties": { "cell_id": "CELL_0217", "bmc_ward_code": "P/N", "lat": 19.189743, "lon": 72.807702 }, "geometry": { "type": "Polygon", "coordinates": [ [ [ 72.810108370877913, 19.187514021727587 ], [ 72.810048634023985, 19.192029453725475 ], [ 72.805296053652924, 19.191972628331211 ], [ 72.805355919892946, 19.187457210720378 ], [ 72.810108370877913, 19.187514021727587 ] ] ] } },
{ "type": "Feature", "properties": { "cell_id": "CELL_0218", "bmc_ward_code": "P/N", "lat": 19.194259, "lon": 72.807642 }, "geometry": { "type": "Polygon", "coordinates": [ [ [ 72.810048634023985, 19.192029453725475 ], [ 72.809988880384836, 19.196544883323863 ], [ 72.805236170591385, 19.196488043541798 ], [ 72.805296053652924, 19.191972628331211 ], [ 72.810048634023985, 19.192029453725475 ] ] ] } },
{ "type": "Feature", "properties": { "cell_id": "CELL_0219", "bmc_ward_code": "P/N", "lat": 19.198774, "lon": 72.807583 }, "geometry": { "type": "Polygon", "coordinates": [ [ [ 72.809988880384836, 19.196544883323863 ], [ 72.809929109958375, 19.201060310522266 ], [ 72.80517627070617, 19.201003456351632 ], [ 72.805236170591385, 19.196488043541798 ], [ 72.809988880384836, 19.196544883323863 ] ] ] } },
{ "type": "Feature", "properties": { "cell_id": "CELL_0220", "bmc_ward_code": "P/N", "lat": 19.20329, "lon": 72.807523 }, "geometry": { "type": "Polygon", "coordinates": [ [ [ 72.809929109958375, 19.201060310522266 ], [ 72.809869322742486, 19.205575735320185 ], [ 72.805116353995189, 19.205518866760226 ], [ 72.80517627070617, 19.201003456351632 ], [ 72.809929109958375, 19.201060310522266 ] ] ] } },
{ "type": "Feature", "properties": { "cell_id": "CELL_0221", "bmc_ward_code": "P/N", "lat": 19.207805, "lon": 72.807463 }, "geometry": { "type": "Polygon", "coordinates": [ [ [ 72.809869322742486, 19.205575735320185 ], [ 72.809809518735079, 19.210091157717123 ], [ 72.805056420456339, 19.210034274767086 ], [ 72.805116353995189, 19.205518866760226 ], [ 72.809869322742486, 19.205575735320185 ] ] ] } },
{ "type": "Feature", "properties": { "cell_id": "CELL_0222", "bmc_ward_code": "R/S", "lat": 19.21232, "lon": 72.807403 }, "geometry": { "type": "Polygon", "coordinates": [ [ [ 72.809809518735079, 19.210091157717123 ], [ 72.809749697934038, 19.214606577712601 ], [ 72.804996470087502, 19.214549680371718 ], [ 72.805056420456339, 19.210034274767086 ], [ 72.809809518735079, 19.210091157717123 ] ] ] } },
{ "type": "Feature", "properties": { "cell_id": "CELL_0223", "bmc_ward_code": "R/C", "lat": 19.216836, "lon": 72.807343 }, "geometry": { "type": "Polygon", "coordinates": [ [ [ 72.809749697934038, 19.214606577712601 ], [ 72.809689860337272, 19.219121995306097 ], [ 72.804936502886591, 19.219065083573614 ], [ 72.804996470087502, 19.214549680371718 ], [ 72.809749697934038, 19.214606577712601 ] ] ] } },
{ "type": "Feature", "properties": { "cell_id": "CELL_0224", "bmc_ward_code": "R/C", "lat": 19.221351, "lon": 72.807283 }, "geometry": { "type": "Polygon", "coordinates": [ [ [ 72.809689860337272, 19.219121995306097 ], [ 72.809630005942665, 19.223637410497137 ], [ 72.804876518851458, 19.223580484372302 ], [ 72.804936502886591, 19.219065083573614 ], [ 72.809689860337272, 19.219121995306097 ] ] ] } },
{ "type": "Feature", "properties": { "cell_id": "CELL_0225", "bmc_ward_code": "R/C", "lat": 19.225867, "lon": 72.807223 }, "geometry": { "type": "Polygon", "coordinates": [ [ [ 72.809630005942665, 19.223637410497137 ], [ 72.809570134748114, 19.228152823285214 ], [ 72.804816517980029, 19.22809588276726 ], [ 72.804876518851458, 19.223580484372302 ], [ 72.809630005942665, 19.223637410497137 ] ] ] } },
{ "type": "Feature", "properties": { "cell_id": "CELL_0226", "bmc_ward_code": "R/C", "lat": 19.230382, "lon": 72.807163 }, "geometry": { "type": "Polygon", "coordinates": [ [ [ 72.809570134748114, 19.228152823285214 ], [ 72.809510246751515, 19.232668233669834 ], [ 72.804756500270173, 19.232611278758 ], [ 72.804816517980029, 19.22809588276726 ], [ 72.809570134748114, 19.228152823285214 ] ] ] } },
{ "type": "Feature", "properties": { "cell_id": "CELL_0227", "bmc_ward_code": "R/C", "lat": 19.234897, "lon": 72.807103 }, "geometry": { "type": "Polygon", "coordinates": [ [ [ 72.809510246751515, 19.232668233669834 ], [ 72.80945034195075, 19.23718364165051 ], [ 72.804696465719786, 19.237126672344043 ], [ 72.804756500270173, 19.232611278758 ], [ 72.809510246751515, 19.232668233669834 ] ] ] } },
{ "type": "Feature", "properties": { "cell_id": "CELL_0228", "bmc_ward_code": "R/C", "lat": 19.239413, "lon": 72.807043 }, "geometry": { "type": "Polygon", "coordinates": [ [ [ 72.80945034195075, 19.23718364165051 ], [ 72.809390420343732, 19.241699047226746 ], [ 72.804636414326751, 19.241642063524882 ], [ 72.804696465719786, 19.237126672344043 ], [ 72.80945034195075, 19.23718364165051 ] ] ] } },
{ "type": "Feature", "properties": { "cell_id": "CELL_0229", "bmc_ward_code": "R/C", "lat": 19.243928, "lon": 72.806983 }, "geometry": { "type": "Polygon", "coordinates": [ [ [ 72.809390420343732, 19.241699047226746 ], [ 72.809330481928313, 19.246214450398035 ], [ 72.80457634608895, 19.246157452300018 ], [ 72.804636414326751, 19.241642063524882 ], [ 72.809390420343732, 19.241699047226746 ] ] ] } },
{ "type": "Feature", "properties": { "cell_id": "CELL_0230", "bmc_ward_code": "R/C", "lat": 19.248444, "lon": 72.806923 }, "geometry": { "type": "Polygon", "coordinates": [ [ [ 72.809330481928313, 19.246214450398035 ], [ 72.809270526702434, 19.2507298511639 ], [ 72.804516261004281, 19.250672838668958 ], [ 72.80457634608895, 19.246157452300018 ], [ 72.809330481928313, 19.246214450398035 ] ] ] } },
{ "type": "Feature", "properties": { "cell_id": "CELL_0231", "bmc_ward_code": "R/C", "lat": 19.252959, "lon": 72.806863 }, "geometry": { "type": "Polygon", "coordinates": [ [ [ 72.809270526702434, 19.2507298511639 ], [ 72.809210554663949, 19.255245249523831 ], [ 72.804456159070625, 19.255188222631219 ], [ 72.804516261004281, 19.250672838668958 ], [ 72.809270526702434, 19.2507298511639 ] ] ] } },
{ "type": "Feature", "properties": { "cell_id": "CELL_0232", "bmc_ward_code": "UNKNOWN", "lat": 19.257474, "lon": 72.806803 }, "geometry": { "type": "Polygon", "coordinates": [ [ [ 72.809210554663949, 19.255245249523831 ], [ 72.809150565810768, 19.259760645477336 ], [ 72.804396040285866, 19.259703604186285 ], [ 72.804456159070625, 19.255188222631219 ], [ 72.809210554663949, 19.255245249523831 ] ] ] } },
{ "type": "Feature", "properties": { "cell_id": "CELL_0233", "bmc_ward_code": "UNKNOWN", "lat": 18.896292, "lon": 72.816298 }, "geometry": { "type": "Polygon", "coordinates": [ [ [ 72.818699497443632, 18.894061575268069 ], [ 72.818640974191396, 18.89857717647547 ], [ 72.813896711894685, 18.898521405622841 ], [ 72.813955362182938, 18.894005818722743 ], [ 72.818699497443632, 18.894061575268069 ] ] ] } },
{ "type": "Feature", "properties": { "cell_id": "CELL_0234", "bmc_ward_code": "A", "lat": 18.900807, "lon": 72.81624 }, "geometry": { "type": "Polygon", "coordinates": [ [ [ 72.818640974191396, 18.89857717647547 ], [ 72.818582434325052, 18.903092775316413 ], [ 72.813838044956285, 18.903036990155748 ], [ 72.813896711894685, 18.898521405622841 ], [ 72.818640974191396, 18.89857717647547 ] ] ] } },
{ "type": "Feature", "properties": { "cell_id": "CELL_0235", "bmc_ward_code": "A", "lat": 18.905323, "lon": 72.816181 }, "geometry": { "type": "Polygon", "coordinates": [ [ [ 72.818582434325052, 18.903092775316413 ], [ 72.818523877842537, 18.907608371790417 ], [ 72.813779361365675, 18.907552572320963 ], [ 72.813838044956285, 18.903036990155748 ], [ 72.818582434325052, 18.903092775316413 ] ] ] } },
{ "type": "Feature", "properties": { "cell_id": "CELL_0236", "bmc_ward_code": "A", "lat": 18.909838, "lon": 72.816122 }, "geometry": { "type": "Polygon", "coordinates": [ [ [ 72.818523877842537, 18.907608371790417 ], [ 72.818465304741807, 18.91212396589696 ], [ 72.813720661120783, 18.912068152117975 ], [ 72.813779361365675, 18.907552572320963 ], [ 72.818523877842537, 18.907608371790417 ] ] ] } },
{ "type": "Feature", "properties": { "cell_id": "CELL_0237", "bmc_ward_code": "A", "lat": 18.914354, "lon": 72.816064 }, "geometry": { "type": "Polygon", "coordinates": [ [ [ 72.818465304741807, 18.91212396589696 ], [ 72.818406715020814, 18.916639557635555 ], [ 72.813661944219575, 18.916583729546314 ], [ 72.813720661120783, 18.912068152117975 ], [ 72.818465304741807, 18.91212396589696 ] ] ] } },
{ "type": "Feature", "properties": { "cell_id": "CELL_0238", "bmc_ward_code": "A", "lat": 18.918869, "lon": 72.816005 }, "geometry": { "type": "Polygon", "coordinates": [ [ [ 72.818406715020814, 18.916639557635555 ], [ 72.818348108677498, 18.921155147005706 ], [ 72.813603210659991, 18.921099304605455 ], [ 72.813661944219575, 18.916583729546314 ], [ 72.818406715020814, 18.916639557635555 ] ] ] } },
{ "type": "Feature", "properties": { "cell_id": "CELL_0239", "bmc_ward_code": "UNKNOWN", "lat": 18.923385, "lon": 72.815946 }, "geometry": { "type": "Polygon", "coordinates": [ [ [ 72.818348108677498, 18.921155147005706 ], [ 72.818289485709826, 18.925670734006918 ], [ 72.813544460439957, 18.925614877294912 ], [ 72.813603210659991, 18.921099304605455 ], [ 72.818348108677498, 18.921155147005706 ] ] ] } },
{ "type": "Feature", "properties": { "cell_id": "CELL_0240", "bmc_ward_code": "UNKNOWN", "lat": 18.927901, "lon": 72.815888 }, "geometry": { "type": "Polygon", "coordinates": [ [ [ 72.818289485709826, 18.925670734006918 ], [ 72.818230846115711, 18.930186318638679 ], [ 72.813485693557439, 18.930130447614189 ], [ 72.813544460439957, 18.925614877294912 ], [ 72.818289485709826, 18.925670734006918 ] ] ] } },
{ "type": "Feature", "properties": { "cell_id": "CELL_0241", "bmc_ward_code": "UNKNOWN", "lat": 18.950478, "lon": 72.815594 }, "geometry": { "type": "Polygon", "coordinates": [ [ [ 72.817996121433907, 18.948248633461372 ], [ 72.817937398676847, 18.952764206238463 ], [ 72.813191609135288, 18.952708263640364 ], [ 72.813250459361186, 18.948192705179491 ], [ 72.817996121433907, 18.948248633461372 ] ] ] } },
{ "type": "Feature", "properties": { "cell_id": "CELL_0242", "bmc_ward_code": "D", "lat": 18.954994, "lon": 72.815535 }, "geometry": { "type": "Polygon", "coordinates": [ [ [ 72.817937398676847, 18.952764206238463 ], [ 72.817878659280993, 18.957279776643123 ], [ 72.813132742234515, 18.957223819728085 ], [ 72.813191609135288, 18.952708263640364 ], [ 72.817937398676847, 18.952764206238463 ] ] ] } },
{ "type": "Feature", "properties": { "cell_id": "CELL_0243", "bmc_ward_code": "D", "lat": 18.95951, "lon": 72.815476 }, "geometry": { "type": "Polygon", "coordinates": [ [ [ 72.817878659280993, 18.957279776643123 ], [ 72.817819903244327, 18.961795344674854 ], [ 72.813073858656821, 18.961739373442125 ], [ 72.813132742234515, 18.957223819728085 ], [ 72.817878659280993, 18.957279776643123 ] ] ] } },
{ "type": "Feature", "properties": { "cell_id": "CELL_0244", "bmc_ward_code": "D", "lat": 18.964025, "lon": 72.815417 }, "geometry": { "type": "Polygon", "coordinates": [ [ [ 72.817819903244327, 18.961795344674854 ], [ 72.81776113056479, 18.966310910333167 ], [ 72.813014958400132, 18.966254924781996 ], [ 72.813073858656821, 18.961739373442125 ], [ 72.817819903244327, 18.961795344674854 ] ] ] } },
{ "type": "Feature", "properties": { "cell_id": "CELL_0245", "bmc_ward_code": "D", "lat": 18.968541, "lon": 72.815359 }, "geometry": { "type": "Polygon", "coordinates": [ [ [ 72.81776113056479, 18.966310910333167 ], [ 72.817702341240278, 18.97082647361756 ], [ 72.8129560414624, 18.970770473747212 ], [ 72.813014958400132, 18.966254924781996 ], [ 72.81776113056479, 18.966310910333167 ] ] ] } },
{ "type": "Feature", "properties": { "cell_id": "CELL_0246", "bmc_ward_code": "D", "lat": 18.973056, "lon": 72.8153 }, "geometry": { "type": "Polygon", "coordinates": [ [ [ 72.817702341240278, 18.97082647361756 ], [ 72.8176435352688, 18.975342034527536 ], [ 72.812897107841522, 18.975286020337258 ], [ 72.8129560414624, 18.970770473747212 ], [ 72.817702341240278, 18.97082647361756 ] ] ] } },
{ "type": "Feature", "properties": { "cell_id": "CELL_0247", "bmc_ward_code": "D", "lat": 18.977572, "lon": 72.815241 }, "geometry": { "type": "Polygon", "coordinates": [ [ [ 72.8176435352688, 18.975342034527536 ], [ 72.817584712648227, 18.979857593062587 ], [ 72.812838157535467, 18.979801564551643 ], [ 72.812897107841522, 18.975286020337258 ], [ 72.8176435352688, 18.975342034527536 ] ] ] } },
{ "type": "Feature", "properties": { "cell_id": "CELL_0248", "bmc_ward_code": "G/S", "lat": 18.982087, "lon": 72.815182 }, "geometry": { "type": "Polygon", "coordinates": [ [ [ 72.817584712648227, 18.979857593062587 ], [ 72.817525873376539, 18.984373149222233 ], [ 72.812779190542173, 18.984317106389877 ], [ 72.812838157535467, 18.979801564551643 ], [ 72.817584712648227, 18.979857593062587 ] ] ] } },
{ "type": "Feature", "properties": { "cell_id": "CELL_0249", "bmc_ward_code": "G/S", "lat": 18.986603, "lon": 72.815123 }, "geometry": { "type": "Polygon", "coordinates": [ [ [ 72.817525873376539, 18.984373149222233 ], [ 72.817467017451634, 18.988888703005973 ], [ 72.812720206859538, 18.988832645851453 ], [ 72.812779190542173, 18.984317106389877 ], [ 72.817525873376539, 18.984373149222233 ] ] ] } },
{ "type": "Feature", "properties": { "cell_id": "CELL_0250", "bmc_ward_code": "G/S", "lat": 18.991118, "lon": 72.815064 }, "geometry": { "type": "Polygon", "coordinates": [ [ [ 72.817467017451634, 18.988888703005973 ], [ 72.817408144871493, 18.993404254413292 ], [ 72.812661206485515, 18.993348182935872 ], [ 72.812720206859538, 18.988832645851453 ], [ 72.817467017451634, 18.988888703005973 ] ] ] } },
{ "type": "Feature", "properties": { "cell_id": "CELL_0251", "bmc_ward_code": "G/S", "lat": 18.995634, "lon": 72.815005 }, "geometry": { "type": "Polygon", "coordinates": [ [ [ 72.817408144871493, 18.993404254413292 ], [ 72.817349255634014, 18.997919803443715 ], [ 72.812602189418044, 18.997863717642637 ], [ 72.812661206485515, 18.993348182935872 ], [ 72.817408144871493, 18.993404254413292 ] ] ] } },
{ "type": "Feature", "properties": { "cell_id": "CELL_0252", "bmc_ward_code": "G/S", "lat": 19.00015, "lon": 72.814946 }, "geometry": { "type": "Polygon", "coordinates": [ [ [ 72.817349255634014, 18.997919803443715 ], [ 72.817290349737164, 19.002435350096736 ], [ 72.812543155655021, 19.00237924997127 ], [ 72.812602189418044, 18.997863717642637 ], [ 72.817349255634014, 18.997919803443715 ] ] ] } },
{ "type": "Feature", "properties": { "cell_id": "CELL_0253", "bmc_ward_code": "G/S", "lat": 19.004665, "lon": 72.814887 }, "geometry": { "type": "Polygon", "coordinates": [ [ [ 72.817290349737164, 19.002435350096736 ], [ 72.817231427178854, 19.006950894371855 ], [ 72.812484105194414, 19.00689477992124 ], [ 72.812543155655021, 19.00237924997127 ], [ 72.817290349737164, 19.002435350096736 ] ] ] } },
{ "type": "Feature", "properties": { "cell_id": "CELL_0254", "bmc_ward_code": "G/S", "lat": 19.009181, "lon": 72.814828 }, "geometry": { "type": "Polygon", "coordinates": [ [ [ 72.817231427178854, 19.006950894371855 ], [ 72.817172487957023, 19.011466436268577 ], [ 72.812425038034135, 19.011410307492085 ], [ 72.812484105194414, 19.00689477992124 ], [ 72.817231427178854, 19.006950894371855 ] ] ] } },
{ "type": "Feature", "properties": { "cell_id": "CELL_0255", "bmc_ward_code": "UNKNOWN", "lat": 19.013696, "lon": 72.814769 }, "geometry": { "type": "Polygon", "coordinates": [ [ [ 72.817172487957023, 19.011466436268577 ], [ 72.817113532069612, 19.01598197578641 ], [ 72.812365954172122, 19.015925832683276 ], [ 72.812425038034135, 19.011410307492085 ], [ 72.817172487957023, 19.011466436268577 ] ] ] } },
{ "type": "Feature", "properties": { "cell_id": "CELL_0256", "bmc_ward_code": "UNKNOWN", "lat": 19.018212, "lon": 72.81471 }, "geometry": { "type": "Polygon", "coordinates": [ [ [ 72.817113532069612, 19.01598197578641 ], [ 72.817054559514517, 19.020497512924852 ], [ 72.812306853606273, 19.020441355494331 ], [ 72.812365954172122, 19.015925832683276 ], [ 72.817113532069612, 19.01598197578641 ] ] ] } },
{ "type": "Feature", "properties": { "cell_id": "CELL_0257", "bmc_ward_code": "UNKNOWN", "lat": 19.022727, "lon": 72.814651 }, "geometry": { "type": "Polygon", "coordinates": [ [ [ 72.817054559514517, 19.020497512924852 ], [ 72.81699557028972, 19.025013047683405 ], [ 72.812247736334527, 19.024956875924762 ], [ 72.812306853606273, 19.020441355494331 ], [ 72.817054559514517, 19.020497512924852 ] ] ] } },
{ "type": "Feature", "properties": { "cell_id": "CELL_0258", "bmc_ward_code": "UNKNOWN", "lat": 19.027243, "lon": 72.814592 }, "geometry": { "type": "Polygon", "coordinates": [ [ [ 72.81699557028972, 19.025013047683405 ], [ 72.816936564393131, 19.029528580061577 ], [ 72.812188602354851, 19.029472393974061 ], [ 72.812247736334527, 19.024956875924762 ], [ 72.81699557028972, 19.025013047683405 ] ] ] } },
{ "type": "Feature", "properties": { "cell_id": "CELL_0259", "bmc_ward_code": "UNKNOWN", "lat": 19.126584, "lon": 72.813289 }, "geometry": { "type": "Polygon", "coordinates": [ [ [ 72.815693585706612, 19.124354209254953 ], [ 72.815634212505415, 19.128869689139066 ], [ 72.810883423479126, 19.128813187626797 ], [ 72.810942925560283, 19.124297722088059 ], [ 72.815693585706612, 19.124354209254953 ] ] ] } },
{ "type": "Feature", "properties": { "cell_id": "CELL_0260", "bmc_ward_code": "K/W", "lat": 19.131099, "lon": 72.813229 }, "geometry": { "type": "Polygon", "coordinates": [ [ [ 72.815634212505415, 19.128869689139066 ], [ 72.815574822584622, 19.133385166631367 ], [ 72.810823904642106, 19.133328650772977 ], [ 72.810883423479126, 19.128813187626797 ], [ 72.815634212505415, 19.128869689139066 ] ] ] } },
{ "type": "Feature", "properties": { "cell_id": "CELL_0261", "bmc_ward_code": "K/W", "lat": 19.135615, "lon": 72.81317 }, "geometry": { "type": "Polygon", "coordinates": [ [ [ 72.815574822584622, 19.133385166631367 ], [ 72.815515415942144, 19.137900641731374 ], [ 72.810764369047121, 19.13784411152611 ], [ 72.810823904642106, 19.133328650772977 ], [ 72.815574822584622, 19.133385166631367 ] ] ] } },
{ "type": "Feature", "properties": { "cell_id": "CELL_0262", "bmc_ward_code": "K/W", "lat": 19.14013, "lon": 72.81311 }, "geometry": { "type": "Polygon", "coordinates": [ [ [ 72.815515415942144, 19.137900641731374 ], [ 72.815455992575878, 19.142416114438596 ], [ 72.81070481669208, 19.142359569885699 ], [ 72.810764369047121, 19.13784411152611 ], [ 72.815515415942144, 19.137900641731374 ] ] ] } },
{ "type": "Feature", "properties": { "cell_id": "CELL_0263", "bmc_ward_code": "K/W", "lat": 19.144646, "lon": 72.813051 }, "geometry": { "type": "Polygon", "coordinates": [ [ [ 72.815455992575878, 19.142416114438596 ], [ 72.815396552483762, 19.146931584752522 ], [ 72.810645247574897, 19.146875025851251 ], [ 72.81070481669208, 19.142359569885699 ], [ 72.815455992575878, 19.142416114438596 ] ] ] } },
{ "type": "Feature", "properties": { "cell_id": "CELL_0264", "bmc_ward_code": "K/W", "lat": 19.149161, "lon": 72.812991 }, "geometry": { "type": "Polygon", "coordinates": [ [ [ 72.815396552483762, 19.146931584752522 ], [ 72.815337095663693, 19.151447052672676 ], [ 72.810585661693466, 19.151390479422265 ], [ 72.810645247574897, 19.146875025851251 ], [ 72.815396552483762, 19.146931584752522 ] ] ] } },
{ "type": "Feature", "properties": { "cell_id": "CELL_0265", "bmc_ward_code": "K/W", "lat": 19.153677, "lon": 72.812932 }, "geometry": { "type": "Polygon", "coordinates": [ [ [ 72.815337095663693, 19.151447052672676 ], [ 72.815277622113584, 19.15596251819855 ], [ 72.810526059045699, 19.155905930598244 ], [ 72.810585661693466, 19.151390479422265 ], [ 72.815337095663693, 19.151447052672676 ] ] ] } },
{ "type": "Feature", "properties": { "cell_id": "CELL_0266", "bmc_ward_code": "P/N", "lat": 19.158192, "lon": 72.812872 }, "geometry": { "type": "Polygon", "coordinates": [ [ [ 72.815277622113584, 19.15596251819855 ], [ 72.815218131831344, 19.160477981329652 ], [ 72.810466439629522, 19.1604213793787 ], [ 72.810526059045699, 19.155905930598244 ], [ 72.815277622113584, 19.15596251819855 ] ] ] } },
{ "type": "Feature", "properties": { "cell_id": "CELL_0267", "bmc_ward_code": "P/N", "lat": 19.162707, "lon": 72.812812 }, "geometry": { "type": "Polygon", "coordinates": [ [ [ 72.815218131831344, 19.160477981329652 ], [ 72.815158624814885, 19.164993442065477 ], [ 72.810406803442802, 19.164936825763128 ], [ 72.810466439629522, 19.1604213793787 ], [ 72.815218131831344, 19.160477981329652 ] ] ] } },
{ "type": "Feature", "properties": { "cell_id": "CELL_0268", "bmc_ward_code": "P/N", "lat": 19.167223, "lon": 72.812753 }, "geometry": { "type": "Polygon", "coordinates": [ [ [ 72.815158624814885, 19.164993442065477 ], [ 72.815099101062103, 19.169508900405543 ], [ 72.810347150483452, 19.169452269751037 ], [ 72.810406803442802, 19.164936825763128 ], [ 72.815158624814885, 19.164993442065477 ] ] ] } },
{ "type": "Feature", "properties": { "cell_id": "CELL_0269", "bmc_ward_code": "P/N", "lat": 19.171738, "lon": 72.812693 }, "geometry": { "type": "Polygon", "coordinates": [ [ [ 72.815099101062103, 19.169508900405543 ], [ 72.815039560570938, 19.174024356349349 ], [ 72.810287480749395, 19.173967711341938 ], [ 72.810347150483452, 19.169452269751037 ], [ 72.815099101062103, 19.169508900405543 ] ] ] } },
{ "type": "Feature", "properties": { "cell_id": "CELL_0270", "bmc_ward_code": "P/N", "lat": 19.176254, "lon": 72.812634 }, "geometry": { "type": "Polygon", "coordinates": [ [ [ 72.815039560570938, 19.174024356349349 ], [ 72.814980003339244, 19.178539809896392 ], [ 72.810227794238514, 19.178483150535321 ], [ 72.810287480749395, 19.173967711341938 ], [ 72.815039560570938, 19.174024356349349 ] ] ] } },
{ "type": "Feature", "properties": { "cell_id": "CELL_0271", "bmc_ward_code": "P/N", "lat": 19.180769, "lon": 72.812574 }, "geometry": { "type": "Polygon", "coordinates": [ [ [ 72.814980003339244, 19.178539809896392 ], [ 72.814920429364975, 19.183055261046192 ], [ 72.810168090948721, 19.182998587330708 ], [ 72.810227794238514, 19.178483150535321 ], [ 72.814980003339244, 19.178539809896392 ] ] ] } },
{ "type": "Feature", "properties": { "cell_id": "CELL_0272", "bmc_ward_code": "P/N", "lat": 19.185285, "lon": 72.812514 }, "geometry": { "type": "Polygon", "coordinates": [ [ [ 72.814920429364975, 19.183055261046192 ], [ 72.814860838646013, 19.187570709798244 ], [ 72.810108370877913, 19.187514021727587 ], [ 72.810168090948721, 19.182998587330708 ], [ 72.814920429364975, 19.183055261046192 ] ] ] } },
{ "type": "Feature", "properties": { "cell_id": "CELL_0273", "bmc_ward_code": "P/N", "lat": 19.1898, "lon": 72.812455 }, "geometry": { "type": "Polygon", "coordinates": [ [ [ 72.814860838646013, 19.187570709798244 ], [ 72.81480123118024, 19.192086156152055 ], [ 72.810048634023985, 19.192029453725475 ], [ 72.810108370877913, 19.187514021727587 ], [ 72.814860838646013, 19.187570709798244 ] ] ] } },
{ "type": "Feature", "properties": { "cell_id": "CELL_0274", "bmc_ward_code": "P/N", "lat": 19.194316, "lon": 72.812395 }, "geometry": { "type": "Polygon", "coordinates": [ [ [ 72.81480123118024, 19.192086156152055 ], [ 72.814741606965612, 19.196601600107133 ], [ 72.809988880384836, 19.196544883323863 ], [ 72.810048634023985, 19.192029453725475 ], [ 72.81480123118024, 19.192086156152055 ] ] ] } },
{ "type": "Feature", "properties": { "cell_id": "CELL_0275", "bmc_ward_code": "P/N", "lat": 19.198831, "lon": 72.812335 }, "geometry": { "type": "Polygon", "coordinates": [ [ [ 72.814741606965612, 19.196601600107133 ], [ 72.814681966, 19.201117041662975 ], [ 72.809929109958375, 19.201060310522266 ], [ 72.809988880384836, 19.196544883323863 ], [ 72.814741606965612, 19.196601600107133 ] ] ] } },
{ "type": "Feature", "properties": { "cell_id": "CELL_0276", "bmc_ward_code": "P/N", "lat": 19.203346, "lon": 72.812276 }, "geometry": { "type": "Polygon", "coordinates": [ [ [ 72.814681966, 19.201117041662975 ], [ 72.814622308281315, 19.205632480819091 ], [ 72.809869322742486, 19.205575735320185 ], [ 72.809929109958375, 19.201060310522266 ], [ 72.814681966, 19.201117041662975 ] ] ] } },
{ "type": "Feature", "properties": { "cell_id": "CELL_0277", "bmc_ward_code": "R/S", "lat": 19.207862, "lon": 72.812216 }, "geometry": { "type": "Polygon", "coordinates": [ [ [ 72.814622308281315, 19.205632480819091 ], [ 72.814562633807455, 19.210147917574986 ], [ 72.809809518735079, 19.210091157717123 ], [ 72.809869322742486, 19.205575735320185 ], [ 72.814622308281315, 19.205632480819091 ] ] ] } },
{ "type": "Feature", "properties": { "cell_id": "CELL_0278", "bmc_ward_code": "R/S", "lat": 19.212377, "lon": 72.812156 }, "geometry": { "type": "Polygon", "coordinates": [ [ [ 72.814562633807455, 19.210147917574986 ], [ 72.814502942576311, 19.21466335193017 ], [ 72.809749697934038, 19.214606577712601 ], [ 72.809809518735079, 19.210091157717123 ], [ 72.814562633807455, 19.210147917574986 ] ] ] } },
{ "type": "Feature", "properties": { "cell_id": "CELL_0279", "bmc_ward_code": "R/C", "lat": 19.216893, "lon": 72.812096 }, "geometry": { "type": "Polygon", "coordinates": [ [ [ 72.814502942576311, 19.21466335193017 ], [ 72.814443234585809, 19.219178783884132 ], [ 72.809689860337272, 19.219121995306097 ], [ 72.809749697934038, 19.214606577712601 ], [ 72.814502942576311, 19.21466335193017 ] ] ] } },
{ "type": "Feature", "properties": { "cell_id": "CELL_0280", "bmc_ward_code": "R/C", "lat": 19.221408, "lon": 72.812037 }, "geometry": { "type": "Polygon", "coordinates": [ [ [ 72.814443234585809, 19.219178783884132 ], [ 72.814383509833803, 19.223694213436389 ], [ 72.809630005942665, 19.223637410497137 ], [ 72.809689860337272, 19.219121995306097 ], [ 72.814443234585809, 19.219178783884132 ] ] ] } },
{ "type": "Feature", "properties": { "cell_id": "CELL_0281", "bmc_ward_code": "R/C", "lat": 19.225924, "lon": 72.811977 }, "geometry": { "type": "Polygon", "coordinates": [ [ [ 72.814383509833803, 19.223694213436389 ], [ 72.814323768318246, 19.228209640586456 ], [ 72.809570134748114, 19.228152823285214 ], [ 72.809630005942665, 19.223637410497137 ], [ 72.814383509833803, 19.223694213436389 ] ] ] } },
{ "type": "Feature", "properties": { "cell_id": "CELL_0282", "bmc_ward_code": "R/C", "lat": 19.230439, "lon": 72.811917 }, "geometry": { "type": "Polygon", "coordinates": [ [ [ 72.814323768318246, 19.228209640586456 ], [ 72.814264010037007, 19.232725065333806 ], [ 72.809510246751515, 19.232668233669834 ], [ 72.809570134748114, 19.228152823285214 ], [ 72.814323768318246, 19.228209640586456 ] ] ] } },
{ "type": "Feature", "properties": { "cell_id": "CELL_0283", "bmc_ward_code": "R/C", "lat": 19.234954, "lon": 72.811857 }, "geometry": { "type": "Polygon", "coordinates": [ [ [ 72.814264010037007, 19.232725065333806 ], [ 72.814204234987983, 19.237240487677987 ], [ 72.80945034195075, 19.23718364165051 ], [ 72.809510246751515, 19.232668233669834 ], [ 72.814264010037007, 19.232725065333806 ] ] ] } },
{ "type": "Feature", "properties": { "cell_id": "CELL_0284", "bmc_ward_code": "R/C", "lat": 19.23947, "lon": 72.811797 }, "geometry": { "type": "Polygon", "coordinates": [ [ [ 72.814204234987983, 19.237240487677987 ], [ 72.81414444316907, 19.241755907618469 ], [ 72.809390420343732, 19.241699047226746 ], [ 72.80945034195075, 19.23718364165051 ], [ 72.814204234987983, 19.237240487677987 ] ] ] } },
{ "type": "Feature", "properties": { "cell_id": "CELL_0285", "bmc_ward_code": "R/C", "lat": 19.243985, "lon": 72.811737 }, "geometry": { "type": "Polygon", "coordinates": [ [ [ 72.81414444316907, 19.241755907618469 ], [ 72.81408463457818, 19.246271325154776 ], [ 72.809330481928313, 19.246214450398035 ], [ 72.809390420343732, 19.241699047226746 ], [ 72.81414444316907, 19.241755907618469 ] ] ] } },
{ "type": "Feature", "properties": { "cell_id": "CELL_0286", "bmc_ward_code": "R/C", "lat": 19.248501, "lon": 72.811678 }, "geometry": { "type": "Polygon", "coordinates": [ [ [ 72.81408463457818, 19.246271325154776 ], [ 72.81402480921318, 19.250786740286408 ], [ 72.809270526702434, 19.2507298511639 ], [ 72.809330481928313, 19.246214450398035 ], [ 72.81408463457818, 19.246271325154776 ] ] ] } },
{ "type": "Feature", "properties": { "cell_id": "CELL_0287", "bmc_ward_code": "UNKNOWN", "lat": 19.253016, "lon": 72.811618 }, "geometry": { "type": "Polygon", "coordinates": [ [ [ 72.81402480921318, 19.250786740286408 ], [ 72.813964967071982, 19.255302153012867 ], [ 72.809210554663949, 19.255245249523831 ], [ 72.809270526702434, 19.2507298511639 ], [ 72.81402480921318, 19.250786740286408 ] ] ] } },
{ "type": "Feature", "properties": { "cell_id": "CELL_0288", "bmc_ward_code": "UNKNOWN", "lat": 18.900863, "lon": 72.820984 }, "geometry": { "type": "Polygon", "coordinates": [ [ [ 72.823385253102217, 18.89863282637824 ], [ 72.823326840309974, 18.90314843949621 ], [ 72.818582434325052, 18.903092775316413 ], [ 72.818640974191396, 18.89857717647547 ], [ 72.823385253102217, 18.89863282637824 ] ] ] } },
{ "type": "Feature", "properties": { "cell_id": "CELL_0289", "bmc_ward_code": "UNKNOWN", "lat": 18.905378, "lon": 72.820925 }, "geometry": { "type": "Polygon", "coordinates": [ [ [ 72.823326840309974, 18.90314843949621 ], [ 72.823268410937615, 18.90766405024797 ], [ 72.818523877842537, 18.907608371790417 ], [ 72.818582434325052, 18.903092775316413 ], [ 72.823326840309974, 18.90314843949621 ] ] ] } },
{ "type": "Feature", "properties": { "cell_id": "CELL_0290", "bmc_ward_code": "A", "lat": 18.909894, "lon": 72.820867 }, "geometry": { "type": "Polygon", "coordinates": [ [ [ 72.823268410937615, 18.90766405024797 ], [ 72.823209964983093, 18.912179658633015 ], [ 72.818465304741807, 18.91212396589696 ], [ 72.818523877842537, 18.907608371790417 ], [ 72.823268410937615, 18.90766405024797 ] ] ] } },
{ "type": "Feature", "properties": { "cell_id": "CELL_0291", "bmc_ward_code": "A", "lat": 18.91441, "lon": 72.820808 }, "geometry": { "type": "Polygon", "coordinates": [ [ [ 72.823209964983093, 18.912179658633015 ], [ 72.823151502444361, 18.916695264650855 ], [ 72.818406715020814, 18.916639557635555 ], [ 72.818465304741807, 18.91212396589696 ], [ 72.823209964983093, 18.912179658633015 ] ] ] } },
{ "type": "Feature", "properties": { "cell_id": "CELL_0292", "bmc_ward_code": "A", "lat": 18.918925, "lon": 72.82075 }, "geometry": { "type": "Polygon", "coordinates": [ [ [ 72.823151502444361, 18.916695264650855 ], [ 72.823093023319387, 18.921210868300989 ], [ 72.818348108677498, 18.921155147005706 ], [ 72.818406715020814, 18.916639557635555 ], [ 72.823151502444361, 18.916695264650855 ] ] ] } },
{ "type": "Feature", "properties": { "cell_id": "CELL_0293", "bmc_ward_code": "A", "lat": 18.923441, "lon": 72.820691 }, "geometry": { "type": "Polygon", "coordinates": [ [ [ 72.823093023319387, 18.921210868300989 ], [ 72.823034527606097, 18.925726469582919 ], [ 72.818289485709826, 18.925670734006918 ], [ 72.818348108677498, 18.921155147005706 ], [ 72.823093023319387, 18.921210868300989 ] ] ] } },
{ "type": "Feature", "properties": { "cell_id": "CELL_0294", "bmc_ward_code": "A", "lat": 18.927956, "lon": 72.820633 }, "geometry": { "type": "Polygon", "coordinates": [ [ [ 72.823034527606097, 18.925726469582919 ], [ 72.822976015302444, 18.930242068496145 ], [ 72.818230846115711, 18.930186318638679 ], [ 72.818289485709826, 18.925670734006918 ], [ 72.823034527606097, 18.925726469582919 ] ] ] } },
{ "type": "Feature", "properties": { "cell_id": "CELL_0295", "bmc_ward_code": "UNKNOWN", "lat": 18.932472, "lon": 72.820574 }, "geometry": { "type": "Polygon", "coordinates": [ [ [ 72.822976015302444, 18.930242068496145 ], [ 72.822917486406411, 18.934757665040173 ], [ 72.818172189893119, 18.934701900900507 ], [ 72.818230846115711, 18.930186318638679 ], [ 72.822976015302444, 18.930242068496145 ] ] ] } },
{ "type": "Feature", "properties": { "cell_id": "CELL_0296", "bmc_ward_code": "UNKNOWN", "lat": 18.941503, "lon": 72.820457 }, "geometry": { "type": "Polygon", "coordinates": [ [ [ 72.822858940915907, 18.939273259214502 ], [ 72.822800378828902, 18.943788851018638 ], [ 72.818054827554278, 18.94373305831235 ], [ 72.81811351703999, 18.9392174807919 ], [ 72.822858940915907, 18.939273259214502 ] ] ] } },
{ "type": "Feature", "properties": { "cell_id": "CELL_0297", "bmc_ward_code": "UNKNOWN", "lat": 18.946019, "lon": 72.820398 }, "geometry": { "type": "Polygon", "coordinates": [ [ [ 72.822800378828902, 18.943788851018638 ], [ 72.822741800143319, 18.948304440452088 ], [ 72.817996121433907, 18.948248633461372 ], [ 72.818054827554278, 18.94373305831235 ], [ 72.822800378828902, 18.943788851018638 ] ] ] } },
{ "type": "Feature", "properties": { "cell_id": "CELL_0298", "bmc_ward_code": "C", "lat": 18.950534, "lon": 72.82034 }, "geometry": { "type": "Polygon", "coordinates": [ [ [ 72.822741800143319, 18.948304440452088 ], [ 72.822683204857142, 18.952820027514338 ], [ 72.817937398676847, 18.952764206238463 ], [ 72.817996121433907, 18.948248633461372 ], [ 72.822741800143319, 18.948304440452088 ] ] ] } },
{ "type": "Feature", "properties": { "cell_id": "CELL_0299", "bmc_ward_code": "D", "lat": 18.95505, "lon": 72.820281 }, "geometry": { "type": "Polygon", "coordinates": [ [ [ 72.822683204857142, 18.952820027514338 ], [ 72.822624592968296, 18.957335612204918 ], [ 72.817878659280993, 18.957279776643123 ], [ 72.817937398676847, 18.952764206238463 ], [ 72.822683204857142, 18.952820027514338 ] ] ] } },
{ "type": "Feature", "properties": { "cell_id": "CELL_0300", "bmc_ward_code": "D", "lat": 18.959565, "lon": 72.820222 }, "geometry": { "type": "Polygon", "coordinates": [ [ [ 72.822624592968296, 18.957335612204918 ], [ 72.82256596447472, 18.961851194523305 ], [ 72.817819903244327, 18.961795344674854 ], [ 72.817878659280993, 18.957279776643123 ], [ 72.822624592968296, 18.957335612204918 ] ] ] } },
{ "type": "Feature", "properties": { "cell_id": "CELL_0301", "bmc_ward_code": "D", "lat": 18.964081, "lon": 72.820164 }, "geometry": { "type": "Polygon", "coordinates": [ [ [ 72.82256596447472, 18.961851194523305 ], [ 72.822507319374367, 18.966366774469002 ], [ 72.81776113056479, 18.966310910333167 ], [ 72.817819903244327, 18.961795344674854 ], [ 72.82256596447472, 18.961851194523305 ] ] ] } },
{ "type": "Feature", "properties": { "cell_id": "CELL_0302", "bmc_ward_code": "D", "lat": 18.968597, "lon": 72.820105 }, "geometry": { "type": "Polygon", "coordinates": [ [ [ 72.822507319374367, 18.966366774469002 ], [ 72.822448657665191, 18.970882352041532 ], [ 72.817702341240278, 18.97082647361756 ], [ 72.81776113056479, 18.966310910333167 ], [ 72.822507319374367, 18.966366774469002 ] ] ] } },
{ "type": "Feature", "properties": { "cell_id": "CELL_0303", "bmc_ward_code": "D", "lat": 18.973112, "lon": 72.820046 }, "geometry": { "type": "Polygon", "coordinates": [ [ [ 72.822448657665191, 18.970882352041532 ], [ 72.822389979345118, 18.975397927240383 ], [ 72.8176435352688, 18.975342034527536 ], [ 72.817702341240278, 18.97082647361756 ], [ 72.822448657665191, 18.970882352041532 ] ] ] } },
{ "type": "Feature", "properties": { "cell_id": "CELL_0304", "bmc_ward_code": "D", "lat": 18.977628, "lon": 72.819987 }, "geometry": { "type": "Polygon", "coordinates": [ [ [ 72.822389979345118, 18.975397927240383 ], [ 72.822331284412101, 18.979913500065059 ], [ 72.817584712648227, 18.979857593062587 ], [ 72.8176435352688, 18.975342034527536 ], [ 72.822389979345118, 18.975397927240383 ] ] ] } },
{ "type": "Feature", "properties": { "cell_id": "CELL_0305", "bmc_ward_code": "G/S", "lat": 18.982143, "lon": 72.819929 }, "geometry": { "type": "Polygon", "coordinates": [ [ [ 72.822331284412101, 18.979913500065059 ], [ 72.82227257286408, 18.98442907051507 ], [ 72.817525873376539, 18.984373149222233 ], [ 72.817584712648227, 18.979857593062587 ], [ 72.822331284412101, 18.979913500065059 ] ] ] } },
{ "type": "Feature", "properties": { "cell_id": "CELL_0306", "bmc_ward_code": "G/S", "lat": 18.986659, "lon": 72.81987 }, "geometry": { "type": "Polygon", "coordinates": [ [ [ 72.82227257286408, 18.98442907051507 ], [ 72.822213844698993, 18.988944638589913 ], [ 72.817467017451634, 18.988888703005973 ], [ 72.817525873376539, 18.984373149222233 ], [ 72.82227257286408, 18.98442907051507 ] ] ] } },
{ "type": "Feature", "properties": { "cell_id": "CELL_0307", "bmc_ward_code": "G/S", "lat": 18.991174, "lon": 72.819811 }, "geometry": { "type": "Polygon", "coordinates": [ [ [ 72.822213844698993, 18.988944638589913 ], [ 72.822155099914781, 18.993460204289093 ], [ 72.817408144871493, 18.993404254413292 ], [ 72.817467017451634, 18.988888703005973 ], [ 72.822213844698993, 18.988944638589913 ] ] ] } },
{ "type": "Feature", "properties": { "cell_id": "CELL_0308", "bmc_ward_code": "G/S", "lat": 18.99569, "lon": 72.819752 }, "geometry": { "type": "Polygon", "coordinates": [ [ [ 72.822155099914781, 18.993460204289093 ], [ 72.822096338509397, 18.9979757676121 ], [ 72.817349255634014, 18.997919803443715 ], [ 72.817408144871493, 18.993404254413292 ], [ 72.822155099914781, 18.993460204289093 ] ] ] } },
{ "type": "Feature", "properties": { "cell_id": "CELL_0309", "bmc_ward_code": "G/S", "lat": 19.000206, "lon": 72.819693 }, "geometry": { "type": "Polygon", "coordinates": [ [ [ 72.822096338509397, 18.9979757676121 ], [ 72.822037560480751, 19.002491328558467 ], [ 72.817290349737164, 19.002435350096736 ], [ 72.817349255634014, 18.997919803443715 ], [ 72.822096338509397, 18.9979757676121 ] ] ] } },
{ "type": "Feature", "properties": { "cell_id": "CELL_0310", "bmc_ward_code": "G/S", "lat": 19.004721, "lon": 72.819635 }, "geometry": { "type": "Polygon", "coordinates": [ [ [ 72.822037560480751, 19.002491328558467 ], [ 72.821978765826813, 19.00700688712767 ], [ 72.817231427178854, 19.006950894371855 ], [ 72.817290349737164, 19.002435350096736 ], [ 72.822037560480751, 19.002491328558467 ] ] ] } },
{ "type": "Feature", "properties": { "cell_id": "CELL_0311", "bmc_ward_code": "G/S", "lat": 19.009237, "lon": 72.819576 }, "geometry": { "type": "Polygon", "coordinates": [ [ [ 72.821978765826813, 19.00700688712767 ], [ 72.821919954545493, 19.011522443319222 ], [ 72.817172487957023, 19.011466436268577 ], [ 72.817231427178854, 19.006950894371855 ], [ 72.821978765826813, 19.00700688712767 ] ] ] } },
{ "type": "Feature", "properties": { "cell_id": "CELL_0312", "bmc_ward_code": "G/S", "lat": 19.013752, "lon": 72.819517 }, "geometry": { "type": "Polygon", "coordinates": [ [ [ 72.821919954545493, 19.011522443319222 ], [ 72.821861126634744, 19.016037997132631 ], [ 72.817113532069612, 19.01598197578641 ], [ 72.817172487957023, 19.011466436268577 ], [ 72.821919954545493, 19.011522443319222 ] ] ] } },
{ "type": "Feature", "properties": { "cell_id": "CELL_0313", "bmc_ward_code": "G/S", "lat": 19.018268, "lon": 72.819458 }, "geometry": { "type": "Polygon", "coordinates": [ [ [ 72.821861126634744, 19.016037997132631 ], [ 72.821802282092506, 19.020553548567381 ], [ 72.817054559514517, 19.020497512924852 ], [ 72.817113532069612, 19.01598197578641 ], [ 72.821861126634744, 19.016037997132631 ] ] ] } },
{ "type": "Feature", "properties": { "cell_id": "CELL_0314", "bmc_ward_code": "UNKNOWN", "lat": 19.022783, "lon": 72.819399 }, "geometry": { "type": "Polygon", "coordinates": [ [ [ 72.821802282092506, 19.020553548567381 ], [ 72.821743420916704, 19.025069097623003 ], [ 72.81699557028972, 19.025013047683405 ], [ 72.817054559514517, 19.020497512924852 ], [ 72.821802282092506, 19.020553548567381 ] ] ] } },
{ "type": "Feature", "properties": { "cell_id": "CELL_0315", "bmc_ward_code": "UNKNOWN", "lat": 19.040845, "lon": 72.819163 }, "geometry": { "type": "Polygon", "coordinates": [ [ [ 72.821566737567267, 19.038615730510042 ], [ 72.821507809836561, 19.043131270044121 ], [ 72.816759446651844, 19.04307516290881 ], [ 72.816818502576254, 19.038559637674773 ], [ 72.821566737567267, 19.038615730510042 ] ] ] } },
{ "type": "Feature", "properties": { "cell_id": "CELL_0316", "bmc_ward_code": "H/W", "lat": 19.045361, "lon": 72.819104 }, "geometry": { "type": "Polygon", "coordinates": [ [ [ 72.821507809836561, 19.043131270044121 ], [ 72.821448865461974, 19.047646807196585 ], [ 72.816700374047358, 19.047590685760479 ], [ 72.816759446651844, 19.04307516290881 ], [ 72.821507809836561, 19.043131270044121 ] ] ] } },
{ "type": "Feature", "properties": { "cell_id": "CELL_0317", "bmc_ward_code": "UNKNOWN", "lat": 19.049877, "lon": 72.819045 }, "geometry": { "type": "Polygon", "coordinates": [ [ [ 72.821448865461974, 19.047646807196585 ], [ 72.821389904441403, 19.052162341966927 ], [ 72.816641284760706, 19.052106206229276 ], [ 72.816700374047358, 19.047590685760479 ], [ 72.821448865461974, 19.047646807196585 ] ] ] } },
{ "type": "Feature", "properties": { "cell_id": "CELL_0318", "bmc_ward_code": "UNKNOWN", "lat": 19.058908, "lon": 72.818927 }, "geometry": { "type": "Polygon", "coordinates": [ [ [ 72.821330926772816, 19.056677874354648 ], [ 72.82127193245411, 19.061193404359251 ], [ 72.816523056132652, 19.061137240016283 ], [ 72.81658217878983, 19.056621724314706 ], [ 72.821330926772816, 19.056677874354648 ] ] ] } },
{ "type": "Feature", "properties": { "cell_id": "CELL_0319", "bmc_ward_code": "UNKNOWN", "lat": 19.117609, "lon": 72.818158 }, "geometry": { "type": "Polygon", "coordinates": [ [ [ 72.820562701167148, 19.115379578351085 ], [ 72.820503490208395, 19.119895077330078 ], [ 72.815752942190315, 19.119838726979555 ], [ 72.815812281958571, 19.115323242313334 ], [ 72.820562701167148, 19.115379578351085 ] ] ] } },
{ "type": "Feature", "properties": { "cell_id": "CELL_0320", "bmc_ward_code": "K/W", "lat": 19.122125, "lon": 72.818099 }, "geometry": { "type": "Polygon", "coordinates": [ [ [ 72.820503490208395, 19.119895077330078 ], [ 72.820444262570462, 19.124410573918997 ], [ 72.815693585706612, 19.124354209254953 ], [ 72.815752942190315, 19.119838726979555 ], [ 72.820503490208395, 19.119895077330078 ] ] ] } },
{ "type": "Feature", "properties": { "cell_id": "CELL_0321", "bmc_ward_code": "K/W", "lat": 19.12664, "lon": 72.818039 }, "geometry": { "type": "Polygon", "coordinates": [ [ [ 72.820444262570462, 19.124410573918997 ], [ 72.820385018251301, 19.128926068117377 ], [ 72.815634212505415, 19.128869689139066 ], [ 72.815693585706612, 19.124354209254953 ], [ 72.820444262570462, 19.124410573918997 ] ] ] } },
{ "type": "Feature", "properties": { "cell_id": "CELL_0322", "bmc_ward_code": "K/W", "lat": 19.131156, "lon": 72.81798 }, "geometry": { "type": "Polygon", "coordinates": [ [ [ 72.820385018251301, 19.128926068117377 ], [ 72.82032575724881, 19.133441559924709 ], [ 72.815574822584622, 19.133385166631367 ], [ 72.815634212505415, 19.128869689139066 ], [ 72.820385018251301, 19.128926068117377 ] ] ] } },
{ "type": "Feature", "properties": { "cell_id": "CELL_0323", "bmc_ward_code": "K/W", "lat": 19.135671, "lon": 72.817921 }, "geometry": { "type": "Polygon", "coordinates": [ [ [ 72.82032575724881, 19.133441559924709 ], [ 72.820266479560928, 19.137957049340482 ], [ 72.815515415942144, 19.137900641731374 ], [ 72.815574822584622, 19.133385166631367 ], [ 72.82032575724881, 19.133441559924709 ] ] ] } },
{ "type": "Feature", "properties": { "cell_id": "CELL_0324", "bmc_ward_code": "K/W", "lat": 19.140187, "lon": 72.817861 }, "geometry": { "type": "Polygon", "coordinates": [ [ [ 72.820266479560928, 19.137957049340482 ], [ 72.820207185185538, 19.142472536364227 ], [ 72.815455992575878, 19.142416114438596 ], [ 72.815515415942144, 19.137900641731374 ], [ 72.820266479560928, 19.137957049340482 ] ] ] } },
{ "type": "Feature", "properties": { "cell_id": "CELL_0325", "bmc_ward_code": "K/W", "lat": 19.144702, "lon": 72.817802 }, "geometry": { "type": "Polygon", "coordinates": [ [ [ 72.820207185185538, 19.142472536364227 ], [ 72.820147874120579, 19.146988020995433 ], [ 72.815396552483762, 19.146931584752522 ], [ 72.815455992575878, 19.142416114438596 ], [ 72.820207185185538, 19.142472536364227 ] ] ] } },
{ "type": "Feature", "properties": { "cell_id": "CELL_0326", "bmc_ward_code": "K/W", "lat": 19.149218, "lon": 72.817743 }, "geometry": { "type": "Polygon", "coordinates": [ [ [ 72.820147874120579, 19.146988020995433 ], [ 72.820088546363962, 19.151503503233609 ], [ 72.815337095663693, 19.151447052672676 ], [ 72.815396552483762, 19.146931584752522 ], [ 72.820147874120579, 19.146988020995433 ] ] ] } },
{ "type": "Feature", "properties": { "cell_id": "CELL_0327", "bmc_ward_code": "K/W", "lat": 19.153733, "lon": 72.817683 }, "geometry": { "type": "Polygon", "coordinates": [ [ [ 72.820088546363962, 19.151503503233609 ], [ 72.820029201913599, 19.156018983078262 ], [ 72.815277622113584, 19.15596251819855 ], [ 72.815337095663693, 19.151447052672676 ], [ 72.820088546363962, 19.151503503233609 ] ] ] } },
{ "type": "Feature", "properties": { "cell_id": "CELL_0328", "bmc_ward_code": "P/S", "lat": 19.158249, "lon": 72.817624 }, "geometry": { "type": "Polygon", "coordinates": [ [ [ 72.820029201913599, 19.156018983078262 ], [ 72.819969840767399, 19.160534460528893 ], [ 72.815218131831344, 19.160477981329652 ], [ 72.815277622113584, 19.15596251819855 ], [ 72.820029201913599, 19.156018983078262 ] ] ] } },
{ "type": "Feature", "properties": { "cell_id": "CELL_0329", "bmc_ward_code": "P/N", "lat": 19.162764, "lon": 72.817564 }, "geometry": { "type": "Polygon", "coordinates": [ [ [ 72.819969840767399, 19.160534460528893 ], [ 72.819910462923289, 19.165049935585003 ], [ 72.815158624814885, 19.164993442065477 ], [ 72.815218131831344, 19.160477981329652 ], [ 72.819969840767399, 19.160534460528893 ] ] ] } },
{ "type": "Feature", "properties": { "cell_id": "CELL_0330", "bmc_ward_code": "P/N", "lat": 19.167279, "lon": 72.817505 }, "geometry": { "type": "Polygon", "coordinates": [ [ [ 72.819910462923289, 19.165049935585003 ], [ 72.81985106837918, 19.169565408246104 ], [ 72.815099101062103, 19.169508900405543 ], [ 72.815158624814885, 19.164993442065477 ], [ 72.819910462923289, 19.165049935585003 ] ] ] } },
{ "type": "Feature", "properties": { "cell_id": "CELL_0331", "bmc_ward_code": "P/N", "lat": 19.171795, "lon": 72.817445 }, "geometry": { "type": "Polygon", "coordinates": [ [ [ 72.81985106837918, 19.169565408246104 ], [ 72.819791657132953, 19.174080878511695 ], [ 72.815039560570938, 19.174024356349349 ], [ 72.815099101062103, 19.169508900405543 ], [ 72.81985106837918, 19.169565408246104 ] ] ] } },
{ "type": "Feature", "properties": { "cell_id": "CELL_0332", "bmc_ward_code": "P/N", "lat": 19.17631, "lon": 72.817386 }, "geometry": { "type": "Polygon", "coordinates": [ [ [ 72.819791657132953, 19.174080878511695 ], [ 72.819732229182563, 19.178596346381287 ], [ 72.814980003339244, 19.178539809896392 ], [ 72.815039560570938, 19.174024356349349 ], [ 72.819791657132953, 19.174080878511695 ] ] ] } },
{ "type": "Feature", "properties": { "cell_id": "CELL_0333", "bmc_ward_code": "P/N", "lat": 19.180826, "lon": 72.817326 }, "geometry": { "type": "Polygon", "coordinates": [ [ [ 72.819732229182563, 19.178596346381287 ], [ 72.819672784525892, 19.183111811854381 ], [ 72.814920429364975, 19.183055261046192 ], [ 72.814980003339244, 19.178539809896392 ], [ 72.819732229182563, 19.178596346381287 ] ] ] } },
{ "type": "Feature", "properties": { "cell_id": "CELL_0334", "bmc_ward_code": "P/N", "lat": 19.185341, "lon": 72.817267 }, "geometry": { "type": "Polygon", "coordinates": [ [ [ 72.819672784525892, 19.183111811854381 ], [ 72.81961332316088, 19.187627274930488 ], [ 72.814860838646013, 19.187570709798244 ], [ 72.814920429364975, 19.183055261046192 ], [ 72.819672784525892, 19.183111811854381 ] ] ] } },
{ "type": "Feature", "properties": { "cell_id": "CELL_0335", "bmc_ward_code": "P/N", "lat": 19.189857, "lon": 72.817207 }, "geometry": { "type": "Polygon", "coordinates": [ [ [ 72.81961332316088, 19.187627274930488 ], [ 72.819553845085395, 19.192142735609103 ], [ 72.81480123118024, 19.192086156152055 ], [ 72.814860838646013, 19.187570709798244 ], [ 72.81961332316088, 19.187627274930488 ] ] ] } },
{ "type": "Feature", "properties": { "cell_id": "CELL_0336", "bmc_ward_code": "P/N", "lat": 19.194372, "lon": 72.817148 }, "geometry": { "type": "Polygon", "coordinates": [ [ [ 72.819553845085395, 19.192142735609103 ], [ 72.819494350297376, 19.196658193889732 ], [ 72.814741606965612, 19.196601600107133 ], [ 72.81480123118024, 19.192086156152055 ], [ 72.819553845085395, 19.192142735609103 ] ] ] } },
{ "type": "Feature", "properties": { "cell_id": "CELL_0337", "bmc_ward_code": "P/N", "lat": 19.198888, "lon": 72.817088 }, "geometry": { "type": "Polygon", "coordinates": [ [ [ 72.819494350297376, 19.196658193889732 ], [ 72.819434838794706, 19.201173649771889 ], [ 72.814681966, 19.201117041662975 ], [ 72.814741606965612, 19.196601600107133 ], [ 72.819494350297376, 19.196658193889732 ] ] ] } },
{ "type": "Feature", "properties": { "cell_id": "CELL_0338", "bmc_ward_code": "P/N", "lat": 19.203403, "lon": 72.817029 }, "geometry": { "type": "Polygon", "coordinates": [ [ [ 72.819434838794706, 19.201173649771889 ], [ 72.81937531057531, 19.205689103255068 ], [ 72.814622308281315, 19.205632480819091 ], [ 72.814681966, 19.201117041662975 ], [ 72.819434838794706, 19.201173649771889 ] ] ] } },
{ "type": "Feature", "properties": { "cell_id": "CELL_0339", "bmc_ward_code": "R/S", "lat": 19.207919, "lon": 72.816969 }, "geometry": { "type": "Polygon", "coordinates": [ [ [ 72.81937531057531, 19.205689103255068 ], [ 72.819315765637086, 19.210204554338791 ], [ 72.814562633807455, 19.210147917574986 ], [ 72.814622308281315, 19.205632480819091 ], [ 72.81937531057531, 19.205689103255068 ] ] ] } },
{ "type": "Feature", "properties": { "cell_id": "CELL_0340", "bmc_ward_code": "R/S", "lat": 19.212434, "lon": 72.816909 }, "geometry": { "type": "Polygon", "coordinates": [ [ [ 72.819315765637086, 19.210204554338791 ], [ 72.819256203977943, 19.214720003022549 ], [ 72.814502942576311, 19.21466335193017 ], [ 72.814562633807455, 19.210147917574986 ], [ 72.819315765637086, 19.210204554338791 ] ] ] } },
{ "type": "Feature", "properties": { "cell_id": "CELL_0341", "bmc_ward_code": "R/C", "lat": 19.216949, "lon": 72.81685 }, "geometry": { "type": "Polygon", "coordinates": [ [ [ 72.819256203977943, 19.214720003022549 ], [ 72.819196625595794, 19.219235449305842 ], [ 72.814443234585809, 19.219178783884132 ], [ 72.814502942576311, 19.21466335193017 ], [ 72.819256203977943, 19.214720003022549 ] ] ] } },
{ "type": "Feature", "properties": { "cell_id": "CELL_0342", "bmc_ward_code": "R/C", "lat": 19.221465, "lon": 72.81679 }, "geometry": { "type": "Polygon", "coordinates": [ [ [ 72.819196625595794, 19.219235449305842 ], [ 72.819137030488534, 19.223750893188189 ], [ 72.814383509833803, 19.223694213436389 ], [ 72.814443234585809, 19.219178783884132 ], [ 72.819196625595794, 19.219235449305842 ] ] ] } },
{ "type": "Feature", "properties": { "cell_id": "CELL_0343", "bmc_ward_code": "R/C", "lat": 19.22598, "lon": 72.81673 }, "geometry": { "type": "Polygon", "coordinates": [ [ [ 72.819137030488534, 19.223750893188189 ], [ 72.819077418654061, 19.228266334669097 ], [ 72.814323768318246, 19.228209640586456 ], [ 72.814383509833803, 19.223694213436389 ], [ 72.819137030488534, 19.223750893188189 ] ] ] } },
{ "type": "Feature", "properties": { "cell_id": "CELL_0344", "bmc_ward_code": "R/C", "lat": 19.230496, "lon": 72.816671 }, "geometry": { "type": "Polygon", "coordinates": [ [ [ 72.819077418654061, 19.228266334669097 ], [ 72.819017790090285, 19.232781773748059 ], [ 72.814264010037007, 19.232725065333806 ], [ 72.814323768318246, 19.228209640586456 ], [ 72.819077418654061, 19.228266334669097 ] ] ] } },
{ "type": "Feature", "properties": { "cell_id": "CELL_0345", "bmc_ward_code": "R/C", "lat": 19.235011, "lon": 72.816611 }, "geometry": { "type": "Polygon", "coordinates": [ [ [ 72.819017790090285, 19.232781773748059 ], [ 72.81895814479509, 19.237297210424586 ], [ 72.814204234987983, 19.237240487677987 ], [ 72.814264010037007, 19.232725065333806 ], [ 72.819017790090285, 19.232781773748059 ] ] ] } },
{ "type": "Feature", "properties": { "cell_id": "CELL_0346", "bmc_ward_code": "R/C", "lat": 19.239527, "lon": 72.816551 }, "geometry": { "type": "Polygon", "coordinates": [ [ [ 72.81895814479509, 19.237297210424586 ], [ 72.818898482766414, 19.241812644698182 ], [ 72.81414444316907, 19.241755907618469 ], [ 72.814204234987983, 19.237240487677987 ], [ 72.81895814479509, 19.237297210424586 ] ] ] } },
{ "type": "Feature", "properties": { "cell_id": "CELL_0347", "bmc_ward_code": "R/C", "lat": 19.244042, "lon": 72.816492 }, "geometry": { "type": "Polygon", "coordinates": [ [ [ 72.818898482766414, 19.241812644698182 ], [ 72.818838804002127, 19.246328076568357 ], [ 72.81408463457818, 19.246271325154776 ], [ 72.81414444316907, 19.241755907618469 ], [ 72.818898482766414, 19.241812644698182 ] ] ] } },
{ "type": "Feature", "properties": { "cell_id": "CELL_0348", "bmc_ward_code": "UNKNOWN", "lat": 19.248557, "lon": 72.816432 }, "geometry": { "type": "Polygon", "coordinates": [ [ [ 72.818838804002127, 19.246328076568357 ], [ 72.818779108500124, 19.250843506034617 ], [ 72.81402480921318, 19.250786740286408 ], [ 72.81408463457818, 19.246271325154776 ], [ 72.818838804002127, 19.246328076568357 ] ] ] } },
{ "type": "Feature", "properties": { "cell_id": "CELL_0349", "bmc_ward_code": "UNKNOWN", "lat": 18.905434, "lon": 72.82567 }, "geometry": { "type": "Polygon", "coordinates": [ [ [ 72.828071262875014, 18.903203982693292 ], [ 72.828012960614856, 18.907719607691799 ], [ 72.823268410937615, 18.90766405024797 ], [ 72.823326840309974, 18.90314843949621 ], [ 72.828071262875014, 18.903203982693292 ] ] ] } },
{ "type": "Feature", "properties": { "cell_id": "CELL_0350", "bmc_ward_code": "A", "lat": 18.90995, "lon": 72.825611 }, "geometry": { "type": "Polygon", "coordinates": [ [ [ 72.828012960614856, 18.907719607691799 ], [ 72.827954641808589, 18.912235230324317 ], [ 72.823209964983093, 18.912179658633015 ], [ 72.823268410937615, 18.90766405024797 ], [ 72.828012960614856, 18.907719607691799 ] ] ] } },
{ "type": "Feature", "properties": { "cell_id": "CELL_0351", "bmc_ward_code": "A", "lat": 18.914465, "lon": 72.825553 }, "geometry": { "type": "Polygon", "coordinates": [ [ [ 72.827954641808589, 18.912235230324317 ], [ 72.827896306454178, 18.916750850590375 ], [ 72.823151502444361, 18.916695264650855 ], [ 72.823209964983093, 18.912179658633015 ], [ 72.827954641808589, 18.912235230324317 ] ] ] } },
{ "type": "Feature", "properties": { "cell_id": "CELL_0352", "bmc_ward_code": "A", "lat": 18.918981, "lon": 72.825495 }, "geometry": { "type": "Polygon", "coordinates": [ [ [ 72.827896306454178, 18.916750850590375 ], [ 72.827837954549565, 18.921266468489456 ], [ 72.823093023319387, 18.921210868300989 ], [ 72.823151502444361, 18.916695264650855 ], [ 72.827896306454178, 18.916750850590375 ] ] ] } },
{ "type": "Feature", "properties": { "cell_id": "CELL_0353", "bmc_ward_code": "A", "lat": 18.923496, "lon": 72.825436 }, "geometry": { "type": "Polygon", "coordinates": [ [ [ 72.827837954549565, 18.921266468489456 ], [ 72.827779586092731, 18.925782084021087 ], [ 72.823034527606097, 18.925726469582919 ], [ 72.823093023319387, 18.921210868300989 ], [ 72.827837954549565, 18.921266468489456 ] ] ] } },
{ "type": "Feature", "properties": { "cell_id": "CELL_0354", "bmc_ward_code": "A", "lat": 18.928012, "lon": 72.825378 }, "geometry": { "type": "Polygon", "coordinates": [ [ [ 72.827779586092731, 18.925782084021087 ], [ 72.827721201081602, 18.930297697184738 ], [ 72.822976015302444, 18.930242068496145 ], [ 72.823034527606097, 18.925726469582919 ], [ 72.827779586092731, 18.925782084021087 ] ] ] } },
{ "type": "Feature", "properties": { "cell_id": "CELL_0355", "bmc_ward_code": "A", "lat": 18.932528, "lon": 72.825319 }, "geometry": { "type": "Polygon", "coordinates": [ [ [ 72.827721201081602, 18.930297697184738 ], [ 72.827662799514144, 18.93481330797994 ], [ 72.822917486406411, 18.934757665040173 ], [ 72.822976015302444, 18.930242068496145 ], [ 72.827721201081602, 18.930297697184738 ] ] ] } },
{ "type": "Feature", "properties": { "cell_id": "CELL_0356", "bmc_ward_code": "A", "lat": 18.937043, "lon": 72.825261 }, "geometry": { "type": "Polygon", "coordinates": [ [ [ 72.827662799514144, 18.93481330797994 ], [ 72.827604381388326, 18.939328916406179 ], [ 72.822858940915907, 18.939273259214502 ], [ 72.822917486406411, 18.934757665040173 ], [ 72.827662799514144, 18.93481330797994 ] ] ] } },
{ "type": "Feature", "properties": { "cell_id": "CELL_0357", "bmc_ward_code": "A", "lat": 18.941559, "lon": 72.825202 }, "geometry": { "type": "Polygon", "coordinates": [ [ [ 72.827604381388326, 18.939328916406179 ], [ 72.827545946702074, 18.943844522462964 ], [ 72.822800378828902, 18.943788851018638 ], [ 72.822858940915907, 18.939273259214502 ], [ 72.827604381388326, 18.939328916406179 ] ] ] } },
{ "type": "Feature", "properties": { "cell_id": "CELL_0358", "bmc_ward_code": "C", "lat": 18.946075, "lon": 72.825144 }, "geometry": { "type": "Polygon", "coordinates": [ [ [ 72.827545946702074, 18.943844522462964 ], [ 72.827487495453354, 18.948360126149801 ], [ 72.822741800143319, 18.948304440452088 ], [ 72.822800378828902, 18.943788851018638 ], [ 72.827545946702074, 18.943844522462964 ] ] ] } },
{ "type": "Feature", "properties": { "cell_id": "CELL_0359", "bmc_ward_code": "C", "lat": 18.95059, "lon": 72.825085 }, "geometry": { "type": "Polygon", "coordinates": [ [ [ 72.827487495453354, 18.948360126149801 ], [ 72.827429027640122, 18.952875727466179 ], [ 72.822683204857142, 18.952820027514338 ], [ 72.822741800143319, 18.948304440452088 ], [ 72.827487495453354, 18.948360126149801 ] ] ] } },
{ "type": "Feature", "properties": { "cell_id": "CELL_0360", "bmc_ward_code": "D", "lat": 18.955106, "lon": 72.825027 }, "geometry": { "type": "Polygon", "coordinates": [ [ [ 72.827429027640122, 18.952875727466179 ], [ 72.827370543260315, 18.957391326411624 ], [ 72.822624592968296, 18.957335612204918 ], [ 72.822683204857142, 18.952820027514338 ], [ 72.827429027640122, 18.952875727466179 ] ] ] } },
{ "type": "Feature", "properties": { "cell_id": "CELL_0361", "bmc_ward_code": "D", "lat": 18.959621, "lon": 72.824968 }, "geometry": { "type": "Polygon", "coordinates": [ [ [ 72.827370543260315, 18.957391326411624 ], [ 72.827312042311888, 18.961906922985619 ], [ 72.82256596447472, 18.961851194523305 ], [ 72.822624592968296, 18.957335612204918 ], [ 72.827370543260315, 18.957391326411624 ] ] ] } },
{ "type": "Feature", "properties": { "cell_id": "CELL_0362", "bmc_ward_code": "E", "lat": 18.964137, "lon": 72.82491 }, "geometry": { "type": "Polygon", "coordinates": [ [ [ 72.827312042311888, 18.961906922985619 ], [ 72.827253524792795, 18.96642251718767 ], [ 72.822507319374367, 18.966366774469002 ], [ 72.82256596447472, 18.961851194523305 ], [ 72.827312042311888, 18.961906922985619 ] ] ] } },
{ "type": "Feature", "properties": { "cell_id": "CELL_0363", "bmc_ward_code": "E", "lat": 18.968652, "lon": 72.824851 }, "geometry": { "type": "Polygon", "coordinates": [ [ [ 72.827253524792795, 18.96642251718767 ], [ 72.827194990700988, 18.97093810901729 ], [ 72.822448657665191, 18.970882352041532 ], [ 72.822507319374367, 18.966366774469002 ], [ 72.827253524792795, 18.96642251718767 ] ] ] } },
{ "type": "Feature", "properties": { "cell_id": "CELL_0364", "bmc_ward_code": "E", "lat": 18.973168, "lon": 72.824793 }, "geometry": { "type": "Polygon", "coordinates": [ [ [ 72.827194990700988, 18.97093810901729 ], [ 72.827136440034408, 18.975453698473974 ], [ 72.822389979345118, 18.975397927240383 ], [ 72.822448657665191, 18.970882352041532 ], [ 72.827194990700988, 18.97093810901729 ] ] ] } },
{ "type": "Feature", "properties": { "cell_id": "CELL_0365", "bmc_ward_code": "E", "lat": 18.977684, "lon": 72.824734 }, "geometry": { "type": "Polygon", "coordinates": [ [ [ 72.827136440034408, 18.975453698473974 ], [ 72.827077872790994, 18.979969285557225 ], [ 72.822331284412101, 18.979913500065059 ], [ 72.822389979345118, 18.975397927240383 ], [ 72.827136440034408, 18.975453698473974 ] ] ] } },
{ "type": "Feature", "properties": { "cell_id": "CELL_0366", "bmc_ward_code": "G/S", "lat": 18.982199, "lon": 72.824675 }, "geometry": { "type": "Polygon", "coordinates": [ [ [ 72.827077872790994, 18.979969285557225 ], [ 72.8270192889687, 18.984484870266545 ], [ 72.82227257286408, 18.98442907051507 ], [ 72.822331284412101, 18.979913500065059 ], [ 72.827077872790994, 18.979969285557225 ] ] ] } },
{ "type": "Feature", "properties": { "cell_id": "CELL_0367", "bmc_ward_code": "G/S", "lat": 18.986715, "lon": 72.824617 }, "geometry": { "type": "Polygon", "coordinates": [ [ [ 72.8270192889687, 18.984484870266545 ], [ 72.826960688565478, 18.989000452601449 ], [ 72.822213844698993, 18.988944638589913 ], [ 72.82227257286408, 18.98442907051507 ], [ 72.8270192889687, 18.984484870266545 ] ] ] } },
{ "type": "Feature", "properties": { "cell_id": "CELL_0368", "bmc_ward_code": "G/S", "lat": 18.99123, "lon": 72.824558 }, "geometry": { "type": "Polygon", "coordinates": [ [ [ 72.826960688565478, 18.989000452601449 ], [ 72.826902071579255, 18.993516032561427 ], [ 72.822155099914781, 18.993460204289093 ], [ 72.822213844698993, 18.988944638589913 ], [ 72.826960688565478, 18.989000452601449 ] ] ] } },
{ "type": "Feature", "properties": { "cell_id": "CELL_0369", "bmc_ward_code": "G/S", "lat": 18.995746, "lon": 72.824499 }, "geometry": { "type": "Polygon", "coordinates": [ [ [ 72.826902071579255, 18.993516032561427 ], [ 72.826843438008012, 18.998031610145979 ], [ 72.822096338509397, 18.9979757676121 ], [ 72.822155099914781, 18.993460204289093 ], [ 72.826902071579255, 18.993516032561427 ] ] ] } },
{ "type": "Feature", "properties": { "cell_id": "CELL_0370", "bmc_ward_code": "G/S", "lat": 19.000261, "lon": 72.824441 }, "geometry": { "type": "Polygon", "coordinates": [ [ [ 72.826843438008012, 18.998031610145979 ], [ 72.826784787849647, 19.002547185354629 ], [ 72.822037560480751, 19.002491328558467 ], [ 72.822096338509397, 18.9979757676121 ], [ 72.826843438008012, 18.998031610145979 ] ] ] } },
{ "type": "Feature", "properties": { "cell_id": "CELL_0371", "bmc_ward_code": "G/S", "lat": 19.004777, "lon": 72.824382 }, "geometry": { "type": "Polygon", "coordinates": [ [ [ 72.826784787849647, 19.002547185354629 ], [ 72.826726121102126, 19.007062758186851 ], [ 72.821978765826813, 19.00700688712767 ], [ 72.822037560480751, 19.002491328558467 ], [ 72.826784787849647, 19.002547185354629 ] ] ] } },
{ "type": "Feature", "properties": { "cell_id": "CELL_0372", "bmc_ward_code": "G/S", "lat": 19.009293, "lon": 72.824323 }, "geometry": { "type": "Polygon", "coordinates": [ [ [ 72.826726121102126, 19.007062758186851 ], [ 72.82666743776339, 19.011578328642184 ], [ 72.821919954545493, 19.011522443319222 ], [ 72.821978765826813, 19.00700688712767 ], [ 72.826726121102126, 19.007062758186851 ] ] ] } },
{ "type": "Feature", "properties": { "cell_id": "CELL_0373", "bmc_ward_code": "G/S", "lat": 19.013808, "lon": 72.824264 }, "geometry": { "type": "Polygon", "coordinates": [ [ [ 72.82666743776339, 19.011578328642184 ], [ 72.826608737831393, 19.016093896720093 ], [ 72.821861126634744, 19.016037997132631 ], [ 72.821919954545493, 19.011522443319222 ], [ 72.82666743776339, 19.011578328642184 ] ] ] } },
{ "type": "Feature", "properties": { "cell_id": "CELL_0374", "bmc_ward_code": "UNKNOWN", "lat": 19.018324, "lon": 72.824206 }, "geometry": { "type": "Polygon", "coordinates": [ [ [ 72.826608737831393, 19.016093896720093 ], [ 72.826550021304044, 19.020609462420111 ], [ 72.821802282092506, 19.020553548567381 ], [ 72.821861126634744, 19.016037997132631 ], [ 72.826608737831393, 19.016093896720093 ] ] ] } },
{ "type": "Feature", "properties": { "cell_id": "CELL_0375", "bmc_ward_code": "UNKNOWN", "lat": 19.040902, "lon": 72.823911 }, "geometry": { "type": "Polygon", "coordinates": [ [ [ 72.826314989200114, 19.03867170143123 ], [ 72.826256189665187, 19.04318725523429 ], [ 72.821507809836561, 19.043131270044121 ], [ 72.821566737567267, 19.038615730510042 ], [ 72.826314989200114, 19.03867170143123 ] ] ] } },
{ "type": "Feature", "properties": { "cell_id": "CELL_0376", "bmc_ward_code": "H/W", "lat": 19.045417, "lon": 72.823853 }, "geometry": { "type": "Polygon", "coordinates": [ [ [ 72.826256189665187, 19.04318725523429 ], [ 72.826197373522547, 19.047702806656467 ], [ 72.821448865461974, 19.047646807196585 ], [ 72.821507809836561, 19.043131270044121 ], [ 72.826256189665187, 19.04318725523429 ] ] ] } },
{ "type": "Feature", "properties": { "cell_id": "CELL_0377", "bmc_ward_code": "H/W", "lat": 19.049933, "lon": 72.823794 }, "geometry": { "type": "Polygon", "coordinates": [ [ [ 72.826197373522547, 19.047702806656467 ], [ 72.826138540770131, 19.052218355697274 ], [ 72.821389904441403, 19.052162341966927 ], [ 72.821448865461974, 19.047646807196585 ], [ 72.826197373522547, 19.047702806656467 ] ] ] } },
{ "type": "Feature", "properties": { "cell_id": "CELL_0378", "bmc_ward_code": "H/W", "lat": 19.054448, "lon": 72.823735 }, "geometry": { "type": "Polygon", "coordinates": [ [ [ 72.826138540770131, 19.052218355697274 ], [ 72.826079691405894, 19.056733902356207 ], [ 72.821330926772816, 19.056677874354648 ], [ 72.821389904441403, 19.052162341966927 ], [ 72.826138540770131, 19.052218355697274 ] ] ] } },
{ "type": "Feature", "properties": { "cell_id": "CELL_0379", "bmc_ward_code": "H/W", "lat": 19.058964, "lon": 72.823676 }, "geometry": { "type": "Polygon", "coordinates": [ [ [ 72.826079691405894, 19.056733902356207 ], [ 72.826020825427747, 19.061249446632779 ], [ 72.82127193245411, 19.061193404359251 ], [ 72.821330926772816, 19.056677874354648 ], [ 72.826079691405894, 19.056733902356207 ] ] ] } },
{ "type": "Feature", "properties": { "cell_id": "CELL_0380", "bmc_ward_code": "H/W", "lat": 19.063479, "lon": 72.823617 }, "geometry": { "type": "Polygon", "coordinates": [ [ [ 72.826020825427747, 19.061249446632779 ], [ 72.825961942833644, 19.065764988526478 ], [ 72.821212921483237, 19.065708931980257 ], [ 72.82127193245411, 19.061193404359251 ], [ 72.826020825427747, 19.061249446632779 ] ] ] } },
{ "type": "Feature", "properties": { "cell_id": "CELL_0381", "bmc_ward_code": "H/W", "lat": 19.067995, "lon": 72.823558 }, "geometry": { "type": "Polygon", "coordinates": [ [ [ 72.825961942833644, 19.065764988526478 ], [ 72.82590304362148, 19.070280528036815 ], [ 72.821153893858124, 19.070224457217147 ], [ 72.821212921483237, 19.065708931980257 ], [ 72.825961942833644, 19.065764988526478 ] ] ] } },
{ "type": "Feature", "properties": { "cell_id": "CELL_0382", "bmc_ward_code": "H/W", "lat": 19.07251, "lon": 72.823499 }, "geometry": { "type": "Polygon", "coordinates": [ [ [ 72.82590304362148, 19.070280528036815 ], [ 72.825844127789239, 19.074796065163305 ], [ 72.821094849576681, 19.074739980069435 ], [ 72.821153893858124, 19.070224457217147 ], [ 72.82590304362148, 19.070280528036815 ] ] ] } },
{ "type": "Feature", "properties": { "cell_id": "CELL_0383", "bmc_ward_code": "H/W", "lat": 19.077026, "lon": 72.82344 }, "geometry": { "type": "Polygon", "coordinates": [ [ [ 72.825844127789239, 19.074796065163305 ], [ 72.825785195334817, 19.079311599905434 ], [ 72.821035788636863, 19.079255500536625 ], [ 72.821094849576681, 19.074739980069435 ], [ 72.825844127789239, 19.074796065163305 ] ] ] } },
{ "type": "Feature", "properties": { "cell_id": "CELL_0384", "bmc_ward_code": "H/W", "lat": 19.081541, "lon": 72.823381 }, "geometry": { "type": "Polygon", "coordinates": [ [ [ 72.825785195334817, 19.079311599905434 ], [ 72.825726246256153, 19.083827132262719 ], [ 72.820976711036565, 19.083771018618219 ], [ 72.821035788636863, 19.079255500536625 ], [ 72.825785195334817, 19.079311599905434 ] ] ] } },
{ "type": "Feature", "properties": { "cell_id": "CELL_0385", "bmc_ward_code": "UNKNOWN", "lat": 19.086057, "lon": 72.823322 }, "geometry": { "type": "Polygon", "coordinates": [ [ [ 72.825726246256153, 19.083827132262719 ], [ 72.825667280551187, 19.088342662234663 ], [ 72.820917616773741, 19.088286534313731 ], [ 72.820976711036565, 19.083771018618219 ], [ 72.825726246256153, 19.083827132262719 ] ] ] } },
{ "type": "Feature", "properties": { "cell_id": "CELL_0386", "bmc_ward_code": "UNKNOWN", "lat": 19.099603, "lon": 72.823145 }, "geometry": { "type": "Polygon", "coordinates": [ [ [ 72.825549299254021, 19.097373715020531 ], [ 72.825490283657686, 19.101889237833465 ], [ 72.820740233989241, 19.101833067078744 ], [ 72.820799378252147, 19.097317558544489 ], [ 72.825549299254021, 19.097373715020531 ] ] ] } },
{ "type": "Feature", "properties": { "cell_id": "CELL_0387", "bmc_ward_code": "UNKNOWN", "lat": 19.104119, "lon": 72.823086 }, "geometry": { "type": "Polygon", "coordinates": [ [ [ 72.825490283657686, 19.101889237833465 ], [ 72.82543125142675, 19.106404758259078 ], [ 72.820681073055496, 19.106348573224931 ], [ 72.820740233989241, 19.101833067078744 ], [ 72.825490283657686, 19.101889237833465 ] ] ] } },
{ "type": "Feature", "properties": { "cell_id": "CELL_0388", "bmc_ward_code": "UNKNOWN", "lat": 19.108634, "lon": 72.823027 }, "geometry": { "type": "Polygon", "coordinates": [ [ [ 72.82543125142675, 19.106404758259078 ], [ 72.825372202559151, 19.110920276296863 ], [ 72.820621895448824, 19.110864076982537 ], [ 72.820681073055496, 19.106348573224931 ], [ 72.82543125142675, 19.106404758259078 ] ] ] } },
{ "type": "Feature", "properties": { "cell_id": "CELL_0389", "bmc_ward_code": "K/W", "lat": 19.11315, "lon": 72.822967 }, "geometry": { "type": "Polygon", "coordinates": [ [ [ 72.825372202559151, 19.110920276296863 ], [ 72.825313137052802, 19.115435791946329 ], [ 72.820562701167148, 19.115379578351085 ], [ 72.820621895448824, 19.110864076982537 ], [ 72.825372202559151, 19.110920276296863 ] ] ] } },
{ "type": "Feature", "properties": { "cell_id": "CELL_0390", "bmc_ward_code": "K/W", "lat": 19.117665, "lon": 72.822908 }, "geometry": { "type": "Polygon", "coordinates": [ [ [ 72.825313137052802, 19.115435791946329 ], [ 72.825254054905628, 19.119951305206989 ], [ 72.820503490208395, 19.119895077330078 ], [ 72.820562701167148, 19.115379578351085 ], [ 72.825313137052802, 19.115435791946329 ] ] ] } },
{ "type": "Feature", "properties": { "cell_id": "CELL_0391", "bmc_ward_code": "K/W", "lat": 19.122181, "lon": 72.822849 }, "geometry": { "type": "Polygon", "coordinates": [ [ [ 72.825254054905628, 19.119951305206989 ], [ 72.825194956115553, 19.124466816078336 ], [ 72.820444262570462, 19.124410573918997 ], [ 72.820503490208395, 19.119895077330078 ], [ 72.825254054905628, 19.119951305206989 ] ] ] } },
{ "type": "Feature", "properties": { "cell_id": "CELL_0392", "bmc_ward_code": "K/W", "lat": 19.126696, "lon": 72.82279 }, "geometry": { "type": "Polygon", "coordinates": [ [ [ 72.825194956115553, 19.124466816078336 ], [ 72.825135840680517, 19.128982324559882 ], [ 72.820385018251301, 19.128926068117377 ], [ 72.820444262570462, 19.124410573918997 ], [ 72.825194956115553, 19.124466816078336 ] ] ] } },
{ "type": "Feature", "properties": { "cell_id": "CELL_0393", "bmc_ward_code": "K/W", "lat": 19.131212, "lon": 72.822731 }, "geometry": { "type": "Polygon", "coordinates": [ [ [ 72.825135840680517, 19.128982324559882 ], [ 72.825076708598417, 19.133497830651127 ], [ 72.82032575724881, 19.133441559924709 ], [ 72.820385018251301, 19.128926068117377 ], [ 72.825135840680517, 19.128982324559882 ] ] ] } },
{ "type": "Feature", "properties": { "cell_id": "CELL_0394", "bmc_ward_code": "K/W", "lat": 19.135727, "lon": 72.822672 }, "geometry": { "type": "Polygon", "coordinates": [ [ [ 72.825076708598417, 19.133497830651127 ], [ 72.825017559867206, 19.138013334351577 ], [ 72.820266479560928, 19.137957049340482 ], [ 72.82032575724881, 19.133441559924709 ], [ 72.825076708598417, 19.133497830651127 ] ] ] } },
{ "type": "Feature", "properties": { "cell_id": "CELL_0395", "bmc_ward_code": "K/W", "lat": 19.140243, "lon": 72.822612 }, "geometry": { "type": "Polygon", "coordinates": [ [ [ 72.825017559867206, 19.138013334351577 ], [ 72.824958394484767, 19.142528835660734 ], [ 72.820207185185538, 19.142472536364227 ], [ 72.820266479560928, 19.137957049340482 ], [ 72.825017559867206, 19.138013334351577 ] ] ] } },
{ "type": "Feature", "properties": { "cell_id": "CELL_0396", "bmc_ward_code": "K/W", "lat": 19.144758, "lon": 72.822553 }, "geometry": { "type": "Polygon", "coordinates": [ [ [ 72.824958394484767, 19.142528835660734 ], [ 72.824899212449054, 19.147044334578105 ], [ 72.820147874120579, 19.146988020995433 ], [ 72.820207185185538, 19.142472536364227 ], [ 72.824958394484767, 19.142528835660734 ] ] ] } },
{ "type": "Feature", "properties": { "cell_id": "CELL_0397", "bmc_ward_code": "K/W", "lat": 19.149274, "lon": 72.822494 }, "geometry": { "type": "Polygon", "coordinates": [ [ [ 72.824899212449054, 19.147044334578105 ], [ 72.824840013757964, 19.151559831103203 ], [ 72.820088546363962, 19.151503503233609 ], [ 72.820147874120579, 19.146988020995433 ], [ 72.824899212449054, 19.147044334578105 ] ] ] } },
{ "type": "Feature", "properties": { "cell_id": "CELL_0398", "bmc_ward_code": "P/S", "lat": 19.153789, "lon": 72.822435 }, "geometry": { "type": "Polygon", "coordinates": [ [ [ 72.824840013757964, 19.151559831103203 ], [ 72.824780798409435, 19.15607532523552 ], [ 72.820029201913599, 19.156018983078262 ], [ 72.820088546363962, 19.151503503233609 ], [ 72.824840013757964, 19.151559831103203 ] ] ] } },
{ "type": "Feature", "properties": { "cell_id": "CELL_0399", "bmc_ward_code": "P/S", "lat": 19.158305, "lon": 72.822375 }, "geometry": { "type": "Polygon", "coordinates": [ [ [ 72.824780798409435, 19.15607532523552 ], [ 72.824721566401365, 19.160590816974569 ], [ 72.819969840767399, 19.160534460528893 ], [ 72.820029201913599, 19.156018983078262 ], [ 72.824780798409435, 19.15607532523552 ] ] ] } },
{ "type": "Feature", "properties": { "cell_id": "CELL_0400", "bmc_ward_code": "P/S", "lat": 19.16282, "lon": 72.822316 }, "geometry": { "type": "Polygon", "coordinates": [ [ [ 72.824721566401365, 19.160590816974569 ], [ 72.824662317731693, 19.165106306319853 ], [ 72.819910462923289, 19.165049935585003 ], [ 72.819969840767399, 19.160534460528893 ], [ 72.824721566401365, 19.160590816974569 ] ] ] } },
{ "type": "Feature", "properties": { "cell_id": "CELL_0401", "bmc_ward_code": "P/N", "lat": 19.167336, "lon": 72.822257 }, "geometry": { "type": "Polygon", "coordinates": [ [ [ 72.824662317731693, 19.165106306319853 ], [ 72.824603052398317, 19.169621793270874 ], [ 72.81985106837918, 19.169565408246104 ], [ 72.819910462923289, 19.165049935585003 ], [ 72.824662317731693, 19.165106306319853 ] ] ] } },
{ "type": "Feature", "properties": { "cell_id": "CELL_0402", "bmc_ward_code": "P/N", "lat": 19.171851, "lon": 72.822197 }, "geometry": { "type": "Polygon", "coordinates": [ [ [ 72.824603052398317, 19.169621793270874 ], [ 72.824543770399174, 19.174137277827139 ], [ 72.819791657132953, 19.174080878511695 ], [ 72.81985106837918, 19.169565408246104 ], [ 72.824603052398317, 19.169621793270874 ] ] ] } },
{ "type": "Feature", "properties": { "cell_id": "CELL_0403", "bmc_ward_code": "P/N", "lat": 19.176367, "lon": 72.822138 }, "geometry": { "type": "Polygon", "coordinates": [ [ [ 72.824543770399174, 19.174137277827139 ], [ 72.824484471732148, 19.178652759988147 ], [ 72.819732229182563, 19.178596346381287 ], [ 72.819791657132953, 19.174080878511695 ], [ 72.824543770399174, 19.174137277827139 ] ] ] } },
{ "type": "Feature", "properties": { "cell_id": "CELL_0404", "bmc_ward_code": "P/N", "lat": 19.180882, "lon": 72.822079 }, "geometry": { "type": "Polygon", "coordinates": [ [ [ 72.824484471732148, 19.178652759988147 ], [ 72.824425156395193, 19.183168239753417 ], [ 72.819672784525892, 19.183111811854381 ], [ 72.819732229182563, 19.178596346381287 ], [ 72.824484471732148, 19.178652759988147 ] ] ] } },
{ "type": "Feature", "properties": { "cell_id": "CELL_0405", "bmc_ward_code": "P/N", "lat": 19.185398, "lon": 72.822019 }, "geometry": { "type": "Polygon", "coordinates": [ [ [ 72.824425156395193, 19.183168239753417 ], [ 72.824365824386206, 19.18768371712245 ], [ 72.81961332316088, 19.187627274930488 ], [ 72.819672784525892, 19.183111811854381 ], [ 72.824425156395193, 19.183168239753417 ] ] ] } },
{ "type": "Feature", "properties": { "cell_id": "CELL_0406", "bmc_ward_code": "P/N", "lat": 19.189913, "lon": 72.82196 }, "geometry": { "type": "Polygon", "coordinates": [ [ [ 72.824365824386206, 19.18768371712245 ], [ 72.824306475703082, 19.192199192094741 ], [ 72.819553845085395, 19.192142735609103 ], [ 72.81961332316088, 19.187627274930488 ], [ 72.824365824386206, 19.18768371712245 ] ] ] } },
{ "type": "Feature", "properties": { "cell_id": "CELL_0407", "bmc_ward_code": "P/N", "lat": 19.194429, "lon": 72.8219 }, "geometry": { "type": "Polygon", "coordinates": [ [ [ 72.824306475703082, 19.192199192094741 ], [ 72.824247110343762, 19.196714664669809 ], [ 72.819494350297376, 19.196658193889732 ], [ 72.819553845085395, 19.192142735609103 ], [ 72.824306475703082, 19.192199192094741 ] ] ] } },
{ "type": "Feature", "properties": { "cell_id": "CELL_0408", "bmc_ward_code": "P/N", "lat": 19.198944, "lon": 72.821841 }, "geometry": { "type": "Polygon", "coordinates": [ [ [ 72.824247110343762, 19.196714664669809 ], [ 72.824187728306143, 19.201230134847147 ], [ 72.819434838794706, 19.201173649771889 ], [ 72.819494350297376, 19.196658193889732 ], [ 72.824247110343762, 19.196714664669809 ] ] ] } },
{ "type": "Feature", "properties": { "cell_id": "CELL_0409", "bmc_ward_code": "P/N", "lat": 19.20346, "lon": 72.821782 }, "geometry": { "type": "Polygon", "coordinates": [ [ [ 72.824187728306143, 19.201230134847147 ], [ 72.824128329588135, 19.205745602626273 ], [ 72.81937531057531, 19.205689103255068 ], [ 72.819434838794706, 19.201173649771889 ], [ 72.824187728306143, 19.201230134847147 ] ] ] } },
{ "type": "Feature", "properties": { "cell_id": "CELL_0410", "bmc_ward_code": "R/S", "lat": 19.207975, "lon": 72.821722 }, "geometry": { "type": "Polygon", "coordinates": [ [ [ 72.824128329588135, 19.205745602626273 ], [ 72.824068914187663, 19.210261068006677 ], [ 72.819315765637086, 19.210204554338791 ], [ 72.81937531057531, 19.205689103255068 ], [ 72.824128329588135, 19.205745602626273 ] ] ] } },
{ "type": "Feature", "properties": { "cell_id": "CELL_0411", "bmc_ward_code": "R/S", "lat": 19.212491, "lon": 72.821663 }, "geometry": { "type": "Polygon", "coordinates": [ [ [ 72.824068914187663, 19.210261068006677 ], [ 72.82400948210261, 19.214776530987884 ], [ 72.819256203977943, 19.214720003022549 ], [ 72.819315765637086, 19.210204554338791 ], [ 72.824068914187663, 19.210261068006677 ] ] ] } },
{ "type": "Feature", "properties": { "cell_id": "CELL_0412", "bmc_ward_code": "R/C", "lat": 19.217006, "lon": 72.821603 }, "geometry": { "type": "Polygon", "coordinates": [ [ [ 72.82400948210261, 19.214776530987884 ], [ 72.823950033330917, 19.219291991569378 ], [ 72.819196625595794, 19.219235449305842 ], [ 72.819256203977943, 19.214720003022549 ], [ 72.82400948210261, 19.214776530987884 ] ] ] } },
{ "type": "Feature", "properties": { "cell_id": "CELL_0413", "bmc_ward_code": "R/C", "lat": 19.221521, "lon": 72.821544 }, "geometry": { "type": "Polygon", "coordinates": [ [ [ 72.823950033330917, 19.219291991569378 ], [ 72.823890567870464, 19.22380744975068 ], [ 72.819137030488534, 19.223750893188189 ], [ 72.819196625595794, 19.219235449305842 ], [ 72.823950033330917, 19.219291991569378 ] ] ] } },
{ "type": "Feature", "properties": { "cell_id": "CELL_0414", "bmc_ward_code": "R/C", "lat": 19.226037, "lon": 72.821484 }, "geometry": { "type": "Polygon", "coordinates": [ [ [ 72.823890567870464, 19.22380744975068 ], [ 72.823831085719178, 19.228322905531286 ], [ 72.819077418654061, 19.228266334669097 ], [ 72.819137030488534, 19.223750893188189 ], [ 72.823890567870464, 19.22380744975068 ] ] ] } },
{ "type": "Feature", "properties": { "cell_id": "CELL_0415", "bmc_ward_code": "R/C", "lat": 19.230552, "lon": 72.821424 }, "geometry": { "type": "Polygon", "coordinates": [ [ [ 72.823831085719178, 19.228322905531286 ], [ 72.823771586874955, 19.232838358910712 ], [ 72.819017790090285, 19.232781773748059 ], [ 72.819077418654061, 19.228266334669097 ], [ 72.823831085719178, 19.228322905531286 ] ] ] } },
{ "type": "Feature", "properties": { "cell_id": "CELL_0416", "bmc_ward_code": "R/C", "lat": 19.235068, "lon": 72.821365 }, "geometry": { "type": "Polygon", "coordinates": [ [ [ 72.823771586874955, 19.232838358910712 ], [ 72.82371207133572, 19.237353809888454 ], [ 72.81895814479509, 19.237297210424586 ], [ 72.819017790090285, 19.232781773748059 ], [ 72.823771586874955, 19.232838358910712 ] ] ] } },
{ "type": "Feature", "properties": { "cell_id": "CELL_0417", "bmc_ward_code": "R/C", "lat": 19.239583, "lon": 72.821305 }, "geometry": { "type": "Polygon", "coordinates": [ [ [ 72.82371207133572, 19.237353809888454 ], [ 72.823652539099356, 19.241869258464021 ], [ 72.818898482766414, 19.241812644698182 ], [ 72.81895814479509, 19.237297210424586 ], [ 72.82371207133572, 19.237353809888454 ] ] ] } },
{ "type": "Feature", "properties": { "cell_id": "CELL_0418", "bmc_ward_code": "R/C", "lat": 19.244099, "lon": 72.821246 }, "geometry": { "type": "Polygon", "coordinates": [ [ [ 72.823652539099356, 19.241869258464021 ], [ 72.823592990163775, 19.24638470463692 ], [ 72.818838804002127, 19.246328076568357 ], [ 72.818898482766414, 19.241812644698182 ], [ 72.823652539099356, 19.241869258464021 ] ] ] } },
{ "type": "Feature", "properties": { "cell_id": "CELL_0419", "bmc_ward_code": "UNKNOWN", "lat": 19.248614, "lon": 72.821186 }, "geometry": { "type": "Polygon", "coordinates": [ [ [ 72.823592990163775, 19.24638470463692 ], [ 72.823533424526872, 19.250900148406657 ], [ 72.818779108500124, 19.250843506034617 ], [ 72.818838804002127, 19.246328076568357 ], [ 72.823592990163775, 19.24638470463692 ] ] ] } },
{ "type": "Feature", "properties": { "cell_id": "CELL_0420", "bmc_ward_code": "UNKNOWN", "lat": 18.910005, "lon": 72.830356 }, "geometry": { "type": "Polygon", "coordinates": [ [ [ 72.832757526838193, 18.907775044120068 ], [ 72.832699335182227, 18.912290680969043 ], [ 72.827954641808589, 18.912235230324317 ], [ 72.828012960614856, 18.907719607691799 ], [ 72.832757526838193, 18.907775044120068 ] ] ] } },
{ "type": "Feature", "properties": { "cell_id": "CELL_0421", "bmc_ward_code": "A", "lat": 18.914521, "lon": 72.830298 }, "geometry": { "type": "Polygon", "coordinates": [ [ [ 72.832699335182227, 18.912290680969043 ], [ 72.83264112701417, 18.916806315452291 ], [ 72.827896306454178, 18.916750850590375 ], [ 72.827954641808589, 18.912235230324317 ], [ 72.832699335182227, 18.912290680969043 ] ] ] } },
{ "type": "Feature", "properties": { "cell_id": "CELL_0422", "bmc_ward_code": "A", "lat": 18.919036, "lon": 72.83024 }, "geometry": { "type": "Polygon", "coordinates": [ [ [ 72.83264112701417, 18.916806315452291 ], [ 72.832582902331993, 18.9213219475693 ], [ 72.827837954549565, 18.921266468489456 ], [ 72.827896306454178, 18.916750850590375 ], [ 72.83264112701417, 18.916806315452291 ] ] ] } },
{ "type": "Feature", "properties": { "cell_id": "CELL_0423", "bmc_ward_code": "A", "lat": 18.923552, "lon": 72.830181 }, "geometry": { "type": "Polygon", "coordinates": [ [ [ 72.832582902331993, 18.9213219475693 ], [ 72.832524661133633, 18.925837577319584 ], [ 72.827779586092731, 18.925782084021087 ], [ 72.827837954549565, 18.921266468489456 ], [ 72.832582902331993, 18.9213219475693 ] ] ] } },
{ "type": "Feature", "properties": { "cell_id": "CELL_0424", "bmc_ward_code": "A", "lat": 18.928068, "lon": 72.830123 }, "geometry": { "type": "Polygon", "coordinates": [ [ [ 72.832524661133633, 18.925837577319584 ], [ 72.832466403417087, 18.930353204702644 ], [ 72.827721201081602, 18.930297697184738 ], [ 72.827779586092731, 18.925782084021087 ], [ 72.832524661133633, 18.925837577319584 ] ] ] } },
{ "type": "Feature", "properties": { "cell_id": "CELL_0425", "bmc_ward_code": "A", "lat": 18.932583, "lon": 72.830065 }, "geometry": { "type": "Polygon", "coordinates": [ [ [ 72.832466403417087, 18.930353204702644 ], [ 72.832408129180266, 18.934868829717978 ], [ 72.827662799514144, 18.93481330797994 ], [ 72.827721201081602, 18.930297697184738 ], [ 72.832466403417087, 18.930353204702644 ] ] ] } },
{ "type": "Feature", "properties": { "cell_id": "CELL_0426", "bmc_ward_code": "A", "lat": 18.937099, "lon": 72.830006 }, "geometry": { "type": "Polygon", "coordinates": [ [ [ 72.832408129180266, 18.934868829717978 ], [ 72.832349838421166, 18.939384452365093 ], [ 72.827604381388326, 18.939328916406179 ], [ 72.827662799514144, 18.93481330797994 ], [ 72.832408129180266, 18.934868829717978 ] ] ] } },
{ "type": "Feature", "properties": { "cell_id": "CELL_0427", "bmc_ward_code": "A", "lat": 18.941615, "lon": 72.829948 }, "geometry": { "type": "Polygon", "coordinates": [ [ [ 72.832349838421166, 18.939384452365093 ], [ 72.832291531137727, 18.943900072643494 ], [ 72.827545946702074, 18.943844522462964 ], [ 72.827604381388326, 18.939328916406179 ], [ 72.832349838421166, 18.939384452365093 ] ] ] } },
{ "type": "Feature", "properties": { "cell_id": "CELL_0428", "bmc_ward_code": "C", "lat": 18.94613, "lon": 72.82989 }, "geometry": { "type": "Polygon", "coordinates": [ [ [ 72.832291531137727, 18.943900072643494 ], [ 72.832233207327903, 18.948415690552682 ], [ 72.827487495453354, 18.948360126149801 ], [ 72.827545946702074, 18.943844522462964 ], [ 72.832291531137727, 18.943900072643494 ] ] ] } },
{ "type": "Feature", "properties": { "cell_id": "CELL_0429", "bmc_ward_code": "C", "lat": 18.950646, "lon": 72.829831 }, "geometry": { "type": "Polygon", "coordinates": [ [ [ 72.832233207327903, 18.948415690552682 ], [ 72.832174866989661, 18.952931306092147 ], [ 72.827429027640122, 18.952875727466179 ], [ 72.827487495453354, 18.948360126149801 ], [ 72.832233207327903, 18.948415690552682 ] ] ] } },
{ "type": "Feature", "properties": { "cell_id": "CELL_0430", "bmc_ward_code": "C", "lat": 18.955161, "lon": 72.829773 }, "geometry": { "type": "Polygon", "coordinates": [ [ [ 72.832174866989661, 18.952931306092147 ], [ 72.832116510120954, 18.957446919261422 ], [ 72.827370543260315, 18.957391326411624 ], [ 72.827429027640122, 18.952875727466179 ], [ 72.832174866989661, 18.952931306092147 ] ] ] } },
{ "type": "Feature", "properties": { "cell_id": "CELL_0431", "bmc_ward_code": "C", "lat": 18.959677, "lon": 72.829714 }, "geometry": { "type": "Polygon", "coordinates": [ [ [ 72.832116510120954, 18.957446919261422 ], [ 72.832058136719738, 18.961962530059978 ], [ 72.827312042311888, 18.961906922985619 ], [ 72.827370543260315, 18.957391326411624 ], [ 72.832116510120954, 18.957446919261422 ] ] ] } },
{ "type": "Feature", "properties": { "cell_id": "CELL_0432", "bmc_ward_code": "E", "lat": 18.964193, "lon": 72.829656 }, "geometry": { "type": "Polygon", "coordinates": [ [ [ 72.832058136719738, 18.961962530059978 ], [ 72.83199974678395, 18.966478138487343 ], [ 72.827253524792795, 18.96642251718767 ], [ 72.827312042311888, 18.961906922985619 ], [ 72.832058136719738, 18.961962530059978 ] ] ] } },
{ "type": "Feature", "properties": { "cell_id": "CELL_0433", "bmc_ward_code": "E", "lat": 18.968708, "lon": 72.829597 }, "geometry": { "type": "Polygon", "coordinates": [ [ [ 72.83199974678395, 18.966478138487343 ], [ 72.831941340311559, 18.970993744543001 ], [ 72.827194990700988, 18.97093810901729 ], [ 72.827253524792795, 18.96642251718767 ], [ 72.83199974678395, 18.966478138487343 ] ] ] } },
{ "type": "Feature", "properties": { "cell_id": "CELL_0434", "bmc_ward_code": "E", "lat": 18.973224, "lon": 72.829539 }, "geometry": { "type": "Polygon", "coordinates": [ [ [ 72.831941340311559, 18.970993744543001 ], [ 72.831882917300518, 18.975509348226471 ], [ 72.827136440034408, 18.975453698473974 ], [ 72.827194990700988, 18.97093810901729 ], [ 72.831941340311559, 18.970993744543001 ] ] ] } },
{ "type": "Feature", "properties": { "cell_id": "CELL_0435", "bmc_ward_code": "E", "lat": 18.977739, "lon": 72.82948 }, "geometry": { "type": "Polygon", "coordinates": [ [ [ 72.831882917300518, 18.975509348226471 ], [ 72.831824477748768, 18.980024949537246 ], [ 72.827077872790994, 18.979969285557225 ], [ 72.827136440034408, 18.975453698473974 ], [ 72.831882917300518, 18.975509348226471 ] ] ] } },
{ "type": "Feature", "properties": { "cell_id": "CELL_0436", "bmc_ward_code": "E", "lat": 18.982255, "lon": 72.829422 }, "geometry": { "type": "Polygon", "coordinates": [ [ [ 72.831824477748768, 18.980024949537246 ], [ 72.831766021654261, 18.984540548474833 ], [ 72.8270192889687, 18.984484870266545 ], [ 72.827077872790994, 18.979969285557225 ], [ 72.831824477748768, 18.980024949537246 ] ] ] } },
{ "type": "Feature", "properties": { "cell_id": "CELL_0437", "bmc_ward_code": "G/S", "lat": 18.986771, "lon": 72.829363 }, "geometry": { "type": "Polygon", "coordinates": [ [ [ 72.831766021654261, 18.984540548474833 ], [ 72.831707549014951, 18.989056145038738 ], [ 72.826960688565478, 18.989000452601449 ], [ 72.8270192889687, 18.984484870266545 ], [ 72.831766021654261, 18.984540548474833 ] ] ] } },
{ "type": "Feature", "properties": { "cell_id": "CELL_0438", "bmc_ward_code": "G/S", "lat": 18.991286, "lon": 72.829305 }, "geometry": { "type": "Polygon", "coordinates": [ [ [ 72.831707549014951, 18.989056145038738 ], [ 72.831649059828791, 18.993571739228457 ], [ 72.826902071579255, 18.993516032561427 ], [ 72.826960688565478, 18.989000452601449 ], [ 72.831707549014951, 18.989056145038738 ] ] ] } },
{ "type": "Feature", "properties": { "cell_id": "CELL_0439", "bmc_ward_code": "G/S", "lat": 18.995802, "lon": 72.829246 }, "geometry": { "type": "Polygon", "coordinates": [ [ [ 72.831649059828791, 18.993571739228457 ], [ 72.831590554093722, 18.998087331043504 ], [ 72.826843438008012, 18.998031610145979 ], [ 72.826902071579255, 18.993516032561427 ], [ 72.831649059828791, 18.993571739228457 ] ] ] } },
{ "type": "Feature", "properties": { "cell_id": "CELL_0440", "bmc_ward_code": "G/S", "lat": 19.000317, "lon": 72.829188 }, "geometry": { "type": "Polygon", "coordinates": [ [ [ 72.831590554093722, 18.998087331043504 ], [ 72.831532031807697, 19.002602920483376 ], [ 72.826784787849647, 19.002547185354629 ], [ 72.826843438008012, 18.998031610145979 ], [ 72.831590554093722, 18.998087331043504 ] ] ] } },
{ "type": "Feature", "properties": { "cell_id": "CELL_0441", "bmc_ward_code": "G/S", "lat": 19.004833, "lon": 72.829129 }, "geometry": { "type": "Polygon", "coordinates": [ [ [ 72.831532031807697, 19.002602920483376 ], [ 72.831473492968669, 19.007118507547567 ], [ 72.826726121102126, 19.007062758186851 ], [ 72.826784787849647, 19.002547185354629 ], [ 72.831532031807697, 19.002602920483376 ] ] ] } },
{ "type": "Feature", "properties": { "cell_id": "CELL_0442", "bmc_ward_code": "G/S", "lat": 19.009348, "lon": 72.82907 }, "geometry": { "type": "Polygon", "coordinates": [ [ [ 72.831473492968669, 19.007118507547567 ], [ 72.831414937574579, 19.0116340922356 ], [ 72.82666743776339, 19.011578328642184 ], [ 72.826726121102126, 19.007062758186851 ], [ 72.831473492968669, 19.007118507547567 ] ] ] } },
{ "type": "Feature", "properties": { "cell_id": "CELL_0443", "bmc_ward_code": "G/S", "lat": 19.013864, "lon": 72.829012 }, "geometry": { "type": "Polygon", "coordinates": [ [ [ 72.831414937574579, 19.0116340922356 ], [ 72.831356365623364, 19.01614967454697 ], [ 72.826608737831393, 19.016093896720093 ], [ 72.82666743776339, 19.011578328642184 ], [ 72.831414937574579, 19.0116340922356 ] ] ] } },
{ "type": "Feature", "properties": { "cell_id": "CELL_0444", "bmc_ward_code": "G/N", "lat": 19.01838, "lon": 72.828953 }, "geometry": { "type": "Polygon", "coordinates": [ [ [ 72.831356365623364, 19.01614967454697 ], [ 72.831297777112979, 19.020665254481177 ], [ 72.826550021304044, 19.020609462420111 ], [ 72.826608737831393, 19.016093896720093 ], [ 72.831356365623364, 19.01614967454697 ] ] ] } },
{ "type": "Feature", "properties": { "cell_id": "CELL_0445", "bmc_ward_code": "UNKNOWN", "lat": 19.022895, "lon": 72.828895 }, "geometry": { "type": "Polygon", "coordinates": [ [ [ 72.831297777112979, 19.020665254481177 ], [ 72.831239172041364, 19.025180832037726 ], [ 72.826491288179298, 19.02512502574173 ], [ 72.826550021304044, 19.020609462420111 ], [ 72.831297777112979, 19.020665254481177 ] ] ] } },
{ "type": "Feature", "properties": { "cell_id": "CELL_0446", "bmc_ward_code": "H/W", "lat": 19.045473, "lon": 72.828601 }, "geometry": { "type": "Polygon", "coordinates": [ [ [ 72.8310045861015, 19.043243118477449 ], [ 72.83094589819288, 19.047758684138287 ], [ 72.826197373522547, 19.047702806656467 ], [ 72.826256189665187, 19.04318725523429 ], [ 72.8310045861015, 19.043243118477449 ] ] ] } },
{ "type": "Feature", "properties": { "cell_id": "CELL_0447", "bmc_ward_code": "H/W", "lat": 19.049989, "lon": 72.828542 }, "geometry": { "type": "Polygon", "coordinates": [ [ [ 72.83094589819288, 19.047758684138287 ], [ 72.830887193710694, 19.052274247418485 ], [ 72.826138540770131, 19.052218355697274 ], [ 72.826197373522547, 19.047702806656467 ], [ 72.83094589819288, 19.047758684138287 ] ] ] } },
{ "type": "Feature", "properties": { "cell_id": "CELL_0448", "bmc_ward_code": "H/W", "lat": 19.054504, "lon": 72.828483 }, "geometry": { "type": "Polygon", "coordinates": [ [ [ 72.830887193710694, 19.052274247418485 ], [ 72.830828472652868, 19.056789808317554 ], [ 72.826079691405894, 19.056733902356207 ], [ 72.826138540770131, 19.052218355697274 ], [ 72.830887193710694, 19.052274247418485 ] ] ] } },
{ "type": "Feature", "properties": { "cell_id": "CELL_0449", "bmc_ward_code": "H/W", "lat": 19.05902, "lon": 72.828425 }, "geometry": { "type": "Polygon", "coordinates": [ [ [ 72.830828472652868, 19.056789808317554 ], [ 72.830769735017341, 19.061305366834993 ], [ 72.826020825427747, 19.061249446632779 ], [ 72.826079691405894, 19.056733902356207 ], [ 72.830828472652868, 19.056789808317554 ] ] ] } },
{ "type": "Feature", "properties": { "cell_id": "CELL_0450", "bmc_ward_code": "H/W", "lat": 19.063535, "lon": 72.828366 }, "geometry": { "type": "Polygon", "coordinates": [ [ [ 72.830769735017341, 19.061305366834993 ], [ 72.830710980802067, 19.065820922970328 ], [ 72.825961942833644, 19.065764988526478 ], [ 72.826020825427747, 19.061249446632779 ], [ 72.830769735017341, 19.061305366834993 ] ] ] } },
{ "type": "Feature", "properties": { "cell_id": "CELL_0451", "bmc_ward_code": "H/W", "lat": 19.068051, "lon": 72.828307 }, "geometry": { "type": "Polygon", "coordinates": [ [ [ 72.830710980802067, 19.065820922970328 ], [ 72.830652210004956, 19.070336476723032 ], [ 72.82590304362148, 19.070280528036815 ], [ 72.825961942833644, 19.065764988526478 ], [ 72.830710980802067, 19.065820922970328 ] ] ] } },
{ "type": "Feature", "properties": { "cell_id": "CELL_0452", "bmc_ward_code": "H/W", "lat": 19.072566, "lon": 72.828248 }, "geometry": { "type": "Polygon", "coordinates": [ [ [ 72.830652210004956, 19.070336476723032 ], [ 72.830593422623963, 19.074852028092632 ], [ 72.825844127789239, 19.074796065163305 ], [ 72.82590304362148, 19.070280528036815 ], [ 72.830652210004956, 19.070336476723032 ] ] ] } },
{ "type": "Feature", "properties": { "cell_id": "CELL_0453", "bmc_ward_code": "H/W", "lat": 19.077082, "lon": 72.828189 }, "geometry": { "type": "Polygon", "coordinates": [ [ [ 72.830593422623963, 19.074852028092632 ], [ 72.830534618657012, 19.079367577078621 ], [ 72.825785195334817, 19.079311599905434 ], [ 72.825844127789239, 19.074796065163305 ], [ 72.830593422623963, 19.074852028092632 ] ] ] } },
{ "type": "Feature", "properties": { "cell_id": "CELL_0454", "bmc_ward_code": "H/W", "lat": 19.081597, "lon": 72.82813 }, "geometry": { "type": "Polygon", "coordinates": [ [ [ 72.830534618657012, 19.079367577078621 ], [ 72.830475798102057, 19.083883123680511 ], [ 72.825726246256153, 19.083827132262719 ], [ 72.825785195334817, 19.079311599905434 ], [ 72.830534618657012, 19.079367577078621 ] ] ] } },
{ "type": "Feature", "properties": { "cell_id": "CELL_0455", "bmc_ward_code": "K/W", "lat": 19.086113, "lon": 72.828072 }, "geometry": { "type": "Polygon", "coordinates": [ [ [ 72.830475798102057, 19.083883123680511 ], [ 72.83041696095701, 19.088398667897799 ], [ 72.825667280551187, 19.088342662234663 ], [ 72.825726246256153, 19.083827132262719 ], [ 72.830475798102057, 19.083883123680511 ] ] ] } },
{ "type": "Feature", "properties": { "cell_id": "CELL_0456", "bmc_ward_code": "K/W", "lat": 19.090628, "lon": 72.828013 }, "geometry": { "type": "Polygon", "coordinates": [ [ [ 72.83041696095701, 19.088398667897799 ], [ 72.830358107219823, 19.092914209729994 ], [ 72.82560829821783, 19.09285818982077 ], [ 72.825667280551187, 19.088342662234663 ], [ 72.83041696095701, 19.088398667897799 ] ] ] } },
{ "type": "Feature", "properties": { "cell_id": "CELL_0457", "bmc_ward_code": "K/W", "lat": 19.095144, "lon": 72.827954 }, "geometry": { "type": "Polygon", "coordinates": [ [ [ 72.830358107219823, 19.092914209729994 ], [ 72.830299236888408, 19.097429749176598 ], [ 72.825549299254021, 19.097373715020531 ], [ 72.82560829821783, 19.09285818982077 ], [ 72.830358107219823, 19.092914209729994 ] ] ] } },
{ "type": "Feature", "properties": { "cell_id": "CELL_0458", "bmc_ward_code": "K/W", "lat": 19.09966, "lon": 72.827895 }, "geometry": { "type": "Polygon", "coordinates": [ [ [ 72.830299236888408, 19.097429749176598 ], [ 72.830240349960732, 19.101945286237125 ], [ 72.825490283657686, 19.101889237833465 ], [ 72.825549299254021, 19.097373715020531 ], [ 72.830299236888408, 19.097429749176598 ] ] ] } },
{ "type": "Feature", "properties": { "cell_id": "CELL_0459", "bmc_ward_code": "K/W", "lat": 19.104175, "lon": 72.827836 }, "geometry": { "type": "Polygon", "coordinates": [ [ [ 72.830240349960732, 19.101945286237125 ], [ 72.830181446434679, 19.106460820911067 ], [ 72.82543125142675, 19.106404758259078 ], [ 72.825490283657686, 19.101889237833465 ], [ 72.830240349960732, 19.101945286237125 ] ] ] } },
{ "type": "Feature", "properties": { "cell_id": "CELL_0460", "bmc_ward_code": "K/W", "lat": 19.108691, "lon": 72.827777 }, "geometry": { "type": "Polygon", "coordinates": [ [ [ 72.830181446434679, 19.106460820911067 ], [ 72.83012252630823, 19.110976353197927 ], [ 72.825372202559151, 19.110920276296863 ], [ 72.82543125142675, 19.106404758259078 ], [ 72.830181446434679, 19.106460820911067 ] ] ] } },
{ "type": "Feature", "properties": { "cell_id": "CELL_0461", "bmc_ward_code": "K/W", "lat": 19.113206, "lon": 72.827718 }, "geometry": { "type": "Polygon", "coordinates": [ [ [ 72.83012252630823, 19.110976353197927 ], [ 72.830063589579268, 19.115491883097224 ], [ 72.825313137052802, 19.115435791946329 ], [ 72.825372202559151, 19.110920276296863 ], [ 72.83012252630823, 19.110976353197927 ] ] ] } },
{ "type": "Feature", "properties": { "cell_id": "CELL_0462", "bmc_ward_code": "K/W", "lat": 19.117722, "lon": 72.827659 }, "geometry": { "type": "Polygon", "coordinates": [ [ [ 72.830063589579268, 19.115491883097224 ], [ 72.830004636245775, 19.120007410608451 ], [ 72.825254054905628, 19.119951305206989 ], [ 72.825313137052802, 19.115435791946329 ], [ 72.830063589579268, 19.115491883097224 ] ] ] } },
{ "type": "Feature", "properties": { "cell_id": "CELL_0463", "bmc_ward_code": "K/W", "lat": 19.122237, "lon": 72.8276 }, "geometry": { "type": "Polygon", "coordinates": [ [ [ 72.830004636245775, 19.120007410608451 ], [ 72.829945666305619, 19.124522935731118 ], [ 72.825194956115553, 19.124466816078336 ], [ 72.825254054905628, 19.119951305206989 ], [ 72.830004636245775, 19.120007410608451 ] ] ] } },
{ "type": "Feature", "properties": { "cell_id": "CELL_0464", "bmc_ward_code": "K/W", "lat": 19.126753, "lon": 72.827541 }, "geometry": { "type": "Polygon", "coordinates": [ [ [ 72.829945666305619, 19.124522935731118 ], [ 72.829886679756783, 19.129038458464731 ], [ 72.825135840680517, 19.128982324559882 ], [ 72.825194956115553, 19.124466816078336 ], [ 72.829945666305619, 19.124522935731118 ] ] ] } },
{ "type": "Feature", "properties": { "cell_id": "CELL_0465", "bmc_ward_code": "K/W", "lat": 19.131268, "lon": 72.827482 }, "geometry": { "type": "Polygon", "coordinates": [ [ [ 72.829886679756783, 19.129038458464731 ], [ 72.829827676597162, 19.133553978808788 ], [ 72.825076708598417, 19.133497830651127 ], [ 72.825135840680517, 19.128982324559882 ], [ 72.829886679756783, 19.129038458464731 ] ] ] } },
{ "type": "Feature", "properties": { "cell_id": "CELL_0466", "bmc_ward_code": "K/W", "lat": 19.135784, "lon": 72.827423 }, "geometry": { "type": "Polygon", "coordinates": [ [ [ 72.829827676597162, 19.133553978808788 ], [ 72.829768656824683, 19.138069496762792 ], [ 72.825017559867206, 19.138013334351577 ], [ 72.825076708598417, 19.133497830651127 ], [ 72.829827676597162, 19.133553978808788 ] ] ] } },
{ "type": "Feature", "properties": { "cell_id": "CELL_0467", "bmc_ward_code": "K/W", "lat": 19.140299, "lon": 72.827364 }, "geometry": { "type": "Polygon", "coordinates": [ [ [ 72.829768656824683, 19.138069496762792 ], [ 72.829709620437285, 19.142585012326268 ], [ 72.824958394484767, 19.142528835660734 ], [ 72.825017559867206, 19.138013334351577 ], [ 72.829768656824683, 19.138069496762792 ] ] ] } },
{ "type": "Feature", "properties": { "cell_id": "CELL_0468", "bmc_ward_code": "K/W", "lat": 19.144815, "lon": 72.827304 }, "geometry": { "type": "Polygon", "coordinates": [ [ [ 72.829709620437285, 19.142585012326268 ], [ 72.829650567432893, 19.147100525498697 ], [ 72.824899212449054, 19.147044334578105 ], [ 72.824958394484767, 19.142528835660734 ], [ 72.829709620437285, 19.142585012326268 ] ] ] } },
{ "type": "Feature", "properties": { "cell_id": "CELL_0469", "bmc_ward_code": "K/W", "lat": 19.14933, "lon": 72.827245 }, "geometry": { "type": "Polygon", "coordinates": [ [ [ 72.829650567432893, 19.147100525498697 ], [ 72.829591497809417, 19.151616036279599 ], [ 72.824840013757964, 19.151559831103203 ], [ 72.824899212449054, 19.147044334578105 ], [ 72.829650567432893, 19.147100525498697 ] ] ] } },
{ "type": "Feature", "properties": { "cell_id": "CELL_0470", "bmc_ward_code": "P/S", "lat": 19.153846, "lon": 72.827186 }, "geometry": { "type": "Polygon", "coordinates": [ [ [ 72.829591497809417, 19.151616036279599 ], [ 72.829532411564799, 19.156131544668469 ], [ 72.824780798409435, 19.15607532523552 ], [ 72.824840013757964, 19.151559831103203 ], [ 72.829591497809417, 19.151616036279599 ] ] ] } },
{ "type": "Feature", "properties": { "cell_id": "CELL_0471", "bmc_ward_code": "P/S", "lat": 19.158361, "lon": 72.827127 }, "geometry": { "type": "Polygon", "coordinates": [ [ [ 72.829532411564799, 19.156131544668469 ], [ 72.829473308696947, 19.160647050664824 ], [ 72.824721566401365, 19.160590816974569 ], [ 72.824780798409435, 19.15607532523552 ], [ 72.829532411564799, 19.156131544668469 ] ] ] } },
{ "type": "Feature", "properties": { "cell_id": "CELL_0472", "bmc_ward_code": "P/S", "lat": 19.162877, "lon": 72.827068 }, "geometry": { "type": "Polygon", "coordinates": [ [ [ 72.829473308696947, 19.160647050664824 ], [ 72.829414189203789, 19.165162554268161 ], [ 72.824662317731693, 19.165106306319853 ], [ 72.824721566401365, 19.160590816974569 ], [ 72.829473308696947, 19.160647050664824 ] ] ] } },
{ "type": "Feature", "properties": { "cell_id": "CELL_0473", "bmc_ward_code": "P/S", "lat": 19.167392, "lon": 72.827009 }, "geometry": { "type": "Polygon", "coordinates": [ [ [ 72.829414189203789, 19.165162554268161 ], [ 72.829355053083248, 19.169678055477988 ], [ 72.824603052398317, 19.169621793270874 ], [ 72.824662317731693, 19.165106306319853 ], [ 72.829414189203789, 19.165162554268161 ] ] ] } },
{ "type": "Feature", "properties": { "cell_id": "CELL_0474", "bmc_ward_code": "P/S", "lat": 19.171908, "lon": 72.826949 }, "geometry": { "type": "Polygon", "coordinates": [ [ [ 72.829355053083248, 19.169678055477988 ], [ 72.82929590033325, 19.174193554293804 ], [ 72.824543770399174, 19.174137277827139 ], [ 72.824603052398317, 19.169621793270874 ], [ 72.829355053083248, 19.169678055477988 ] ] ] } },
{ "type": "Feature", "properties": { "cell_id": "CELL_0475", "bmc_ward_code": "P/N", "lat": 19.176423, "lon": 72.82689 }, "geometry": { "type": "Polygon", "coordinates": [ [ [ 72.82929590033325, 19.174193554293804 ], [ 72.829236730951692, 19.178709050715113 ], [ 72.824484471732148, 19.178652759988147 ], [ 72.824543770399174, 19.174137277827139 ], [ 72.82929590033325, 19.174193554293804 ] ] ] } },
{ "type": "Feature", "properties": { "cell_id": "CELL_0476", "bmc_ward_code": "P/N", "lat": 19.180939, "lon": 72.826831 }, "geometry": { "type": "Polygon", "coordinates": [ [ [ 72.829236730951692, 19.178709050715113 ], [ 72.829177544936528, 19.183224544741449 ], [ 72.824425156395193, 19.183168239753417 ], [ 72.824484471732148, 19.178652759988147 ], [ 72.829236730951692, 19.178709050715113 ] ] ] } },
{ "type": "Feature", "properties": { "cell_id": "CELL_0477", "bmc_ward_code": "P/N", "lat": 19.185454, "lon": 72.826772 }, "geometry": { "type": "Polygon", "coordinates": [ [ [ 72.829177544936528, 19.183224544741449 ], [ 72.829118342285639, 19.187740036372279 ], [ 72.824365824386206, 19.18768371712245 ], [ 72.824425156395193, 19.183168239753417 ], [ 72.829177544936528, 19.183224544741449 ] ] ] } },
{ "type": "Feature", "properties": { "cell_id": "CELL_0478", "bmc_ward_code": "P/N", "lat": 19.18997, "lon": 72.826712 }, "geometry": { "type": "Polygon", "coordinates": [ [ [ 72.829118342285639, 19.187740036372279 ], [ 72.829059122996981, 19.192255525607127 ], [ 72.824306475703082, 19.192199192094741 ], [ 72.824365824386206, 19.18768371712245 ], [ 72.829118342285639, 19.187740036372279 ] ] ] } },
{ "type": "Feature", "properties": { "cell_id": "CELL_0479", "bmc_ward_code": "P/N", "lat": 19.194485, "lon": 72.826653 }, "geometry": { "type": "Polygon", "coordinates": [ [ [ 72.829059122996981, 19.192255525607127 ], [ 72.828999887068449, 19.196771012445502 ], [ 72.824247110343762, 19.196714664669809 ], [ 72.824306475703082, 19.192199192094741 ], [ 72.829059122996981, 19.192255525607127 ] ] ] } },
{ "type": "Feature", "properties": { "cell_id": "CELL_0480", "bmc_ward_code": "P/N", "lat": 19.199001, "lon": 72.826594 }, "geometry": { "type": "Polygon", "coordinates": [ [ [ 72.828999887068449, 19.196771012445502 ], [ 72.828940634497954, 19.201286496886897 ], [ 72.824187728306143, 19.201230134847147 ], [ 72.824247110343762, 19.196714664669809 ], [ 72.828999887068449, 19.196771012445502 ] ] ] } },
{ "type": "Feature", "properties": { "cell_id": "CELL_0481", "bmc_ward_code": "R/S", "lat": 19.203516, "lon": 72.826535 }, "geometry": { "type": "Polygon", "coordinates": [ [ [ 72.828940634497954, 19.201286496886897 ], [ 72.828881365283436, 19.205801978930825 ], [ 72.824128329588135, 19.205745602626273 ], [ 72.824187728306143, 19.201230134847147 ], [ 72.828940634497954, 19.201286496886897 ] ] ] } },
{ "type": "Feature", "properties": { "cell_id": "CELL_0482", "bmc_ward_code": "R/S", "lat": 19.208032, "lon": 72.826475 }, "geometry": { "type": "Polygon", "coordinates": [ [ [ 72.828881365283436, 19.205801978930825 ], [ 72.828822079422793, 19.210317458576792 ], [ 72.824068914187663, 19.210261068006677 ], [ 72.824128329588135, 19.205745602626273 ], [ 72.828881365283436, 19.205801978930825 ] ] ] } },
{ "type": "Feature", "properties": { "cell_id": "CELL_0483", "bmc_ward_code": "R/S", "lat": 19.212547, "lon": 72.826416 }, "geometry": { "type": "Polygon", "coordinates": [ [ [ 72.828822079422793, 19.210317458576792 ], [ 72.828762776913933, 19.214832935824305 ], [ 72.82400948210261, 19.214776530987884 ], [ 72.824068914187663, 19.210261068006677 ], [ 72.828822079422793, 19.210317458576792 ] ] ] } },
{ "type": "Feature", "properties": { "cell_id": "CELL_0484", "bmc_ward_code": "R/C", "lat": 19.217062, "lon": 72.826356 }, "geometry": { "type": "Polygon", "coordinates": [ [ [ 72.828762776913933, 19.214832935824305 ], [ 72.828703457754784, 19.219348410672861 ], [ 72.823950033330917, 19.219291991569378 ], [ 72.82400948210261, 19.214776530987884 ], [ 72.828762776913933, 19.214832935824305 ] ] ] } },
{ "type": "Feature", "properties": { "cell_id": "CELL_0485", "bmc_ward_code": "R/C", "lat": 19.221578, "lon": 72.826297 }, "geometry": { "type": "Polygon", "coordinates": [ [ [ 72.828703457754784, 19.219348410672861 ], [ 72.828644121943242, 19.223863883121982 ], [ 72.823890567870464, 19.22380744975068 ], [ 72.823950033330917, 19.219291991569378 ], [ 72.828703457754784, 19.219348410672861 ] ] ] } },
{ "type": "Feature", "properties": { "cell_id": "CELL_0486", "bmc_ward_code": "R/C", "lat": 19.226093, "lon": 72.826238 }, "geometry": { "type": "Polygon", "coordinates": [ [ [ 72.828644121943242, 19.223863883121982 ], [ 72.828584769477231, 19.22837935317116 ], [ 72.823831085719178, 19.228322905531286 ], [ 72.823890567870464, 19.22380744975068 ], [ 72.828644121943242, 19.223863883121982 ] ] ] } },
{ "type": "Feature", "properties": { "cell_id": "CELL_0487", "bmc_ward_code": "R/C", "lat": 19.230609, "lon": 72.826178 }, "geometry": { "type": "Polygon", "coordinates": [ [ [ 72.828584769477231, 19.22837935317116 ], [ 72.828525400354664, 19.232894820819901 ], [ 72.823771586874955, 19.232838358910712 ], [ 72.823831085719178, 19.228322905531286 ], [ 72.828584769477231, 19.22837935317116 ] ] ] } },
{ "type": "Feature", "properties": { "cell_id": "CELL_0488", "bmc_ward_code": "R/C", "lat": 19.235124, "lon": 72.826119 }, "geometry": { "type": "Polygon", "coordinates": [ [ [ 72.828525400354664, 19.232894820819901 ], [ 72.828466014573451, 19.237410286067721 ], [ 72.82371207133572, 19.237353809888454 ], [ 72.823771586874955, 19.232838358910712 ], [ 72.828525400354664, 19.232894820819901 ] ] ] } },
{ "type": "Feature", "properties": { "cell_id": "CELL_0489", "bmc_ward_code": "R/C", "lat": 19.23964, "lon": 72.826059 }, "geometry": { "type": "Polygon", "coordinates": [ [ [ 72.828466014573451, 19.237410286067721 ], [ 72.828406612131502, 19.241925748914113 ], [ 72.823652539099356, 19.241869258464021 ], [ 72.82371207133572, 19.237353809888454 ], [ 72.828466014573451, 19.237410286067721 ] ] ] } },
{ "type": "Feature", "properties": { "cell_id": "CELL_0490", "bmc_ward_code": "R/C", "lat": 19.244155, "lon": 72.826 }, "geometry": { "type": "Polygon", "coordinates": [ [ [ 72.828406612131502, 19.241925748914113 ], [ 72.82834719302673, 19.246441209358597 ], [ 72.823592990163775, 19.24638470463692 ], [ 72.823652539099356, 19.241869258464021 ], [ 72.828406612131502, 19.241925748914113 ] ] ] } },
{ "type": "Feature", "properties": { "cell_id": "CELL_0491", "bmc_ward_code": "UNKNOWN", "lat": 18.919092, "lon": 72.834984 }, "geometry": { "type": "Polygon", "coordinates": [ [ [ 72.837385964088298, 18.91686165923478 ], [ 72.837327866630588, 18.921377305538687 ], [ 72.832582902331993, 18.9213219475693 ], [ 72.83264112701417, 18.916806315452291 ], [ 72.837385964088298, 18.91686165923478 ] ] ] } },
{ "type": "Feature", "properties": { "cell_id": "CELL_0492", "bmc_ward_code": "A", "lat": 18.923607, "lon": 72.834926 }, "geometry": { "type": "Polygon", "coordinates": [ [ [ 72.837327866630588, 18.921377305538687 ], [ 72.837269752692762, 18.925892949476605 ], [ 72.832524661133633, 18.925837577319584 ], [ 72.832582902331993, 18.9213219475693 ], [ 72.837327866630588, 18.921377305538687 ] ] ] } },
{ "type": "Feature", "properties": { "cell_id": "CELL_0493", "bmc_ward_code": "A", "lat": 18.928123, "lon": 72.834868 }, "geometry": { "type": "Polygon", "coordinates": [ [ [ 72.837269752692762, 18.925892949476605 ], [ 72.837211622272804, 18.930408591048028 ], [ 72.832466403417087, 18.930353204702644 ], [ 72.832524661133633, 18.925837577319584 ], [ 72.837269752692762, 18.925892949476605 ] ] ] } },
{ "type": "Feature", "properties": { "cell_id": "CELL_0494", "bmc_ward_code": "A", "lat": 18.932639, "lon": 72.83481 }, "geometry": { "type": "Polygon", "coordinates": [ [ [ 72.837211622272804, 18.930408591048028 ], [ 72.83715347536868, 18.934924230252467 ], [ 72.832408129180266, 18.934868829717978 ], [ 72.832466403417087, 18.930353204702644 ], [ 72.837211622272804, 18.930408591048028 ] ] ] } },
{ "type": "Feature", "properties": { "cell_id": "CELL_0495", "bmc_ward_code": "A", "lat": 18.937154, "lon": 72.834752 }, "geometry": { "type": "Polygon", "coordinates": [ [ [ 72.83715347536868, 18.934924230252467 ], [ 72.837095311978345, 18.939439867089423 ], [ 72.832349838421166, 18.939384452365093 ], [ 72.832408129180266, 18.934868829717978 ], [ 72.83715347536868, 18.934924230252467 ] ] ] } },
{ "type": "Feature", "properties": { "cell_id": "CELL_0496", "bmc_ward_code": "A", "lat": 18.94167, "lon": 72.834693 }, "geometry": { "type": "Polygon", "coordinates": [ [ [ 72.837095311978345, 18.939439867089423 ], [ 72.837037132099752, 18.943955501558399 ], [ 72.832291531137727, 18.943900072643494 ], [ 72.832349838421166, 18.939384452365093 ], [ 72.837095311978345, 18.939439867089423 ] ] ] } },
{ "type": "Feature", "properties": { "cell_id": "CELL_0497", "bmc_ward_code": "A", "lat": 18.946186, "lon": 72.834635 }, "geometry": { "type": "Polygon", "coordinates": [ [ [ 72.837037132099752, 18.943955501558399 ], [ 72.836978935730869, 18.948471133658899 ], [ 72.832233207327903, 18.948415690552682 ], [ 72.832291531137727, 18.943900072643494 ], [ 72.837037132099752, 18.943955501558399 ] ] ] } },
{ "type": "Feature", "properties": { "cell_id": "CELL_0498", "bmc_ward_code": "B", "lat": 18.950701, "lon": 72.834577 }, "geometry": { "type": "Polygon", "coordinates": [ [ [ 72.836978935730869, 18.948471133658899 ], [ 72.836920722869678, 18.952986763390424 ], [ 72.832174866989661, 18.952931306092147 ], [ 72.832233207327903, 18.948415690552682 ], [ 72.836978935730869, 18.948471133658899 ] ] ] } },
{ "type": "Feature", "properties": { "cell_id": "CELL_0499", "bmc_ward_code": "B", "lat": 18.955217, "lon": 72.834519 }, "geometry": { "type": "Polygon", "coordinates": [ [ [ 72.836920722869678, 18.952986763390424 ], [ 72.836862493514104, 18.957502390752477 ], [ 72.832116510120954, 18.957446919261422 ], [ 72.832174866989661, 18.952931306092147 ], [ 72.836920722869678, 18.952986763390424 ] ] ] } },
{ "type": "Feature", "properties": { "cell_id": "CELL_0500", "bmc_ward_code": "B", "lat": 18.959732, "lon": 72.83446 }, "geometry": { "type": "Polygon", "coordinates": [ [ [ 72.836862493514104, 18.957502390752477 ], [ 72.83680424766213, 18.962018015744562 ], [ 72.832058136719738, 18.961962530059978 ], [ 72.832116510120954, 18.957446919261422 ], [ 72.836862493514104, 18.957502390752477 ] ] ] } },
{ "type": "Feature", "properties": { "cell_id": "CELL_0501", "bmc_ward_code": "E", "lat": 18.964248, "lon": 72.834402 }, "geometry": { "type": "Polygon", "coordinates": [ [ [ 72.83680424766213, 18.962018015744562 ], [ 72.836745985311694, 18.966533638366183 ], [ 72.83199974678395, 18.966478138487343 ], [ 72.832058136719738, 18.961962530059978 ], [ 72.83680424766213, 18.962018015744562 ] ] ] } },
{ "type": "Feature", "properties": { "cell_id": "CELL_0502", "bmc_ward_code": "E", "lat": 18.968764, "lon": 72.834344 }, "geometry": { "type": "Polygon", "coordinates": [ [ [ 72.836745985311694, 18.966533638366183 ], [ 72.836687706460779, 18.971049258616844 ], [ 72.831941340311559, 18.970993744543001 ], [ 72.83199974678395, 18.966478138487343 ], [ 72.836745985311694, 18.966533638366183 ] ] ] } },
{ "type": "Feature", "properties": { "cell_id": "CELL_0503", "bmc_ward_code": "E", "lat": 18.973279, "lon": 72.834285 }, "geometry": { "type": "Polygon", "coordinates": [ [ [ 72.836687706460779, 18.971049258616844 ], [ 72.836629411107324, 18.975564876496051 ], [ 72.831882917300518, 18.975509348226471 ], [ 72.831941340311559, 18.970993744543001 ], [ 72.836687706460779, 18.971049258616844 ] ] ] } },
{ "type": "Feature", "properties": { "cell_id": "CELL_0504", "bmc_ward_code": "E", "lat": 18.977795, "lon": 72.834227 }, "geometry": { "type": "Polygon", "coordinates": [ [ [ 72.836629411107324, 18.975564876496051 ], [ 72.836571099249269, 18.980080492003303 ], [ 72.831824477748768, 18.980024949537246 ], [ 72.831882917300518, 18.975509348226471 ], [ 72.836629411107324, 18.975564876496051 ] ] ] } },
{ "type": "Feature", "properties": { "cell_id": "CELL_0505", "bmc_ward_code": "E", "lat": 18.982311, "lon": 72.834169 }, "geometry": { "type": "Polygon", "coordinates": [ [ [ 72.836571099249269, 18.980080492003303 ], [ 72.83651277088461, 18.984596105138099 ], [ 72.831766021654261, 18.984540548474833 ], [ 72.831824477748768, 18.980024949537246 ], [ 72.836571099249269, 18.980080492003303 ] ] ] } },
{ "type": "Feature", "properties": { "cell_id": "CELL_0506", "bmc_ward_code": "E", "lat": 18.986826, "lon": 72.83411 }, "geometry": { "type": "Polygon", "coordinates": [ [ [ 72.83651277088461, 18.984596105138099 ], [ 72.836454426011272, 18.989111715899959 ], [ 72.831707549014951, 18.989056145038738 ], [ 72.831766021654261, 18.984540548474833 ], [ 72.83651277088461, 18.984596105138099 ] ] ] } },
{ "type": "Feature", "properties": { "cell_id": "CELL_0507", "bmc_ward_code": "F/S", "lat": 18.991342, "lon": 72.834052 }, "geometry": { "type": "Polygon", "coordinates": [ [ [ 72.836454426011272, 18.989111715899959 ], [ 72.836396064627209, 18.993627324288369 ], [ 72.831649059828791, 18.993571739228457 ], [ 72.831707549014951, 18.989056145038738 ], [ 72.836454426011272, 18.989111715899959 ] ] ] } },
{ "type": "Feature", "properties": { "cell_id": "CELL_0508", "bmc_ward_code": "F/S", "lat": 18.995857, "lon": 72.833993 }, "geometry": { "type": "Polygon", "coordinates": [ [ [ 72.836396064627209, 18.993627324288369 ], [ 72.836337686730403, 18.998142930302837 ], [ 72.831590554093722, 18.998087331043504 ], [ 72.831649059828791, 18.993571739228457 ], [ 72.836396064627209, 18.993627324288369 ] ] ] } },
{ "type": "Feature", "properties": { "cell_id": "CELL_0509", "bmc_ward_code": "F/S", "lat": 19.000373, "lon": 72.833935 }, "geometry": { "type": "Polygon", "coordinates": [ [ [ 72.836337686730403, 18.998142930302837 ], [ 72.836279292318764, 19.002658533942881 ], [ 72.831532031807697, 19.002602920483376 ], [ 72.831590554093722, 18.998087331043504 ], [ 72.836337686730403, 18.998142930302837 ] ] ] } },
{ "type": "Feature", "properties": { "cell_id": "CELL_0510", "bmc_ward_code": "G/S", "lat": 19.004889, "lon": 72.833876 }, "geometry": { "type": "Polygon", "coordinates": [ [ [ 72.836279292318764, 19.002658533942881 ], [ 72.836220881390275, 19.007174135207983 ], [ 72.831473492968669, 19.007118507547567 ], [ 72.831532031807697, 19.002602920483376 ], [ 72.836279292318764, 19.002658533942881 ] ] ] } },
{ "type": "Feature", "properties": { "cell_id": "CELL_0511", "bmc_ward_code": "G/N", "lat": 19.009404, "lon": 72.833818 }, "geometry": { "type": "Polygon", "coordinates": [ [ [ 72.836220881390275, 19.007174135207983 ], [ 72.836162453942876, 19.011689734097668 ], [ 72.831414937574579, 19.0116340922356 ], [ 72.831473492968669, 19.007118507547567 ], [ 72.836220881390275, 19.007174135207983 ] ] ] } },
{ "type": "Feature", "properties": { "cell_id": "CELL_0512", "bmc_ward_code": "G/N", "lat": 19.01392, "lon": 72.833759 }, "geometry": { "type": "Polygon", "coordinates": [ [ [ 72.836162453942876, 19.011689734097668 ], [ 72.836104009974505, 19.016205330611427 ], [ 72.831356365623364, 19.01614967454697 ], [ 72.831414937574579, 19.0116340922356 ], [ 72.836162453942876, 19.011689734097668 ] ] ] } },
{ "type": "Feature", "properties": { "cell_id": "CELL_0513", "bmc_ward_code": "G/N", "lat": 19.018435, "lon": 72.833701 }, "geometry": { "type": "Polygon", "coordinates": [ [ [ 72.836104009974505, 19.016205330611427 ], [ 72.836045549483146, 19.020720924748758 ], [ 72.831297777112979, 19.020665254481177 ], [ 72.831356365623364, 19.01614967454697 ], [ 72.836104009974505, 19.016205330611427 ] ] ] } },
{ "type": "Feature", "properties": { "cell_id": "CELL_0514", "bmc_ward_code": "G/N", "lat": 19.022951, "lon": 72.833642 }, "geometry": { "type": "Polygon", "coordinates": [ [ [ 72.836045549483146, 19.020720924748758 ], [ 72.835987072466708, 19.025236516509182 ], [ 72.831239172041364, 19.025180832037726 ], [ 72.831297777112979, 19.020665254481177 ], [ 72.836045549483146, 19.020720924748758 ] ] ] } },
{ "type": "Feature", "properties": { "cell_id": "CELL_0515", "bmc_ward_code": "UNKNOWN", "lat": 19.027466, "lon": 72.833584 }, "geometry": { "type": "Polygon", "coordinates": [ [ [ 72.835987072466708, 19.025236516509182 ], [ 72.835928578923173, 19.029752105892189 ], [ 72.831180550406472, 19.029696407216129 ], [ 72.831239172041364, 19.025180832037726 ], [ 72.835987072466708, 19.025236516509182 ] ] ] } },
{ "type": "Feature", "properties": { "cell_id": "CELL_0516", "bmc_ward_code": "UNKNOWN", "lat": 19.045529, "lon": 72.833349 }, "geometry": { "type": "Polygon", "coordinates": [ [ [ 72.835752999109332, 19.043298859771792 ], [ 72.835694439436807, 19.047814439640199 ], [ 72.83094589819288, 19.047758684138287 ], [ 72.8310045861015, 19.043243118477449 ], [ 72.835752999109332, 19.043298859771792 ] ] ] } },
{ "type": "Feature", "properties": { "cell_id": "CELL_0517", "bmc_ward_code": "H/W", "lat": 19.050044, "lon": 72.833291 }, "geometry": { "type": "Polygon", "coordinates": [ [ [ 72.835694439436807, 19.047814439640199 ], [ 72.835635863226912, 19.05233001712871 ], [ 72.830887193710694, 19.052274247418485 ], [ 72.83094589819288, 19.047758684138287 ], [ 72.835694439436807, 19.047814439640199 ] ] ] } },
{ "type": "Feature", "properties": { "cell_id": "CELL_0518", "bmc_ward_code": "H/W", "lat": 19.05456, "lon": 72.833232 }, "geometry": { "type": "Polygon", "coordinates": [ [ [ 72.835635863226912, 19.05233001712871 ], [ 72.835577270477557, 19.05684559223684 ], [ 72.830828472652868, 19.056789808317554 ], [ 72.830887193710694, 19.052274247418485 ], [ 72.835635863226912, 19.05233001712871 ] ] ] } },
{ "type": "Feature", "properties": { "cell_id": "CELL_0519", "bmc_ward_code": "H/W", "lat": 19.059075, "lon": 72.833174 }, "geometry": { "type": "Polygon", "coordinates": [ [ [ 72.835577270477557, 19.05684559223684 ], [ 72.835518661186711, 19.061361164964083 ], [ 72.830769735017341, 19.061305366834993 ], [ 72.830828472652868, 19.056789808317554 ], [ 72.835577270477557, 19.05684559223684 ] ] ] } },
{ "type": "Feature", "properties": { "cell_id": "CELL_0520", "bmc_ward_code": "H/W", "lat": 19.063591, "lon": 72.833115 }, "geometry": { "type": "Polygon", "coordinates": [ [ [ 72.835518661186711, 19.061361164964083 ], [ 72.835460035352327, 19.06587673530996 ], [ 72.830710980802067, 19.065820922970328 ], [ 72.830769735017341, 19.061305366834993 ], [ 72.835518661186711, 19.061361164964083 ] ] ] } },
{ "type": "Feature", "properties": { "cell_id": "CELL_0521", "bmc_ward_code": "H/W", "lat": 19.068107, "lon": 72.833056 }, "geometry": { "type": "Polygon", "coordinates": [ [ [ 72.835460035352327, 19.06587673530996 ], [ 72.835401392972301, 19.070392303273948 ], [ 72.830652210004956, 19.070336476723032 ], [ 72.830710980802067, 19.065820922970328 ], [ 72.835460035352327, 19.06587673530996 ] ] ] } },
{ "type": "Feature", "properties": { "cell_id": "CELL_0522", "bmc_ward_code": "H/W", "lat": 19.072622, "lon": 72.832997 }, "geometry": { "type": "Polygon", "coordinates": [ [ [ 72.835401392972301, 19.070392303273948 ], [ 72.83534273404463, 19.074907868855583 ], [ 72.830593422623963, 19.074852028092632 ], [ 72.830652210004956, 19.070336476723032 ], [ 72.835401392972301, 19.070392303273948 ] ] ] } },
{ "type": "Feature", "properties": { "cell_id": "CELL_0523", "bmc_ward_code": "H/W", "lat": 19.077138, "lon": 72.832939 }, "geometry": { "type": "Polygon", "coordinates": [ [ [ 72.83534273404463, 19.074907868855583 ], [ 72.835284058567225, 19.079423432054348 ], [ 72.830534618657012, 19.079367577078621 ], [ 72.830593422623963, 19.074852028092632 ], [ 72.83534273404463, 19.074907868855583 ] ] ] } },
{ "type": "Feature", "properties": { "cell_id": "CELL_0524", "bmc_ward_code": "H/W", "lat": 19.081653, "lon": 72.83288 }, "geometry": { "type": "Polygon", "coordinates": [ [ [ 72.835284058567225, 19.079423432054348 ], [ 72.83522536653804, 19.083938992869747 ], [ 72.830475798102057, 19.083883123680511 ], [ 72.830534618657012, 19.079367577078621 ], [ 72.835284058567225, 19.079423432054348 ] ] ] } },
{ "type": "Feature", "properties": { "cell_id": "CELL_0525", "bmc_ward_code": "H/W", "lat": 19.086169, "lon": 72.832821 }, "geometry": { "type": "Polygon", "coordinates": [ [ [ 72.83522536653804, 19.083938992869747 ], [ 72.835166657954986, 19.0884545513013 ], [ 72.83041696095701, 19.088398667897799 ], [ 72.830475798102057, 19.083883123680511 ], [ 72.83522536653804, 19.083938992869747 ] ] ] } },
{ "type": "Feature", "properties": { "cell_id": "CELL_0526", "bmc_ward_code": "K/W", "lat": 19.090684, "lon": 72.832762 }, "geometry": { "type": "Polygon", "coordinates": [ [ [ 72.835166657954986, 19.0884545513013 ], [ 72.835107932816015, 19.092970107348492 ], [ 72.830358107219823, 19.092914209729994 ], [ 72.83041696095701, 19.088398667897799 ], [ 72.835166657954986, 19.0884545513013 ] ] ] } },
{ "type": "Feature", "properties": { "cell_id": "CELL_0527", "bmc_ward_code": "K/W", "lat": 19.0952, "lon": 72.832704 }, "geometry": { "type": "Polygon", "coordinates": [ [ [ 72.835107932816015, 19.092970107348492 ], [ 72.835049191119083, 19.097485661010854 ], [ 72.830299236888408, 19.097429749176598 ], [ 72.830358107219823, 19.092914209729994 ], [ 72.835107932816015, 19.092970107348492 ] ] ] } },
{ "type": "Feature", "properties": { "cell_id": "CELL_0528", "bmc_ward_code": "K/W", "lat": 19.099715, "lon": 72.832645 }, "geometry": { "type": "Polygon", "coordinates": [ [ [ 72.835049191119083, 19.097485661010854 ], [ 72.834990432862114, 19.102001212287863 ], [ 72.830240349960732, 19.101945286237125 ], [ 72.830299236888408, 19.097429749176598 ], [ 72.835049191119083, 19.097485661010854 ] ] ] } },
{ "type": "Feature", "properties": { "cell_id": "CELL_0529", "bmc_ward_code": "K/W", "lat": 19.104231, "lon": 72.832586 }, "geometry": { "type": "Polygon", "coordinates": [ [ [ 72.834990432862114, 19.102001212287863 ], [ 72.834931658043033, 19.106516761179041 ], [ 72.830181446434679, 19.106460820911067 ], [ 72.830240349960732, 19.101945286237125 ], [ 72.834990432862114, 19.102001212287863 ] ] ] } },
{ "type": "Feature", "properties": { "cell_id": "CELL_0530", "bmc_ward_code": "K/W", "lat": 19.108747, "lon": 72.832527 }, "geometry": { "type": "Polygon", "coordinates": [ [ [ 72.834931658043033, 19.106516761179041 ], [ 72.834872866659794, 19.111032307683885 ], [ 72.83012252630823, 19.110976353197927 ], [ 72.830181446434679, 19.106460820911067 ], [ 72.834931658043033, 19.106516761179041 ] ] ] } },
{ "type": "Feature", "properties": { "cell_id": "CELL_0531", "bmc_ward_code": "K/W", "lat": 19.113262, "lon": 72.832468 }, "geometry": { "type": "Polygon", "coordinates": [ [ [ 72.834872866659794, 19.111032307683885 ], [ 72.834814058710307, 19.11554785180191 ], [ 72.830063589579268, 19.115491883097224 ], [ 72.83012252630823, 19.110976353197927 ], [ 72.834872866659794, 19.111032307683885 ] ] ] } },
{ "type": "Feature", "properties": { "cell_id": "CELL_0532", "bmc_ward_code": "K/W", "lat": 19.117778, "lon": 72.832409 }, "geometry": { "type": "Polygon", "coordinates": [ [ [ 72.834814058710307, 19.11554785180191 ], [ 72.834755234192528, 19.120063393532615 ], [ 72.830004636245775, 19.120007410608451 ], [ 72.830063589579268, 19.115491883097224 ], [ 72.834814058710307, 19.11554785180191 ] ] ] } },
{ "type": "Feature", "properties": { "cell_id": "CELL_0533", "bmc_ward_code": "K/W", "lat": 19.122293, "lon": 72.83235 }, "geometry": { "type": "Polygon", "coordinates": [ [ [ 72.834755234192528, 19.120063393532615 ], [ 72.834696393104394, 19.124578932875497 ], [ 72.829945666305619, 19.124522935731118 ], [ 72.830004636245775, 19.120007410608451 ], [ 72.834755234192528, 19.120063393532615 ] ] ] } },
{ "type": "Feature", "properties": { "cell_id": "CELL_0534", "bmc_ward_code": "K/W", "lat": 19.126809, "lon": 72.832292 }, "geometry": { "type": "Polygon", "coordinates": [ [ [ 72.834696393104394, 19.124578932875497 ], [ 72.834637535443818, 19.129094469830072 ], [ 72.829886679756783, 19.129038458464731 ], [ 72.829945666305619, 19.124522935731118 ], [ 72.834696393104394, 19.124578932875497 ] ] ] } },
{ "type": "Feature", "properties": { "cell_id": "CELL_0535", "bmc_ward_code": "K/W", "lat": 19.131324, "lon": 72.832233 }, "geometry": { "type": "Polygon", "coordinates": [ [ [ 72.834637535443818, 19.129094469830072 ], [ 72.834578661208738, 19.133610004395837 ], [ 72.829827676597162, 19.133553978808788 ], [ 72.829886679756783, 19.129038458464731 ], [ 72.834637535443818, 19.129094469830072 ] ] ] } },
{ "type": "Feature", "properties": { "cell_id": "CELL_0536", "bmc_ward_code": "K/W", "lat": 19.13584, "lon": 72.832174 }, "geometry": { "type": "Polygon", "coordinates": [ [ [ 72.834578661208738, 19.133610004395837 ], [ 72.834519770397094, 19.1381255365723 ], [ 72.829768656824683, 19.138069496762792 ], [ 72.829827676597162, 19.133553978808788 ], [ 72.834578661208738, 19.133610004395837 ] ] ] } },
{ "type": "Feature", "properties": { "cell_id": "CELL_0537", "bmc_ward_code": "K/W", "lat": 19.140355, "lon": 72.832115 }, "geometry": { "type": "Polygon", "coordinates": [ [ [ 72.834519770397094, 19.1381255365723 ], [ 72.834460863006797, 19.14264106635898 ], [ 72.829709620437285, 19.142585012326268 ], [ 72.829768656824683, 19.138069496762792 ], [ 72.834519770397094, 19.1381255365723 ] ] ] } },
{ "type": "Feature", "properties": { "cell_id": "CELL_0538", "bmc_ward_code": "K/W", "lat": 19.144871, "lon": 72.832056 }, "geometry": { "type": "Polygon", "coordinates": [ [ [ 72.834460863006797, 19.14264106635898 ], [ 72.8344019390358, 19.147156593755359 ], [ 72.829650567432893, 19.147100525498697 ], [ 72.829709620437285, 19.142585012326268 ], [ 72.834460863006797, 19.14264106635898 ] ] ] } },
{ "type": "Feature", "properties": { "cell_id": "CELL_0539", "bmc_ward_code": "K/W", "lat": 19.149386, "lon": 72.831997 }, "geometry": { "type": "Polygon", "coordinates": [ [ [ 72.8344019390358, 19.147156593755359 ], [ 72.834342998482015, 19.151672118760956 ], [ 72.829591497809417, 19.151616036279599 ], [ 72.829650567432893, 19.147100525498697 ], [ 72.8344019390358, 19.147156593755359 ] ] ] } },
{ "type": "Feature", "properties": { "cell_id": "CELL_0540", "bmc_ward_code": "P/S", "lat": 19.153902, "lon": 72.831938 }, "geometry": { "type": "Polygon", "coordinates": [ [ [ 72.834342998482015, 19.151672118760956 ], [ 72.834284041343381, 19.156187641375269 ], [ 72.829532411564799, 19.156131544668469 ], [ 72.829591497809417, 19.151616036279599 ], [ 72.834342998482015, 19.151672118760956 ] ] ] } },
{ "type": "Feature", "properties": { "cell_id": "CELL_0541", "bmc_ward_code": "P/S", "lat": 19.158417, "lon": 72.831879 }, "geometry": { "type": "Polygon", "coordinates": [ [ [ 72.834284041343381, 19.156187641375269 ], [ 72.834225067617822, 19.160703161597816 ], [ 72.829473308696947, 19.160647050664824 ], [ 72.829532411564799, 19.156131544668469 ], [ 72.834284041343381, 19.156187641375269 ] ] ] } },
{ "type": "Feature", "properties": { "cell_id": "CELL_0542", "bmc_ward_code": "P/S", "lat": 19.162933, "lon": 72.83182 }, "geometry": { "type": "Polygon", "coordinates": [ [ [ 72.834225067617822, 19.160703161597816 ], [ 72.83416607730328, 19.165218679428087 ], [ 72.829414189203789, 19.165162554268161 ], [ 72.829473308696947, 19.160647050664824 ], [ 72.834225067617822, 19.160703161597816 ] ] ] } },
{ "type": "Feature", "properties": { "cell_id": "CELL_0543", "bmc_ward_code": "P/S", "lat": 19.167448, "lon": 72.831761 }, "geometry": { "type": "Polygon", "coordinates": [ [ [ 72.83416607730328, 19.165218679428087 ], [ 72.834107070397636, 19.169734194865597 ], [ 72.829355053083248, 19.169678055477988 ], [ 72.829414189203789, 19.165162554268161 ], [ 72.83416607730328, 19.165218679428087 ] ] ] } },
{ "type": "Feature", "properties": { "cell_id": "CELL_0544", "bmc_ward_code": "P/S", "lat": 19.171964, "lon": 72.831702 }, "geometry": { "type": "Polygon", "coordinates": [ [ [ 72.834107070397636, 19.169734194865597 ], [ 72.834048046898857, 19.174249707909855 ], [ 72.82929590033325, 19.174193554293804 ], [ 72.829355053083248, 19.169678055477988 ], [ 72.834107070397636, 19.169734194865597 ] ] ] } },
{ "type": "Feature", "properties": { "cell_id": "CELL_0545", "bmc_ward_code": "P/S", "lat": 19.176479, "lon": 72.831642 }, "geometry": { "type": "Polygon", "coordinates": [ [ [ 72.834048046898857, 19.174249707909855 ], [ 72.833989006804856, 19.178765218560351 ], [ 72.829236730951692, 19.178709050715113 ], [ 72.82929590033325, 19.174193554293804 ], [ 72.834048046898857, 19.174249707909855 ] ] ] } },
{ "type": "Feature", "properties": { "cell_id": "CELL_0546", "bmc_ward_code": "P/N", "lat": 19.180995, "lon": 72.831583 }, "geometry": { "type": "Polygon", "coordinates": [ [ [ 72.833989006804856, 19.178765218560351 ], [ 72.833929950113557, 19.183280726816609 ], [ 72.829177544936528, 19.183224544741449 ], [ 72.829236730951692, 19.178709050715113 ], [ 72.833989006804856, 19.178765218560351 ] ] ] } },
{ "type": "Feature", "properties": { "cell_id": "CELL_0547", "bmc_ward_code": "P/N", "lat": 19.18551, "lon": 72.831524 }, "geometry": { "type": "Polygon", "coordinates": [ [ [ 72.833929950113557, 19.183280726816609 ], [ 72.833870876822886, 19.187796232678121 ], [ 72.829118342285639, 19.187740036372279 ], [ 72.829177544936528, 19.183224544741449 ], [ 72.833929950113557, 19.183280726816609 ] ] ] } },
{ "type": "Feature", "properties": { "cell_id": "CELL_0548", "bmc_ward_code": "P/N", "lat": 19.190026, "lon": 72.831465 }, "geometry": { "type": "Polygon", "coordinates": [ [ [ 72.833870876822886, 19.187796232678121 ], [ 72.833811786930752, 19.192311736144397 ], [ 72.829059122996981, 19.192255525607127 ], [ 72.829118342285639, 19.187740036372279 ], [ 72.833870876822886, 19.187796232678121 ] ] ] } },
{ "type": "Feature", "properties": { "cell_id": "CELL_0549", "bmc_ward_code": "P/N", "lat": 19.194541, "lon": 72.831406 }, "geometry": { "type": "Polygon", "coordinates": [ [ [ 72.833811786930752, 19.192311736144397 ], [ 72.833752680435097, 19.196827237214944 ], [ 72.828999887068449, 19.196771012445502 ], [ 72.829059122996981, 19.192255525607127 ], [ 72.833811786930752, 19.192311736144397 ] ] ] } },
{ "type": "Feature", "properties": { "cell_id": "CELL_0550", "bmc_ward_code": "R/S", "lat": 19.199057, "lon": 72.831347 }, "geometry": { "type": "Polygon", "coordinates": [ [ [ 72.833752680435097, 19.196827237214944 ], [ 72.833693557333817, 19.201342735889273 ], [ 72.828940634497954, 19.201286496886897 ], [ 72.828999887068449, 19.196771012445502 ], [ 72.833752680435097, 19.196827237214944 ] ] ] } },
{ "type": "Feature", "properties": { "cell_id": "CELL_0551", "bmc_ward_code": "R/S", "lat": 19.203572, "lon": 72.831287 }, "geometry": { "type": "Polygon", "coordinates": [ [ [ 72.833693557333817, 19.201342735889273 ], [ 72.83363441762485, 19.205858232166879 ], [ 72.828881365283436, 19.205801978930825 ], [ 72.828940634497954, 19.201286496886897 ], [ 72.833693557333817, 19.201342735889273 ] ] ] } },
{ "type": "Feature", "properties": { "cell_id": "CELL_0552", "bmc_ward_code": "R/S", "lat": 19.208088, "lon": 72.831228 }, "geometry": { "type": "Polygon", "coordinates": [ [ [ 72.83363441762485, 19.205858232166879 ], [ 72.833575261306123, 19.210373726047273 ], [ 72.828822079422793, 19.210317458576792 ], [ 72.828881365283436, 19.205801978930825 ], [ 72.83363441762485, 19.205858232166879 ] ] ] } },
{ "type": "Feature", "properties": { "cell_id": "CELL_0553", "bmc_ward_code": "R/S", "lat": 19.212603, "lon": 72.831169 }, "geometry": { "type": "Polygon", "coordinates": [ [ [ 72.833575261306123, 19.210373726047273 ], [ 72.833516088375532, 19.214889217529965 ], [ 72.828762776913933, 19.214832935824305 ], [ 72.828822079422793, 19.210317458576792 ], [ 72.833575261306123, 19.210373726047273 ] ] ] } },
{ "type": "Feature", "properties": { "cell_id": "CELL_0554", "bmc_ward_code": "R/C", "lat": 19.217119, "lon": 72.83111 }, "geometry": { "type": "Polygon", "coordinates": [ [ [ 72.833516088375532, 19.214889217529965 ], [ 72.833456898831017, 19.219404706614451 ], [ 72.828703457754784, 19.219348410672861 ], [ 72.828762776913933, 19.214832935824305 ], [ 72.833516088375532, 19.214889217529965 ] ] ] } },
{ "type": "Feature", "properties": { "cell_id": "CELL_0555", "bmc_ward_code": "R/C", "lat": 19.221634, "lon": 72.831051 }, "geometry": { "type": "Polygon", "coordinates": [ [ [ 72.833456898831017, 19.219404706614451 ], [ 72.833397692670488, 19.223920193300248 ], [ 72.828644121943242, 19.223863883121982 ], [ 72.828703457754784, 19.219348410672861 ], [ 72.833456898831017, 19.219404706614451 ] ] ] } },
{ "type": "Feature", "properties": { "cell_id": "CELL_0556", "bmc_ward_code": "R/C", "lat": 19.22615, "lon": 72.830991 }, "geometry": { "type": "Polygon", "coordinates": [ [ [ 72.833397692670488, 19.223920193300248 ], [ 72.833338469891842, 19.228435677586859 ], [ 72.828584769477231, 19.22837935317116 ], [ 72.828644121943242, 19.223863883121982 ], [ 72.833397692670488, 19.223920193300248 ] ] ] } },
{ "type": "Feature", "properties": { "cell_id": "CELL_0557", "bmc_ward_code": "R/C", "lat": 19.230665, "lon": 72.830932 }, "geometry": { "type": "Polygon", "coordinates": [ [ [ 72.833338469891842, 19.228435677586859 ], [ 72.833279230493034, 19.232951159473782 ], [ 72.828525400354664, 19.232894820819901 ], [ 72.828584769477231, 19.22837935317116 ], [ 72.833338469891842, 19.228435677586859 ] ] ] } },
{ "type": "Feature", "properties": { "cell_id": "CELL_0558", "bmc_ward_code": "R/C", "lat": 19.235181, "lon": 72.830873 }, "geometry": { "type": "Polygon", "coordinates": [ [ [ 72.833279230493034, 19.232951159473782 ], [ 72.83321997447193, 19.23746663896053 ], [ 72.828466014573451, 19.237410286067721 ], [ 72.828525400354664, 19.232894820819901 ], [ 72.833279230493034, 19.232951159473782 ] ] ] } },
{ "type": "Feature", "properties": { "cell_id": "CELL_0559", "bmc_ward_code": "R/C", "lat": 19.239696, "lon": 72.830813 }, "geometry": { "type": "Polygon", "coordinates": [ [ [ 72.83321997447193, 19.23746663896053 ], [ 72.8331607018265, 19.241982116046611 ], [ 72.828406612131502, 19.241925748914113 ], [ 72.828466014573451, 19.237410286067721 ], [ 72.83321997447193, 19.23746663896053 ] ] ] } },
{ "type": "Feature", "properties": { "cell_id": "CELL_0560", "bmc_ward_code": "R/C", "lat": 19.244212, "lon": 72.830754 }, "geometry": { "type": "Polygon", "coordinates": [ [ [ 72.8331607018265, 19.241982116046611 ], [ 72.833101412554612, 19.246497590731529 ], [ 72.82834719302673, 19.246441209358597 ], [ 72.828406612131502, 19.241925748914113 ], [ 72.8331607018265, 19.241982116046611 ] ] ] } },
{ "type": "Feature", "properties": { "cell_id": "CELL_0561", "bmc_ward_code": "UNKNOWN", "lat": 19.248727, "lon": 72.830695 }, "geometry": { "type": "Polygon", "coordinates": [ [ [ 72.833101412554612, 19.246497590731529 ], [ 72.833042106654204, 19.251013063014788 ], [ 72.82828775725703, 19.250956667400672 ], [ 72.82834719302673, 19.246441209358597 ], [ 72.833101412554612, 19.246497590731529 ] ] ] } },
{ "type": "Feature", "properties": { "cell_id": "CELL_0562", "bmc_ward_code": "UNKNOWN", "lat": 18.919147, "lon": 72.839729 }, "geometry": { "type": "Polygon", "coordinates": [ [ [ 72.842130817640495, 18.916916881936029 ], [ 72.84207284740927, 18.921432542395806 ], [ 72.837327866630588, 18.921377305538687 ], [ 72.837385964088298, 18.91686165923478 ], [ 72.842130817640495, 18.916916881936029 ] ] ] } },
{ "type": "Feature", "properties": { "cell_id": "CELL_0563", "bmc_ward_code": "UNKNOWN", "lat": 18.923663, "lon": 72.839671 }, "geometry": { "type": "Polygon", "coordinates": [ [ [ 72.84207284740927, 18.921432542395806 ], [ 72.842014860734025, 18.925948200490325 ], [ 72.837269752692762, 18.925892949476605 ], [ 72.837327866630588, 18.921377305538687 ], [ 72.84207284740927, 18.921432542395806 ] ] ] } },
{ "type": "Feature", "properties": { "cell_id": "CELL_0564", "bmc_ward_code": "UNKNOWN", "lat": 18.928178, "lon": 72.839613 }, "geometry": { "type": "Polygon", "coordinates": [ [ [ 72.842014860734025, 18.925948200490325 ], [ 72.841956857612701, 18.930463856219085 ], [ 72.837211622272804, 18.930408591048028 ], [ 72.837269752692762, 18.925892949476605 ], [ 72.842014860734025, 18.925948200490325 ] ] ] } },
{ "type": "Feature", "properties": { "cell_id": "CELL_0565", "bmc_ward_code": "A", "lat": 18.932694, "lon": 72.839555 }, "geometry": { "type": "Polygon", "coordinates": [ [ [ 72.841956857612701, 18.930463856219085 ], [ 72.841898838043292, 18.934979509581595 ], [ 72.83715347536868, 18.934924230252467 ], [ 72.837211622272804, 18.930408591048028 ], [ 72.841956857612701, 18.930463856219085 ] ] ] } },
{ "type": "Feature", "properties": { "cell_id": "CELL_0566", "bmc_ward_code": "A", "lat": 18.93721, "lon": 72.839497 }, "geometry": { "type": "Polygon", "coordinates": [ [ [ 72.841898838043292, 18.934979509581595 ], [ 72.841840802023768, 18.939495160577355 ], [ 72.837095311978345, 18.939439867089423 ], [ 72.83715347536868, 18.934924230252467 ], [ 72.841898838043292, 18.934979509581595 ] ] ] } },
{ "type": "Feature", "properties": { "cell_id": "CELL_0567", "bmc_ward_code": "A", "lat": 18.941725, "lon": 72.839439 }, "geometry": { "type": "Polygon", "coordinates": [ [ [ 72.841840802023768, 18.939495160577355 ], [ 72.841782749552067, 18.944010809205864 ], [ 72.837037132099752, 18.943955501558399 ], [ 72.837095311978345, 18.939439867089423 ], [ 72.841840802023768, 18.939495160577355 ] ] ] } },
{ "type": "Feature", "properties": { "cell_id": "CELL_0568", "bmc_ward_code": "A", "lat": 18.946241, "lon": 72.839381 }, "geometry": { "type": "Polygon", "coordinates": [ [ [ 72.841782749552067, 18.944010809205864 ], [ 72.841724680626186, 18.948526455466638 ], [ 72.836978935730869, 18.948471133658899 ], [ 72.837037132099752, 18.943955501558399 ], [ 72.841782749552067, 18.944010809205864 ] ] ] } },
{ "type": "Feature", "properties": { "cell_id": "CELL_0569", "bmc_ward_code": "B", "lat": 18.950757, "lon": 72.839323 }, "geometry": { "type": "Polygon", "coordinates": [ [ [ 72.841724680626186, 18.948526455466638 ], [ 72.841666595244064, 18.95304209935917 ], [ 72.836920722869678, 18.952986763390424 ], [ 72.836978935730869, 18.948471133658899 ], [ 72.841724680626186, 18.948526455466638 ] ] ] } },
{ "type": "Feature", "properties": { "cell_id": "CELL_0570", "bmc_ward_code": "B", "lat": 18.955272, "lon": 72.839265 }, "geometry": { "type": "Polygon", "coordinates": [ [ [ 72.841666595244064, 18.95304209935917 ], [ 72.841608493403669, 18.957557740882972 ], [ 72.836862493514104, 18.957502390752477 ], [ 72.836920722869678, 18.952986763390424 ], [ 72.841666595244064, 18.95304209935917 ] ] ] } },
{ "type": "Feature", "properties": { "cell_id": "CELL_0571", "bmc_ward_code": "B", "lat": 18.959788, "lon": 72.839206 }, "geometry": { "type": "Polygon", "coordinates": [ [ [ 72.841608493403669, 18.957557740882972 ], [ 72.841550375102983, 18.962073380037545 ], [ 72.83680424766213, 18.962018015744562 ], [ 72.836862493514104, 18.957502390752477 ], [ 72.841608493403669, 18.957557740882972 ] ] ] } },
{ "type": "Feature", "properties": { "cell_id": "CELL_0572", "bmc_ward_code": "B", "lat": 18.964304, "lon": 72.839148 }, "geometry": { "type": "Polygon", "coordinates": [ [ [ 72.841550375102983, 18.962073380037545 ], [ 72.841492240339946, 18.966589016822379 ], [ 72.836745985311694, 18.966533638366183 ], [ 72.83680424766213, 18.962018015744562 ], [ 72.841550375102983, 18.962073380037545 ] ] ] } },
{ "type": "Feature", "properties": { "cell_id": "CELL_0573", "bmc_ward_code": "E", "lat": 18.968819, "lon": 72.83909 }, "geometry": { "type": "Polygon", "coordinates": [ [ [ 72.841492240339946, 18.966589016822379 ], [ 72.841434089112539, 18.971104651236988 ], [ 72.836687706460779, 18.971049258616844 ], [ 72.836745985311694, 18.966533638366183 ], [ 72.841492240339946, 18.966589016822379 ] ] ] } },
{ "type": "Feature", "properties": { "cell_id": "CELL_0574", "bmc_ward_code": "E", "lat": 18.973335, "lon": 72.839032 }, "geometry": { "type": "Polygon", "coordinates": [ [ [ 72.841434089112539, 18.971104651236988 ], [ 72.841375921418717, 18.975620283280886 ], [ 72.836629411107324, 18.975564876496051 ], [ 72.836687706460779, 18.971049258616844 ], [ 72.841434089112539, 18.971104651236988 ] ] ] } },
{ "type": "Feature", "properties": { "cell_id": "CELL_0575", "bmc_ward_code": "E", "lat": 18.97785, "lon": 72.838974 }, "geometry": { "type": "Polygon", "coordinates": [ [ [ 72.841375921418717, 18.975620283280886 ], [ 72.841317737256418, 18.980135912953557 ], [ 72.836571099249269, 18.980080492003303 ], [ 72.836629411107324, 18.975564876496051 ], [ 72.841375921418717, 18.975620283280886 ] ] ] } },
{ "type": "Feature", "properties": { "cell_id": "CELL_0576", "bmc_ward_code": "E", "lat": 18.982366, "lon": 72.838915 }, "geometry": { "type": "Polygon", "coordinates": [ [ [ 72.841317737256418, 18.980135912953557 ], [ 72.841259536623639, 18.984651540254518 ], [ 72.83651277088461, 18.984596105138099 ], [ 72.836571099249269, 18.980080492003303 ], [ 72.841317737256418, 18.980135912953557 ] ] ] } },
{ "type": "Feature", "properties": { "cell_id": "CELL_0577", "bmc_ward_code": "E", "lat": 18.986882, "lon": 72.838857 }, "geometry": { "type": "Polygon", "coordinates": [ [ [ 72.841259536623639, 18.984651540254518 ], [ 72.841201319518319, 18.989167165183275 ], [ 72.836454426011272, 18.989111715899959 ], [ 72.83651277088461, 18.984596105138099 ], [ 72.841259536623639, 18.984651540254518 ] ] ] } },
{ "type": "Feature", "properties": { "cell_id": "CELL_0578", "bmc_ward_code": "F/S", "lat": 18.991397, "lon": 72.838799 }, "geometry": { "type": "Polygon", "coordinates": [ [ [ 72.841201319518319, 18.989167165183275 ], [ 72.841143085938413, 18.993682787739321 ], [ 72.836396064627209, 18.993627324288369 ], [ 72.836454426011272, 18.989111715899959 ], [ 72.841201319518319, 18.989167165183275 ] ] ] } },
{ "type": "Feature", "properties": { "cell_id": "CELL_0579", "bmc_ward_code": "F/S", "lat": 18.995913, "lon": 72.83874 }, "geometry": { "type": "Polygon", "coordinates": [ [ [ 72.841143085938413, 18.993682787739321 ], [ 72.841084835881887, 18.998198407922168 ], [ 72.836337686730403, 18.998142930302837 ], [ 72.836396064627209, 18.993627324288369 ], [ 72.841143085938413, 18.993682787739321 ] ] ] } },
{ "type": "Feature", "properties": { "cell_id": "CELL_0580", "bmc_ward_code": "F/S", "lat": 19.000428, "lon": 72.838682 }, "geometry": { "type": "Polygon", "coordinates": [ [ [ 72.841084835881887, 18.998198407922168 ], [ 72.841026569346695, 19.002714025731322 ], [ 72.836279292318764, 19.002658533942881 ], [ 72.836337686730403, 18.998142930302837 ], [ 72.841084835881887, 18.998198407922168 ] ] ] } },
{ "type": "Feature", "properties": { "cell_id": "CELL_0581", "bmc_ward_code": "F/S", "lat": 19.004944, "lon": 72.838624 }, "geometry": { "type": "Polygon", "coordinates": [ [ [ 72.841026569346695, 19.002714025731322 ], [ 72.840968286330792, 19.007229641166276 ], [ 72.836220881390275, 19.007174135207983 ], [ 72.836279292318764, 19.002658533942881 ], [ 72.841026569346695, 19.002714025731322 ] ] ] } },
{ "type": "Feature", "properties": { "cell_id": "CELL_0582", "bmc_ward_code": "F/S", "lat": 19.00946, "lon": 72.838565 }, "geometry": { "type": "Polygon", "coordinates": [ [ [ 72.840968286330792, 19.007229641166276 ], [ 72.840909986832131, 19.01174525422654 ], [ 72.836162453942876, 19.011689734097668 ], [ 72.836220881390275, 19.007174135207983 ], [ 72.840968286330792, 19.007229641166276 ] ] ] } },
{ "type": "Feature", "properties": { "cell_id": "CELL_0583", "bmc_ward_code": "G/N", "lat": 19.013975, "lon": 72.838507 }, "geometry": { "type": "Polygon", "coordinates": [ [ [ 72.840909986832131, 19.01174525422654 ], [ 72.840851670848664, 19.016260864911622 ], [ 72.836104009974505, 19.016205330611427 ], [ 72.836162453942876, 19.011689734097668 ], [ 72.840909986832131, 19.01174525422654 ] ] ] } },
{ "type": "Feature", "properties": { "cell_id": "CELL_0584", "bmc_ward_code": "G/N", "lat": 19.018491, "lon": 72.838449 }, "geometry": { "type": "Polygon", "coordinates": [ [ [ 72.840851670848664, 19.016260864911622 ], [ 72.840793338378361, 19.020776473221026 ], [ 72.836045549483146, 19.020720924748758 ], [ 72.836104009974505, 19.016205330611427 ], [ 72.840851670848664, 19.016260864911622 ] ] ] } },
{ "type": "Feature", "properties": { "cell_id": "CELL_0585", "bmc_ward_code": "G/N", "lat": 19.023007, "lon": 72.83839 }, "geometry": { "type": "Polygon", "coordinates": [ [ [ 72.840793338378361, 19.020776473221026 ], [ 72.840734989419161, 19.025292079154255 ], [ 72.835987072466708, 19.025236516509182 ], [ 72.836045549483146, 19.020720924748758 ], [ 72.840793338378361, 19.020776473221026 ] ] ] } },
{ "type": "Feature", "properties": { "cell_id": "CELL_0586", "bmc_ward_code": "G/N", "lat": 19.027522, "lon": 72.838332 }, "geometry": { "type": "Polygon", "coordinates": [ [ [ 72.840734989419161, 19.025292079154255 ], [ 72.840676623969031, 19.029807682710803 ], [ 72.835928578923173, 19.029752105892189 ], [ 72.835987072466708, 19.025236516509182 ], [ 72.840734989419161, 19.025292079154255 ] ] ] } },
{ "type": "Feature", "properties": { "cell_id": "CELL_0587", "bmc_ward_code": "G/N", "lat": 19.032038, "lon": 72.838273 }, "geometry": { "type": "Polygon", "coordinates": [ [ [ 72.840676623969031, 19.029807682710803 ], [ 72.840618242025911, 19.034323283890188 ], [ 72.835870068850468, 19.034267692897295 ], [ 72.835928578923173, 19.029752105892189 ], [ 72.840676623969031, 19.029807682710803 ] ] ] } },
{ "type": "Feature", "properties": { "cell_id": "CELL_0588", "bmc_ward_code": "G/N", "lat": 19.036553, "lon": 72.838215 }, "geometry": { "type": "Polygon", "coordinates": [ [ [ 72.840618242025911, 19.034323283890188 ], [ 72.840559843587755, 19.038838882691905 ], [ 72.835811542246532, 19.038783277523997 ], [ 72.835870068850468, 19.034267692897295 ], [ 72.840618242025911, 19.034323283890188 ] ] ] } },
{ "type": "Feature", "properties": { "cell_id": "CELL_0589", "bmc_ward_code": "G/N", "lat": 19.041069, "lon": 72.838156 }, "geometry": { "type": "Polygon", "coordinates": [ [ [ 72.840559843587755, 19.038838882691905 ], [ 72.840501428652502, 19.043354479115468 ], [ 72.835752999109332, 19.043298859771792 ], [ 72.835811542246532, 19.038783277523997 ], [ 72.840559843587755, 19.038838882691905 ] ] ] } },
{ "type": "Feature", "properties": { "cell_id": "CELL_0590", "bmc_ward_code": "G/N", "lat": 19.045584, "lon": 72.838098 }, "geometry": { "type": "Polygon", "coordinates": [ [ [ 72.840501428652502, 19.043354479115468 ], [ 72.840442997218119, 19.047870073160375 ], [ 72.835694439436807, 19.047814439640199 ], [ 72.835752999109332, 19.043298859771792 ], [ 72.840501428652502, 19.043354479115468 ] ] ] } },
{ "type": "Feature", "properties": { "cell_id": "CELL_0591", "bmc_ward_code": "H/W", "lat": 19.0501, "lon": 72.838039 }, "geometry": { "type": "Polygon", "coordinates": [ [ [ 72.840442997218119, 19.047870073160375 ], [ 72.840384549282547, 19.052385664826133 ], [ 72.835635863226912, 19.05233001712871 ], [ 72.835694439436807, 19.047814439640199 ], [ 72.840442997218119, 19.047870073160375 ] ] ] } },
{ "type": "Feature", "properties": { "cell_id": "CELL_0592", "bmc_ward_code": "H/W", "lat": 19.054616, "lon": 72.837981 }, "geometry": { "type": "Polygon", "coordinates": [ [ [ 72.840384549282547, 19.052385664826133 ], [ 72.840326084843724, 19.05690125411224 ], [ 72.835577270477557, 19.05684559223684 ], [ 72.835635863226912, 19.05233001712871 ], [ 72.840384549282547, 19.052385664826133 ] ] ] } },
{ "type": "Feature", "properties": { "cell_id": "CELL_0593", "bmc_ward_code": "H/W", "lat": 19.059131, "lon": 72.837922 }, "geometry": { "type": "Polygon", "coordinates": [ [ [ 72.840326084843724, 19.05690125411224 ], [ 72.840267603899619, 19.061416841018211 ], [ 72.835518661186711, 19.061361164964083 ], [ 72.835577270477557, 19.05684559223684 ], [ 72.840326084843724, 19.05690125411224 ] ] ] } },
{ "type": "Feature", "properties": { "cell_id": "CELL_0594", "bmc_ward_code": "H/W", "lat": 19.063647, "lon": 72.837864 }, "geometry": { "type": "Polygon", "coordinates": [ [ [ 72.840267603899619, 19.061416841018211 ], [ 72.840209106448171, 19.065932425543544 ], [ 72.835460035352327, 19.06587673530996 ], [ 72.835518661186711, 19.061361164964083 ], [ 72.840267603899619, 19.061416841018211 ] ] ] } },
{ "type": "Feature", "properties": { "cell_id": "CELL_0595", "bmc_ward_code": "H/W", "lat": 19.068162, "lon": 72.837805 }, "geometry": { "type": "Polygon", "coordinates": [ [ [ 72.840209106448171, 19.065932425543544 ], [ 72.840150592487333, 19.070448007687737 ], [ 72.835401392972301, 19.070392303273948 ], [ 72.835460035352327, 19.06587673530996 ], [ 72.840209106448171, 19.065932425543544 ] ] ] } },
{ "type": "Feature", "properties": { "cell_id": "CELL_0596", "bmc_ward_code": "H/W", "lat": 19.072678, "lon": 72.837747 }, "geometry": { "type": "Polygon", "coordinates": [ [ [ 72.840150592487333, 19.070448007687737 ], [ 72.840092062015032, 19.074963587450313 ], [ 72.83534273404463, 19.074907868855583 ], [ 72.835401392972301, 19.070392303273948 ], [ 72.840150592487333, 19.070448007687737 ] ] ] } },
{ "type": "Feature", "properties": { "cell_id": "CELL_0597", "bmc_ward_code": "H/W", "lat": 19.077194, "lon": 72.837688 }, "geometry": { "type": "Polygon", "coordinates": [ [ [ 72.840092062015032, 19.074963587450313 ], [ 72.840033515029234, 19.079479164830765 ], [ 72.835284058567225, 19.079423432054348 ], [ 72.83534273404463, 19.074907868855583 ], [ 72.840092062015032, 19.074963587450313 ] ] ] } },
{ "type": "Feature", "properties": { "cell_id": "CELL_0598", "bmc_ward_code": "H/W", "lat": 19.081709, "lon": 72.837629 }, "geometry": { "type": "Polygon", "coordinates": [ [ [ 72.840033515029234, 19.079479164830765 ], [ 72.839974951527864, 19.083994739828597 ], [ 72.83522536653804, 19.083938992869747 ], [ 72.835284058567225, 19.079423432054348 ], [ 72.840033515029234, 19.079479164830765 ] ] ] } },
{ "type": "Feature", "properties": { "cell_id": "CELL_0599", "bmc_ward_code": "H/W", "lat": 19.086225, "lon": 72.837571 }, "geometry": { "type": "Polygon", "coordinates": [ [ [ 72.839974951527864, 19.083994739828597 ], [ 72.839916371508878, 19.088510312443319 ], [ 72.835166657954986, 19.0884545513013 ], [ 72.83522536653804, 19.083938992869747 ], [ 72.839974951527864, 19.083994739828597 ] ] ] } },
{ "type": "Feature", "properties": { "cell_id": "CELL_0600", "bmc_ward_code": "K/W", "lat": 19.09074, "lon": 72.837512 }, "geometry": { "type": "Polygon", "coordinates": [ [ [ 72.839916371508878, 19.088510312443319 ], [ 72.839857774970213, 19.093025882674436 ], [ 72.835107932816015, 19.092970107348492 ], [ 72.835166657954986, 19.0884545513013 ], [ 72.839916371508878, 19.088510312443319 ] ] ] } },
{ "type": "Feature", "properties": { "cell_id": "CELL_0601", "bmc_ward_code": "K/W", "lat": 19.095256, "lon": 72.837454 }, "geometry": { "type": "Polygon", "coordinates": [ [ [ 72.839857774970213, 19.093025882674436 ], [ 72.839799161909809, 19.09754145052144 ], [ 72.835049191119083, 19.097485661010854 ], [ 72.835107932816015, 19.092970107348492 ], [ 72.839857774970213, 19.093025882674436 ] ] ] } },
{ "type": "Feature", "properties": { "cell_id": "CELL_0602", "bmc_ward_code": "K/W", "lat": 19.099771, "lon": 72.837395 }, "geometry": { "type": "Polygon", "coordinates": [ [ [ 72.839799161909809, 19.09754145052144 ], [ 72.839740532325607, 19.102057015983856 ], [ 72.834990432862114, 19.102001212287863 ], [ 72.835049191119083, 19.097485661010854 ], [ 72.839799161909809, 19.09754145052144 ] ] ] } },
{ "type": "Feature", "properties": { "cell_id": "CELL_0603", "bmc_ward_code": "K/W", "lat": 19.104287, "lon": 72.837336 }, "geometry": { "type": "Polygon", "coordinates": [ [ [ 72.839740532325607, 19.102057015983856 ], [ 72.839681886215558, 19.106572579061179 ], [ 72.834931658043033, 19.106516761179041 ], [ 72.834990432862114, 19.102001212287863 ], [ 72.839740532325607, 19.102057015983856 ] ] ] } },
{ "type": "Feature", "properties": { "cell_id": "CELL_0604", "bmc_ward_code": "K/W", "lat": 19.108802, "lon": 72.837277 }, "geometry": { "type": "Polygon", "coordinates": [ [ [ 72.839681886215558, 19.106572579061179 ], [ 72.83962322357759, 19.111088139752908 ], [ 72.834872866659794, 19.111032307683885 ], [ 72.834931658043033, 19.106516761179041 ], [ 72.839681886215558, 19.106572579061179 ] ] ] } },
{ "type": "Feature", "properties": { "cell_id": "CELL_0605", "bmc_ward_code": "K/W", "lat": 19.113318, "lon": 72.837219 }, "geometry": { "type": "Polygon", "coordinates": [ [ [ 72.83962322357759, 19.111088139752908 ], [ 72.83956454440964, 19.11560369805855 ], [ 72.834814058710307, 19.11554785180191 ], [ 72.834872866659794, 19.111032307683885 ], [ 72.83962322357759, 19.111088139752908 ] ] ] } },
{ "type": "Feature", "properties": { "cell_id": "CELL_0606", "bmc_ward_code": "K/W", "lat": 19.117834, "lon": 72.83716 }, "geometry": { "type": "Polygon", "coordinates": [ [ [ 72.83956454440964, 19.11560369805855 ], [ 72.839505848709663, 19.120119253977634 ], [ 72.834755234192528, 19.120063393532615 ], [ 72.834814058710307, 19.11554785180191 ], [ 72.83956454440964, 19.11560369805855 ] ] ] } },
{ "type": "Feature", "properties": { "cell_id": "CELL_0607", "bmc_ward_code": "K/W", "lat": 19.122349, "lon": 72.837101 }, "geometry": { "type": "Polygon", "coordinates": [ [ [ 72.839505848709663, 19.120119253977634 ], [ 72.839447136475584, 19.124634807509633 ], [ 72.834696393104394, 19.124578932875497 ], [ 72.834755234192528, 19.120063393532615 ], [ 72.839505848709663, 19.120119253977634 ] ] ] } },
{ "type": "Feature", "properties": { "cell_id": "CELL_0608", "bmc_ward_code": "K/W", "lat": 19.126865, "lon": 72.837042 }, "geometry": { "type": "Polygon", "coordinates": [ [ [ 72.839447136475584, 19.124634807509633 ], [ 72.839388407705357, 19.129150358654066 ], [ 72.834637535443818, 19.129094469830072 ], [ 72.834696393104394, 19.124578932875497 ], [ 72.839447136475584, 19.124634807509633 ] ] ] } },
{ "type": "Feature", "properties": { "cell_id": "CELL_0609", "bmc_ward_code": "K/W", "lat": 19.13138, "lon": 72.836984 }, "geometry": { "type": "Polygon", "coordinates": [ [ [ 72.839388407705357, 19.129150358654066 ], [ 72.839329662396892, 19.133665907410439 ], [ 72.834578661208738, 19.133610004395837 ], [ 72.834637535443818, 19.129094469830072 ], [ 72.839388407705357, 19.129150358654066 ] ] ] } },
{ "type": "Feature", "properties": { "cell_id": "CELL_0610", "bmc_ward_code": "K/W", "lat": 19.135896, "lon": 72.836925 }, "geometry": { "type": "Polygon", "coordinates": [ [ [ 72.839329662396892, 19.133665907410439 ], [ 72.839270900548144, 19.138181453778255 ], [ 72.834519770397094, 19.1381255365723 ], [ 72.834578661208738, 19.133610004395837 ], [ 72.839329662396892, 19.133665907410439 ] ] ] } },
{ "type": "Feature", "properties": { "cell_id": "CELL_0611", "bmc_ward_code": "K/W", "lat": 19.140411, "lon": 72.836866 }, "geometry": { "type": "Polygon", "coordinates": [ [ [ 72.839270900548144, 19.138181453778255 ], [ 72.839212122157022, 19.142696997757021 ], [ 72.834460863006797, 19.14264106635898 ], [ 72.834519770397094, 19.1381255365723 ], [ 72.839270900548144, 19.138181453778255 ] ] ] } },
{ "type": "Feature", "properties": { "cell_id": "CELL_0612", "bmc_ward_code": "K/W", "lat": 19.144927, "lon": 72.836807 }, "geometry": { "type": "Polygon", "coordinates": [ [ [ 72.839212122157022, 19.142696997757021 ], [ 72.83915332722151, 19.147212539346242 ], [ 72.8344019390358, 19.147156593755359 ], [ 72.834460863006797, 19.14264106635898 ], [ 72.839212122157022, 19.142696997757021 ] ] ] } },
{ "type": "Feature", "properties": { "cell_id": "CELL_0613", "bmc_ward_code": "K/W", "lat": 19.149442, "lon": 72.836748 }, "geometry": { "type": "Polygon", "coordinates": [ [ [ 72.83915332722151, 19.147212539346242 ], [ 72.839094515739475, 19.151728078545418 ], [ 72.834342998482015, 19.151672118760956 ], [ 72.8344019390358, 19.147156593755359 ], [ 72.83915332722151, 19.147212539346242 ] ] ] } },
{ "type": "Feature", "properties": { "cell_id": "CELL_0614", "bmc_ward_code": "P/S", "lat": 19.153958, "lon": 72.836689 }, "geometry": { "type": "Polygon", "coordinates": [ [ [ 72.839094515739475, 19.151728078545418 ], [ 72.839035687708915, 19.156243615354072 ], [ 72.834284041343381, 19.156187641375269 ], [ 72.834342998482015, 19.151672118760956 ], [ 72.839094515739475, 19.151728078545418 ] ] ] } },
{ "type": "Feature", "properties": { "cell_id": "CELL_0615", "bmc_ward_code": "P/S", "lat": 19.158473, "lon": 72.83663 }, "geometry": { "type": "Polygon", "coordinates": [ [ [ 72.839035687708915, 19.156243615354072 ], [ 72.83897684312771, 19.160759149771692 ], [ 72.834225067617822, 19.160703161597816 ], [ 72.834284041343381, 19.156187641375269 ], [ 72.839035687708915, 19.156243615354072 ] ] ] } },
{ "type": "Feature", "properties": { "cell_id": "CELL_0616", "bmc_ward_code": "P/S", "lat": 19.162989, "lon": 72.836571 }, "geometry": { "type": "Polygon", "coordinates": [ [ [ 72.83897684312771, 19.160759149771692 ], [ 72.838917981993831, 19.165274681797783 ], [ 72.83416607730328, 19.165218679428087 ], [ 72.834225067617822, 19.160703161597816 ], [ 72.83897684312771, 19.160759149771692 ] ] ] } },
{ "type": "Feature", "properties": { "cell_id": "CELL_0617", "bmc_ward_code": "P/S", "lat": 19.167504, "lon": 72.836513 }, "geometry": { "type": "Polygon", "coordinates": [ [ [ 72.838917981993831, 19.165274681797783 ], [ 72.838859104305186, 19.169790211431867 ], [ 72.834107070397636, 19.169734194865597 ], [ 72.83416607730328, 19.165218679428087 ], [ 72.838917981993831, 19.165274681797783 ] ] ] } },
{ "type": "Feature", "properties": { "cell_id": "CELL_0618", "bmc_ward_code": "P/S", "lat": 19.17202, "lon": 72.836454 }, "geometry": { "type": "Polygon", "coordinates": [ [ [ 72.838859104305186, 19.169790211431867 ], [ 72.838800210059702, 19.174305738673436 ], [ 72.834048046898857, 19.174249707909855 ], [ 72.834107070397636, 19.169734194865597 ], [ 72.838859104305186, 19.169790211431867 ] ] ] } },
{ "type": "Feature", "properties": { "cell_id": "CELL_0619", "bmc_ward_code": "P/S", "lat": 19.176535, "lon": 72.836395 }, "geometry": { "type": "Polygon", "coordinates": [ [ [ 72.838800210059702, 19.174305738673436 ], [ 72.838741299255318, 19.178821263521996 ], [ 72.833989006804856, 19.178765218560351 ], [ 72.834048046898857, 19.174249707909855 ], [ 72.838800210059702, 19.174305738673436 ] ] ] } },
{ "type": "Feature", "properties": { "cell_id": "CELL_0620", "bmc_ward_code": "P/N", "lat": 19.181051, "lon": 72.836336 }, "geometry": { "type": "Polygon", "coordinates": [ [ [ 72.838741299255318, 19.178821263521996 ], [ 72.838682371889973, 19.183336785977062 ], [ 72.833929950113557, 19.183280726816609 ], [ 72.833989006804856, 19.178765218560351 ], [ 72.838741299255318, 19.178821263521996 ] ] ] } },
{ "type": "Feature", "properties": { "cell_id": "CELL_0621", "bmc_ward_code": "P/N", "lat": 19.185567, "lon": 72.836277 }, "geometry": { "type": "Polygon", "coordinates": [ [ [ 72.838682371889973, 19.183336785977062 ], [ 72.838623427961565, 19.187852306038128 ], [ 72.833870876822886, 19.187796232678121 ], [ 72.833929950113557, 19.183280726816609 ], [ 72.838682371889973, 19.183336785977062 ] ] ] } },
{ "type": "Feature", "properties": { "cell_id": "CELL_0622", "bmc_ward_code": "P/N", "lat": 19.190082, "lon": 72.836218 }, "geometry": { "type": "Polygon", "coordinates": [ [ [ 72.838623427961565, 19.187852306038128 ], [ 72.838564467468046, 19.192367823704707 ], [ 72.833811786930752, 19.192311736144397 ], [ 72.833870876822886, 19.187796232678121 ], [ 72.838623427961565, 19.187852306038128 ] ] ] } },
{ "type": "Feature", "properties": { "cell_id": "CELL_0623", "bmc_ward_code": "P/N", "lat": 19.194598, "lon": 72.836159 }, "geometry": { "type": "Polygon", "coordinates": [ [ [ 72.838564467468046, 19.192367823704707 ], [ 72.838505490407343, 19.19688333897631 ], [ 72.833752680435097, 19.196827237214944 ], [ 72.833811786930752, 19.192311736144397 ], [ 72.838564467468046, 19.192367823704707 ] ] ] } },
{ "type": "Feature", "properties": { "cell_id": "CELL_0624", "bmc_ward_code": "P/N", "lat": 19.199113, "lon": 72.8361 }, "geometry": { "type": "Polygon", "coordinates": [ [ [ 72.838505490407343, 19.19688333897631 ], [ 72.838446496777365, 19.201398851852428 ], [ 72.833693557333817, 19.201342735889273 ], [ 72.833752680435097, 19.196827237214944 ], [ 72.838505490407343, 19.19688333897631 ] ] ] } },
{ "type": "Feature", "properties": { "cell_id": "CELL_0625", "bmc_ward_code": "R/S", "lat": 19.203629, "lon": 72.83604 }, "geometry": { "type": "Polygon", "coordinates": [ [ [ 72.838446496777365, 19.201398851852428 ], [ 72.838387486576039, 19.205914362332582 ], [ 72.83363441762485, 19.205858232166879 ], [ 72.833693557333817, 19.201342735889273 ], [ 72.838446496777365, 19.201398851852428 ] ] ] } },
{ "type": "Feature", "properties": { "cell_id": "CELL_0626", "bmc_ward_code": "R/S", "lat": 19.208144, "lon": 72.835981 }, "geometry": { "type": "Polygon", "coordinates": [ [ [ 72.838387486576039, 19.205914362332582 ], [ 72.838328459801303, 19.210429870416277 ], [ 72.833575261306123, 19.210373726047273 ], [ 72.83363441762485, 19.205858232166879 ], [ 72.838387486576039, 19.205914362332582 ] ] ] } },
{ "type": "Feature", "properties": { "cell_id": "CELL_0627", "bmc_ward_code": "R/S", "lat": 19.21266, "lon": 72.835922 }, "geometry": { "type": "Polygon", "coordinates": [ [ [ 72.838328459801303, 19.210429870416277 ], [ 72.838269416451084, 19.21494537610301 ], [ 72.833516088375532, 19.214889217529965 ], [ 72.833575261306123, 19.210373726047273 ], [ 72.838328459801303, 19.210429870416277 ] ] ] } },
{ "type": "Feature", "properties": { "cell_id": "CELL_0628", "bmc_ward_code": "R/C", "lat": 19.217175, "lon": 72.835863 }, "geometry": { "type": "Polygon", "coordinates": [ [ [ 72.838269416451084, 19.21494537610301 ], [ 72.838210356523277, 19.21946087939229 ], [ 72.833456898831017, 19.219404706614451 ], [ 72.833516088375532, 19.214889217529965 ], [ 72.838269416451084, 19.21494537610301 ] ] ] } },
{ "type": "Feature", "properties": { "cell_id": "CELL_0629", "bmc_ward_code": "R/C", "lat": 19.221691, "lon": 72.835804 }, "geometry": { "type": "Polygon", "coordinates": [ [ [ 72.838210356523277, 19.21946087939229 ], [ 72.838151280015822, 19.223976380283627 ], [ 72.833397692670488, 19.223920193300248 ], [ 72.833456898831017, 19.219404706614451 ], [ 72.838210356523277, 19.21946087939229 ] ] ] } },
{ "type": "Feature", "properties": { "cell_id": "CELL_0630", "bmc_ward_code": "R/C", "lat": 19.226206, "lon": 72.835745 }, "geometry": { "type": "Polygon", "coordinates": [ [ [ 72.838151280015822, 19.223976380283627 ], [ 72.838092186926644, 19.228491878776524 ], [ 72.833338469891842, 19.228435677586859 ], [ 72.833397692670488, 19.223920193300248 ], [ 72.838151280015822, 19.223976380283627 ] ] ] } },
{ "type": "Feature", "properties": { "cell_id": "CELL_0631", "bmc_ward_code": "R/C", "lat": 19.230722, "lon": 72.835686 }, "geometry": { "type": "Polygon", "coordinates": [ [ [ 72.838092186926644, 19.228491878776524 ], [ 72.838033077253641, 19.233007374870482 ], [ 72.833279230493034, 19.232951159473782 ], [ 72.833338469891842, 19.228435677586859 ], [ 72.838092186926644, 19.228491878776524 ] ] ] } },
{ "type": "Feature", "properties": { "cell_id": "CELL_0632", "bmc_ward_code": "R/C", "lat": 19.235237, "lon": 72.835627 }, "geometry": { "type": "Polygon", "coordinates": [ [ [ 72.838033077253641, 19.233007374870482 ], [ 72.837973950994765, 19.23752286856503 ], [ 72.83321997447193, 19.23746663896053 ], [ 72.833279230493034, 19.232951159473782 ], [ 72.838033077253641, 19.233007374870482 ] ] ] } },
{ "type": "Feature", "properties": { "cell_id": "CELL_0633", "bmc_ward_code": "R/C", "lat": 19.239753, "lon": 72.835567 }, "geometry": { "type": "Polygon", "coordinates": [ [ [ 72.837973950994765, 19.23752286856503 ], [ 72.837914808147929, 19.242038359859652 ], [ 72.8331607018265, 19.241982116046611 ], [ 72.83321997447193, 19.23746663896053 ], [ 72.837973950994765, 19.23752286856503 ] ] ] } },
{ "type": "Feature", "properties": { "cell_id": "CELL_0634", "bmc_ward_code": "R/C", "lat": 19.244268, "lon": 72.835508 }, "geometry": { "type": "Polygon", "coordinates": [ [ [ 72.837914808147929, 19.242038359859652 ], [ 72.837855648711027, 19.246553848753855 ], [ 72.833101412554612, 19.246497590731529 ], [ 72.8331607018265, 19.241982116046611 ], [ 72.837914808147929, 19.242038359859652 ] ] ] } },
{ "type": "Feature", "properties": { "cell_id": "CELL_0635", "bmc_ward_code": "R/C", "lat": 19.248783, "lon": 72.835449 }, "geometry": { "type": "Polygon", "coordinates": [ [ [ 72.837855648711027, 19.246553848753855 ], [ 72.837796472681987, 19.251069335247148 ], [ 72.833042106654204, 19.251013063014788 ], [ 72.833101412554612, 19.246497590731529 ], [ 72.837855648711027, 19.246553848753855 ] ] ] } },
{ "type": "Feature", "properties": { "cell_id": "CELL_0636", "bmc_ward_code": "UNKNOWN", "lat": 19.253299, "lon": 72.83539 }, "geometry": { "type": "Polygon", "coordinates": [ [ [ 72.837796472681987, 19.251069335247148 ], [ 72.837737280058747, 19.25558481933906 ], [ 72.832982784123189, 19.255528532895902 ], [ 72.833042106654204, 19.251013063014788 ], [ 72.837796472681987, 19.251069335247148 ] ] ] } },
{ "type": "Feature", "properties": { "cell_id": "CELL_0637", "bmc_ward_code": "UNKNOWN", "lat": 19.257814, "lon": 72.83533 }, "geometry": { "type": "Polygon", "coordinates": [ [ [ 72.837737280058747, 19.25558481933906 ], [ 72.837678070839203, 19.260100301029063 ], [ 72.832923444959462, 19.260044000374361 ], [ 72.832982784123189, 19.255528532895902 ], [ 72.837737280058747, 19.25558481933906 ] ] ] } },
{ "type": "Feature", "properties": { "cell_id": "CELL_0638", "bmc_ward_code": "UNKNOWN", "lat": 19.26233, "lon": 72.835271 }, "geometry": { "type": "Polygon", "coordinates": [ [ [ 72.837678070839203, 19.260100301029063 ], [ 72.837618845021282, 19.264615780316689 ], [ 72.83286408916095, 19.26455946544969 ], [ 72.832923444959462, 19.260044000374361 ], [ 72.837678070839203, 19.260100301029063 ] ] ] } },
{ "type": "Feature", "properties": { "cell_id": "CELL_0639", "bmc_ward_code": "UNKNOWN", "lat": 18.923718, "lon": 72.844416 }, "geometry": { "type": "Polygon", "coordinates": [ [ [ 72.846817844631985, 18.92148765813884 ], [ 72.84675998522134, 18.926003330358924 ], [ 72.842014860734025, 18.925948200490325 ], [ 72.84207284740927, 18.921432542395806 ], [ 72.846817844631985, 18.92148765813884 ] ] ] } },
{ "type": "Feature", "properties": { "cell_id": "CELL_0640", "bmc_ward_code": "UNKNOWN", "lat": 18.928234, "lon": 72.844358 }, "geometry": { "type": "Polygon", "coordinates": [ [ [ 72.84675998522134, 18.926003330358924 ], [ 72.846702109400695, 18.930519000213987 ], [ 72.841956857612701, 18.930463856219085 ], [ 72.842014860734025, 18.925948200490325 ], [ 72.84675998522134, 18.926003330358924 ] ] ] } },
{ "type": "Feature", "properties": { "cell_id": "CELL_0641", "bmc_ward_code": "UNKNOWN", "lat": 18.932749, "lon": 72.844301 }, "geometry": { "type": "Polygon", "coordinates": [ [ [ 72.846702109400695, 18.930519000213987 ], [ 72.846644217168048, 18.935034667703537 ], [ 72.841898838043292, 18.934979509581595 ], [ 72.841956857612701, 18.930463856219085 ], [ 72.846702109400695, 18.930519000213987 ] ] ] } },
{ "type": "Feature", "properties": { "cell_id": "CELL_0642", "bmc_ward_code": "UNKNOWN", "lat": 18.937265, "lon": 72.844243 }, "geometry": { "type": "Polygon", "coordinates": [ [ [ 72.846644217168048, 18.935034667703537 ], [ 72.846586308521339, 18.939550332827061 ], [ 72.841840802023768, 18.939495160577355 ], [ 72.841898838043292, 18.934979509581595 ], [ 72.846644217168048, 18.935034667703537 ] ] ] } },
{ "type": "Feature", "properties": { "cell_id": "CELL_0643", "bmc_ward_code": "A", "lat": 18.941781, "lon": 72.844185 }, "geometry": { "type": "Polygon", "coordinates": [ [ [ 72.846586308521339, 18.939550332827061 ], [ 72.84652838345859, 18.944065995584079 ], [ 72.841782749552067, 18.944010809205864 ], [ 72.841840802023768, 18.939495160577355 ], [ 72.846586308521339, 18.939550332827061 ] ] ] } },
{ "type": "Feature", "properties": { "cell_id": "CELL_0644", "bmc_ward_code": "A", "lat": 18.946296, "lon": 72.844127 }, "geometry": { "type": "Polygon", "coordinates": [ [ [ 72.84652838345859, 18.944065995584079 ], [ 72.846470441977715, 18.948581655974088 ], [ 72.841724680626186, 18.948526455466638 ], [ 72.841782749552067, 18.944010809205864 ], [ 72.84652838345859, 18.944065995584079 ] ] ] } },
{ "type": "Feature", "properties": { "cell_id": "CELL_0645", "bmc_ward_code": "B", "lat": 18.950812, "lon": 72.844069 }, "geometry": { "type": "Polygon", "coordinates": [ [ [ 72.846470441977715, 18.948581655974088 ], [ 72.846412484076708, 18.953097313996587 ], [ 72.841666595244064, 18.95304209935917 ], [ 72.841724680626186, 18.948526455466638 ], [ 72.846470441977715, 18.948581655974088 ] ] ] } },
{ "type": "Feature", "properties": { "cell_id": "CELL_0646", "bmc_ward_code": "B", "lat": 18.955328, "lon": 72.844011 }, "geometry": { "type": "Polygon", "coordinates": [ [ [ 72.846412484076708, 18.953097313996587 ], [ 72.846354509753539, 18.957612969651088 ], [ 72.841608493403669, 18.957557740882972 ], [ 72.841666595244064, 18.95304209935917 ], [ 72.846412484076708, 18.953097313996587 ] ] ] } },
{ "type": "Feature", "properties": { "cell_id": "CELL_0647", "bmc_ward_code": "B", "lat": 18.959843, "lon": 72.843952 }, "geometry": { "type": "Polygon", "coordinates": [ [ [ 72.846354509753539, 18.957612969651088 ], [ 72.846296519006174, 18.96212862293709 ], [ 72.841550375102983, 18.962073380037545 ], [ 72.841608493403669, 18.957557740882972 ], [ 72.846354509753539, 18.957612969651088 ] ] ] } },
{ "type": "Feature", "properties": { "cell_id": "CELL_0648", "bmc_ward_code": "E", "lat": 18.964359, "lon": 72.843894 }, "geometry": { "type": "Polygon", "coordinates": [ [ [ 72.846296519006174, 18.96212862293709 ], [ 72.846238511832581, 18.966644273854097 ], [ 72.841492240339946, 18.966589016822379 ], [ 72.841550375102983, 18.962073380037545 ], [ 72.846296519006174, 18.96212862293709 ] ] ] } },
{ "type": "Feature", "properties": { "cell_id": "CELL_0649", "bmc_ward_code": "E", "lat": 18.968874, "lon": 72.843836 }, "geometry": { "type": "Polygon", "coordinates": [ [ [ 72.846238511832581, 18.966644273854097 ], [ 72.846180488230715, 18.971159922401618 ], [ 72.841434089112539, 18.971104651236988 ], [ 72.841492240339946, 18.966589016822379 ], [ 72.846238511832581, 18.966644273854097 ] ] ] } },
{ "type": "Feature", "properties": { "cell_id": "CELL_0650", "bmc_ward_code": "E", "lat": 18.97339, "lon": 72.843778 }, "geometry": { "type": "Polygon", "coordinates": [ [ [ 72.846180488230715, 18.971159922401618 ], [ 72.846122448198557, 18.975675568579152 ], [ 72.841375921418717, 18.975620283280886 ], [ 72.841434089112539, 18.971104651236988 ], [ 72.846180488230715, 18.971159922401618 ] ] ] } },
{ "type": "Feature", "properties": { "cell_id": "CELL_0651", "bmc_ward_code": "E", "lat": 18.977906, "lon": 72.84372 }, "geometry": { "type": "Polygon", "coordinates": [ [ [ 72.846122448198557, 18.975675568579152 ], [ 72.84606439173406, 18.980191212386202 ], [ 72.841317737256418, 18.980135912953557 ], [ 72.841375921418717, 18.975620283280886 ], [ 72.846122448198557, 18.975675568579152 ] ] ] } },
{ "type": "Feature", "properties": { "cell_id": "CELL_0652", "bmc_ward_code": "E", "lat": 18.982421, "lon": 72.843662 }, "geometry": { "type": "Polygon", "coordinates": [ [ [ 72.84606439173406, 18.980191212386202 ], [ 72.846006318835208, 18.984706853822271 ], [ 72.841259536623639, 18.984651540254518 ], [ 72.841317737256418, 18.980135912953557 ], [ 72.84606439173406, 18.980191212386202 ] ] ] } },
{ "type": "Feature", "properties": { "cell_id": "CELL_0653", "bmc_ward_code": "F/S", "lat": 18.986937, "lon": 72.843604 }, "geometry": { "type": "Polygon", "coordinates": [ [ [ 72.846006318835208, 18.984706853822271 ], [ 72.845948229499939, 18.989222492886871 ], [ 72.841201319518319, 18.989167165183275 ], [ 72.841259536623639, 18.984651540254518 ], [ 72.846006318835208, 18.984706853822271 ] ] ] } },
{ "type": "Feature", "properties": { "cell_id": "CELL_0654", "bmc_ward_code": "F/S", "lat": 18.991453, "lon": 72.843546 }, "geometry": { "type": "Polygon", "coordinates": [ [ [ 72.845948229499939, 18.989222492886871 ], [ 72.845890123726235, 18.993738129579494 ], [ 72.841143085938413, 18.993682787739321 ], [ 72.841201319518319, 18.989167165183275 ], [ 72.845948229499939, 18.989222492886871 ] ] ] } },
{ "type": "Feature", "properties": { "cell_id": "CELL_0655", "bmc_ward_code": "F/S", "lat": 18.995968, "lon": 72.843488 }, "geometry": { "type": "Polygon", "coordinates": [ [ [ 72.845890123726235, 18.993738129579494 ], [ 72.845832001512036, 18.998253763899662 ], [ 72.841084835881887, 18.998198407922168 ], [ 72.841143085938413, 18.993682787739321 ], [ 72.845890123726235, 18.993738129579494 ] ] ] } },
{ "type": "Feature", "properties": { "cell_id": "CELL_0656", "bmc_ward_code": "F/S", "lat": 19.000484, "lon": 72.843429 }, "geometry": { "type": "Polygon", "coordinates": [ [ [ 72.845832001512036, 18.998253763899662 ], [ 72.845773862855324, 19.002769395846869 ], [ 72.841026569346695, 19.002714025731322 ], [ 72.841084835881887, 18.998198407922168 ], [ 72.845832001512036, 18.998253763899662 ] ] ] } },
{ "type": "Feature", "properties": { "cell_id": "CELL_0657", "bmc_ward_code": "F/S", "lat": 19.005, "lon": 72.843371 }, "geometry": { "type": "Polygon", "coordinates": [ [ [ 72.845773862855324, 19.002769395846869 ], [ 72.845715707754053, 19.007285025420607 ], [ 72.840968286330792, 19.007229641166276 ], [ 72.841026569346695, 19.002714025731322 ], [ 72.845773862855324, 19.002769395846869 ] ] ] } },
{ "type": "Feature", "properties": { "cell_id": "CELL_0658", "bmc_ward_code": "F/S", "lat": 19.009515, "lon": 72.843313 }, "geometry": { "type": "Polygon", "coordinates": [ [ [ 72.845715707754053, 19.007285025420607 ], [ 72.845657536206176, 19.011800652620408 ], [ 72.840909986832131, 19.01174525422654 ], [ 72.840968286330792, 19.007229641166276 ], [ 72.845715707754053, 19.007285025420607 ] ] ] } },
{ "type": "Feature", "properties": { "cell_id": "CELL_0659", "bmc_ward_code": "F/S", "lat": 19.014031, "lon": 72.843255 }, "geometry": { "type": "Polygon", "coordinates": [ [ [ 72.845657536206176, 19.011800652620408 ], [ 72.845599348209674, 19.016316277445753 ], [ 72.840851670848664, 19.016260864911622 ], [ 72.840909986832131, 19.01174525422654 ], [ 72.845657536206176, 19.011800652620408 ] ] ] } },
{ "type": "Feature", "properties": { "cell_id": "CELL_0660", "bmc_ward_code": "G/N", "lat": 19.018546, "lon": 72.843196 }, "geometry": { "type": "Polygon", "coordinates": [ [ [ 72.845599348209674, 19.016316277445753 ], [ 72.845541143762489, 19.020831899896148 ], [ 72.840793338378361, 19.020776473221026 ], [ 72.840851670848664, 19.016260864911622 ], [ 72.845599348209674, 19.016316277445753 ] ] ] } },
{ "type": "Feature", "properties": { "cell_id": "CELL_0661", "bmc_ward_code": "G/N", "lat": 19.023062, "lon": 72.843138 }, "geometry": { "type": "Polygon", "coordinates": [ [ [ 72.845541143762489, 19.020831899896148 ], [ 72.845482922862573, 19.025347519971113 ], [ 72.840734989419161, 19.025292079154255 ], [ 72.840793338378361, 19.020776473221026 ], [ 72.845541143762489, 19.020831899896148 ] ] ] } },
{ "type": "Feature", "properties": { "cell_id": "CELL_0662", "bmc_ward_code": "G/N", "lat": 19.027578, "lon": 72.84308 }, "geometry": { "type": "Polygon", "coordinates": [ [ [ 72.845482922862573, 19.025347519971113 ], [ 72.845424685507879, 19.029863137670141 ], [ 72.840676623969031, 19.029807682710803 ], [ 72.840734989419161, 19.025292079154255 ], [ 72.845482922862573, 19.025347519971113 ] ] ] } },
{ "type": "Feature", "properties": { "cell_id": "CELL_0663", "bmc_ward_code": "G/N", "lat": 19.032093, "lon": 72.843021 }, "geometry": { "type": "Polygon", "coordinates": [ [ [ 72.845424685507879, 19.029863137670141 ], [ 72.845366431696391, 19.034378752992733 ], [ 72.840618242025911, 19.034323283890188 ], [ 72.840676623969031, 19.029807682710803 ], [ 72.845424685507879, 19.029863137670141 ] ] ] } },
{ "type": "Feature", "properties": { "cell_id": "CELL_0664", "bmc_ward_code": "G/N", "lat": 19.036609, "lon": 72.842963 }, "geometry": { "type": "Polygon", "coordinates": [ [ [ 72.845366431696391, 19.034378752992733 ], [ 72.845308161426047, 19.0388943659384 ], [ 72.840559843587755, 19.038838882691905 ], [ 72.840618242025911, 19.034323283890188 ], [ 72.845366431696391, 19.034378752992733 ] ] ] } },
{ "type": "Feature", "properties": { "cell_id": "CELL_0665", "bmc_ward_code": "G/N", "lat": 19.041124, "lon": 72.842905 }, "geometry": { "type": "Polygon", "coordinates": [ [ [ 72.845308161426047, 19.0388943659384 ], [ 72.845249874694787, 19.043409976506652 ], [ 72.840501428652502, 19.043354479115468 ], [ 72.840559843587755, 19.038838882691905 ], [ 72.845308161426047, 19.0388943659384 ] ] ] } },
{ "type": "Feature", "properties": { "cell_id": "CELL_0666", "bmc_ward_code": "G/N", "lat": 19.04564, "lon": 72.842846 }, "geometry": { "type": "Polygon", "coordinates": [ [ [ 72.845249874694787, 19.043409976506652 ], [ 72.845191571500607, 19.047925584696983 ], [ 72.840442997218119, 19.047870073160375 ], [ 72.840501428652502, 19.043354479115468 ], [ 72.845249874694787, 19.043409976506652 ] ] ] } },
{ "type": "Feature", "properties": { "cell_id": "CELL_0667", "bmc_ward_code": "G/N", "lat": 19.050156, "lon": 72.842788 }, "geometry": { "type": "Polygon", "coordinates": [ [ [ 72.845191571500607, 19.047925584696983 ], [ 72.845133251841418, 19.052441190508905 ], [ 72.840384549282547, 19.052385664826133 ], [ 72.840442997218119, 19.047870073160375 ], [ 72.845191571500607, 19.047925584696983 ] ] ] } },
{ "type": "Feature", "properties": { "cell_id": "CELL_0668", "bmc_ward_code": "H/E", "lat": 19.054671, "lon": 72.84273 }, "geometry": { "type": "Polygon", "coordinates": [ [ [ 72.845133251841418, 19.052441190508905 ], [ 72.845074915715202, 19.056956793941922 ], [ 72.840326084843724, 19.05690125411224 ], [ 72.840384549282547, 19.052385664826133 ], [ 72.845133251841418, 19.052441190508905 ] ] ] } },
{ "type": "Feature", "properties": { "cell_id": "CELL_0669", "bmc_ward_code": "H/E", "lat": 19.059187, "lon": 72.842671 }, "geometry": { "type": "Polygon", "coordinates": [ [ [ 72.845074915715202, 19.056956793941922 ], [ 72.845016563119884, 19.061472394995526 ], [ 72.840267603899619, 19.061416841018211 ], [ 72.840326084843724, 19.05690125411224 ], [ 72.845074915715202, 19.056956793941922 ] ] ] } },
{ "type": "Feature", "properties": { "cell_id": "CELL_0670", "bmc_ward_code": "H/E", "lat": 19.063702, "lon": 72.842613 }, "geometry": { "type": "Polygon", "coordinates": [ [ [ 72.845016563119884, 19.061472394995526 ], [ 72.844958194053447, 19.065987993669246 ], [ 72.840209106448171, 19.065932425543544 ], [ 72.840267603899619, 19.061416841018211 ], [ 72.845016563119884, 19.061472394995526 ] ] ] } },
{ "type": "Feature", "properties": { "cell_id": "CELL_0671", "bmc_ward_code": "H/E", "lat": 19.068218, "lon": 72.842554 }, "geometry": { "type": "Polygon", "coordinates": [ [ [ 72.844958194053447, 19.065987993669246 ], [ 72.844899808513816, 19.070503589962566 ], [ 72.840150592487333, 19.070448007687737 ], [ 72.840209106448171, 19.065932425543544 ], [ 72.844958194053447, 19.065987993669246 ] ] ] } },
{ "type": "Feature", "properties": { "cell_id": "CELL_0672", "bmc_ward_code": "H/E", "lat": 19.072734, "lon": 72.842496 }, "geometry": { "type": "Polygon", "coordinates": [ [ [ 72.844899808513816, 19.070503589962566 ], [ 72.844841406498958, 19.075019183875003 ], [ 72.840092062015032, 19.074963587450313 ], [ 72.840150592487333, 19.070448007687737 ], [ 72.844899808513816, 19.070503589962566 ] ] ] } },
{ "type": "Feature", "properties": { "cell_id": "CELL_0673", "bmc_ward_code": "H/E", "lat": 19.077249, "lon": 72.842437 }, "geometry": { "type": "Polygon", "coordinates": [ [ [ 72.844841406498958, 19.075019183875003 ], [ 72.844782988006799, 19.079534775406056 ], [ 72.840033515029234, 19.079479164830765 ], [ 72.840092062015032, 19.074963587450313 ], [ 72.844841406498958, 19.075019183875003 ] ] ] } },
{ "type": "Feature", "properties": { "cell_id": "CELL_0674", "bmc_ward_code": "H/E", "lat": 19.081765, "lon": 72.842379 }, "geometry": { "type": "Polygon", "coordinates": [ [ [ 72.844782988006799, 19.079534775406056 ], [ 72.84472455303532, 19.084050364555228 ], [ 72.839974951527864, 19.083994739828597 ], [ 72.840033515029234, 19.079479164830765 ], [ 72.844782988006799, 19.079534775406056 ] ] ] } },
{ "type": "Feature", "properties": { "cell_id": "CELL_0675", "bmc_ward_code": "H/E", "lat": 19.08628, "lon": 72.84232 }, "geometry": { "type": "Polygon", "coordinates": [ [ [ 72.84472455303532, 19.084050364555228 ], [ 72.844666101582433, 19.088565951322032 ], [ 72.839916371508878, 19.088510312443319 ], [ 72.839974951527864, 19.083994739828597 ], [ 72.84472455303532, 19.084050364555228 ] ] ] } },
{ "type": "Feature", "properties": { "cell_id": "CELL_0676", "bmc_ward_code": "K/W", "lat": 19.090796, "lon": 72.842262 }, "geometry": { "type": "Polygon", "coordinates": [ [ [ 72.844666101582433, 19.088565951322032 ], [ 72.84460763364612, 19.093081535705963 ], [ 72.839857774970213, 19.093025882674436 ], [ 72.839916371508878, 19.088510312443319 ], [ 72.844666101582433, 19.088565951322032 ] ] ] } },
{ "type": "Feature", "properties": { "cell_id": "CELL_0677", "bmc_ward_code": "K/W", "lat": 19.095312, "lon": 72.842203 }, "geometry": { "type": "Polygon", "coordinates": [ [ [ 72.84460763364612, 19.093081535705963 ], [ 72.844549149224306, 19.097597117706545 ], [ 72.839799161909809, 19.09754145052144 ], [ 72.839857774970213, 19.093025882674436 ], [ 72.84460763364612, 19.093081535705963 ] ] ] } },
{ "type": "Feature", "properties": { "cell_id": "CELL_0678", "bmc_ward_code": "K/W", "lat": 19.099827, "lon": 72.842145 }, "geometry": { "type": "Polygon", "coordinates": [ [ [ 72.844549149224306, 19.097597117706545 ], [ 72.844490648314945, 19.10211269732326 ], [ 72.839740532325607, 19.102057015983856 ], [ 72.839799161909809, 19.09754145052144 ], [ 72.844549149224306, 19.097597117706545 ] ] ] } },
{ "type": "Feature", "properties": { "cell_id": "CELL_0679", "bmc_ward_code": "K/W", "lat": 19.104343, "lon": 72.842086 }, "geometry": { "type": "Polygon", "coordinates": [ [ [ 72.844490648314945, 19.10211269732326 ], [ 72.84443213091599, 19.106628274555629 ], [ 72.839681886215558, 19.106572579061179 ], [ 72.839740532325607, 19.102057015983856 ], [ 72.844490648314945, 19.10211269732326 ] ] ] } },
{ "type": "Feature", "properties": { "cell_id": "CELL_0680", "bmc_ward_code": "K/W", "lat": 19.108858, "lon": 72.842028 }, "geometry": { "type": "Polygon", "coordinates": [ [ [ 72.84443213091599, 19.106628274555629 ], [ 72.844373597025353, 19.111143849403145 ], [ 72.83962322357759, 19.111088139752908 ], [ 72.839681886215558, 19.106572579061179 ], [ 72.84443213091599, 19.106628274555629 ] ] ] } },
{ "type": "Feature", "properties": { "cell_id": "CELL_0681", "bmc_ward_code": "K/W", "lat": 19.113374, "lon": 72.841969 }, "geometry": { "type": "Polygon", "coordinates": [ [ [ 72.844373597025353, 19.111143849403145 ], [ 72.844315046641015, 19.115659421865328 ], [ 72.83956454440964, 19.11560369805855 ], [ 72.83962322357759, 19.111088139752908 ], [ 72.844373597025353, 19.111143849403145 ] ] ] } },
{ "type": "Feature", "properties": { "cell_id": "CELL_0682", "bmc_ward_code": "K/W", "lat": 19.117889, "lon": 72.84191 }, "geometry": { "type": "Polygon", "coordinates": [ [ [ 72.844315046641015, 19.115659421865328 ], [ 72.844256479760901, 19.120174991941671 ], [ 72.839505848709663, 19.120119253977634 ], [ 72.83956454440964, 19.11560369805855 ], [ 72.844315046641015, 19.115659421865328 ] ] ] } },
{ "type": "Feature", "properties": { "cell_id": "CELL_0683", "bmc_ward_code": "K/W", "lat": 19.122405, "lon": 72.841852 }, "geometry": { "type": "Polygon", "coordinates": [ [ [ 72.844256479760901, 19.120174991941671 ], [ 72.844197896382951, 19.124690559631684 ], [ 72.839447136475584, 19.124634807509633 ], [ 72.839505848709663, 19.120119253977634 ], [ 72.844256479760901, 19.120174991941671 ] ] ] } },
{ "type": "Feature", "properties": { "cell_id": "CELL_0684", "bmc_ward_code": "K/W", "lat": 19.12692, "lon": 72.841793 }, "geometry": { "type": "Polygon", "coordinates": [ [ [ 72.844197896382951, 19.124690559631684 ], [ 72.844139296505119, 19.129206124934878 ], [ 72.839388407705357, 19.129150358654066 ], [ 72.839447136475584, 19.124634807509633 ], [ 72.844197896382951, 19.124690559631684 ] ] ] } },
{ "type": "Feature", "properties": { "cell_id": "CELL_0685", "bmc_ward_code": "K/W", "lat": 19.131436, "lon": 72.841735 }, "geometry": { "type": "Polygon", "coordinates": [ [ [ 72.844139296505119, 19.129206124934878 ], [ 72.84408068012533, 19.133721687850748 ], [ 72.839329662396892, 19.133665907410439 ], [ 72.839388407705357, 19.129150358654066 ], [ 72.844139296505119, 19.129206124934878 ] ] ] } },
{ "type": "Feature", "properties": { "cell_id": "CELL_0686", "bmc_ward_code": "K/W", "lat": 19.135952, "lon": 72.841676 }, "geometry": { "type": "Polygon", "coordinates": [ [ [ 72.84408068012533, 19.133721687850748 ], [ 72.844022047241538, 19.138237248378804 ], [ 72.839270900548144, 19.138181453778255 ], [ 72.839329662396892, 19.133665907410439 ], [ 72.84408068012533, 19.133721687850748 ] ] ] } },
{ "type": "Feature", "properties": { "cell_id": "CELL_0687", "bmc_ward_code": "K/W", "lat": 19.140467, "lon": 72.841617 }, "geometry": { "type": "Polygon", "coordinates": [ [ [ 72.844022047241538, 19.138237248378804 ], [ 72.843963397851667, 19.142752806518558 ], [ 72.839212122157022, 19.142696997757021 ], [ 72.839270900548144, 19.138181453778255 ], [ 72.844022047241538, 19.138237248378804 ] ] ] } },
{ "type": "Feature", "properties": { "cell_id": "CELL_0688", "bmc_ward_code": "K/W", "lat": 19.144983, "lon": 72.841558 }, "geometry": { "type": "Polygon", "coordinates": [ [ [ 72.843963397851667, 19.142752806518558 ], [ 72.843904731953685, 19.147268362269504 ], [ 72.83915332722151, 19.147212539346242 ], [ 72.839212122157022, 19.142696997757021 ], [ 72.843963397851667, 19.142752806518558 ] ] ] } },
{ "type": "Feature", "properties": { "cell_id": "CELL_0689", "bmc_ward_code": "K/W", "lat": 19.149498, "lon": 72.8415 }, "geometry": { "type": "Polygon", "coordinates": [ [ [ 72.843904731953685, 19.147268362269504 ], [ 72.843846049545505, 19.15178391563116 ], [ 72.839094515739475, 19.151728078545418 ], [ 72.83915332722151, 19.147212539346242 ], [ 72.843904731953685, 19.147268362269504 ] ] ] } },
{ "type": "Feature", "properties": { "cell_id": "CELL_0690", "bmc_ward_code": "P/S", "lat": 19.154014, "lon": 72.841441 }, "geometry": { "type": "Polygon", "coordinates": [ [ [ 72.843846049545505, 19.15178391563116 ], [ 72.843787350625064, 19.156299466603024 ], [ 72.839035687708915, 19.156243615354072 ], [ 72.839094515739475, 19.151728078545418 ], [ 72.843846049545505, 19.15178391563116 ] ] ] } },
{ "type": "Feature", "properties": { "cell_id": "CELL_0691", "bmc_ward_code": "P/S", "lat": 19.158529, "lon": 72.841382 }, "geometry": { "type": "Polygon", "coordinates": [ [ [ 72.843787350625064, 19.156299466603024 ], [ 72.843728635190288, 19.16081501518461 ], [ 72.83897684312771, 19.160759149771692 ], [ 72.839035687708915, 19.156243615354072 ], [ 72.843787350625064, 19.156299466603024 ] ] ] } },
{ "type": "Feature", "properties": { "cell_id": "CELL_0692", "bmc_ward_code": "P/S", "lat": 19.163045, "lon": 72.841323 }, "geometry": { "type": "Polygon", "coordinates": [ [ [ 72.843728635190288, 19.16081501518461 ], [ 72.843669903239146, 19.165330561375409 ], [ 72.838917981993831, 19.165274681797783 ], [ 72.83897684312771, 19.160759149771692 ], [ 72.843728635190288, 19.16081501518461 ] ] ] } },
{ "type": "Feature", "properties": { "cell_id": "CELL_0693", "bmc_ward_code": "P/S", "lat": 19.16756, "lon": 72.841265 }, "geometry": { "type": "Polygon", "coordinates": [ [ [ 72.843669903239146, 19.165330561375409 ], [ 72.843611154769562, 19.169846105174933 ], [ 72.838859104305186, 19.169790211431867 ], [ 72.838917981993831, 19.165274681797783 ], [ 72.843669903239146, 19.165330561375409 ] ] ] } },
{ "type": "Feature", "properties": { "cell_id": "CELL_0694", "bmc_ward_code": "P/S", "lat": 19.172076, "lon": 72.841206 }, "geometry": { "type": "Polygon", "coordinates": [ [ [ 72.843611154769562, 19.169846105174933 ], [ 72.843552389779447, 19.174361646582703 ], [ 72.838800210059702, 19.174305738673436 ], [ 72.838859104305186, 19.169790211431867 ], [ 72.843611154769562, 19.169846105174933 ] ] ] } },
{ "type": "Feature", "properties": { "cell_id": "CELL_0695", "bmc_ward_code": "P/S", "lat": 19.176591, "lon": 72.841147 }, "geometry": { "type": "Polygon", "coordinates": [ [ [ 72.843552389779447, 19.174361646582703 ], [ 72.843493608266769, 19.178877185598203 ], [ 72.838741299255318, 19.178821263521996 ], [ 72.838800210059702, 19.174305738673436 ], [ 72.843552389779447, 19.174361646582703 ] ] ] } },
{ "type": "Feature", "properties": { "cell_id": "CELL_0696", "bmc_ward_code": "P/N", "lat": 19.181107, "lon": 72.841088 }, "geometry": { "type": "Polygon", "coordinates": [ [ [ 72.843493608266769, 19.178877185598203 ], [ 72.843434810229425, 19.183392722220951 ], [ 72.838682371889973, 19.183336785977062 ], [ 72.838741299255318, 19.178821263521996 ], [ 72.843493608266769, 19.178877185598203 ] ] ] } },
{ "type": "Feature", "properties": { "cell_id": "CELL_0697", "bmc_ward_code": "P/N", "lat": 19.185623, "lon": 72.841029 }, "geometry": { "type": "Polygon", "coordinates": [ [ [ 72.843434810229425, 19.183392722220951 ], [ 72.843375995665383, 19.187908256450456 ], [ 72.838623427961565, 19.187852306038128 ], [ 72.838682371889973, 19.183336785977062 ], [ 72.843434810229425, 19.183392722220951 ] ] ] } },
{ "type": "Feature", "properties": { "cell_id": "CELL_0698", "bmc_ward_code": "P/N", "lat": 19.190138, "lon": 72.84097 }, "geometry": { "type": "Polygon", "coordinates": [ [ [ 72.843375995665383, 19.187908256450456 ], [ 72.843317164572539, 19.192423788286209 ], [ 72.838564467468046, 19.192367823704707 ], [ 72.838623427961565, 19.187852306038128 ], [ 72.843375995665383, 19.187908256450456 ] ] ] } },
{ "type": "Feature", "properties": { "cell_id": "CELL_0699", "bmc_ward_code": "P/N", "lat": 19.194654, "lon": 72.840911 }, "geometry": { "type": "Polygon", "coordinates": [ [ [ 72.843317164572539, 19.192423788286209 ], [ 72.843258316948862, 19.196939317727733 ], [ 72.838505490407343, 19.19688333897631 ], [ 72.838564467468046, 19.192367823704707 ], [ 72.843317164572539, 19.192423788286209 ] ] ] } },
{ "type": "Feature", "properties": { "cell_id": "CELL_0700", "bmc_ward_code": "P/N", "lat": 19.199169, "lon": 72.840852 }, "geometry": { "type": "Polygon", "coordinates": [ [ [ 72.843258316948862, 19.196939317727733 ], [ 72.843199452792248, 19.201454844774521 ], [ 72.838446496777365, 19.201398851852428 ], [ 72.838505490407343, 19.19688333897631 ], [ 72.843258316948862, 19.196939317727733 ] ] ] } },
{ "type": "Feature", "properties": { "cell_id": "CELL_0701", "bmc_ward_code": "R/S", "lat": 19.203685, "lon": 72.840794 }, "geometry": { "type": "Polygon", "coordinates": [ [ [ 72.843199452792248, 19.201454844774521 ], [ 72.843140572100651, 19.20597036942609 ], [ 72.838387486576039, 19.205914362332582 ], [ 72.838446496777365, 19.201398851852428 ], [ 72.843199452792248, 19.201454844774521 ] ] ] } },
{ "type": "Feature", "properties": { "cell_id": "CELL_0702", "bmc_ward_code": "R/S", "lat": 19.2082, "lon": 72.840735 }, "geometry": { "type": "Polygon", "coordinates": [ [ [ 72.843140572100651, 19.20597036942609 ], [ 72.843081674871996, 19.210485891681941 ], [ 72.838328459801303, 19.210429870416277 ], [ 72.838387486576039, 19.205914362332582 ], [ 72.843140572100651, 19.20597036942609 ] ] ] } },
{ "type": "Feature", "properties": { "cell_id": "CELL_0703", "bmc_ward_code": "R/S", "lat": 19.212716, "lon": 72.840676 }, "geometry": { "type": "Polygon", "coordinates": [ [ [ 72.843081674871996, 19.210485891681941 ], [ 72.843022761104194, 19.215001411541589 ], [ 72.838269416451084, 19.21494537610301 ], [ 72.838328459801303, 19.210429870416277 ], [ 72.843081674871996, 19.210485891681941 ] ] ] } },
{ "type": "Feature", "properties": { "cell_id": "CELL_0704", "bmc_ward_code": "R/C", "lat": 19.217231, "lon": 72.840617 }, "geometry": { "type": "Polygon", "coordinates": [ [ [ 72.843022761104194, 19.215001411541589 ], [ 72.842963830795185, 19.219516929004524 ], [ 72.838210356523277, 19.21946087939229 ], [ 72.838269416451084, 19.21494537610301 ], [ 72.843022761104194, 19.215001411541589 ] ] ] } },
{ "type": "Feature", "properties": { "cell_id": "CELL_0705", "bmc_ward_code": "R/C", "lat": 19.221747, "lon": 72.840558 }, "geometry": { "type": "Polygon", "coordinates": [ [ [ 72.842963830795185, 19.219516929004524 ], [ 72.842904883942893, 19.224032444070264 ], [ 72.838151280015822, 19.223976380283627 ], [ 72.838210356523277, 19.21946087939229 ], [ 72.842963830795185, 19.219516929004524 ] ] ] } },
{ "type": "Feature", "properties": { "cell_id": "CELL_0706", "bmc_ward_code": "R/C", "lat": 19.226262, "lon": 72.840499 }, "geometry": { "type": "Polygon", "coordinates": [ [ [ 72.842904883942893, 19.224032444070264 ], [ 72.84284592054523, 19.228547956738311 ], [ 72.838092186926644, 19.228491878776524 ], [ 72.838151280015822, 19.223976380283627 ], [ 72.842904883942893, 19.224032444070264 ] ] ] } },
{ "type": "Feature", "properties": { "cell_id": "CELL_0707", "bmc_ward_code": "R/C", "lat": 19.230778, "lon": 72.84044 }, "geometry": { "type": "Polygon", "coordinates": [ [ [ 72.84284592054523, 19.228547956738311 ], [ 72.842786940600149, 19.233063467008176 ], [ 72.838033077253641, 19.233007374870482 ], [ 72.838092186926644, 19.228491878776524 ], [ 72.84284592054523, 19.228547956738311 ] ] ] } },
{ "type": "Feature", "properties": { "cell_id": "CELL_0708", "bmc_ward_code": "R/C", "lat": 19.235293, "lon": 72.84038 }, "geometry": { "type": "Polygon", "coordinates": [ [ [ 72.842786940600149, 19.233063467008176 ], [ 72.842727944105562, 19.237578974879362 ], [ 72.837973950994765, 19.23752286856503 ], [ 72.838033077253641, 19.233007374870482 ], [ 72.842786940600149, 19.233063467008176 ] ] ] } },
{ "type": "Feature", "properties": { "cell_id": "CELL_0709", "bmc_ward_code": "R/C", "lat": 19.239809, "lon": 72.840321 }, "geometry": { "type": "Polygon", "coordinates": [ [ [ 72.842727944105562, 19.237578974879362 ], [ 72.842668931059393, 19.242094480351376 ], [ 72.837914808147929, 19.242038359859652 ], [ 72.837973950994765, 19.23752286856503 ], [ 72.842727944105562, 19.237578974879362 ] ] ] } },
{ "type": "Feature", "properties": { "cell_id": "CELL_0710", "bmc_ward_code": "R/C", "lat": 19.244324, "lon": 72.840262 }, "geometry": { "type": "Polygon", "coordinates": [ [ [ 72.842668931059393, 19.242094480351376 ], [ 72.842609901459554, 19.246609983423728 ], [ 72.837855648711027, 19.246553848753855 ], [ 72.837914808147929, 19.242038359859652 ], [ 72.842668931059393, 19.242094480351376 ] ] ] } },
{ "type": "Feature", "properties": { "cell_id": "CELL_0711", "bmc_ward_code": "R/N", "lat": 19.24884, "lon": 72.840203 }, "geometry": { "type": "Polygon", "coordinates": [ [ [ 72.842609901459554, 19.246609983423728 ], [ 72.842550855303998, 19.251125484095923 ], [ 72.837796472681987, 19.251069335247148 ], [ 72.837855648711027, 19.246553848753855 ], [ 72.842609901459554, 19.246609983423728 ] ] ] } },
{ "type": "Feature", "properties": { "cell_id": "CELL_0712", "bmc_ward_code": "R/N", "lat": 19.253355, "lon": 72.840144 }, "geometry": { "type": "Polygon", "coordinates": [ [ [ 72.842550855303998, 19.251125484095923 ], [ 72.842491792590607, 19.255640982367463 ], [ 72.837737280058747, 19.25558481933906 ], [ 72.837796472681987, 19.251069335247148 ], [ 72.842550855303998, 19.251125484095923 ] ] ] } },
{ "type": "Feature", "properties": { "cell_id": "CELL_0713", "bmc_ward_code": "R/N", "lat": 19.257871, "lon": 72.840085 }, "geometry": { "type": "Polygon", "coordinates": [ [ [ 72.842491792590607, 19.255640982367463 ], [ 72.842432713317322, 19.260156478237864 ], [ 72.837678070839203, 19.260100301029063 ], [ 72.837737280058747, 19.25558481933906 ], [ 72.842491792590607, 19.255640982367463 ] ] ] } },
{ "type": "Feature", "properties": { "cell_id": "CELL_0714", "bmc_ward_code": "R/N", "lat": 19.262386, "lon": 72.840026 }, "geometry": { "type": "Polygon", "coordinates": [ [ [ 72.842432713317322, 19.260156478237864 ], [ 72.842373617482068, 19.264671971706623 ], [ 72.837618845021282, 19.264615780316689 ], [ 72.837678070839203, 19.260100301029063 ], [ 72.842432713317322, 19.260156478237864 ] ] ] } },
{ "type": "Feature", "properties": { "cell_id": "CELL_0715", "bmc_ward_code": "UNKNOWN", "lat": 19.266902, "lon": 72.839967 }, "geometry": { "type": "Polygon", "coordinates": [ [ [ 72.842373617482068, 19.264671971706623 ], [ 72.84231450508274, 19.269187462773257 ], [ 72.837559602602866, 19.269131257201426 ], [ 72.837618845021282, 19.264615780316689 ], [ 72.842373617482068, 19.264671971706623 ] ] ] } },
{ "type": "Feature", "properties": { "cell_id": "CELL_0716", "bmc_ward_code": "UNKNOWN", "lat": 18.946351, "lon": 72.848872 }, "geometry": { "type": "Polygon", "coordinates": [ [ [ 72.851274033783184, 18.94412106069122 ], [ 72.851216219749375, 18.948636735179424 ], [ 72.846470441977715, 18.948581655974088 ], [ 72.84652838345859, 18.944065995584079 ], [ 72.851274033783184, 18.94412106069122 ] ] ] } },
{ "type": "Feature", "properties": { "cell_id": "CELL_0717", "bmc_ward_code": "UNKNOWN", "lat": 18.950867, "lon": 72.848814 }, "geometry": { "type": "Polygon", "coordinates": [ [ [ 72.851216219749375, 18.948636735179424 ], [ 72.851158389331516, 18.953152407300845 ], [ 72.846412484076708, 18.953097313996587 ], [ 72.846470441977715, 18.948581655974088 ], [ 72.851216219749375, 18.948636735179424 ] ] ] } },
{ "type": "Feature", "properties": { "cell_id": "CELL_0718", "bmc_ward_code": "UNKNOWN", "lat": 18.955383, "lon": 72.848756 }, "geometry": { "type": "Polygon", "coordinates": [ [ [ 72.851158389331516, 18.953152407300845 ], [ 72.851100542527604, 18.957668077055008 ], [ 72.846354509753539, 18.957612969651088 ], [ 72.846412484076708, 18.953097313996587 ], [ 72.851158389331516, 18.953152407300845 ] ] ] } },
{ "type": "Feature", "properties": { "cell_id": "CELL_0719", "bmc_ward_code": "UNKNOWN", "lat": 18.959898, "lon": 72.848699 }, "geometry": { "type": "Polygon", "coordinates": [ [ [ 72.851100542527604, 18.957668077055008 ], [ 72.851042679335592, 18.962183744441404 ], [ 72.846296519006174, 18.96212862293709 ], [ 72.846354509753539, 18.957612969651088 ], [ 72.851100542527604, 18.957668077055008 ] ] ] } },
{ "type": "Feature", "properties": { "cell_id": "CELL_0720", "bmc_ward_code": "E", "lat": 18.964414, "lon": 72.848641 }, "geometry": { "type": "Polygon", "coordinates": [ [ [ 72.851042679335592, 18.962183744441404 ], [ 72.850984799753476, 18.96669940945953 ], [ 72.846238511832581, 18.966644273854097 ], [ 72.846296519006174, 18.96212862293709 ], [ 72.851042679335592, 18.962183744441404 ] ] ] } },
{ "type": "Feature", "properties": { "cell_id": "CELL_0721", "bmc_ward_code": "E", "lat": 18.96893, "lon": 72.848583 }, "geometry": { "type": "Polygon", "coordinates": [ [ [ 72.850984799753476, 18.96669940945953 ], [ 72.850926903779182, 18.971215072108915 ], [ 72.846180488230715, 18.971159922401618 ], [ 72.846238511832581, 18.966644273854097 ], [ 72.850984799753476, 18.96669940945953 ] ] ] } },
{ "type": "Feature", "properties": { "cell_id": "CELL_0722", "bmc_ward_code": "E", "lat": 18.973445, "lon": 72.848525 }, "geometry": { "type": "Polygon", "coordinates": [ [ [ 72.850926903779182, 18.971215072108915 ], [ 72.850868991410749, 18.975730732389039 ], [ 72.846122448198557, 18.975675568579152 ], [ 72.846180488230715, 18.971159922401618 ], [ 72.850926903779182, 18.971215072108915 ] ] ] } },
{ "type": "Feature", "properties": { "cell_id": "CELL_0723", "bmc_ward_code": "E", "lat": 18.977961, "lon": 72.848467 }, "geometry": { "type": "Polygon", "coordinates": [ [ [ 72.850868991410749, 18.975730732389039 ], [ 72.850811062646073, 18.98024639029941 ], [ 72.84606439173406, 18.980191212386202 ], [ 72.846122448198557, 18.975675568579152 ], [ 72.850868991410749, 18.975730732389039 ] ] ] } },
{ "type": "Feature", "properties": { "cell_id": "CELL_0724", "bmc_ward_code": "F/S", "lat": 18.982477, "lon": 72.848409 }, "geometry": { "type": "Polygon", "coordinates": [ [ [ 72.850811062646073, 18.98024639029941 ], [ 72.85075311748318, 18.984762045839538 ], [ 72.846006318835208, 18.984706853822271 ], [ 72.84606439173406, 18.980191212386202 ], [ 72.850811062646073, 18.98024639029941 ] ] ] } },
{ "type": "Feature", "properties": { "cell_id": "CELL_0725", "bmc_ward_code": "F/S", "lat": 18.986992, "lon": 72.848351 }, "geometry": { "type": "Polygon", "coordinates": [ [ [ 72.85075311748318, 18.984762045839538 ], [ 72.850695155919993, 18.98927769900893 ], [ 72.845948229499939, 18.989222492886871 ], [ 72.846006318835208, 18.984706853822271 ], [ 72.85075311748318, 18.984762045839538 ] ] ] } },
{ "type": "Feature", "properties": { "cell_id": "CELL_0726", "bmc_ward_code": "F/S", "lat": 18.991508, "lon": 72.848293 }, "geometry": { "type": "Polygon", "coordinates": [ [ [ 72.850695155919993, 18.98927769900893 ], [ 72.850637177954525, 18.993793349807088 ], [ 72.845890123726235, 18.993738129579494 ], [ 72.845948229499939, 18.989222492886871 ], [ 72.850695155919993, 18.98927769900893 ] ] ] } },
{ "type": "Feature", "properties": { "cell_id": "CELL_0727", "bmc_ward_code": "F/S", "lat": 18.996024, "lon": 72.848235 }, "geometry": { "type": "Polygon", "coordinates": [ [ [ 72.850637177954525, 18.993793349807088 ], [ 72.850579183584699, 18.998308998233512 ], [ 72.845832001512036, 18.998253763899662 ], [ 72.845890123726235, 18.993738129579494 ], [ 72.850637177954525, 18.993793349807088 ] ] ] } },
{ "type": "Feature", "properties": { "cell_id": "CELL_0728", "bmc_ward_code": "F/S", "lat": 19.000539, "lon": 72.848177 }, "geometry": { "type": "Polygon", "coordinates": [ [ [ 72.850579183584699, 18.998308998233512 ], [ 72.850521172808513, 19.002824644287703 ], [ 72.845773862855324, 19.002769395846869 ], [ 72.845832001512036, 18.998253763899662 ], [ 72.850579183584699, 18.998308998233512 ] ] ] } },
{ "type": "Feature", "properties": { "cell_id": "CELL_0729", "bmc_ward_code": "F/S", "lat": 19.005055, "lon": 72.848118 }, "geometry": { "type": "Polygon", "coordinates": [ [ [ 72.850521172808513, 19.002824644287703 ], [ 72.85046314562392, 19.007340287969178 ], [ 72.845715707754053, 19.007285025420607 ], [ 72.845773862855324, 19.002769395846869 ], [ 72.850521172808513, 19.002824644287703 ] ] ] } },
{ "type": "Feature", "properties": { "cell_id": "CELL_0730", "bmc_ward_code": "F/S", "lat": 19.00957, "lon": 72.84806 }, "geometry": { "type": "Polygon", "coordinates": [ [ [ 72.85046314562392, 19.007340287969178 ], [ 72.850405102028887, 19.011855929277438 ], [ 72.845657536206176, 19.011800652620408 ], [ 72.845715707754053, 19.007285025420607 ], [ 72.85046314562392, 19.007340287969178 ] ] ] } },
{ "type": "Feature", "properties": { "cell_id": "CELL_0731", "bmc_ward_code": "F/N", "lat": 19.014086, "lon": 72.848002 }, "geometry": { "type": "Polygon", "coordinates": [ [ [ 72.850405102028887, 19.011855929277438 ], [ 72.850347042021355, 19.01637156821198 ], [ 72.845599348209674, 19.016316277445753 ], [ 72.845657536206176, 19.011800652620408 ], [ 72.850405102028887, 19.011855929277438 ] ] ] } },
{ "type": "Feature", "properties": { "cell_id": "CELL_0732", "bmc_ward_code": "F/N", "lat": 19.018602, "lon": 72.847944 }, "geometry": { "type": "Polygon", "coordinates": [ [ [ 72.850347042021355, 19.01637156821198 ], [ 72.850288965599319, 19.020887204772311 ], [ 72.845541143762489, 19.020831899896148 ], [ 72.845599348209674, 19.016316277445753 ], [ 72.850347042021355, 19.01637156821198 ] ] ] } },
{ "type": "Feature", "properties": { "cell_id": "CELL_0733", "bmc_ward_code": "F/N", "lat": 19.023117, "lon": 72.847886 }, "geometry": { "type": "Polygon", "coordinates": [ [ [ 72.850288965599319, 19.020887204772311 ], [ 72.850230872760733, 19.025402838957941 ], [ 72.845482922862573, 19.025347519971113 ], [ 72.845541143762489, 19.020831899896148 ], [ 72.850288965599319, 19.020887204772311 ] ] ] } },
{ "type": "Feature", "properties": { "cell_id": "CELL_0734", "bmc_ward_code": "G/N", "lat": 19.027633, "lon": 72.847828 }, "geometry": { "type": "Polygon", "coordinates": [ [ [ 72.850230872760733, 19.025402838957941 ], [ 72.850172763503537, 19.029918470768372 ], [ 72.845424685507879, 19.029863137670141 ], [ 72.845482922862573, 19.025347519971113 ], [ 72.850230872760733, 19.025402838957941 ] ] ] } },
{ "type": "Feature", "properties": { "cell_id": "CELL_0735", "bmc_ward_code": "G/N", "lat": 19.032149, "lon": 72.84777 }, "geometry": { "type": "Polygon", "coordinates": [ [ [ 72.850172763503537, 19.029918470768372 ], [ 72.850114637825726, 19.034434100203107 ], [ 72.845366431696391, 19.034378752992733 ], [ 72.845424685507879, 19.029863137670141 ], [ 72.850172763503537, 19.029918470768372 ] ] ] } },
{ "type": "Feature", "properties": { "cell_id": "CELL_0736", "bmc_ward_code": "G/N", "lat": 19.036664, "lon": 72.847711 }, "geometry": { "type": "Polygon", "coordinates": [ [ [ 72.850114637825726, 19.034434100203107 ], [ 72.850056495725241, 19.038949727261659 ], [ 72.845308161426047, 19.0388943659384 ], [ 72.845366431696391, 19.034378752992733 ], [ 72.850114637825726, 19.034434100203107 ] ] ] } },
{ "type": "Feature", "properties": { "cell_id": "CELL_0737", "bmc_ward_code": "G/N", "lat": 19.04118, "lon": 72.847653 }, "geometry": { "type": "Polygon", "coordinates": [ [ [ 72.850056495725241, 19.038949727261659 ], [ 72.849998337200049, 19.043465351943521 ], [ 72.845249874694787, 19.043409976506652 ], [ 72.845308161426047, 19.0388943659384 ], [ 72.850056495725241, 19.038949727261659 ] ] ] } },
{ "type": "Feature", "properties": { "cell_id": "CELL_0738", "bmc_ward_code": "G/N", "lat": 19.045695, "lon": 72.847595 }, "geometry": { "type": "Polygon", "coordinates": [ [ [ 72.849998337200049, 19.043465351943521 ], [ 72.849940162248089, 19.047980974248205 ], [ 72.845191571500607, 19.047925584696983 ], [ 72.845249874694787, 19.043409976506652 ], [ 72.849998337200049, 19.043465351943521 ] ] ] } },
{ "type": "Feature", "properties": { "cell_id": "CELL_0739", "bmc_ward_code": "G/N", "lat": 19.050211, "lon": 72.847537 }, "geometry": { "type": "Polygon", "coordinates": [ [ [ 72.849940162248089, 19.047980974248205 ], [ 72.849881970867344, 19.052496594175217 ], [ 72.845133251841418, 19.052441190508905 ], [ 72.845191571500607, 19.047925584696983 ], [ 72.849940162248089, 19.047980974248205 ] ] ] } },
{ "type": "Feature", "properties": { "cell_id": "CELL_0740", "bmc_ward_code": "H/E", "lat": 19.054727, "lon": 72.847478 }, "geometry": { "type": "Polygon", "coordinates": [ [ [ 72.849881970867344, 19.052496594175217 ], [ 72.849823763055753, 19.05701221172405 ], [ 72.845074915715202, 19.056956793941922 ], [ 72.845133251841418, 19.052441190508905 ], [ 72.849881970867344, 19.052496594175217 ] ] ] } },
{ "type": "Feature", "properties": { "cell_id": "CELL_0741", "bmc_ward_code": "H/E", "lat": 19.059242, "lon": 72.84742 }, "geometry": { "type": "Polygon", "coordinates": [ [ [ 72.849823763055753, 19.05701221172405 ], [ 72.849765538811283, 19.061527826894224 ], [ 72.845016563119884, 19.061472394995526 ], [ 72.845074915715202, 19.056956793941922 ], [ 72.849823763055753, 19.05701221172405 ] ] ] } },
{ "type": "Feature", "properties": { "cell_id": "CELL_0742", "bmc_ward_code": "H/E", "lat": 19.063758, "lon": 72.847362 }, "geometry": { "type": "Polygon", "coordinates": [ [ [ 72.849765538811283, 19.061527826894224 ], [ 72.849707298131904, 19.066043439685249 ], [ 72.844958194053447, 19.065987993669246 ], [ 72.845016563119884, 19.061472394995526 ], [ 72.849765538811283, 19.061527826894224 ] ] ] } },
{ "type": "Feature", "properties": { "cell_id": "CELL_0743", "bmc_ward_code": "H/E", "lat": 19.068274, "lon": 72.847304 }, "geometry": { "type": "Polygon", "coordinates": [ [ [ 72.849707298131904, 19.066043439685249 ], [ 72.849649041015525, 19.070559050096598 ], [ 72.844899808513816, 19.070503589962566 ], [ 72.844958194053447, 19.065987993669246 ], [ 72.849707298131904, 19.066043439685249 ] ] ] } },
{ "type": "Feature", "properties": { "cell_id": "CELL_0744", "bmc_ward_code": "H/E", "lat": 19.072789, "lon": 72.847245 }, "geometry": { "type": "Polygon", "coordinates": [ [ [ 72.849649041015525, 19.070559050096598 ], [ 72.849590767460157, 19.075074658127818 ], [ 72.844841406498958, 19.075019183875003 ], [ 72.844899808513816, 19.070503589962566 ], [ 72.849649041015525, 19.070559050096598 ] ] ] } },
{ "type": "Feature", "properties": { "cell_id": "CELL_0745", "bmc_ward_code": "H/E", "lat": 19.077305, "lon": 72.847187 }, "geometry": { "type": "Polygon", "coordinates": [ [ [ 72.849590767460157, 19.075074658127818 ], [ 72.849532477463697, 19.079590263778382 ], [ 72.844782988006799, 19.079534775406056 ], [ 72.844841406498958, 19.075019183875003 ], [ 72.849590767460157, 19.075074658127818 ] ] ] } },
{ "type": "Feature", "properties": { "cell_id": "CELL_0746", "bmc_ward_code": "H/E", "lat": 19.08182, "lon": 72.847129 }, "geometry": { "type": "Polygon", "coordinates": [ [ [ 72.849532477463697, 19.079590263778382 ], [ 72.849474171024156, 19.084105867047811 ], [ 72.84472455303532, 19.084050364555228 ], [ 72.844782988006799, 19.079534775406056 ], [ 72.849532477463697, 19.079590263778382 ] ] ] } },
{ "type": "Feature", "properties": { "cell_id": "CELL_0747", "bmc_ward_code": "H/E", "lat": 19.086336, "lon": 72.84707 }, "geometry": { "type": "Polygon", "coordinates": [ [ [ 72.849474171024156, 19.084105867047811 ], [ 72.849415848139444, 19.088621467935607 ], [ 72.844666101582433, 19.088565951322032 ], [ 72.84472455303532, 19.084050364555228 ], [ 72.849474171024156, 19.084105867047811 ] ] ] } },
{ "type": "Feature", "properties": { "cell_id": "CELL_0748", "bmc_ward_code": "K/E", "lat": 19.090852, "lon": 72.847012 }, "geometry": { "type": "Polygon", "coordinates": [ [ [ 72.849415848139444, 19.088621467935607 ], [ 72.849357508807529, 19.093137066441273 ], [ 72.84460763364612, 19.093081535705963 ], [ 72.844666101582433, 19.088565951322032 ], [ 72.849415848139444, 19.088621467935607 ] ] ] } },
{ "type": "Feature", "properties": { "cell_id": "CELL_0749", "bmc_ward_code": "K/E", "lat": 19.095367, "lon": 72.846953 }, "geometry": { "type": "Polygon", "coordinates": [ [ [ 72.849357508807529, 19.093137066441273 ], [ 72.849299153026365, 19.097652662564322 ], [ 72.844549149224306, 19.097597117706545 ], [ 72.84460763364612, 19.093081535705963 ], [ 72.849357508807529, 19.093137066441273 ] ] ] } },
{ "type": "Feature", "properties": { "cell_id": "CELL_0750", "bmc_ward_code": "K/E", "lat": 19.099883, "lon": 72.846895 }, "geometry": { "type": "Polygon", "coordinates": [ [ [ 72.849299153026365, 19.097652662564322 ], [ 72.849240780793906, 19.102168256304243 ], [ 72.844490648314945, 19.10211269732326 ], [ 72.844549149224306, 19.097597117706545 ], [ 72.849299153026365, 19.097652662564322 ] ] ] } },
{ "type": "Feature", "properties": { "cell_id": "CELL_0751", "bmc_ward_code": "K/E", "lat": 19.104398, "lon": 72.846836 }, "geometry": { "type": "Polygon", "coordinates": [ [ [ 72.849240780793906, 19.102168256304243 ], [ 72.849182392108077, 19.10668384766057 ], [ 72.84443213091599, 19.106628274555629 ], [ 72.844490648314945, 19.10211269732326 ], [ 72.849240780793906, 19.102168256304243 ] ] ] } },
{ "type": "Feature", "properties": { "cell_id": "CELL_0752", "bmc_ward_code": "K/E", "lat": 19.108914, "lon": 72.846778 }, "geometry": { "type": "Polygon", "coordinates": [ [ [ 72.849182392108077, 19.10668384766057 ], [ 72.849123986966845, 19.111199436632774 ], [ 72.844373597025353, 19.111143849403145 ], [ 72.84443213091599, 19.106628274555629 ], [ 72.849182392108077, 19.10668384766057 ] ] ] } },
{ "type": "Feature", "properties": { "cell_id": "CELL_0753", "bmc_ward_code": "K/E", "lat": 19.113429, "lon": 72.84672 }, "geometry": { "type": "Polygon", "coordinates": [ [ [ 72.849123986966845, 19.111199436632774 ], [ 72.849065565368164, 19.115715023220385 ], [ 72.844315046641015, 19.115659421865328 ], [ 72.844373597025353, 19.111143849403145 ], [ 72.849123986966845, 19.111199436632774 ] ] ] } },
{ "type": "Feature", "properties": { "cell_id": "CELL_0754", "bmc_ward_code": "K/E", "lat": 19.117945, "lon": 72.846661 }, "geometry": { "type": "Polygon", "coordinates": [ [ [ 72.849065565368164, 19.115715023220385 ], [ 72.84900712730996, 19.120230607422901 ], [ 72.844256479760901, 19.120174991941671 ], [ 72.844315046641015, 19.115659421865328 ], [ 72.849065565368164, 19.115715023220385 ] ] ] } },
{ "type": "Feature", "properties": { "cell_id": "CELL_0755", "bmc_ward_code": "K/W", "lat": 19.122461, "lon": 72.846603 }, "geometry": { "type": "Polygon", "coordinates": [ [ [ 72.84900712730996, 19.120230607422901 ], [ 72.848948672790215, 19.124746189239822 ], [ 72.844197896382951, 19.124690559631684 ], [ 72.844256479760901, 19.120174991941671 ], [ 72.84900712730996, 19.120230607422901 ] ] ] } },
{ "type": "Feature", "properties": { "cell_id": "CELL_0756", "bmc_ward_code": "K/W", "lat": 19.126976, "lon": 72.846544 }, "geometry": { "type": "Polygon", "coordinates": [ [ [ 72.848948672790215, 19.124746189239822 ], [ 72.848890201806825, 19.129261768670666 ], [ 72.844139296505119, 19.129206124934878 ], [ 72.844197896382951, 19.124690559631684 ], [ 72.848948672790215, 19.124746189239822 ] ] ] } },
{ "type": "Feature", "properties": { "cell_id": "CELL_0757", "bmc_ward_code": "K/W", "lat": 19.131492, "lon": 72.846485 }, "geometry": { "type": "Polygon", "coordinates": [ [ [ 72.848890201806825, 19.129261768670666 ], [ 72.848831714357786, 19.133777345714932 ], [ 72.84408068012533, 19.133721687850748 ], [ 72.844139296505119, 19.129206124934878 ], [ 72.848890201806825, 19.129261768670666 ] ] ] } },
{ "type": "Feature", "properties": { "cell_id": "CELL_0758", "bmc_ward_code": "K/W", "lat": 19.136007, "lon": 72.846427 }, "geometry": { "type": "Polygon", "coordinates": [ [ [ 72.848831714357786, 19.133777345714932 ], [ 72.84877321044101, 19.138292920372123 ], [ 72.844022047241538, 19.138237248378804 ], [ 72.84408068012533, 19.133721687850748 ], [ 72.848831714357786, 19.133777345714932 ] ] ] } },
{ "type": "Feature", "properties": { "cell_id": "CELL_0759", "bmc_ward_code": "K/W", "lat": 19.140523, "lon": 72.846368 }, "geometry": { "type": "Polygon", "coordinates": [ [ [ 72.84877321044101, 19.138292920372123 ], [ 72.84871469005445, 19.142808492641755 ], [ 72.843963397851667, 19.142752806518558 ], [ 72.844022047241538, 19.138237248378804 ], [ 72.84877321044101, 19.138292920372123 ] ] ] } },
{ "type": "Feature", "properties": { "cell_id": "CELL_0760", "bmc_ward_code": "K/W", "lat": 19.145038, "lon": 72.84631 }, "geometry": { "type": "Polygon", "coordinates": [ [ [ 72.84871469005445, 19.142808492641755 ], [ 72.84865615319606, 19.147324062523325 ], [ 72.843904731953685, 19.147268362269504 ], [ 72.843963397851667, 19.142752806518558 ], [ 72.84871469005445, 19.142808492641755 ] ] ] } },
{ "type": "Feature", "properties": { "cell_id": "CELL_0761", "bmc_ward_code": "P/S", "lat": 19.149554, "lon": 72.846251 }, "geometry": { "type": "Polygon", "coordinates": [ [ [ 72.84865615319606, 19.147324062523325 ], [ 72.848597599863766, 19.151839630016337 ], [ 72.843846049545505, 19.15178391563116 ], [ 72.843904731953685, 19.147268362269504 ], [ 72.84865615319606, 19.147324062523325 ] ] ] } },
{ "type": "Feature", "properties": { "cell_id": "CELL_0762", "bmc_ward_code": "P/S", "lat": 19.15407, "lon": 72.846193 }, "geometry": { "type": "Polygon", "coordinates": [ [ [ 72.848597599863766, 19.151839630016337 ], [ 72.84853903005552, 19.156355195120309 ], [ 72.843787350625064, 19.156299466603024 ], [ 72.843846049545505, 19.15178391563116 ], [ 72.848597599863766, 19.151839630016337 ] ] ] } },
{ "type": "Feature", "properties": { "cell_id": "CELL_0763", "bmc_ward_code": "P/S", "lat": 19.158585, "lon": 72.846134 }, "geometry": { "type": "Polygon", "coordinates": [ [ [ 72.84853903005552, 19.156355195120309 ], [ 72.848480443769247, 19.160870757834733 ], [ 72.843728635190288, 19.16081501518461 ], [ 72.843787350625064, 19.156299466603024 ], [ 72.84853903005552, 19.156355195120309 ] ] ] } },
{ "type": "Feature", "properties": { "cell_id": "CELL_0764", "bmc_ward_code": "P/S", "lat": 19.163101, "lon": 72.846075 }, "geometry": { "type": "Polygon", "coordinates": [ [ [ 72.848480443769247, 19.160870757834733 ], [ 72.848421841002917, 19.165386318159118 ], [ 72.843669903239146, 19.165330561375409 ], [ 72.843728635190288, 19.16081501518461 ], [ 72.848480443769247, 19.160870757834733 ] ] ] } },
{ "type": "Feature", "properties": { "cell_id": "CELL_0765", "bmc_ward_code": "P/S", "lat": 19.167616, "lon": 72.846017 }, "geometry": { "type": "Polygon", "coordinates": [ [ [ 72.848421841002917, 19.165386318159118 ], [ 72.84836322175444, 19.169901876092979 ], [ 72.843611154769562, 19.169846105174933 ], [ 72.843669903239146, 19.165330561375409 ], [ 72.848421841002917, 19.165386318159118 ] ] ] } },
{ "type": "Feature", "properties": { "cell_id": "CELL_0766", "bmc_ward_code": "P/S", "lat": 19.172132, "lon": 72.845958 }, "geometry": { "type": "Polygon", "coordinates": [ [ [ 72.84836322175444, 19.169901876092979 ], [ 72.848304586021783, 19.174417431635817 ], [ 72.843552389779447, 19.174361646582703 ], [ 72.843611154769562, 19.169846105174933 ], [ 72.84836322175444, 19.169901876092979 ] ] ] } },
{ "type": "Feature", "properties": { "cell_id": "CELL_0767", "bmc_ward_code": "P/S", "lat": 19.176647, "lon": 72.845899 }, "geometry": { "type": "Polygon", "coordinates": [ [ [ 72.848304586021783, 19.174417431635817 ], [ 72.848245933802843, 19.178932984787135 ], [ 72.843493608266769, 19.178877185598203 ], [ 72.843552389779447, 19.174361646582703 ], [ 72.848304586021783, 19.174417431635817 ] ] ] } },
{ "type": "Feature", "properties": { "cell_id": "CELL_0768", "bmc_ward_code": "P/N", "lat": 19.181163, "lon": 72.84584 }, "geometry": { "type": "Polygon", "coordinates": [ [ [ 72.848245933802843, 19.178932984787135 ], [ 72.848187265095603, 19.18344853554645 ], [ 72.843434810229425, 19.183392722220951 ], [ 72.843493608266769, 19.178877185598203 ], [ 72.848245933802843, 19.178932984787135 ] ] ] } },
{ "type": "Feature", "properties": { "cell_id": "CELL_0769", "bmc_ward_code": "P/N", "lat": 19.185678, "lon": 72.845782 }, "geometry": { "type": "Polygon", "coordinates": [ [ [ 72.848187265095603, 19.18344853554645 ], [ 72.84812857989796, 19.187964083913254 ], [ 72.843375995665383, 19.187908256450456 ], [ 72.843434810229425, 19.183392722220951 ], [ 72.848187265095603, 19.18344853554645 ] ] ] } },
{ "type": "Feature", "properties": { "cell_id": "CELL_0770", "bmc_ward_code": "P/N", "lat": 19.190194, "lon": 72.845723 }, "geometry": { "type": "Polygon", "coordinates": [ [ [ 72.84812857989796, 19.187964083913254 ], [ 72.848069878207895, 19.19247962988706 ], [ 72.843317164572539, 19.192423788286209 ], [ 72.843375995665383, 19.187908256450456 ], [ 72.84812857989796, 19.187964083913254 ] ] ] } },
{ "type": "Feature", "properties": { "cell_id": "CELL_0771", "bmc_ward_code": "P/N", "lat": 19.194709, "lon": 72.845664 }, "geometry": { "type": "Polygon", "coordinates": [ [ [ 72.848069878207895, 19.19247962988706 ], [ 72.848011160023304, 19.196995173467371 ], [ 72.843258316948862, 19.196939317727733 ], [ 72.843317164572539, 19.192423788286209 ], [ 72.848069878207895, 19.19247962988706 ] ] ] } },
{ "type": "Feature", "properties": { "cell_id": "CELL_0772", "bmc_ward_code": "R/S", "lat": 19.199225, "lon": 72.845605 }, "geometry": { "type": "Polygon", "coordinates": [ [ [ 72.848011160023304, 19.196995173467371 ], [ 72.847952425342129, 19.201510714653708 ], [ 72.843199452792248, 19.201454844774521 ], [ 72.843258316948862, 19.196939317727733 ], [ 72.848011160023304, 19.196995173467371 ] ] ] } },
{ "type": "Feature", "properties": { "cell_id": "CELL_0773", "bmc_ward_code": "R/S", "lat": 19.203741, "lon": 72.845547 }, "geometry": { "type": "Polygon", "coordinates": [ [ [ 72.847952425342129, 19.201510714653708 ], [ 72.847893674162336, 19.206026253445557 ], [ 72.843140572100651, 19.20597036942609 ], [ 72.843199452792248, 19.201454844774521 ], [ 72.847952425342129, 19.201510714653708 ] ] ] } },
{ "type": "Feature", "properties": { "cell_id": "CELL_0774", "bmc_ward_code": "R/S", "lat": 19.208256, "lon": 72.845488 }, "geometry": { "type": "Polygon", "coordinates": [ [ [ 72.847893674162336, 19.206026253445557 ], [ 72.847834906481808, 19.210541789842438 ], [ 72.843081674871996, 19.210485891681941 ], [ 72.843140572100651, 19.20597036942609 ], [ 72.847893674162336, 19.206026253445557 ] ] ] } },
{ "type": "Feature", "properties": { "cell_id": "CELL_0775", "bmc_ward_code": "R/C", "lat": 19.212772, "lon": 72.845429 }, "geometry": { "type": "Polygon", "coordinates": [ [ [ 72.847834906481808, 19.210541789842438 ], [ 72.847776122298512, 19.215057323843858 ], [ 72.843022761104194, 19.215001411541589 ], [ 72.843081674871996, 19.210485891681941 ], [ 72.847834906481808, 19.210541789842438 ] ] ] } },
{ "type": "Feature", "properties": { "cell_id": "CELL_0776", "bmc_ward_code": "R/C", "lat": 19.217287, "lon": 72.84537 }, "geometry": { "type": "Polygon", "coordinates": [ [ [ 72.847776122298512, 19.215057323843858 ], [ 72.847717321610361, 19.219572855449307 ], [ 72.842963830795185, 19.219516929004524 ], [ 72.843022761104194, 19.215001411541589 ], [ 72.847776122298512, 19.215057323843858 ] ] ] } },
{ "type": "Feature", "properties": { "cell_id": "CELL_0777", "bmc_ward_code": "R/C", "lat": 19.221803, "lon": 72.845311 }, "geometry": { "type": "Polygon", "coordinates": [ [ [ 72.847717321610361, 19.219572855449307 ], [ 72.847658504415307, 19.224088384658316 ], [ 72.842904883942893, 19.224032444070264 ], [ 72.842963830795185, 19.219516929004524 ], [ 72.847717321610361, 19.219572855449307 ] ] ] } },
{ "type": "Feature", "properties": { "cell_id": "CELL_0778", "bmc_ward_code": "R/C", "lat": 19.226318, "lon": 72.845252 }, "geometry": { "type": "Polygon", "coordinates": [ [ [ 72.847658504415307, 19.224088384658316 ], [ 72.847599670711276, 19.228603911470376 ], [ 72.84284592054523, 19.228547956738311 ], [ 72.842904883942893, 19.224032444070264 ], [ 72.847658504415307, 19.224088384658316 ] ] ] } },
{ "type": "Feature", "properties": { "cell_id": "CELL_0779", "bmc_ward_code": "R/C", "lat": 19.230834, "lon": 72.845193 }, "geometry": { "type": "Polygon", "coordinates": [ [ [ 72.847599670711276, 19.228603911470376 ], [ 72.847540820496178, 19.233119435884991 ], [ 72.842786940600149, 19.233063467008176 ], [ 72.84284592054523, 19.228547956738311 ], [ 72.847599670711276, 19.228603911470376 ] ] ] } },
{ "type": "Feature", "properties": { "cell_id": "CELL_0780", "bmc_ward_code": "R/C", "lat": 19.235349, "lon": 72.845134 }, "geometry": { "type": "Polygon", "coordinates": [ [ [ 72.847540820496178, 19.233119435884991 ], [ 72.847481953767954, 19.237634957901683 ], [ 72.842727944105562, 19.237578974879362 ], [ 72.842786940600149, 19.233063467008176 ], [ 72.847540820496178, 19.233119435884991 ] ] ] } },
{ "type": "Feature", "properties": { "cell_id": "CELL_0781", "bmc_ward_code": "R/C", "lat": 19.239865, "lon": 72.845075 }, "geometry": { "type": "Polygon", "coordinates": [ [ [ 72.847481953767954, 19.237634957901683 ], [ 72.847423070524542, 19.242150477519953 ], [ 72.842668931059393, 19.242094480351376 ], [ 72.842727944105562, 19.237578974879362 ], [ 72.847481953767954, 19.237634957901683 ] ] ] } },
{ "type": "Feature", "properties": { "cell_id": "CELL_0782", "bmc_ward_code": "R/N", "lat": 19.24438, "lon": 72.845017 }, "geometry": { "type": "Polygon", "coordinates": [ [ [ 72.847423070524542, 19.242150477519953 ], [ 72.847364170763854, 19.246665994739303 ], [ 72.842609901459554, 19.246609983423728 ], [ 72.842668931059393, 19.242094480351376 ], [ 72.847423070524542, 19.242150477519953 ] ] ] } },
{ "type": "Feature", "properties": { "cell_id": "CELL_0783", "bmc_ward_code": "R/N", "lat": 19.248896, "lon": 72.844958 }, "geometry": { "type": "Polygon", "coordinates": [ [ [ 72.847364170763854, 19.246665994739303 ], [ 72.847305254483814, 19.251181509559242 ], [ 72.842550855303998, 19.251125484095923 ], [ 72.842609901459554, 19.246609983423728 ], [ 72.847364170763854, 19.246665994739303 ] ] ] } },
{ "type": "Feature", "properties": { "cell_id": "CELL_0784", "bmc_ward_code": "R/N", "lat": 19.253411, "lon": 72.844899 }, "geometry": { "type": "Polygon", "coordinates": [ [ [ 72.847305254483814, 19.251181509559242 ], [ 72.847246321682363, 19.255697021979273 ], [ 72.842491792590607, 19.255640982367463 ], [ 72.842550855303998, 19.251125484095923 ], [ 72.847305254483814, 19.251181509559242 ] ] ] } },
{ "type": "Feature", "properties": { "cell_id": "CELL_0785", "bmc_ward_code": "R/N", "lat": 19.257927, "lon": 72.84484 }, "geometry": { "type": "Polygon", "coordinates": [ [ [ 72.847246321682363, 19.255697021979273 ], [ 72.847187372357411, 19.260212531998906 ], [ 72.842432713317322, 19.260156478237864 ], [ 72.842491792590607, 19.255640982367463 ], [ 72.847246321682363, 19.255697021979273 ] ] ] } },
{ "type": "Feature", "properties": { "cell_id": "CELL_0786", "bmc_ward_code": "R/N", "lat": 19.262442, "lon": 72.844781 }, "geometry": { "type": "Polygon", "coordinates": [ [ [ 72.847187372357411, 19.260212531998906 ], [ 72.847128406506911, 19.264728039617651 ], [ 72.842373617482068, 19.264671971706623 ], [ 72.842432713317322, 19.260156478237864 ], [ 72.847187372357411, 19.260212531998906 ] ] ] } },
{ "type": "Feature", "properties": { "cell_id": "CELL_0787", "bmc_ward_code": "R/N", "lat": 19.266958, "lon": 72.844721 }, "geometry": { "type": "Polygon", "coordinates": [ [ [ 72.847128406506911, 19.264728039617651 ], [ 72.847069424128762, 19.269243544835028 ], [ 72.84231450508274, 19.269187462773257 ], [ 72.842373617482068, 19.264671971706623 ], [ 72.847128406506911, 19.264728039617651 ] ] ] } },
{ "type": "Feature", "properties": { "cell_id": "CELL_0788", "bmc_ward_code": "UNKNOWN", "lat": 18.968985, "lon": 72.853329 }, "geometry": { "type": "Polygon", "coordinates": [ [ [ 72.855731104066507, 18.966754423636875 ], [ 72.855673335721846, 18.971270100357067 ], [ 72.850926903779182, 18.971215072108915 ], [ 72.850984799753476, 18.96669940945953 ], [ 72.855731104066507, 18.966754423636875 ] ] ] } },
{ "type": "Feature", "properties": { "cell_id": "CELL_0789", "bmc_ward_code": "E", "lat": 18.9735, "lon": 72.853271 }, "geometry": { "type": "Polygon", "coordinates": [ [ [ 72.855673335721846, 18.971270100357067 ], [ 72.855615551019127, 18.975785774708729 ], [ 72.850868991410749, 18.975730732389039 ], [ 72.850926903779182, 18.971215072108915 ], [ 72.855673335721846, 18.971270100357067 ] ] ] } },
{ "type": "Feature", "properties": { "cell_id": "CELL_0790", "bmc_ward_code": "E", "lat": 18.978016, "lon": 72.853213 }, "geometry": { "type": "Polygon", "coordinates": [ [ [ 72.855615551019127, 18.975785774708729 ], [ 72.855557749956333, 18.980301446691374 ], [ 72.850811062646073, 18.98024639029941 ], [ 72.850868991410749, 18.975730732389039 ], [ 72.855615551019127, 18.975785774708729 ] ] ] } },
{ "type": "Feature", "properties": { "cell_id": "CELL_0791", "bmc_ward_code": "F/S", "lat": 18.982532, "lon": 72.853155 }, "geometry": { "type": "Polygon", "coordinates": [ [ [ 72.855557749956333, 18.980301446691374 ], [ 72.855499932531416, 18.984817116304509 ], [ 72.85075311748318, 18.984762045839538 ], [ 72.850811062646073, 18.98024639029941 ], [ 72.855557749956333, 18.980301446691374 ] ] ] } },
{ "type": "Feature", "properties": { "cell_id": "CELL_0792", "bmc_ward_code": "F/S", "lat": 18.987047, "lon": 72.853098 }, "geometry": { "type": "Polygon", "coordinates": [ [ [ 72.855499932531416, 18.984817116304509 ], [ 72.855442098742373, 18.989332783547638 ], [ 72.850695155919993, 18.98927769900893 ], [ 72.85075311748318, 18.984762045839538 ], [ 72.855499932531416, 18.984817116304509 ] ] ] } },
{ "type": "Feature", "properties": { "cell_id": "CELL_0793", "bmc_ward_code": "F/S", "lat": 18.991563, "lon": 72.85304 }, "geometry": { "type": "Polygon", "coordinates": [ [ [ 72.855442098742373, 18.989332783547638 ], [ 72.855384248587157, 18.993848448420263 ], [ 72.850637177954525, 18.993793349807088 ], [ 72.850695155919993, 18.98927769900893 ], [ 72.855442098742373, 18.989332783547638 ] ] ] } },
{ "type": "Feature", "properties": { "cell_id": "CELL_0794", "bmc_ward_code": "F/S", "lat": 18.996079, "lon": 72.852982 }, "geometry": { "type": "Polygon", "coordinates": [ [ [ 72.855384248587157, 18.993848448420263 ], [ 72.855326382063751, 18.998364110921884 ], [ 72.850579183584699, 18.998308998233512 ], [ 72.850637177954525, 18.993793349807088 ], [ 72.855384248587157, 18.993848448420263 ] ] ] } },
{ "type": "Feature", "properties": { "cell_id": "CELL_0795", "bmc_ward_code": "F/S", "lat": 19.000594, "lon": 72.852924 }, "geometry": { "type": "Polygon", "coordinates": [ [ [ 72.855326382063751, 18.998364110921884 ], [ 72.855268499170123, 19.002879771052012 ], [ 72.850521172808513, 19.002824644287703 ], [ 72.850579183584699, 18.998308998233512 ], [ 72.855326382063751, 18.998364110921884 ] ] ] } },
{ "type": "Feature", "properties": { "cell_id": "CELL_0796", "bmc_ward_code": "F/S", "lat": 19.00511, "lon": 72.852866 }, "geometry": { "type": "Polygon", "coordinates": [ [ [ 72.855268499170123, 19.002879771052012 ], [ 72.855210599904225, 19.007395428810153 ], [ 72.85046314562392, 19.007340287969178 ], [ 72.850521172808513, 19.002824644287703 ], [ 72.855268499170123, 19.002879771052012 ] ] ] } },
{ "type": "Feature", "properties": { "cell_id": "CELL_0797", "bmc_ward_code": "F/S", "lat": 19.009626, "lon": 72.852808 }, "geometry": { "type": "Polygon", "coordinates": [ [ [ 72.855210599904225, 19.007395428810153 ], [ 72.855152684264056, 19.011911084195809 ], [ 72.850405102028887, 19.011855929277438 ], [ 72.85046314562392, 19.007340287969178 ], [ 72.855210599904225, 19.007395428810153 ] ] ] } },
{ "type": "Feature", "properties": { "cell_id": "CELL_0798", "bmc_ward_code": "F/N", "lat": 19.014141, "lon": 72.85275 }, "geometry": { "type": "Polygon", "coordinates": [ [ [ 72.855152684264056, 19.011911084195809 ], [ 72.855094752247552, 19.016426737208491 ], [ 72.850347042021355, 19.01637156821198 ], [ 72.850405102028887, 19.011855929277438 ], [ 72.855152684264056, 19.011911084195809 ] ] ] } },
{ "type": "Feature", "properties": { "cell_id": "CELL_0799", "bmc_ward_code": "F/N", "lat": 19.018657, "lon": 72.852692 }, "geometry": { "type": "Polygon", "coordinates": [ [ [ 72.855094752247552, 19.016426737208491 ], [ 72.855036803852713, 19.020942387847686 ], [ 72.850288965599319, 19.020887204772311 ], [ 72.850347042021355, 19.01637156821198 ], [ 72.855094752247552, 19.016426737208491 ] ] ] } },
{ "type": "Feature", "properties": { "cell_id": "CELL_0800", "bmc_ward_code": "F/N", "lat": 19.023173, "lon": 72.852634 }, "geometry": { "type": "Polygon", "coordinates": [ [ [ 72.855036803852713, 19.020942387847686 ], [ 72.854978839077489, 19.025458036112923 ], [ 72.850230872760733, 19.025402838957941 ], [ 72.850288965599319, 19.020887204772311 ], [ 72.855036803852713, 19.020942387847686 ] ] ] } },
{ "type": "Feature", "properties": { "cell_id": "CELL_0801", "bmc_ward_code": "F/N", "lat": 19.027688, "lon": 72.852576 }, "geometry": { "type": "Polygon", "coordinates": [ [ [ 72.854978839077489, 19.025458036112923 ], [ 72.854920857919836, 19.029973682003696 ], [ 72.850172763503537, 19.029918470768372 ], [ 72.850230872760733, 19.025402838957941 ], [ 72.854978839077489, 19.025458036112923 ] ] ] } },
{ "type": "Feature", "properties": { "cell_id": "CELL_0802", "bmc_ward_code": "G/N", "lat": 19.032204, "lon": 72.852518 }, "geometry": { "type": "Polygon", "coordinates": [ [ [ 72.854920857919836, 19.029973682003696 ], [ 72.854862860377736, 19.034489325519498 ], [ 72.850114637825726, 19.034434100203107 ], [ 72.850172763503537, 19.029918470768372 ], [ 72.854920857919836, 19.029973682003696 ] ] ] } },
{ "type": "Feature", "properties": { "cell_id": "CELL_0803", "bmc_ward_code": "G/N", "lat": 19.03672, "lon": 72.85246 }, "geometry": { "type": "Polygon", "coordinates": [ [ [ 72.854862860377736, 19.034489325519498 ], [ 72.854804846449142, 19.039004966659853 ], [ 72.850056495725241, 19.038949727261659 ], [ 72.850114637825726, 19.034434100203107 ], [ 72.854862860377736, 19.034489325519498 ] ] ] } },
{ "type": "Feature", "properties": { "cell_id": "CELL_0804", "bmc_ward_code": "G/N", "lat": 19.041235, "lon": 72.852402 }, "geometry": { "type": "Polygon", "coordinates": [ [ [ 72.854804846449142, 19.039004966659853 ], [ 72.85474681613205, 19.043520605424256 ], [ 72.849998337200049, 19.043465351943521 ], [ 72.850056495725241, 19.038949727261659 ], [ 72.854804846449142, 19.039004966659853 ] ] ] } },
{ "type": "Feature", "properties": { "cell_id": "CELL_0805", "bmc_ward_code": "G/N", "lat": 19.045751, "lon": 72.852344 }, "geometry": { "type": "Polygon", "coordinates": [ [ [ 72.85474681613205, 19.043520605424256 ], [ 72.854688769424371, 19.048036241812216 ], [ 72.849940162248089, 19.047980974248205 ], [ 72.849998337200049, 19.043465351943521 ], [ 72.85474681613205, 19.043520605424256 ] ] ] } },
{ "type": "Feature", "properties": { "cell_id": "CELL_0806", "bmc_ward_code": "G/N", "lat": 19.050266, "lon": 72.852285 }, "geometry": { "type": "Polygon", "coordinates": [ [ [ 72.854688769424371, 19.048036241812216 ], [ 72.854630706324102, 19.052551875823234 ], [ 72.849881970867344, 19.052496594175217 ], [ 72.849940162248089, 19.047980974248205 ], [ 72.854688769424371, 19.048036241812216 ] ] ] } },
{ "type": "Feature", "properties": { "cell_id": "CELL_0807", "bmc_ward_code": "H/E", "lat": 19.054782, "lon": 72.852227 }, "geometry": { "type": "Polygon", "coordinates": [ [ [ 72.854630706324102, 19.052551875823234 ], [ 72.854572626829182, 19.057067507456818 ], [ 72.849823763055753, 19.05701221172405 ], [ 72.849881970867344, 19.052496594175217 ], [ 72.854630706324102, 19.052551875823234 ] ] ] } },
{ "type": "Feature", "properties": { "cell_id": "CELL_0808", "bmc_ward_code": "H/E", "lat": 19.059298, "lon": 72.852169 }, "geometry": { "type": "Polygon", "coordinates": [ [ [ 72.854572626829182, 19.057067507456818 ], [ 72.854514530937607, 19.061583136712478 ], [ 72.849765538811283, 19.061527826894224 ], [ 72.849823763055753, 19.05701221172405 ], [ 72.854572626829182, 19.057067507456818 ] ] ] } },
{ "type": "Feature", "properties": { "cell_id": "CELL_0809", "bmc_ward_code": "H/E", "lat": 19.063813, "lon": 72.852111 }, "geometry": { "type": "Polygon", "coordinates": [ [ [ 72.854514530937607, 19.061583136712478 ], [ 72.854456418647317, 19.066098763589711 ], [ 72.849707298131904, 19.066043439685249 ], [ 72.849765538811283, 19.061527826894224 ], [ 72.854514530937607, 19.061583136712478 ] ] ] } },
{ "type": "Feature", "properties": { "cell_id": "CELL_0810", "bmc_ward_code": "H/E", "lat": 19.068329, "lon": 72.852053 }, "geometry": { "type": "Polygon", "coordinates": [ [ [ 72.854456418647317, 19.066098763589711 ], [ 72.854398289956251, 19.070614388088025 ], [ 72.849649041015525, 19.070559050096598 ], [ 72.849707298131904, 19.066043439685249 ], [ 72.854456418647317, 19.066098763589711 ] ] ] } },
{ "type": "Feature", "properties": { "cell_id": "CELL_0811", "bmc_ward_code": "H/E", "lat": 19.072845, "lon": 72.851995 }, "geometry": { "type": "Polygon", "coordinates": [ [ [ 72.854398289956251, 19.070614388088025 ], [ 72.854340144862405, 19.07513001020693 ], [ 72.849590767460157, 19.075074658127818 ], [ 72.849649041015525, 19.070559050096598 ], [ 72.854398289956251, 19.070614388088025 ] ] ] } },
{ "type": "Feature", "properties": { "cell_id": "CELL_0812", "bmc_ward_code": "H/E", "lat": 19.07736, "lon": 72.851936 }, "geometry": { "type": "Polygon", "coordinates": [ [ [ 72.854340144862405, 19.07513001020693 ], [ 72.85428198336372, 19.079645629945922 ], [ 72.849532477463697, 19.079590263778382 ], [ 72.849590767460157, 19.075074658127818 ], [ 72.854340144862405, 19.07513001020693 ] ] ] } },
{ "type": "Feature", "properties": { "cell_id": "CELL_0813", "bmc_ward_code": "H/E", "lat": 19.081876, "lon": 72.851878 }, "geometry": { "type": "Polygon", "coordinates": [ [ [ 72.85428198336372, 19.079645629945922 ], [ 72.854223805458147, 19.084161247304518 ], [ 72.849474171024156, 19.084105867047811 ], [ 72.849532477463697, 19.079590263778382 ], [ 72.85428198336372, 19.079645629945922 ] ] ] } },
{ "type": "Feature", "properties": { "cell_id": "CELL_0814", "bmc_ward_code": "H/E", "lat": 19.086391, "lon": 72.85182 }, "geometry": { "type": "Polygon", "coordinates": [ [ [ 72.854223805458147, 19.084161247304518 ], [ 72.854165611143657, 19.088676862282213 ], [ 72.849415848139444, 19.088621467935607 ], [ 72.849474171024156, 19.084105867047811 ], [ 72.854223805458147, 19.084161247304518 ] ] ] } },
{ "type": "Feature", "properties": { "cell_id": "CELL_0815", "bmc_ward_code": "H/E", "lat": 19.090907, "lon": 72.851762 }, "geometry": { "type": "Polygon", "coordinates": [ [ [ 72.854165611143657, 19.088676862282213 ], [ 72.854107400418201, 19.093192474878528 ], [ 72.849357508807529, 19.093137066441273 ], [ 72.849415848139444, 19.088621467935607 ], [ 72.854165611143657, 19.088676862282213 ] ] ] } },
{ "type": "Feature", "properties": { "cell_id": "CELL_0816", "bmc_ward_code": "K/E", "lat": 19.095423, "lon": 72.851703 }, "geometry": { "type": "Polygon", "coordinates": [ [ [ 72.854107400418201, 19.093192474878528 ], [ 72.854049173279719, 19.097708085092947 ], [ 72.849299153026365, 19.097652662564322 ], [ 72.849357508807529, 19.093137066441273 ], [ 72.854107400418201, 19.093192474878528 ] ] ] } },
{ "type": "Feature", "properties": { "cell_id": "CELL_0817", "bmc_ward_code": "K/E", "lat": 19.099938, "lon": 72.851645 }, "geometry": { "type": "Polygon", "coordinates": [ [ [ 72.854049173279719, 19.097708085092947 ], [ 72.853990929726208, 19.102223692924991 ], [ 72.849240780793906, 19.102168256304243 ], [ 72.849299153026365, 19.097652662564322 ], [ 72.854049173279719, 19.097708085092947 ] ] ] } },
{ "type": "Feature", "properties": { "cell_id": "CELL_0818", "bmc_ward_code": "K/E", "lat": 19.104454, "lon": 72.851587 }, "geometry": { "type": "Polygon", "coordinates": [ [ [ 72.853990929726208, 19.102223692924991 ], [ 72.853932669755565, 19.106739298374158 ], [ 72.849182392108077, 19.10668384766057 ], [ 72.849240780793906, 19.102168256304243 ], [ 72.853990929726208, 19.102223692924991 ] ] ] } },
{ "type": "Feature", "properties": { "cell_id": "CELL_0819", "bmc_ward_code": "K/E", "lat": 19.108969, "lon": 72.851528 }, "geometry": { "type": "Polygon", "coordinates": [ [ [ 72.853932669755565, 19.106739298374158 ], [ 72.8538743933658, 19.111254901439956 ], [ 72.849123986966845, 19.111199436632774 ], [ 72.849182392108077, 19.10668384766057 ], [ 72.853932669755565, 19.106739298374158 ] ] ] } },
{ "type": "Feature", "properties": { "cell_id": "CELL_0820", "bmc_ward_code": "K/E", "lat": 19.113485, "lon": 72.85147 }, "geometry": { "type": "Polygon", "coordinates": [ [ [ 72.8538743933658, 19.111254901439956 ], [ 72.853816100554809, 19.115770502121901 ], [ 72.849065565368164, 19.115715023220385 ], [ 72.849123986966845, 19.111199436632774 ], [ 72.8538743933658, 19.111254901439956 ] ] ] } },
{ "type": "Feature", "properties": { "cell_id": "CELL_0821", "bmc_ward_code": "K/E", "lat": 19.118001, "lon": 72.851412 }, "geometry": { "type": "Polygon", "coordinates": [ [ [ 72.853816100554809, 19.115770502121901 ], [ 72.853757791320604, 19.120286100419488 ], [ 72.84900712730996, 19.120230607422901 ], [ 72.849065565368164, 19.115715023220385 ], [ 72.853816100554809, 19.115770502121901 ] ] ] } },
{ "type": "Feature", "properties": { "cell_id": "CELL_0822", "bmc_ward_code": "K/E", "lat": 19.122516, "lon": 72.851353 }, "geometry": { "type": "Polygon", "coordinates": [ [ [ 72.853757791320604, 19.120286100419488 ], [ 72.853699465661066, 19.12480169633222 ], [ 72.848948672790215, 19.124746189239822 ], [ 72.84900712730996, 19.120230607422901 ], [ 72.853757791320604, 19.120286100419488 ] ] ] } },
{ "type": "Feature", "properties": { "cell_id": "CELL_0823", "bmc_ward_code": "K/E", "lat": 19.127032, "lon": 72.851295 }, "geometry": { "type": "Polygon", "coordinates": [ [ [ 72.853699465661066, 19.12480169633222 ], [ 72.853641123574221, 19.12931728985961 ], [ 72.848890201806825, 19.129261768670666 ], [ 72.848948672790215, 19.124746189239822 ], [ 72.853699465661066, 19.12480169633222 ] ] ] } },
{ "type": "Feature", "properties": { "cell_id": "CELL_0824", "bmc_ward_code": "K/E", "lat": 19.131547, "lon": 72.851236 }, "geometry": { "type": "Polygon", "coordinates": [ [ [ 72.853641123574221, 19.12931728985961 ], [ 72.853582765057965, 19.133832881001162 ], [ 72.848831714357786, 19.133777345714932 ], [ 72.848890201806825, 19.129261768670666 ], [ 72.853641123574221, 19.12931728985961 ] ] ] } },
{ "type": "Feature", "properties": { "cell_id": "CELL_0825", "bmc_ward_code": "K/E", "lat": 19.136063, "lon": 72.851178 }, "geometry": { "type": "Polygon", "coordinates": [ [ [ 72.853582765057965, 19.133832881001162 ], [ 72.85352439011028, 19.13834846975638 ], [ 72.84877321044101, 19.138292920372123 ], [ 72.848831714357786, 19.133777345714932 ], [ 72.853582765057965, 19.133832881001162 ] ] ] } },
{ "type": "Feature", "properties": { "cell_id": "CELL_0826", "bmc_ward_code": "K/E", "lat": 19.140579, "lon": 72.85112 }, "geometry": { "type": "Polygon", "coordinates": [ [ [ 72.85352439011028, 19.13834846975638 ], [ 72.853465998729078, 19.142864056124782 ], [ 72.84871469005445, 19.142808492641755 ], [ 72.84877321044101, 19.138292920372123 ], [ 72.85352439011028, 19.13834846975638 ] ] ] } },
{ "type": "Feature", "properties": { "cell_id": "CELL_0827", "bmc_ward_code": "P/S", "lat": 19.145094, "lon": 72.851061 }, "geometry": { "type": "Polygon", "coordinates": [ [ [ 72.853465998729078, 19.142864056124782 ], [ 72.85340759091234, 19.147379640105861 ], [ 72.84865615319606, 19.147324062523325 ], [ 72.84871469005445, 19.142808492641755 ], [ 72.853465998729078, 19.142864056124782 ] ] ] } },
{ "type": "Feature", "properties": { "cell_id": "CELL_0828", "bmc_ward_code": "P/S", "lat": 19.14961, "lon": 72.851003 }, "geometry": { "type": "Polygon", "coordinates": [ [ [ 72.85340759091234, 19.147379640105861 ], [ 72.853349166657992, 19.151895221699121 ], [ 72.848597599863766, 19.151839630016337 ], [ 72.84865615319606, 19.147324062523325 ], [ 72.85340759091234, 19.147379640105861 ] ] ] } },
{ "type": "Feature", "properties": { "cell_id": "CELL_0829", "bmc_ward_code": "P/S", "lat": 19.154125, "lon": 72.850944 }, "geometry": { "type": "Polygon", "coordinates": [ [ [ 72.853349166657992, 19.151895221699121 ], [ 72.853290725963987, 19.156410800904073 ], [ 72.84853903005552, 19.156355195120309 ], [ 72.848597599863766, 19.151839630016337 ], [ 72.853349166657992, 19.151895221699121 ] ] ] } },
{ "type": "Feature", "properties": { "cell_id": "CELL_0830", "bmc_ward_code": "P/S", "lat": 19.158641, "lon": 72.850886 }, "geometry": { "type": "Polygon", "coordinates": [ [ [ 72.853290725963987, 19.156410800904073 ], [ 72.853232268828279, 19.16092637772023 ], [ 72.848480443769247, 19.160870757834733 ], [ 72.84853903005552, 19.156355195120309 ], [ 72.853290725963987, 19.156410800904073 ] ] ] } },
{ "type": "Feature", "properties": { "cell_id": "CELL_0831", "bmc_ward_code": "P/S", "lat": 19.163156, "lon": 72.850827 }, "geometry": { "type": "Polygon", "coordinates": [ [ [ 72.853232268828279, 19.16092637772023 ], [ 72.853173795248821, 19.165441952147084 ], [ 72.848421841002917, 19.165386318159118 ], [ 72.848480443769247, 19.160870757834733 ], [ 72.853232268828279, 19.16092637772023 ] ] ] } },
{ "type": "Feature", "properties": { "cell_id": "CELL_0832", "bmc_ward_code": "P/S", "lat": 19.167672, "lon": 72.850769 }, "geometry": { "type": "Polygon", "coordinates": [ [ [ 72.853173795248821, 19.165441952147084 ], [ 72.853115305223525, 19.169957524184156 ], [ 72.84836322175444, 19.169901876092979 ], [ 72.848421841002917, 19.165386318159118 ], [ 72.853173795248821, 19.165441952147084 ] ] ] } },
{ "type": "Feature", "properties": { "cell_id": "CELL_0833", "bmc_ward_code": "P/S", "lat": 19.172187, "lon": 72.85071 }, "geometry": { "type": "Polygon", "coordinates": [ [ [ 72.853115305223525, 19.169957524184156 ], [ 72.853056798750345, 19.174473093830947 ], [ 72.848304586021783, 19.174417431635817 ], [ 72.84836322175444, 19.169901876092979 ], [ 72.853115305223525, 19.169957524184156 ] ] ] } },
{ "type": "Feature", "properties": { "cell_id": "CELL_0834", "bmc_ward_code": "P/N", "lat": 19.176703, "lon": 72.850651 }, "geometry": { "type": "Polygon", "coordinates": [ [ [ 72.853056798750345, 19.174473093830947 ], [ 72.852998275827247, 19.178988661086962 ], [ 72.848245933802843, 19.178932984787135 ], [ 72.848304586021783, 19.174417431635817 ], [ 72.853056798750345, 19.174473093830947 ] ] ] } },
{ "type": "Feature", "properties": { "cell_id": "CELL_0835", "bmc_ward_code": "P/N", "lat": 19.181219, "lon": 72.850593 }, "geometry": { "type": "Polygon", "coordinates": [ [ [ 72.852998275827247, 19.178988661086962 ], [ 72.852939736452143, 19.183504225951708 ], [ 72.848187265095603, 19.18344853554645 ], [ 72.848245933802843, 19.178932984787135 ], [ 72.852998275827247, 19.178988661086962 ] ] ] } },
{ "type": "Feature", "properties": { "cell_id": "CELL_0836", "bmc_ward_code": "P/N", "lat": 19.185734, "lon": 72.850534 }, "geometry": { "type": "Polygon", "coordinates": [ [ [ 72.852939736452143, 19.183504225951708 ], [ 72.852881180623001, 19.18801978842469 ], [ 72.84812857989796, 19.187964083913254 ], [ 72.848187265095603, 19.18344853554645 ], [ 72.852939736452143, 19.183504225951708 ] ] ] } },
{ "type": "Feature", "properties": { "cell_id": "CELL_0837", "bmc_ward_code": "P/N", "lat": 19.19025, "lon": 72.850476 }, "geometry": { "type": "Polygon", "coordinates": [ [ [ 72.852881180623001, 19.18801978842469 ], [ 72.852822608337746, 19.192535348505427 ], [ 72.848069878207895, 19.19247962988706 ], [ 72.84812857989796, 19.187964083913254 ], [ 72.852881180623001, 19.18801978842469 ] ] ] } },
{ "type": "Feature", "properties": { "cell_id": "CELL_0838", "bmc_ward_code": "P/N", "lat": 19.194765, "lon": 72.850417 }, "geometry": { "type": "Polygon", "coordinates": [ [ [ 72.852822608337746, 19.192535348505427 ], [ 72.852764019594332, 19.1970509061934 ], [ 72.848011160023304, 19.196995173467371 ], [ 72.848069878207895, 19.19247962988706 ], [ 72.852822608337746, 19.192535348505427 ] ] ] } },
{ "type": "Feature", "properties": { "cell_id": "CELL_0839", "bmc_ward_code": "R/S", "lat": 19.199281, "lon": 72.850358 }, "geometry": { "type": "Polygon", "coordinates": [ [ [ 72.852764019594332, 19.1970509061934 ], [ 72.852705414390655, 19.201566461488142 ], [ 72.847952425342129, 19.201510714653708 ], [ 72.848011160023304, 19.196995173467371 ], [ 72.852764019594332, 19.1970509061934 ] ] ] } },
{ "type": "Feature", "properties": { "cell_id": "CELL_0840", "bmc_ward_code": "R/S", "lat": 19.203796, "lon": 72.8503 }, "geometry": { "type": "Polygon", "coordinates": [ [ [ 72.852705414390655, 19.201566461488142 ], [ 72.852646792724713, 19.206082014389143 ], [ 72.847893674162336, 19.206026253445557 ], [ 72.847952425342129, 19.201510714653708 ], [ 72.852705414390655, 19.201566461488142 ] ] ] } },
{ "type": "Feature", "properties": { "cell_id": "CELL_0841", "bmc_ward_code": "R/S", "lat": 19.208312, "lon": 72.850241 }, "geometry": { "type": "Polygon", "coordinates": [ [ [ 72.852646792724713, 19.206082014389143 ], [ 72.8525881545944, 19.210597564895917 ], [ 72.847834906481808, 19.210541789842438 ], [ 72.847893674162336, 19.206026253445557 ], [ 72.852646792724713, 19.206082014389143 ] ] ] } },
{ "type": "Feature", "properties": { "cell_id": "CELL_0842", "bmc_ward_code": "R/S", "lat": 19.212827, "lon": 72.850182 }, "geometry": { "type": "Polygon", "coordinates": [ [ [ 72.8525881545944, 19.210597564895917 ], [ 72.852529499997686, 19.215113113007973 ], [ 72.847776122298512, 19.215057323843858 ], [ 72.847834906481808, 19.210541789842438 ], [ 72.8525881545944, 19.210597564895917 ] ] ] } },
{ "type": "Feature", "properties": { "cell_id": "CELL_0843", "bmc_ward_code": "R/C", "lat": 19.217343, "lon": 72.850123 }, "geometry": { "type": "Polygon", "coordinates": [ [ [ 72.852529499997686, 19.215113113007973 ], [ 72.852470828932482, 19.219628658724805 ], [ 72.847717321610361, 19.219572855449307 ], [ 72.847776122298512, 19.215057323843858 ], [ 72.852529499997686, 19.215113113007973 ] ] ] } },
{ "type": "Feature", "properties": { "cell_id": "CELL_0844", "bmc_ward_code": "R/C", "lat": 19.221859, "lon": 72.850065 }, "geometry": { "type": "Polygon", "coordinates": [ [ [ 72.852470828932482, 19.219628658724805 ], [ 72.852412141396712, 19.224144202045942 ], [ 72.847658504415307, 19.224088384658316 ], [ 72.847717321610361, 19.219572855449307 ], [ 72.852470828932482, 19.219628658724805 ] ] ] } },
{ "type": "Feature", "properties": { "cell_id": "CELL_0845", "bmc_ward_code": "R/C", "lat": 19.226374, "lon": 72.850006 }, "geometry": { "type": "Polygon", "coordinates": [ [ [ 72.852412141396712, 19.224144202045942 ], [ 72.852353437388359, 19.228659742970873 ], [ 72.847599670711276, 19.228603911470376 ], [ 72.847658504415307, 19.224088384658316 ], [ 72.852412141396712, 19.224144202045942 ] ] ] } },
{ "type": "Feature", "properties": { "cell_id": "CELL_0846", "bmc_ward_code": "R/C", "lat": 19.23089, "lon": 72.849947 }, "geometry": { "type": "Polygon", "coordinates": [ [ [ 72.852353437388359, 19.228659742970873 ], [ 72.85229471690532, 19.233175281499108 ], [ 72.847540820496178, 19.233119435884991 ], [ 72.847599670711276, 19.228603911470376 ], [ 72.852353437388359, 19.228659742970873 ] ] ] } },
{ "type": "Feature", "properties": { "cell_id": "CELL_0847", "bmc_ward_code": "R/C", "lat": 19.235405, "lon": 72.849888 }, "geometry": { "type": "Polygon", "coordinates": [ [ [ 72.85229471690532, 19.233175281499108 ], [ 72.852235979945533, 19.23769081763016 ], [ 72.847481953767954, 19.237634957901683 ], [ 72.847540820496178, 19.233119435884991 ], [ 72.85229471690532, 19.233175281499108 ] ] ] } },
{ "type": "Feature", "properties": { "cell_id": "CELL_0848", "bmc_ward_code": "R/N", "lat": 19.239921, "lon": 72.84983 }, "geometry": { "type": "Polygon", "coordinates": [ [ [ 72.852235979945533, 19.23769081763016 ], [ 72.852177226506939, 19.242206351363532 ], [ 72.847423070524542, 19.242150477519953 ], [ 72.847481953767954, 19.237634957901683 ], [ 72.852235979945533, 19.23769081763016 ] ] ] } },
{ "type": "Feature", "properties": { "cell_id": "CELL_0849", "bmc_ward_code": "R/N", "lat": 19.244436, "lon": 72.849771 }, "geometry": { "type": "Polygon", "coordinates": [ [ [ 72.852177226506939, 19.242206351363532 ], [ 72.852118456587462, 19.246721882698726 ], [ 72.847364170763854, 19.246665994739303 ], [ 72.847423070524542, 19.242150477519953 ], [ 72.852177226506939, 19.242206351363532 ] ] ] } },
{ "type": "Feature", "properties": { "cell_id": "CELL_0850", "bmc_ward_code": "R/N", "lat": 19.248952, "lon": 72.849712 }, "geometry": { "type": "Polygon", "coordinates": [ [ [ 72.852118456587462, 19.246721882698726 ], [ 72.852059670185042, 19.251237411635255 ], [ 72.847305254483814, 19.251181509559242 ], [ 72.847364170763854, 19.246665994739303 ], [ 72.852118456587462, 19.246721882698726 ] ] ] } },
{ "type": "Feature", "properties": { "cell_id": "CELL_0851", "bmc_ward_code": "R/N", "lat": 19.253467, "lon": 72.849653 }, "geometry": { "type": "Polygon", "coordinates": [ [ [ 72.852059670185042, 19.251237411635255 ], [ 72.852000867297605, 19.255752938172638 ], [ 72.847246321682363, 19.255697021979273 ], [ 72.847305254483814, 19.251181509559242 ], [ 72.852059670185042, 19.251237411635255 ] ] ] } },
{ "type": "Feature", "properties": { "cell_id": "CELL_0852", "bmc_ward_code": "R/N", "lat": 19.257983, "lon": 72.849594 }, "geometry": { "type": "Polygon", "coordinates": [ [ [ 72.852000867297605, 19.255752938172638 ], [ 72.851942047923089, 19.260268462310361 ], [ 72.847187372357411, 19.260212531998906 ], [ 72.847246321682363, 19.255697021979273 ], [ 72.852000867297605, 19.255752938172638 ] ] ] } },
{ "type": "Feature", "properties": { "cell_id": "CELL_0853", "bmc_ward_code": "R/N", "lat": 19.262498, "lon": 72.849535 }, "geometry": { "type": "Polygon", "coordinates": [ [ [ 72.851942047923089, 19.260268462310361 ], [ 72.851883212059406, 19.264783984047941 ], [ 72.847128406506911, 19.264728039617651 ], [ 72.847187372357411, 19.260212531998906 ], [ 72.851942047923089, 19.260268462310361 ] ] ] } },
{ "type": "Feature", "properties": { "cell_id": "CELL_0854", "bmc_ward_code": "R/N", "lat": 19.267014, "lon": 72.849476 }, "geometry": { "type": "Polygon", "coordinates": [ [ [ 72.851883212059406, 19.264783984047941 ], [ 72.851824359704494, 19.269299503384893 ], [ 72.847069424128762, 19.269243544835028 ], [ 72.847128406506911, 19.264728039617651 ], [ 72.851883212059406, 19.264783984047941 ] ] ] } },
{ "type": "Feature", "properties": { "cell_id": "CELL_0855", "bmc_ward_code": "UNKNOWN", "lat": 19.271529, "lon": 72.849417 }, "geometry": { "type": "Polygon", "coordinates": [ [ [ 72.851824359704494, 19.269299503384893 ], [ 72.85176549085628, 19.273815020320708 ], [ 72.847010425220887, 19.273759047650515 ], [ 72.847069424128762, 19.269243544835028 ], [ 72.851824359704494, 19.269299503384893 ] ] ] } },
{ "type": "Feature", "properties": { "cell_id": "CELL_0856", "bmc_ward_code": "UNKNOWN", "lat": 18.973555, "lon": 72.858018 }, "geometry": { "type": "Polygon", "coordinates": [ [ [ 72.860419784022554, 18.971325007144266 ], [ 72.86036212698761, 18.975840695536416 ], [ 72.855615551019127, 18.975785774708729 ], [ 72.855673335721846, 18.971270100357067 ], [ 72.860419784022554, 18.971325007144266 ] ] ] } },
{ "type": "Feature", "properties": { "cell_id": "CELL_0857", "bmc_ward_code": "UNKNOWN", "lat": 18.978071, "lon": 72.85796 }, "geometry": { "type": "Polygon", "coordinates": [ [ [ 72.86036212698761, 18.975840695536416 ], [ 72.860304453628686, 18.980356381560288 ], [ 72.855557749956333, 18.980301446691374 ], [ 72.855615551019127, 18.975785774708729 ], [ 72.86036212698761, 18.975840695536416 ] ] ] } },
{ "type": "Feature", "properties": { "cell_id": "CELL_0858", "bmc_ward_code": "F/S", "lat": 18.982587, "lon": 72.857902 }, "geometry": { "type": "Polygon", "coordinates": [ [ [ 72.860304453628686, 18.980356381560288 ], [ 72.860246763943806, 18.98487206521537 ], [ 72.855499932531416, 18.984817116304509 ], [ 72.855557749956333, 18.980301446691374 ], [ 72.860304453628686, 18.980356381560288 ] ] ] } },
{ "type": "Feature", "properties": { "cell_id": "CELL_0859", "bmc_ward_code": "F/S", "lat": 18.987102, "lon": 72.857844 }, "geometry": { "type": "Polygon", "coordinates": [ [ [ 72.860246763943806, 18.98487206521537 ], [ 72.86018905793091, 18.98938774650118 ], [ 72.855442098742373, 18.989332783547638 ], [ 72.855499932531416, 18.984817116304509 ], [ 72.860246763943806, 18.98487206521537 ] ] ] } },
{ "type": "Feature", "properties": { "cell_id": "CELL_0860", "bmc_ward_code": "UNKNOWN", "lat": 18.991618, "lon": 72.857787 }, "geometry": { "type": "Polygon", "coordinates": [ [ [ 72.86018905793091, 18.98938774650118 ], [ 72.860131335587994, 18.993903425417212 ], [ 72.855384248587157, 18.993848448420263 ], [ 72.855442098742373, 18.989332783547638 ], [ 72.86018905793091, 18.98938774650118 ] ] ] } },
{ "type": "Feature", "properties": { "cell_id": "CELL_0861", "bmc_ward_code": "F/S", "lat": 18.996134, "lon": 72.857729 }, "geometry": { "type": "Polygon", "coordinates": [ [ [ 72.860131335587994, 18.993903425417212 ], [ 72.860073596913026, 18.99841910196298 ], [ 72.855326382063751, 18.998364110921884 ], [ 72.855384248587157, 18.993848448420263 ], [ 72.860131335587994, 18.993903425417212 ] ] ] } },
{ "type": "Feature", "properties": { "cell_id": "CELL_0862", "bmc_ward_code": "F/S", "lat": 19.000649, "lon": 72.857671 }, "geometry": { "type": "Polygon", "coordinates": [ [ [ 72.860073596913026, 18.99841910196298 ], [ 72.860015841903973, 19.002934776137987 ], [ 72.855268499170123, 19.002879771052012 ], [ 72.855326382063751, 18.998364110921884 ], [ 72.860073596913026, 18.99841910196298 ] ] ] } },
{ "type": "Feature", "properties": { "cell_id": "CELL_0863", "bmc_ward_code": "F/S", "lat": 19.005165, "lon": 72.857613 }, "geometry": { "type": "Polygon", "coordinates": [ [ [ 72.860015841903973, 19.002934776137987 ], [ 72.859958070558818, 19.007450447941725 ], [ 72.855210599904225, 19.007395428810153 ], [ 72.855268499170123, 19.002879771052012 ], [ 72.860015841903973, 19.002934776137987 ] ] ] } },
{ "type": "Feature", "properties": { "cell_id": "CELL_0864", "bmc_ward_code": "F/S", "lat": 19.009681, "lon": 72.857555 }, "geometry": { "type": "Polygon", "coordinates": [ [ [ 72.859958070558818, 19.007450447941725 ], [ 72.859900282875543, 19.011966117373728 ], [ 72.855152684264056, 19.011911084195809 ], [ 72.855210599904225, 19.007395428810153 ], [ 72.859958070558818, 19.007450447941725 ] ] ] } },
{ "type": "Feature", "properties": { "cell_id": "CELL_0865", "bmc_ward_code": "F/N", "lat": 19.014196, "lon": 72.857498 }, "geometry": { "type": "Polygon", "coordinates": [ [ [ 72.859900282875543, 19.011966117373728 ], [ 72.859842478852102, 19.01648178443347 ], [ 72.855094752247552, 19.016426737208491 ], [ 72.855152684264056, 19.011911084195809 ], [ 72.859900282875543, 19.011966117373728 ] ] ] } },
{ "type": "Feature", "properties": { "cell_id": "CELL_0866", "bmc_ward_code": "F/N", "lat": 19.018712, "lon": 72.85744 }, "geometry": { "type": "Polygon", "coordinates": [ [ [ 72.859842478852102, 19.01648178443347 ], [ 72.85978465848649, 19.020997449120472 ], [ 72.855036803852713, 19.020942387847686 ], [ 72.855094752247552, 19.016426737208491 ], [ 72.859842478852102, 19.01648178443347 ] ] ] } },
{ "type": "Feature", "properties": { "cell_id": "CELL_0867", "bmc_ward_code": "F/N", "lat": 19.023228, "lon": 72.857382 }, "geometry": { "type": "Polygon", "coordinates": [ [ [ 72.85978465848649, 19.020997449120472 ], [ 72.859726821776661, 19.02551311143424 ], [ 72.854978839077489, 19.025458036112923 ], [ 72.855036803852713, 19.020942387847686 ], [ 72.85978465848649, 19.020997449120472 ] ] ] } },
{ "type": "Feature", "properties": { "cell_id": "CELL_0868", "bmc_ward_code": "F/N", "lat": 19.027743, "lon": 72.857324 }, "geometry": { "type": "Polygon", "coordinates": [ [ [ 72.859726821776661, 19.02551311143424 ], [ 72.859668968720584, 19.03002877137428 ], [ 72.854920857919836, 19.029973682003696 ], [ 72.854978839077489, 19.025458036112923 ], [ 72.859726821776661, 19.02551311143424 ] ] ] } },
{ "type": "Feature", "properties": { "cell_id": "CELL_0869", "bmc_ward_code": "F/N", "lat": 19.032259, "lon": 72.857266 }, "geometry": { "type": "Polygon", "coordinates": [ [ [ 72.859668968720584, 19.03002877137428 ], [ 72.85961109931624, 19.034544428940087 ], [ 72.854862860377736, 19.034489325519498 ], [ 72.854920857919836, 19.029973682003696 ], [ 72.859668968720584, 19.03002877137428 ] ] ] } },
{ "type": "Feature", "properties": { "cell_id": "CELL_0870", "bmc_ward_code": "F/N", "lat": 19.036775, "lon": 72.857208 }, "geometry": { "type": "Polygon", "coordinates": [ [ [ 72.85961109931624, 19.034544428940087 ], [ 72.859553213561583, 19.039060084131172 ], [ 72.854804846449142, 19.039004966659853 ], [ 72.854862860377736, 19.034489325519498 ], [ 72.85961109931624, 19.034544428940087 ] ] ] } },
{ "type": "Feature", "properties": { "cell_id": "CELL_0871", "bmc_ward_code": "G/N", "lat": 19.04129, "lon": 72.85715 }, "geometry": { "type": "Polygon", "coordinates": [ [ [ 72.859553213561583, 19.039060084131172 ], [ 72.859495311454594, 19.043575736947041 ], [ 72.85474681613205, 19.043520605424256 ], [ 72.854804846449142, 19.039004966659853 ], [ 72.859553213561583, 19.039060084131172 ] ] ] } },
{ "type": "Feature", "properties": { "cell_id": "CELL_0872", "bmc_ward_code": "G/N", "lat": 19.045806, "lon": 72.857092 }, "geometry": { "type": "Polygon", "coordinates": [ [ [ 72.859495311454594, 19.043575736947041 ], [ 72.859437392993243, 19.048091387387199 ], [ 72.854688769424371, 19.048036241812216 ], [ 72.85474681613205, 19.043520605424256 ], [ 72.859495311454594, 19.043575736947041 ] ] ] } },
{ "type": "Feature", "properties": { "cell_id": "CELL_0873", "bmc_ward_code": "G/N", "lat": 19.050322, "lon": 72.857034 }, "geometry": { "type": "Polygon", "coordinates": [ [ [ 72.859437392993243, 19.048091387387199 ], [ 72.859379458175482, 19.05260703545115 ], [ 72.854630706324102, 19.052551875823234 ], [ 72.854688769424371, 19.048036241812216 ], [ 72.859437392993243, 19.048091387387199 ] ] ] } },
{ "type": "Feature", "properties": { "cell_id": "CELL_0874", "bmc_ward_code": "H/E", "lat": 19.054837, "lon": 72.856976 }, "geometry": { "type": "Polygon", "coordinates": [ [ [ 72.859379458175482, 19.05260703545115 ], [ 72.859321506999308, 19.057122681138402 ], [ 72.854572626829182, 19.057067507456818 ], [ 72.854630706324102, 19.052551875823234 ], [ 72.859379458175482, 19.05260703545115 ] ] ] } },
{ "type": "Feature", "properties": { "cell_id": "CELL_0875", "bmc_ward_code": "H/E", "lat": 19.059353, "lon": 72.856918 }, "geometry": { "type": "Polygon", "coordinates": [ [ [ 72.859321506999308, 19.057122681138402 ], [ 72.859263539462646, 19.06163832444846 ], [ 72.854514530937607, 19.061583136712478 ], [ 72.854572626829182, 19.057067507456818 ], [ 72.859321506999308, 19.057122681138402 ] ] ] } },
{ "type": "Feature", "properties": { "cell_id": "CELL_0876", "bmc_ward_code": "H/E", "lat": 19.063869, "lon": 72.85686 }, "geometry": { "type": "Polygon", "coordinates": [ [ [ 72.859263539462646, 19.06163832444846 ], [ 72.859205555563491, 19.066153965380831 ], [ 72.854456418647317, 19.066098763589711 ], [ 72.854514530937607, 19.061583136712478 ], [ 72.859263539462646, 19.06163832444846 ] ] ] } },
{ "type": "Feature", "properties": { "cell_id": "CELL_0877", "bmc_ward_code": "H/E", "lat": 19.068384, "lon": 72.856802 }, "geometry": { "type": "Polygon", "coordinates": [ [ [ 72.859205555563491, 19.066153965380831 ], [ 72.859147555299785, 19.07066960393502 ], [ 72.854398289956251, 19.070614388088025 ], [ 72.854456418647317, 19.066098763589711 ], [ 72.859205555563491, 19.066153965380831 ] ] ] } },
{ "type": "Feature", "properties": { "cell_id": "CELL_0878", "bmc_ward_code": "H/E", "lat": 19.0729, "lon": 72.856744 }, "geometry": { "type": "Polygon", "coordinates": [ [ [ 72.859147555299785, 19.07066960393502 ], [ 72.859089538669494, 19.075185240110525 ], [ 72.854340144862405, 19.07513001020693 ], [ 72.854398289956251, 19.070614388088025 ], [ 72.859147555299785, 19.07066960393502 ] ] ] } },
{ "type": "Feature", "properties": { "cell_id": "CELL_0879", "bmc_ward_code": "H/E", "lat": 19.077415, "lon": 72.856686 }, "geometry": { "type": "Polygon", "coordinates": [ [ [ 72.859089538669494, 19.075185240110525 ], [ 72.859031505670615, 19.079700873906862 ], [ 72.85428198336372, 19.079645629945922 ], [ 72.854340144862405, 19.07513001020693 ], [ 72.859089538669494, 19.075185240110525 ] ] ] } },
{ "type": "Feature", "properties": { "cell_id": "CELL_0880", "bmc_ward_code": "H/E", "lat": 19.081931, "lon": 72.856628 }, "geometry": { "type": "Polygon", "coordinates": [ [ [ 72.859031505670615, 19.079700873906862 ], [ 72.858973456301072, 19.084216505323532 ], [ 72.854223805458147, 19.084161247304518 ], [ 72.85428198336372, 19.079645629945922 ], [ 72.859031505670615, 19.079700873906862 ] ] ] } },
{ "type": "Feature", "properties": { "cell_id": "CELL_0881", "bmc_ward_code": "H/E", "lat": 19.086447, "lon": 72.85657 }, "geometry": { "type": "Polygon", "coordinates": [ [ [ 72.858973456301072, 19.084216505323532 ], [ 72.858915390558835, 19.088732134360043 ], [ 72.854165611143657, 19.088676862282213 ], [ 72.854223805458147, 19.084161247304518 ], [ 72.858973456301072, 19.084216505323532 ] ] ] } },
{ "type": "Feature", "properties": { "cell_id": "CELL_0882", "bmc_ward_code": "H/E", "lat": 19.090962, "lon": 72.856511 }, "geometry": { "type": "Polygon", "coordinates": [ [ [ 72.858915390558835, 19.088732134360043 ], [ 72.858857308441884, 19.093247761015899 ], [ 72.854107400418201, 19.093192474878528 ], [ 72.854165611143657, 19.088676862282213 ], [ 72.858915390558835, 19.088732134360043 ] ] ] } },
{ "type": "Feature", "properties": { "cell_id": "CELL_0883", "bmc_ward_code": "K/E", "lat": 19.095478, "lon": 72.856453 }, "geometry": { "type": "Polygon", "coordinates": [ [ [ 72.858857308441884, 19.093247761015899 ], [ 72.85879920994816, 19.097763385290602 ], [ 72.854049173279719, 19.097708085092947 ], [ 72.854107400418201, 19.093192474878528 ], [ 72.858857308441884, 19.093247761015899 ] ] ] } },
{ "type": "Feature", "properties": { "cell_id": "CELL_0884", "bmc_ward_code": "K/E", "lat": 19.099994, "lon": 72.856395 }, "geometry": { "type": "Polygon", "coordinates": [ [ [ 72.85879920994816, 19.097763385290602 ], [ 72.858741095075615, 19.102279007183665 ], [ 72.853990929726208, 19.102223692924991 ], [ 72.854049173279719, 19.097708085092947 ], [ 72.85879920994816, 19.097763385290602 ] ] ] } },
{ "type": "Feature", "properties": { "cell_id": "CELL_0885", "bmc_ward_code": "K/E", "lat": 19.104509, "lon": 72.856337 }, "geometry": { "type": "Polygon", "coordinates": [ [ [ 72.858741095075615, 19.102279007183665 ], [ 72.858682963822218, 19.106794626694587 ], [ 72.853932669755565, 19.106739298374158 ], [ 72.853990929726208, 19.102223692924991 ], [ 72.858741095075615, 19.102279007183665 ] ] ] } },
{ "type": "Feature", "properties": { "cell_id": "CELL_0886", "bmc_ward_code": "K/E", "lat": 19.109025, "lon": 72.856279 }, "geometry": { "type": "Polygon", "coordinates": [ [ [ 72.858682963822218, 19.106794626694587 ], [ 72.858624816185923, 19.111310243822885 ], [ 72.8538743933658, 19.111254901439956 ], [ 72.853932669755565, 19.106739298374158 ], [ 72.858682963822218, 19.106794626694587 ] ] ] } },
{ "type": "Feature", "properties": { "cell_id": "CELL_0887", "bmc_ward_code": "K/E", "lat": 19.11354, "lon": 72.85622 }, "geometry": { "type": "Polygon", "coordinates": [ [ [ 72.858624816185923, 19.111310243822885 ], [ 72.858566652164711, 19.115825858568055 ], [ 72.853816100554809, 19.115770502121901 ], [ 72.8538743933658, 19.111254901439956 ], [ 72.858624816185923, 19.111310243822885 ] ] ] } },
{ "type": "Feature", "properties": { "cell_id": "CELL_0888", "bmc_ward_code": "K/E", "lat": 19.118056, "lon": 72.856162 }, "geometry": { "type": "Polygon", "coordinates": [ [ [ 72.858566652164711, 19.115825858568055 ], [ 72.858508471756508, 19.12034147092961 ], [ 72.853757791320604, 19.120286100419488 ], [ 72.853816100554809, 19.115770502121901 ], [ 72.858566652164711, 19.115825858568055 ] ] ] } },
{ "type": "Feature", "properties": { "cell_id": "CELL_0889", "bmc_ward_code": "K/E", "lat": 19.122572, "lon": 72.856104 }, "geometry": { "type": "Polygon", "coordinates": [ [ [ 72.858508471756508, 19.12034147092961 ], [ 72.858450274959282, 19.124857080907045 ], [ 72.853699465661066, 19.12480169633222 ], [ 72.853757791320604, 19.120286100419488 ], [ 72.858508471756508, 19.12034147092961 ] ] ] } },
{ "type": "Feature", "properties": { "cell_id": "CELL_0890", "bmc_ward_code": "K/E", "lat": 19.127087, "lon": 72.856046 }, "geometry": { "type": "Polygon", "coordinates": [ [ [ 72.858450274959282, 19.124857080907045 ], [ 72.858392061770985, 19.129372688499885 ], [ 72.853641123574221, 19.12931728985961 ], [ 72.853699465661066, 19.12480169633222 ], [ 72.858450274959282, 19.124857080907045 ] ] ] } },
{ "type": "Feature", "properties": { "cell_id": "CELL_0891", "bmc_ward_code": "K/E", "lat": 19.131603, "lon": 72.855987 }, "geometry": { "type": "Polygon", "coordinates": [ [ [ 72.858392061770985, 19.129372688499885 ], [ 72.858333832189587, 19.13388829370761 ], [ 72.853582765057965, 19.133832881001162 ], [ 72.853641123574221, 19.12931728985961 ], [ 72.858392061770985, 19.129372688499885 ] ] ] } },
{ "type": "Feature", "properties": { "cell_id": "CELL_0892", "bmc_ward_code": "K/E", "lat": 19.136118, "lon": 72.855929 }, "geometry": { "type": "Polygon", "coordinates": [ [ [ 72.858333832189587, 19.13388829370761 ], [ 72.858275586213011, 19.138403896529748 ], [ 72.85352439011028, 19.13834846975638 ], [ 72.853582765057965, 19.133832881001162 ], [ 72.858333832189587, 19.13388829370761 ] ] ] } },
{ "type": "Feature", "properties": { "cell_id": "CELL_0893", "bmc_ward_code": "K/E", "lat": 19.140634, "lon": 72.855871 }, "geometry": { "type": "Polygon", "coordinates": [ [ [ 72.858275586213011, 19.138403896529748 ], [ 72.858217323839241, 19.142919496965803 ], [ 72.853465998729078, 19.142864056124782 ], [ 72.85352439011028, 19.13834846975638 ], [ 72.858275586213011, 19.138403896529748 ] ] ] } },
{ "type": "Feature", "properties": { "cell_id": "CELL_0894", "bmc_ward_code": "P/S", "lat": 19.14515, "lon": 72.855812 }, "geometry": { "type": "Polygon", "coordinates": [ [ [ 72.858217323839241, 19.142919496965803 ], [ 72.858159045066202, 19.147435095015275 ], [ 72.85340759091234, 19.147379640105861 ], [ 72.853465998729078, 19.142864056124782 ], [ 72.858217323839241, 19.142919496965803 ] ] ] } },
{ "type": "Feature", "properties": { "cell_id": "CELL_0895", "bmc_ward_code": "P/S", "lat": 19.149665, "lon": 72.855754 }, "geometry": { "type": "Polygon", "coordinates": [ [ [ 72.858159045066202, 19.147435095015275 ], [ 72.858100749891875, 19.151950690677669 ], [ 72.853349166657992, 19.151895221699121 ], [ 72.85340759091234, 19.147379640105861 ], [ 72.858159045066202, 19.147435095015275 ] ] ] } },
{ "type": "Feature", "properties": { "cell_id": "CELL_0896", "bmc_ward_code": "P/S", "lat": 19.154181, "lon": 72.855696 }, "geometry": { "type": "Polygon", "coordinates": [ [ [ 72.858100749891875, 19.151950690677669 ], [ 72.858042438314172, 19.156466283952494 ], [ 72.853290725963987, 19.156410800904073 ], [ 72.853349166657992, 19.151895221699121 ], [ 72.858100749891875, 19.151950690677669 ] ] ] } },
{ "type": "Feature", "properties": { "cell_id": "CELL_0897", "bmc_ward_code": "P/S", "lat": 19.158696, "lon": 72.855637 }, "geometry": { "type": "Polygon", "coordinates": [ [ [ 72.858042438314172, 19.156466283952494 ], [ 72.857984110331074, 19.160981874839266 ], [ 72.853232268828279, 19.16092637772023 ], [ 72.853290725963987, 19.156410800904073 ], [ 72.858042438314172, 19.156466283952494 ] ] ] } },
{ "type": "Feature", "properties": { "cell_id": "CELL_0898", "bmc_ward_code": "P/S", "lat": 19.163212, "lon": 72.855579 }, "geometry": { "type": "Polygon", "coordinates": [ [ [ 72.857984110331074, 19.160981874839266 ], [ 72.857925765940522, 19.165497463337474 ], [ 72.853173795248821, 19.165441952147084 ], [ 72.853232268828279, 19.16092637772023 ], [ 72.857984110331074, 19.160981874839266 ] ] ] } },
{ "type": "Feature", "properties": { "cell_id": "CELL_0899", "bmc_ward_code": "P/S", "lat": 19.167728, "lon": 72.855521 }, "geometry": { "type": "Polygon", "coordinates": [ [ [ 72.857925765940522, 19.165497463337474 ], [ 72.857867405140482, 19.170013049446638 ], [ 72.853115305223525, 19.169957524184156 ], [ 72.853173795248821, 19.165441952147084 ], [ 72.857925765940522, 19.165497463337474 ] ] ] } },
{ "type": "Feature", "properties": { "cell_id": "CELL_0900", "bmc_ward_code": "P/S", "lat": 19.172243, "lon": 72.855462 }, "geometry": { "type": "Polygon", "coordinates": [ [ [ 72.857867405140482, 19.170013049446638 ], [ 72.857809027928866, 19.174528633166261 ], [ 72.853056798750345, 19.174473093830947 ], [ 72.853115305223525, 19.169957524184156 ], [ 72.857867405140482, 19.170013049446638 ] ] ] } },
{ "type": "Feature", "properties": { "cell_id": "CELL_0901", "bmc_ward_code": "P/S", "lat": 19.176759, "lon": 72.855404 }, "geometry": { "type": "Polygon", "coordinates": [ [ [ 72.857809027928866, 19.174528633166261 ], [ 72.857750634303656, 19.179044214495846 ], [ 72.852998275827247, 19.178988661086962 ], [ 72.853056798750345, 19.174473093830947 ], [ 72.857809027928866, 19.174528633166261 ] ] ] } },
{ "type": "Feature", "properties": { "cell_id": "CELL_0902", "bmc_ward_code": "P/N", "lat": 19.181274, "lon": 72.855345 }, "geometry": { "type": "Polygon", "coordinates": [ [ [ 72.857750634303656, 19.179044214495846 ], [ 72.857692224262763, 19.183559793434906 ], [ 72.852939736452143, 19.183504225951708 ], [ 72.852998275827247, 19.178988661086962 ], [ 72.857750634303656, 19.179044214495846 ] ] ] } },
{ "type": "Feature", "properties": { "cell_id": "CELL_0903", "bmc_ward_code": "P/N", "lat": 19.18579, "lon": 72.855287 }, "geometry": { "type": "Polygon", "coordinates": [ [ [ 72.857692224262763, 19.183559793434906 ], [ 72.857633797804155, 19.188075369982943 ], [ 72.852881180623001, 19.18801978842469 ], [ 72.852939736452143, 19.183504225951708 ], [ 72.857692224262763, 19.183559793434906 ] ] ] } },
{ "type": "Feature", "properties": { "cell_id": "CELL_0904", "bmc_ward_code": "P/N", "lat": 19.190305, "lon": 72.855228 }, "geometry": { "type": "Polygon", "coordinates": [ [ [ 72.857633797804155, 19.188075369982943 ], [ 72.857575354925785, 19.192590944139461 ], [ 72.852822608337746, 19.192535348505427 ], [ 72.852881180623001, 19.18801978842469 ], [ 72.857633797804155, 19.188075369982943 ] ] ] } },
{ "type": "Feature", "properties": { "cell_id": "CELL_0905", "bmc_ward_code": "R/S", "lat": 19.194821, "lon": 72.85517 }, "geometry": { "type": "Polygon", "coordinates": [ [ [ 72.857575354925785, 19.192590944139461 ], [ 72.857516895625565, 19.197106515903979 ], [ 72.852764019594332, 19.1970509061934 ], [ 72.852822608337746, 19.192535348505427 ], [ 72.857575354925785, 19.192590944139461 ] ] ] } },
{ "type": "Feature", "properties": { "cell_id": "CELL_0906", "bmc_ward_code": "R/S", "lat": 19.199337, "lon": 72.855111 }, "geometry": { "type": "Polygon", "coordinates": [ [ [ 72.857516895625565, 19.197106515903979 ], [ 72.857458419901477, 19.201622085275996 ], [ 72.852705414390655, 19.201566461488142 ], [ 72.852764019594332, 19.1970509061934 ], [ 72.857516895625565, 19.197106515903979 ] ] ] } },
{ "type": "Feature", "properties": { "cell_id": "CELL_0907", "bmc_ward_code": "R/S", "lat": 19.203852, "lon": 72.855053 }, "geometry": { "type": "Polygon", "coordinates": [ [ [ 72.857458419901477, 19.201622085275996 ], [ 72.857399927751445, 19.206137652255013 ], [ 72.852646792724713, 19.206082014389143 ], [ 72.852705414390655, 19.201566461488142 ], [ 72.857458419901477, 19.201622085275996 ] ] ] } },
{ "type": "Feature", "properties": { "cell_id": "CELL_0908", "bmc_ward_code": "R/S", "lat": 19.208368, "lon": 72.854994 }, "geometry": { "type": "Polygon", "coordinates": [ [ [ 72.857399927751445, 19.206137652255013 ], [ 72.857341419173423, 19.210653216840548 ], [ 72.8525881545944, 19.210597564895917 ], [ 72.852646792724713, 19.206082014389143 ], [ 72.857399927751445, 19.206137652255013 ] ] ] } },
{ "type": "Feature", "properties": { "cell_id": "CELL_0909", "bmc_ward_code": "R/S", "lat": 19.212883, "lon": 72.854935 }, "geometry": { "type": "Polygon", "coordinates": [ [ [ 72.857341419173423, 19.210653216840548 ], [ 72.857282894165323, 19.215168779032105 ], [ 72.852529499997686, 19.215113113007973 ], [ 72.8525881545944, 19.210597564895917 ], [ 72.857341419173423, 19.210653216840548 ] ] ] } },
{ "type": "Feature", "properties": { "cell_id": "CELL_0910", "bmc_ward_code": "R/C", "lat": 19.217399, "lon": 72.854877 }, "geometry": { "type": "Polygon", "coordinates": [ [ [ 72.857282894165323, 19.215168779032105 ], [ 72.857224352725126, 19.219684338829186 ], [ 72.852470828932482, 19.219628658724805 ], [ 72.852529499997686, 19.215113113007973 ], [ 72.857282894165323, 19.215168779032105 ] ] ] } },
{ "type": "Feature", "properties": { "cell_id": "CELL_0911", "bmc_ward_code": "R/C", "lat": 19.221914, "lon": 72.854818 }, "geometry": { "type": "Polygon", "coordinates": [ [ [ 72.857224352725126, 19.219684338829186 ], [ 72.857165794850744, 19.224199896231308 ], [ 72.852412141396712, 19.224144202045942 ], [ 72.852470828932482, 19.219628658724805 ], [ 72.857224352725126, 19.219684338829186 ] ] ] } },
{ "type": "Feature", "properties": { "cell_id": "CELL_0912", "bmc_ward_code": "R/C", "lat": 19.22643, "lon": 72.85476 }, "geometry": { "type": "Polygon", "coordinates": [ [ [ 72.857165794850744, 19.224199896231308 ], [ 72.857107220540129, 19.228715451237964 ], [ 72.852353437388359, 19.228659742970873 ], [ 72.852412141396712, 19.224144202045942 ], [ 72.857165794850744, 19.224199896231308 ] ] ] } },
{ "type": "Feature", "properties": { "cell_id": "CELL_0913", "bmc_ward_code": "R/C", "lat": 19.230945, "lon": 72.854701 }, "geometry": { "type": "Polygon", "coordinates": [ [ [ 72.857107220540129, 19.228715451237964 ], [ 72.857048629791208, 19.233231003848669 ], [ 72.85229471690532, 19.233175281499108 ], [ 72.852353437388359, 19.228659742970873 ], [ 72.857107220540129, 19.228715451237964 ] ] ] } },
{ "type": "Feature", "properties": { "cell_id": "CELL_0914", "bmc_ward_code": "R/C", "lat": 19.235461, "lon": 72.854642 }, "geometry": { "type": "Polygon", "coordinates": [ [ [ 72.857048629791208, 19.233231003848669 ], [ 72.856990022601934, 19.237746554062937 ], [ 72.852235979945533, 19.23769081763016 ], [ 72.85229471690532, 19.233175281499108 ], [ 72.857048629791208, 19.233231003848669 ] ] ] } },
{ "type": "Feature", "properties": { "cell_id": "CELL_0915", "bmc_ward_code": "R/N", "lat": 19.239976, "lon": 72.854584 }, "geometry": { "type": "Polygon", "coordinates": [ [ [ 72.856990022601934, 19.237746554062937 ], [ 72.856931398970232, 19.242262101880264 ], [ 72.852177226506939, 19.242206351363532 ], [ 72.852235979945533, 19.23769081763016 ], [ 72.856990022601934, 19.237746554062937 ] ] ] } },
{ "type": "Feature", "properties": { "cell_id": "CELL_0916", "bmc_ward_code": "R/N", "lat": 19.244492, "lon": 72.854525 }, "geometry": { "type": "Polygon", "coordinates": [ [ [ 72.856931398970232, 19.242262101880264 ], [ 72.856872758894028, 19.246777647300163 ], [ 72.852118456587462, 19.246721882698726 ], [ 72.852177226506939, 19.242206351363532 ], [ 72.856931398970232, 19.242262101880264 ] ] ] } },
{ "type": "Feature", "properties": { "cell_id": "CELL_0917", "bmc_ward_code": "R/N", "lat": 19.249008, "lon": 72.854466 }, "geometry": { "type": "Polygon", "coordinates": [ [ [ 72.856872758894028, 19.246777647300163 ], [ 72.856814102371303, 19.251293190322144 ], [ 72.852059670185042, 19.251237411635255 ], [ 72.852118456587462, 19.246721882698726 ], [ 72.856872758894028, 19.246777647300163 ] ] ] } },
{ "type": "Feature", "properties": { "cell_id": "CELL_0918", "bmc_ward_code": "R/N", "lat": 19.253523, "lon": 72.854408 }, "geometry": { "type": "Polygon", "coordinates": [ [ [ 72.856814102371303, 19.251293190322144 ], [ 72.856755429399954, 19.255808730945716 ], [ 72.852000867297605, 19.255752938172638 ], [ 72.852059670185042, 19.251237411635255 ], [ 72.856814102371303, 19.251293190322144 ] ] ] } },
{ "type": "Feature", "properties": { "cell_id": "CELL_0919", "bmc_ward_code": "R/N", "lat": 19.258039, "lon": 72.854349 }, "geometry": { "type": "Polygon", "coordinates": [ [ [ 72.856755429399954, 19.255808730945716 ], [ 72.85669673997792, 19.260324269170368 ], [ 72.851942047923089, 19.260268462310361 ], [ 72.852000867297605, 19.255752938172638 ], [ 72.856755429399954, 19.255808730945716 ] ] ] } },
{ "type": "Feature", "properties": { "cell_id": "CELL_0920", "bmc_ward_code": "R/N", "lat": 19.262554, "lon": 72.85429 }, "geometry": { "type": "Polygon", "coordinates": [ [ [ 72.85669673997792, 19.260324269170368 ], [ 72.856638034103128, 19.264839804995628 ], [ 72.851883212059406, 19.264783984047941 ], [ 72.851942047923089, 19.260268462310361 ], [ 72.85669673997792, 19.260324269170368 ] ] ] } },
{ "type": "Feature", "properties": { "cell_id": "CELL_0921", "bmc_ward_code": "R/N", "lat": 19.26707, "lon": 72.854231 }, "geometry": { "type": "Polygon", "coordinates": [ [ [ 72.856638034103128, 19.264839804995628 ], [ 72.85657931177353, 19.269355338421008 ], [ 72.851824359704494, 19.269299503384893 ], [ 72.851883212059406, 19.264783984047941 ], [ 72.856638034103128, 19.264839804995628 ] ] ] } },
{ "type": "Feature", "properties": { "cell_id": "CELL_0922", "bmc_ward_code": "UNKNOWN", "lat": 19.271585, "lon": 72.854172 }, "geometry": { "type": "Polygon", "coordinates": [ [ [ 72.85657931177353, 19.269355338421008 ], [ 72.856520572987051, 19.273870869445986 ], [ 72.85176549085628, 19.273815020320708 ], [ 72.851824359704494, 19.269299503384893 ], [ 72.85657931177353, 19.269355338421008 ] ] ] } },
{ "type": "Feature", "properties": { "cell_id": "CELL_0923", "bmc_ward_code": "UNKNOWN", "lat": 18.982642, "lon": 72.862649 }, "geometry": { "type": "Polygon", "coordinates": [ [ [ 72.865051173627037, 18.980411194904338 ], [ 72.864993611684184, 18.984926892570321 ], [ 72.860246763943806, 18.98487206521537 ], [ 72.860304453628686, 18.980356381560288 ], [ 72.865051173627037, 18.980411194904338 ] ] ] } },
{ "type": "Feature", "properties": { "cell_id": "CELL_0924", "bmc_ward_code": "UNKNOWN", "lat": 18.991673, "lon": 72.862534 }, "geometry": { "type": "Polygon", "coordinates": [ [ [ 72.864936033449467, 18.989442587867753 ], [ 72.864878438920869, 18.993958280796143 ], [ 72.860131335587994, 18.993903425417212 ], [ 72.86018905793091, 18.98938774650118 ], [ 72.864936033449467, 18.989442587867753 ] ] ] } },
{ "type": "Feature", "properties": { "cell_id": "CELL_0925", "bmc_ward_code": "UNKNOWN", "lat": 18.996189, "lon": 72.862476 }, "geometry": { "type": "Polygon", "coordinates": [ [ [ 72.864878438920869, 18.993958280796143 ], [ 72.86482082809637, 18.99847397135499 ], [ 72.860073596913026, 18.99841910196298 ], [ 72.860131335587994, 18.993903425417212 ], [ 72.864878438920869, 18.993958280796143 ] ] ] } },
{ "type": "Feature", "properties": { "cell_id": "CELL_0926", "bmc_ward_code": "UNKNOWN", "lat": 19.000704, "lon": 72.862418 }, "geometry": { "type": "Polygon", "coordinates": [ [ [ 72.86482082809637, 18.99847397135499 ], [ 72.86476320097394, 19.002989659543815 ], [ 72.860015841903973, 19.002934776137987 ], [ 72.860073596913026, 18.99841910196298 ], [ 72.86482082809637, 18.99847397135499 ] ] ] } },
{ "type": "Feature", "properties": { "cell_id": "CELL_0927", "bmc_ward_code": "F/S", "lat": 19.00522, "lon": 72.862361 }, "geometry": { "type": "Polygon", "coordinates": [ [ [ 72.86476320097394, 19.002989659543815 ], [ 72.864705557551545, 19.007505345362098 ], [ 72.859958070558818, 19.007450447941725 ], [ 72.860015841903973, 19.002934776137987 ], [ 72.86476320097394, 19.002989659543815 ] ] ] } },
{ "type": "Feature", "properties": { "cell_id": "CELL_0928", "bmc_ward_code": "F/S", "lat": 19.009736, "lon": 72.862303 }, "geometry": { "type": "Polygon", "coordinates": [ [ [ 72.864705557551545, 19.007505345362098 ], [ 72.864647897827197, 19.012021028809368 ], [ 72.859900282875543, 19.011966117373728 ], [ 72.859958070558818, 19.007450447941725 ], [ 72.864705557551545, 19.007505345362098 ] ] ] } },
{ "type": "Feature", "properties": { "cell_id": "CELL_0929", "bmc_ward_code": "F/S", "lat": 19.014251, "lon": 72.862245 }, "geometry": { "type": "Polygon", "coordinates": [ [ [ 72.864647897827197, 19.012021028809368 ], [ 72.864590221798849, 19.01653670988512 ], [ 72.859842478852102, 19.01648178443347 ], [ 72.859900282875543, 19.011966117373728 ], [ 72.864647897827197, 19.012021028809368 ] ] ] } },
{ "type": "Feature", "properties": { "cell_id": "CELL_0930", "bmc_ward_code": "F/N", "lat": 19.018767, "lon": 72.862187 }, "geometry": { "type": "Polygon", "coordinates": [ [ [ 72.864590221798849, 19.01653670988512 ], [ 72.864532529464483, 19.021052388588856 ], [ 72.85978465848649, 19.020997449120472 ], [ 72.859842478852102, 19.01648178443347 ], [ 72.864590221798849, 19.01653670988512 ] ] ] } },
{ "type": "Feature", "properties": { "cell_id": "CELL_0931", "bmc_ward_code": "F/N", "lat": 19.023283, "lon": 72.86213 }, "geometry": { "type": "Polygon", "coordinates": [ [ [ 72.864532529464483, 19.021052388588856 ], [ 72.864474820822068, 19.025568064920094 ], [ 72.859726821776661, 19.02551311143424 ], [ 72.85978465848649, 19.020997449120472 ], [ 72.864532529464483, 19.021052388588856 ] ] ] } },
{ "type": "Feature", "properties": { "cell_id": "CELL_0932", "bmc_ward_code": "F/N", "lat": 19.027798, "lon": 72.862072 }, "geometry": { "type": "Polygon", "coordinates": [ [ [ 72.864474820822068, 19.025568064920094 ], [ 72.864417095869612, 19.030083738878321 ], [ 72.859668968720584, 19.03002877137428 ], [ 72.859726821776661, 19.02551311143424 ], [ 72.864474820822068, 19.025568064920094 ] ] ] } },
{ "type": "Feature", "properties": { "cell_id": "CELL_0933", "bmc_ward_code": "F/N", "lat": 19.032314, "lon": 72.862014 }, "geometry": { "type": "Polygon", "coordinates": [ [ [ 72.864417095869612, 19.030083738878321 ], [ 72.864359354605028, 19.034599410463056 ], [ 72.85961109931624, 19.034544428940087 ], [ 72.859668968720584, 19.03002877137428 ], [ 72.864417095869612, 19.030083738878321 ] ] ] } },
{ "type": "Feature", "properties": { "cell_id": "CELL_0934", "bmc_ward_code": "F/N", "lat": 19.03683, "lon": 72.861956 }, "geometry": { "type": "Polygon", "coordinates": [ [ [ 72.864359354605028, 19.034599410463056 ], [ 72.864301597026355, 19.039115079673802 ], [ 72.859553213561583, 19.039060084131172 ], [ 72.85961109931624, 19.034544428940087 ], [ 72.864359354605028, 19.034599410463056 ] ] ] } },
{ "type": "Feature", "properties": { "cell_id": "CELL_0935", "bmc_ward_code": "F/N", "lat": 19.041345, "lon": 72.861898 }, "geometry": { "type": "Polygon", "coordinates": [ [ [ 72.864301597026355, 19.039115079673802 ], [ 72.864243823131531, 19.043630746510065 ], [ 72.859495311454594, 19.043575736947041 ], [ 72.859553213561583, 19.039060084131172 ], [ 72.864301597026355, 19.039115079673802 ] ] ] } },
{ "type": "Feature", "properties": { "cell_id": "CELL_0936", "bmc_ward_code": "G/N", "lat": 19.045861, "lon": 72.861841 }, "geometry": { "type": "Polygon", "coordinates": [ [ [ 72.864243823131531, 19.043630746510065 ], [ 72.864186032918525, 19.048146410971341 ], [ 72.859437392993243, 19.048091387387199 ], [ 72.859495311454594, 19.043575736947041 ], [ 72.864243823131531, 19.043630746510065 ] ] ] } },
{ "type": "Feature", "properties": { "cell_id": "CELL_0937", "bmc_ward_code": "G/N", "lat": 19.050377, "lon": 72.861783 }, "geometry": { "type": "Polygon", "coordinates": [ [ [ 72.864186032918525, 19.048146410971341 ], [ 72.864128226385318, 19.052662073057146 ], [ 72.859379458175482, 19.05260703545115 ], [ 72.859437392993243, 19.048091387387199 ], [ 72.864186032918525, 19.048146410971341 ] ] ] } },
{ "type": "Feature", "properties": { "cell_id": "CELL_0938", "bmc_ward_code": "H/E", "lat": 19.054892, "lon": 72.861725 }, "geometry": { "type": "Polygon", "coordinates": [ [ [ 72.864128226385318, 19.052662073057146 ], [ 72.86407040352988, 19.057177732766991 ], [ 72.859321506999308, 19.057122681138402 ], [ 72.859379458175482, 19.05260703545115 ], [ 72.864128226385318, 19.052662073057146 ] ] ] } },
{ "type": "Feature", "properties": { "cell_id": "CELL_0939", "bmc_ward_code": "H/E", "lat": 19.059408, "lon": 72.861667 }, "geometry": { "type": "Polygon", "coordinates": [ [ [ 72.86407040352988, 19.057177732766991 ], [ 72.86401256435019, 19.061693390100366 ], [ 72.859263539462646, 19.06163832444846 ], [ 72.859321506999308, 19.057122681138402 ], [ 72.86407040352988, 19.057177732766991 ] ] ] } },
{ "type": "Feature", "properties": { "cell_id": "CELL_0940", "bmc_ward_code": "H/E", "lat": 19.063924, "lon": 72.861609 }, "geometry": { "type": "Polygon", "coordinates": [ [ [ 72.86401256435019, 19.061693390100366 ], [ 72.863954708844204, 19.066209045056791 ], [ 72.859205555563491, 19.066153965380831 ], [ 72.859263539462646, 19.06163832444846 ], [ 72.86401256435019, 19.061693390100366 ] ] ] } },
{ "type": "Feature", "properties": { "cell_id": "CELL_0941", "bmc_ward_code": "H/E", "lat": 19.068439, "lon": 72.861551 }, "geometry": { "type": "Polygon", "coordinates": [ [ [ 72.863954708844204, 19.066209045056791 ], [ 72.863896837009875, 19.070724697635761 ], [ 72.859147555299785, 19.07066960393502 ], [ 72.859205555563491, 19.066153965380831 ], [ 72.863954708844204, 19.066209045056791 ] ] ] } },
{ "type": "Feature", "properties": { "cell_id": "CELL_0942", "bmc_ward_code": "H/E", "lat": 19.072955, "lon": 72.861493 }, "geometry": { "type": "Polygon", "coordinates": [ [ [ 72.863896837009875, 19.070724697635761 ], [ 72.863838948845213, 19.07524034783679 ], [ 72.859089538669494, 19.075185240110525 ], [ 72.859147555299785, 19.07066960393502 ], [ 72.863896837009875, 19.070724697635761 ] ] ] } },
{ "type": "Feature", "properties": { "cell_id": "CELL_0943", "bmc_ward_code": "H/E", "lat": 19.077471, "lon": 72.861435 }, "geometry": { "type": "Polygon", "coordinates": [ [ [ 72.863838948845213, 19.07524034783679 ], [ 72.863781044348158, 19.079755995659376 ], [ 72.859031505670615, 19.079700873906862 ], [ 72.859089538669494, 19.075185240110525 ], [ 72.863838948845213, 19.07524034783679 ] ] ] } },
{ "type": "Feature", "properties": { "cell_id": "CELL_0944", "bmc_ward_code": "K/E", "lat": 19.081986, "lon": 72.861377 }, "geometry": { "type": "Polygon", "coordinates": [ [ [ 72.863781044348158, 19.079755995659376 ], [ 72.863723123516692, 19.084271641103026 ], [ 72.858973456301072, 19.084216505323532 ], [ 72.859031505670615, 19.079700873906862 ], [ 72.863781044348158, 19.079755995659376 ] ] ] } },
{ "type": "Feature", "properties": { "cell_id": "CELL_0945", "bmc_ward_code": "K/E", "lat": 19.086502, "lon": 72.861319 }, "geometry": { "type": "Polygon", "coordinates": [ [ [ 72.863723123516692, 19.084271641103026 ], [ 72.863665186348754, 19.08878728416726 ], [ 72.858915390558835, 19.088732134360043 ], [ 72.858973456301072, 19.084216505323532 ], [ 72.863723123516692, 19.084271641103026 ] ] ] } },
{ "type": "Feature", "properties": { "cell_id": "CELL_0946", "bmc_ward_code": "K/E", "lat": 19.091018, "lon": 72.861261 }, "geometry": { "type": "Polygon", "coordinates": [ [ [ 72.863665186348754, 19.08878728416726 ], [ 72.863607232842327, 19.093302924851574 ], [ 72.858857308441884, 19.093247761015899 ], [ 72.858915390558835, 19.088732134360043 ], [ 72.863665186348754, 19.08878728416726 ] ] ] } },
{ "type": "Feature", "properties": { "cell_id": "CELL_0947", "bmc_ward_code": "K/E", "lat": 19.095533, "lon": 72.861203 }, "geometry": { "type": "Polygon", "coordinates": [ [ [ 72.863607232842327, 19.093302924851574 ], [ 72.863549262995377, 19.097818563155464 ], [ 72.85879920994816, 19.097763385290602 ], [ 72.858857308441884, 19.093247761015899 ], [ 72.863607232842327, 19.093302924851574 ] ] ] } },
{ "type": "Feature", "properties": { "cell_id": "CELL_0948", "bmc_ward_code": "K/E", "lat": 19.100049, "lon": 72.861145 }, "geometry": { "type": "Polygon", "coordinates": [ [ [ 72.863549262995377, 19.097818563155464 ], [ 72.863491276805874, 19.102334199078452 ], [ 72.858741095075615, 19.102279007183665 ], [ 72.85879920994816, 19.097763385290602 ], [ 72.863549262995377, 19.097818563155464 ] ] ] } },
{ "type": "Feature", "properties": { "cell_id": "CELL_0949", "bmc_ward_code": "K/E", "lat": 19.104564, "lon": 72.861087 }, "geometry": { "type": "Polygon", "coordinates": [ [ [ 72.863491276805874, 19.102334199078452 ], [ 72.863433274271756, 19.106849832620039 ], [ 72.858682963822218, 19.106794626694587 ], [ 72.858741095075615, 19.102279007183665 ], [ 72.863491276805874, 19.102334199078452 ] ] ] } },
{ "type": "Feature", "properties": { "cell_id": "CELL_0950", "bmc_ward_code": "K/E", "lat": 19.10908, "lon": 72.861029 }, "geometry": { "type": "Polygon", "coordinates": [ [ [ 72.863433274271756, 19.106849832620039 ], [ 72.86337525539102, 19.111365463779727 ], [ 72.858624816185923, 19.111310243822885 ], [ 72.858682963822218, 19.106794626694587 ], [ 72.863433274271756, 19.106849832620039 ] ] ] } },
{ "type": "Feature", "properties": { "cell_id": "CELL_0951", "bmc_ward_code": "K/E", "lat": 19.113596, "lon": 72.860971 }, "geometry": { "type": "Polygon", "coordinates": [ [ [ 72.86337525539102, 19.111365463779727 ], [ 72.863317220161591, 19.115881092557022 ], [ 72.858566652164711, 19.115825858568055 ], [ 72.858624816185923, 19.111310243822885 ], [ 72.86337525539102, 19.111365463779727 ] ] ] } },
{ "type": "Feature", "properties": { "cell_id": "CELL_0952", "bmc_ward_code": "K/E", "lat": 19.118111, "lon": 72.860913 }, "geometry": { "type": "Polygon", "coordinates": [ [ [ 72.863317220161591, 19.115881092557022 ], [ 72.86325916858145, 19.120396718951444 ], [ 72.858508471756508, 19.12034147092961 ], [ 72.858566652164711, 19.115825858568055 ], [ 72.863317220161591, 19.115881092557022 ] ] ] } },
{ "type": "Feature", "properties": { "cell_id": "CELL_0953", "bmc_ward_code": "K/E", "lat": 19.122627, "lon": 72.860855 }, "geometry": { "type": "Polygon", "coordinates": [ [ [ 72.86325916858145, 19.120396718951444 ], [ 72.863201100648567, 19.124912342962478 ], [ 72.858450274959282, 19.124857080907045 ], [ 72.858508471756508, 19.12034147092961 ], [ 72.86325916858145, 19.120396718951444 ] ] ] } },
{ "type": "Feature", "properties": { "cell_id": "CELL_0954", "bmc_ward_code": "K/E", "lat": 19.127143, "lon": 72.860797 }, "geometry": { "type": "Polygon", "coordinates": [ [ [ 72.863201100648567, 19.124912342962478 ], [ 72.863143016360894, 19.129427964589649 ], [ 72.858392061770985, 19.129372688499885 ], [ 72.858450274959282, 19.124857080907045 ], [ 72.863201100648567, 19.124912342962478 ] ] ] } },
{ "type": "Feature", "properties": { "cell_id": "CELL_0955", "bmc_ward_code": "K/E", "lat": 19.131658, "lon": 72.860738 }, "geometry": { "type": "Polygon", "coordinates": [ [ [ 72.863143016360894, 19.129427964589649 ], [ 72.863084915716371, 19.133943583832458 ], [ 72.858333832189587, 19.13388829370761 ], [ 72.858392061770985, 19.129372688499885 ], [ 72.863143016360894, 19.129427964589649 ] ] ] } },
{ "type": "Feature", "properties": { "cell_id": "CELL_0956", "bmc_ward_code": "K/E", "lat": 19.136174, "lon": 72.86068 }, "geometry": { "type": "Polygon", "coordinates": [ [ [ 72.863084915716371, 19.133943583832458 ], [ 72.86302679871298, 19.138459200690399 ], [ 72.858275586213011, 19.138403896529748 ], [ 72.858333832189587, 19.13388829370761 ], [ 72.863084915716371, 19.133943583832458 ] ] ] } },
{ "type": "Feature", "properties": { "cell_id": "CELL_0957", "bmc_ward_code": "K/E", "lat": 19.140689, "lon": 72.860622 }, "geometry": { "type": "Polygon", "coordinates": [ [ [ 72.86302679871298, 19.138459200690399 ], [ 72.86296866534866, 19.142974815163001 ], [ 72.858217323839241, 19.142919496965803 ], [ 72.858275586213011, 19.138403896529748 ], [ 72.86302679871298, 19.138459200690399 ] ] ] } },
{ "type": "Feature", "properties": { "cell_id": "CELL_0958", "bmc_ward_code": "P/S", "lat": 19.145205, "lon": 72.860564 }, "geometry": { "type": "Polygon", "coordinates": [ [ [ 72.86296866534866, 19.142974815163001 ], [ 72.862910515621394, 19.147490427249753 ], [ 72.858159045066202, 19.147435095015275 ], [ 72.858217323839241, 19.142919496965803 ], [ 72.86296866534866, 19.142974815163001 ] ] ] } },
{ "type": "Feature", "properties": { "cell_id": "CELL_0959", "bmc_ward_code": "P/S", "lat": 19.149721, "lon": 72.860506 }, "geometry": { "type": "Polygon", "coordinates": [ [ [ 72.862910515621394, 19.147490427249753 ], [ 72.862852349529106, 19.152006036950169 ], [ 72.858100749891875, 19.151950690677669 ], [ 72.858159045066202, 19.147435095015275 ], [ 72.862910515621394, 19.147490427249753 ] ] ] } },
{ "type": "Feature", "properties": { "cell_id": "CELL_0960", "bmc_ward_code": "P/S", "lat": 19.154236, "lon": 72.860447 }, "geometry": { "type": "Polygon", "coordinates": [ [ [ 72.862852349529106, 19.152006036950169 ], [ 72.862794167069765, 19.156521644263755 ], [ 72.858042438314172, 19.156466283952494 ], [ 72.858100749891875, 19.151950690677669 ], [ 72.862852349529106, 19.152006036950169 ] ] ] } },
{ "type": "Feature", "properties": { "cell_id": "CELL_0961", "bmc_ward_code": "P/S", "lat": 19.158752, "lon": 72.860389 }, "geometry": { "type": "Polygon", "coordinates": [ [ [ 72.862794167069765, 19.156521644263755 ], [ 72.862735968241338, 19.16103724919002 ], [ 72.857984110331074, 19.160981874839266 ], [ 72.858042438314172, 19.156466283952494 ], [ 72.862794167069765, 19.156521644263755 ] ] ] } },
{ "type": "Feature", "properties": { "cell_id": "CELL_0962", "bmc_ward_code": "P/S", "lat": 19.163267, "lon": 72.860331 }, "geometry": { "type": "Polygon", "coordinates": [ [ [ 72.862735968241338, 19.16103724919002 ], [ 72.862677753041766, 19.16555285172846 ], [ 72.857925765940522, 19.165497463337474 ], [ 72.857984110331074, 19.160981874839266 ], [ 72.862735968241338, 19.16103724919002 ] ] ] } },
{ "type": "Feature", "properties": { "cell_id": "CELL_0963", "bmc_ward_code": "P/S", "lat": 19.167783, "lon": 72.860273 }, "geometry": { "type": "Polygon", "coordinates": [ [ [ 72.862677753041766, 19.16555285172846 ], [ 72.862619521469, 19.170068451878596 ], [ 72.857867405140482, 19.170013049446638 ], [ 72.857925765940522, 19.165497463337474 ], [ 72.862677753041766, 19.16555285172846 ] ] ] } },
{ "type": "Feature", "properties": { "cell_id": "CELL_0964", "bmc_ward_code": "P/S", "lat": 19.172299, "lon": 72.860214 }, "geometry": { "type": "Polygon", "coordinates": [ [ [ 72.862619521469, 19.170068451878596 ], [ 72.862561273520996, 19.174584049639932 ], [ 72.857809027928866, 19.174528633166261 ], [ 72.857867405140482, 19.170013049446638 ], [ 72.862619521469, 19.170068451878596 ] ] ] } },
{ "type": "Feature", "properties": { "cell_id": "CELL_0965", "bmc_ward_code": "P/N", "lat": 19.176814, "lon": 72.860156 }, "geometry": { "type": "Polygon", "coordinates": [ [ [ 72.862561273520996, 19.174584049639932 ], [ 72.862503009195706, 19.179099645011963 ], [ 72.857750634303656, 19.179044214495846 ], [ 72.857809027928866, 19.174528633166261 ], [ 72.862561273520996, 19.174584049639932 ] ] ] } },
{ "type": "Feature", "properties": { "cell_id": "CELL_0966", "bmc_ward_code": "P/N", "lat": 19.18133, "lon": 72.860098 }, "geometry": { "type": "Polygon", "coordinates": [ [ [ 72.862503009195706, 19.179099645011963 ], [ 72.862444728491084, 19.183615237994207 ], [ 72.857692224262763, 19.183559793434906 ], [ 72.857750634303656, 19.179044214495846 ], [ 72.862503009195706, 19.179099645011963 ] ] ] } },
{ "type": "Feature", "properties": { "cell_id": "CELL_0967", "bmc_ward_code": "P/N", "lat": 19.185845, "lon": 72.860039 }, "geometry": { "type": "Polygon", "coordinates": [ [ [ 72.862444728491084, 19.183615237994207 ], [ 72.862386431405071, 19.188130828586171 ], [ 72.857633797804155, 19.188075369982943 ], [ 72.857692224262763, 19.183559793434906 ], [ 72.862444728491084, 19.183615237994207 ] ] ] } },
{ "type": "Feature", "properties": { "cell_id": "CELL_0968", "bmc_ward_code": "P/N", "lat": 19.190361, "lon": 72.859981 }, "geometry": { "type": "Polygon", "coordinates": [ [ [ 72.862386431405071, 19.188130828586171 ], [ 72.862328117935633, 19.192646416787358 ], [ 72.857575354925785, 19.192590944139461 ], [ 72.857633797804155, 19.188075369982943 ], [ 72.862386431405071, 19.188130828586171 ] ] ] } },
{ "type": "Feature", "properties": { "cell_id": "CELL_0969", "bmc_ward_code": "R/S", "lat": 19.194876, "lon": 72.859923 }, "geometry": { "type": "Polygon", "coordinates": [ [ [ 72.862328117935633, 19.192646416787358 ], [ 72.862269788080695, 19.197162002597281 ], [ 72.857516895625565, 19.197106515903979 ], [ 72.857575354925785, 19.192590944139461 ], [ 72.862328117935633, 19.192646416787358 ] ] ] } },
{ "type": "Feature", "properties": { "cell_id": "CELL_0970", "bmc_ward_code": "R/S", "lat": 19.199392, "lon": 72.859864 }, "geometry": { "type": "Polygon", "coordinates": [ [ [ 72.862269788080695, 19.197162002597281 ], [ 72.862211441838241, 19.201677586015439 ], [ 72.857458419901477, 19.201622085275996 ], [ 72.857516895625565, 19.197106515903979 ], [ 72.862269788080695, 19.197162002597281 ] ] ] } },
{ "type": "Feature", "properties": { "cell_id": "CELL_0971", "bmc_ward_code": "R/S", "lat": 19.203908, "lon": 72.859806 }, "geometry": { "type": "Polygon", "coordinates": [ [ [ 72.862211441838241, 19.201677586015439 ], [ 72.862153079206195, 19.206193167041341 ], [ 72.857399927751445, 19.206137652255013 ], [ 72.857458419901477, 19.201622085275996 ], [ 72.862211441838241, 19.201677586015439 ] ] ] } },
{ "type": "Feature", "properties": { "cell_id": "CELL_0972", "bmc_ward_code": "R/S", "lat": 19.208423, "lon": 72.859747 }, "geometry": { "type": "Polygon", "coordinates": [ [ [ 72.862153079206195, 19.206193167041341 ], [ 72.862094700182496, 19.210708745674506 ], [ 72.857341419173423, 19.210653216840548 ], [ 72.857399927751445, 19.206137652255013 ], [ 72.862153079206195, 19.206193167041341 ] ] ] } },
{ "type": "Feature", "properties": { "cell_id": "CELL_0973", "bmc_ward_code": "R/S", "lat": 19.212939, "lon": 72.859689 }, "geometry": { "type": "Polygon", "coordinates": [ [ [ 72.862094700182496, 19.210708745674506 ], [ 72.862036304765098, 19.21522432191442 ], [ 72.857282894165323, 19.215168779032105 ], [ 72.857341419173423, 19.210653216840548 ], [ 72.862094700182496, 19.210708745674506 ] ] ] } },
{ "type": "Feature", "properties": { "cell_id": "CELL_0974", "bmc_ward_code": "R/C", "lat": 19.217454, "lon": 72.85963 }, "geometry": { "type": "Polygon", "coordinates": [ [ [ 72.862036304765098, 19.21522432191442 ], [ 72.861977892951955, 19.219739895760604 ], [ 72.857224352725126, 19.219684338829186 ], [ 72.857282894165323, 19.215168779032105 ], [ 72.862036304765098, 19.21522432191442 ] ] ] } },
{ "type": "Feature", "properties": { "cell_id": "CELL_0975", "bmc_ward_code": "R/C", "lat": 19.22197, "lon": 72.859572 }, "geometry": { "type": "Polygon", "coordinates": [ [ [ 72.861977892951955, 19.219739895760604 ], [ 72.861919464740993, 19.224255467212572 ], [ 72.857165794850744, 19.224199896231308 ], [ 72.857224352725126, 19.219684338829186 ], [ 72.861977892951955, 19.219739895760604 ] ] ] } },
{ "type": "Feature", "properties": { "cell_id": "CELL_0976", "bmc_ward_code": "R/C", "lat": 19.226485, "lon": 72.859513 }, "geometry": { "type": "Polygon", "coordinates": [ [ [ 72.861919464740993, 19.224255467212572 ], [ 72.861861020130192, 19.228771036269819 ], [ 72.857107220540129, 19.228715451237964 ], [ 72.857165794850744, 19.224199896231308 ], [ 72.861919464740993, 19.224255467212572 ] ] ] } },
{ "type": "Feature", "properties": { "cell_id": "CELL_0977", "bmc_ward_code": "R/C", "lat": 19.231001, "lon": 72.859455 }, "geometry": { "type": "Polygon", "coordinates": [ [ [ 72.861861020130192, 19.228771036269819 ], [ 72.86180255911745, 19.233286602931848 ], [ 72.857048629791208, 19.233231003848669 ], [ 72.857107220540129, 19.228715451237964 ], [ 72.861861020130192, 19.228771036269819 ] ] ] } },
{ "type": "Feature", "properties": { "cell_id": "CELL_0978", "bmc_ward_code": "R/C", "lat": 19.235517, "lon": 72.859396 }, "geometry": { "type": "Polygon", "coordinates": [ [ [ 72.86180255911745, 19.233286602931848 ], [ 72.861744081700735, 19.23780216719819 ], [ 72.856990022601934, 19.237746554062937 ], [ 72.857048629791208, 19.233231003848669 ], [ 72.86180255911745, 19.233286602931848 ] ] ] } },
{ "type": "Feature", "properties": { "cell_id": "CELL_0979", "bmc_ward_code": "R/N", "lat": 19.240032, "lon": 72.859338 }, "geometry": { "type": "Polygon", "coordinates": [ [ [ 72.861744081700735, 19.23780216719819 ], [ 72.861685587878, 19.242317729068333 ], [ 72.856931398970232, 19.242262101880264 ], [ 72.856990022601934, 19.237746554062937 ], [ 72.861744081700735, 19.23780216719819 ] ] ] } },
{ "type": "Feature", "properties": { "cell_id": "CELL_0980", "bmc_ward_code": "R/N", "lat": 19.244548, "lon": 72.859279 }, "geometry": { "type": "Polygon", "coordinates": [ [ [ 72.861685587878, 19.242317729068333 ], [ 72.861627077647157, 19.246833288541787 ], [ 72.856872758894028, 19.246777647300163 ], [ 72.856931398970232, 19.242262101880264 ], [ 72.861685587878, 19.242317729068333 ] ] ] } },
{ "type": "Feature", "properties": { "cell_id": "CELL_0981", "bmc_ward_code": "R/N", "lat": 19.249063, "lon": 72.859221 }, "geometry": { "type": "Polygon", "coordinates": [ [ [ 72.861627077647157, 19.246833288541787 ], [ 72.861568551006158, 19.251348845618057 ], [ 72.856814102371303, 19.251293190322144 ], [ 72.856872758894028, 19.246777647300163 ], [ 72.861627077647157, 19.246833288541787 ] ] ] } },
{ "type": "Feature", "properties": { "cell_id": "CELL_0982", "bmc_ward_code": "R/N", "lat": 19.253579, "lon": 72.859162 }, "geometry": { "type": "Polygon", "coordinates": [ [ [ 72.861568551006158, 19.251348845618057 ], [ 72.861510007952958, 19.255864400296666 ], [ 72.856755429399954, 19.255808730945716 ], [ 72.856814102371303, 19.251293190322144 ], [ 72.861568551006158, 19.251348845618057 ] ] ] } },
{ "type": "Feature", "properties": { "cell_id": "CELL_0983", "bmc_ward_code": "R/N", "lat": 19.258094, "lon": 72.859103 }, "geometry": { "type": "Polygon", "coordinates": [ [ [ 72.861510007952958, 19.255864400296666 ], [ 72.861451448485482, 19.260379952577104 ], [ 72.85669673997792, 19.260324269170368 ], [ 72.856755429399954, 19.255808730945716 ], [ 72.861510007952958, 19.255864400296666 ] ] ] } },
{ "type": "Feature", "properties": { "cell_id": "CELL_0984", "bmc_ward_code": "R/N", "lat": 19.26261, "lon": 72.859045 }, "geometry": { "type": "Polygon", "coordinates": [ [ [ 72.861451448485482, 19.260379952577104 ], [ 72.861392872601655, 19.264895502458888 ], [ 72.856638034103128, 19.264839804995628 ], [ 72.85669673997792, 19.260324269170368 ], [ 72.861451448485482, 19.260379952577104 ] ] ] } },
{ "type": "Feature", "properties": { "cell_id": "CELL_0985", "bmc_ward_code": "R/N", "lat": 19.267125, "lon": 72.858986 }, "geometry": { "type": "Polygon", "coordinates": [ [ [ 72.861392872601655, 19.264895502458888 ], [ 72.861334280299445, 19.269411049941532 ], [ 72.85657931177353, 19.269355338421008 ], [ 72.856638034103128, 19.264839804995628 ], [ 72.861392872601655, 19.264895502458888 ] ] ] } },
{ "type": "Feature", "properties": { "cell_id": "CELL_0986", "bmc_ward_code": "UNKNOWN", "lat": 19.271641, "lon": 72.858927 }, "geometry": { "type": "Polygon", "coordinates": [ [ [ 72.861334280299445, 19.269411049941532 ], [ 72.861275671576763, 19.273926595024523 ], [ 72.856520572987051, 19.273870869445986 ], [ 72.85657931177353, 19.269355338421008 ], [ 72.861334280299445, 19.269411049941532 ] ] ] } },
{ "type": "Feature", "properties": { "cell_id": "CELL_0987", "bmc_ward_code": "UNKNOWN", "lat": 19.005275, "lon": 72.867108 }, "geometry": { "type": "Polygon", "coordinates": [ [ [ 72.869510576343842, 19.003044421267688 ], [ 72.86945306084624, 19.007560121069453 ], [ 72.864705557551545, 19.007505345362098 ], [ 72.86476320097394, 19.002989659543815 ], [ 72.869510576343842, 19.003044421267688 ] ] ] } },
{ "type": "Feature", "properties": { "cell_id": "CELL_0988", "bmc_ward_code": "F/S", "lat": 19.009791, "lon": 72.867051 }, "geometry": { "type": "Polygon", "coordinates": [ [ [ 72.86945306084624, 19.007560121069453 ], [ 72.869395529082837, 19.012075818500939 ], [ 72.864647897827197, 19.012021028809368 ], [ 72.864705557551545, 19.007505345362098 ], [ 72.86945306084624, 19.007560121069453 ] ] ] } },
{ "type": "Feature", "properties": { "cell_id": "CELL_0989", "bmc_ward_code": "F/N", "lat": 19.014306, "lon": 72.866993 }, "geometry": { "type": "Polygon", "coordinates": [ [ [ 72.869395529082837, 19.012075818500939 ], [ 72.869337981051601, 19.016591513561625 ], [ 72.864590221798849, 19.01653670988512 ], [ 72.864647897827197, 19.012021028809368 ], [ 72.869395529082837, 19.012075818500939 ] ] ] } },
{ "type": "Feature", "properties": { "cell_id": "CELL_0990", "bmc_ward_code": "F/N", "lat": 19.018822, "lon": 72.866935 }, "geometry": { "type": "Polygon", "coordinates": [ [ [ 72.869337981051601, 19.016591513561625 ], [ 72.869280416750513, 19.021107206251031 ], [ 72.864532529464483, 19.021052388588856 ], [ 72.864590221798849, 19.01653670988512 ], [ 72.869337981051601, 19.016591513561625 ] ] ] } },
{ "type": "Feature", "properties": { "cell_id": "CELL_0991", "bmc_ward_code": "F/N", "lat": 19.023338, "lon": 72.866878 }, "geometry": { "type": "Polygon", "coordinates": [ [ [ 72.869280416750513, 19.021107206251031 ], [ 72.869222836177556, 19.025622896568656 ], [ 72.864474820822068, 19.025568064920094 ], [ 72.864532529464483, 19.021052388588856 ], [ 72.869280416750513, 19.021107206251031 ] ] ] } },
{ "type": "Feature", "properties": { "cell_id": "CELL_0992", "bmc_ward_code": "F/N", "lat": 19.027853, "lon": 72.86682 }, "geometry": { "type": "Polygon", "coordinates": [ [ [ 72.869222836177556, 19.025622896568656 ], [ 72.869165239330712, 19.030138584514017 ], [ 72.864417095869612, 19.030083738878321 ], [ 72.864474820822068, 19.025568064920094 ], [ 72.869222836177556, 19.025622896568656 ] ] ] } },
{ "type": "Feature", "properties": { "cell_id": "CELL_0993", "bmc_ward_code": "F/N", "lat": 19.032369, "lon": 72.866762 }, "geometry": { "type": "Polygon", "coordinates": [ [ [ 72.869165239330712, 19.030138584514017 ], [ 72.869107626207963, 19.034654270086605 ], [ 72.864359354605028, 19.034599410463056 ], [ 72.864417095869612, 19.030083738878321 ], [ 72.869165239330712, 19.030138584514017 ] ] ] } },
{ "type": "Feature", "properties": { "cell_id": "CELL_0994", "bmc_ward_code": "F/N", "lat": 19.036885, "lon": 72.866705 }, "geometry": { "type": "Polygon", "coordinates": [ [ [ 72.869107626207963, 19.034654270086605 ], [ 72.869049996807263, 19.039169953285935 ], [ 72.864301597026355, 19.039115079673802 ], [ 72.864359354605028, 19.034599410463056 ], [ 72.869107626207963, 19.034654270086605 ] ] ] } },
{ "type": "Feature", "properties": { "cell_id": "CELL_0995", "bmc_ward_code": "F/N", "lat": 19.0414, "lon": 72.866647 }, "geometry": { "type": "Polygon", "coordinates": [ [ [ 72.869049996807263, 19.039169953285935 ], [ 72.868992351126622, 19.043685634111512 ], [ 72.864243823131531, 19.043630746510065 ], [ 72.864301597026355, 19.039115079673802 ], [ 72.869049996807263, 19.039169953285935 ] ] ] } },
{ "type": "Feature", "properties": { "cell_id": "CELL_0996", "bmc_ward_code": "F/N", "lat": 19.045916, "lon": 72.866589 }, "geometry": { "type": "Polygon", "coordinates": [ [ [ 72.868992351126622, 19.043685634111512 ], [ 72.868934689164007, 19.048201312562835 ], [ 72.864186032918525, 19.048146410971341 ], [ 72.864243823131531, 19.043630746510065 ], [ 72.868992351126622, 19.043685634111512 ] ] ] } },
{ "type": "Feature", "properties": { "cell_id": "CELL_0997", "bmc_ward_code": "F/N", "lat": 19.050432, "lon": 72.866531 }, "geometry": { "type": "Polygon", "coordinates": [ [ [ 72.868934689164007, 19.048201312562835 ], [ 72.868877010917373, 19.052716988639418 ], [ 72.864128226385318, 19.052662073057146 ], [ 72.864186032918525, 19.048146410971341 ], [ 72.868934689164007, 19.048201312562835 ] ] ] } },
{ "type": "Feature", "properties": { "cell_id": "CELL_0998", "bmc_ward_code": "H/E", "lat": 19.054947, "lon": 72.866474 }, "geometry": { "type": "Polygon", "coordinates": [ [ [ 72.868877010917373, 19.052716988639418 ], [ 72.868819316384716, 19.057232662340766 ], [ 72.86407040352988, 19.057177732766991 ], [ 72.864128226385318, 19.052662073057146 ], [ 72.868877010917373, 19.052716988639418 ] ] ] } },
{ "type": "Feature", "properties": { "cell_id": "CELL_0999", "bmc_ward_code": "H/E", "lat": 19.059463, "lon": 72.866416 }, "geometry": { "type": "Polygon", "coordinates": [ [ [ 72.868819316384716, 19.057232662340766 ], [ 72.868761605564018, 19.061748333666383 ], [ 72.86401256435019, 19.061693390100366 ], [ 72.86407040352988, 19.057177732766991 ], [ 72.868819316384716, 19.057232662340766 ] ] ] } },
{ "type": "Feature", "properties": { "cell_id": "CELL_1000", "bmc_ward_code": "H/E", "lat": 19.063979, "lon": 72.866358 }, "geometry": { "type": "Polygon", "coordinates": [ [ [ 72.868761605564018, 19.061748333666383 ], [ 72.868703878453232, 19.066264002615775 ], [ 72.863954708844204, 19.066209045056791 ], [ 72.86401256435019, 19.061693390100366 ], [ 72.868761605564018, 19.061748333666383 ] ] ] } },
{ "type": "Feature", "properties": { "cell_id": "CELL_1001", "bmc_ward_code": "H/E", "lat": 19.068494, "lon": 72.8663 }, "geometry": { "type": "Polygon", "coordinates": [ [ [ 72.868703878453232, 19.066264002615775 ], [ 72.868646135050327, 19.070779669188443 ], [ 72.863896837009875, 19.070724697635761 ], [ 72.863954708844204, 19.066209045056791 ], [ 72.868703878453232, 19.066264002615775 ] ] ] } },
{ "type": "Feature", "properties": { "cell_id": "CELL_1002", "bmc_ward_code": "H/E", "lat": 19.07301, "lon": 72.866243 }, "geometry": { "type": "Polygon", "coordinates": [ [ [ 72.868646135050327, 19.070779669188443 ], [ 72.868588375353312, 19.075295333383906 ], [ 72.863838948845213, 19.07524034783679 ], [ 72.863896837009875, 19.070724697635761 ], [ 72.868646135050327, 19.070779669188443 ] ] ] } },
{ "type": "Feature", "properties": { "cell_id": "CELL_1003", "bmc_ward_code": "H/E", "lat": 19.077526, "lon": 72.866185 }, "geometry": { "type": "Polygon", "coordinates": [ [ [ 72.868588375353312, 19.075295333383906 ], [ 72.868530599360128, 19.079810995201655 ], [ 72.863781044348158, 19.079755995659376 ], [ 72.863838948845213, 19.07524034783679 ], [ 72.868588375353312, 19.075295333383906 ] ] ] } },
{ "type": "Feature", "properties": { "cell_id": "CELL_1004", "bmc_ward_code": "H/E", "lat": 19.082041, "lon": 72.866127 }, "geometry": { "type": "Polygon", "coordinates": [ [ [ 72.868530599360128, 19.079810995201655 ], [ 72.868472807068756, 19.084326654641202 ], [ 72.863723123516692, 19.084271641103026 ], [ 72.863781044348158, 19.079755995659376 ], [ 72.868530599360128, 19.079810995201655 ] ] ] } },
{ "type": "Feature", "properties": { "cell_id": "CELL_1005", "bmc_ward_code": "K/E", "lat": 19.086557, "lon": 72.866069 }, "geometry": { "type": "Polygon", "coordinates": [ [ [ 72.868472807068756, 19.084326654641202 ], [ 72.868414998477149, 19.088842311702066 ], [ 72.863665186348754, 19.08878728416726 ], [ 72.863723123516692, 19.084271641103026 ], [ 72.868472807068756, 19.084326654641202 ] ] ] } },
{ "type": "Feature", "properties": { "cell_id": "CELL_1006", "bmc_ward_code": "K/E", "lat": 19.091073, "lon": 72.866011 }, "geometry": { "type": "Polygon", "coordinates": [ [ [ 72.868414998477149, 19.088842311702066 ], [ 72.868357173583306, 19.093357966383735 ], [ 72.863607232842327, 19.093302924851574 ], [ 72.863665186348754, 19.08878728416726 ], [ 72.868414998477149, 19.088842311702066 ] ] ] } },
{ "type": "Feature", "properties": { "cell_id": "CELL_1007", "bmc_ward_code": "K/E", "lat": 19.095588, "lon": 72.865953 }, "geometry": { "type": "Polygon", "coordinates": [ [ [ 72.868357173583306, 19.093357966383735 ], [ 72.868299332385163, 19.097873618685725 ], [ 72.863549262995377, 19.097818563155464 ], [ 72.863607232842327, 19.093302924851574 ], [ 72.868357173583306, 19.093357966383735 ] ] ] } },
{ "type": "Feature", "properties": { "cell_id": "CELL_1008", "bmc_ward_code": "K/E", "lat": 19.100104, "lon": 72.865895 }, "geometry": { "type": "Polygon", "coordinates": [ [ [ 72.868299332385163, 19.097873618685725 ], [ 72.868241474880719, 19.102389268607542 ], [ 72.863491276805874, 19.102334199078452 ], [ 72.863549262995377, 19.097818563155464 ], [ 72.868299332385163, 19.097873618685725 ] ] ] } },
{ "type": "Feature", "properties": { "cell_id": "CELL_1009", "bmc_ward_code": "K/E", "lat": 19.10462, "lon": 72.865837 }, "geometry": { "type": "Polygon", "coordinates": [ [ [ 72.868241474880719, 19.102389268607542 ], [ 72.868183601067926, 19.106904916148689 ], [ 72.863433274271756, 19.106849832620039 ], [ 72.863491276805874, 19.102334199078452 ], [ 72.868241474880719, 19.102389268607542 ] ] ] } },
{ "type": "Feature", "properties": { "cell_id": "CELL_1010", "bmc_ward_code": "K/E", "lat": 19.109135, "lon": 72.865779 }, "geometry": { "type": "Polygon", "coordinates": [ [ [ 72.868183601067926, 19.106904916148689 ], [ 72.868125710944767, 19.111420561308663 ], [ 72.86337525539102, 19.111365463779727 ], [ 72.863433274271756, 19.106849832620039 ], [ 72.868183601067926, 19.106904916148689 ] ] ] } },
{ "type": "Feature", "properties": { "cell_id": "CELL_1011", "bmc_ward_code": "K/E", "lat": 19.113651, "lon": 72.865721 }, "geometry": { "type": "Polygon", "coordinates": [ [ [ 72.868125710944767, 19.111420561308663 ], [ 72.868067804509181, 19.115936204086989 ], [ 72.863317220161591, 19.115881092557022 ], [ 72.86337525539102, 19.111365463779727 ], [ 72.868125710944767, 19.111420561308663 ] ] ] } },
{ "type": "Feature", "properties": { "cell_id": "CELL_1012", "bmc_ward_code": "K/E", "lat": 19.118166, "lon": 72.865664 }, "geometry": { "type": "Polygon", "coordinates": [ [ [ 72.868067804509181, 19.115936204086989 ], [ 72.86800988175915, 19.120451844483171 ], [ 72.86325916858145, 19.120396718951444 ], [ 72.863317220161591, 19.115881092557022 ], [ 72.868067804509181, 19.115936204086989 ] ] ] } },
{ "type": "Feature", "properties": { "cell_id": "CELL_1013", "bmc_ward_code": "K/E", "lat": 19.122682, "lon": 72.865606 }, "geometry": { "type": "Polygon", "coordinates": [ [ [ 72.86800988175915, 19.120451844483171 ], [ 72.867951942692642, 19.124967482496704 ], [ 72.863201100648567, 19.124912342962478 ], [ 72.86325916858145, 19.120396718951444 ], [ 72.86800988175915, 19.120451844483171 ] ] ] } },
{ "type": "Feature", "properties": { "cell_id": "CELL_1014", "bmc_ward_code": "K/E", "lat": 19.127198, "lon": 72.865548 }, "geometry": { "type": "Polygon", "coordinates": [ [ [ 72.867951942692642, 19.124967482496704 ], [ 72.86789398730761, 19.129483118127109 ], [ 72.863143016360894, 19.129427964589649 ], [ 72.863201100648567, 19.124912342962478 ], [ 72.867951942692642, 19.124967482496704 ] ] ] } },
{ "type": "Feature", "properties": { "cell_id": "CELL_1015", "bmc_ward_code": "K/E", "lat": 19.131713, "lon": 72.865489 }, "geometry": { "type": "Polygon", "coordinates": [ [ [ 72.86789398730761, 19.129483118127109 ], [ 72.867836015602037, 19.133998751373873 ], [ 72.863084915716371, 19.133943583832458 ], [ 72.863143016360894, 19.129427964589649 ], [ 72.86789398730761, 19.129483118127109 ] ] ] } },
{ "type": "Feature", "properties": { "cell_id": "CELL_1016", "bmc_ward_code": "K/E", "lat": 19.136229, "lon": 72.865431 }, "geometry": { "type": "Polygon", "coordinates": [ [ [ 72.867836015602037, 19.133998751373873 ], [ 72.867778027573863, 19.138514382236519 ], [ 72.86302679871298, 19.138459200690399 ], [ 72.863084915716371, 19.133943583832458 ], [ 72.867836015602037, 19.133998751373873 ] ] ] } },
{ "type": "Feature", "properties": { "cell_id": "CELL_1017", "bmc_ward_code": "K/E", "lat": 19.140745, "lon": 72.865373 }, "geometry": { "type": "Polygon", "coordinates": [ [ [ 72.867778027573863, 19.138514382236519 ], [ 72.867720023221054, 19.143030010714554 ], [ 72.86296866534866, 19.142974815163001 ], [ 72.86302679871298, 19.138459200690399 ], [ 72.867778027573863, 19.138514382236519 ] ] ] } },
{ "type": "Feature", "properties": { "cell_id": "CELL_1018", "bmc_ward_code": "P/S", "lat": 19.14526, "lon": 72.865315 }, "geometry": { "type": "Polygon", "coordinates": [ [ [ 72.867720023221054, 19.143030010714554 ], [ 72.867662002541564, 19.147545636807475 ], [ 72.862910515621394, 19.147490427249753 ], [ 72.86296866534866, 19.142974815163001 ], [ 72.867720023221054, 19.143030010714554 ] ] ] } },
{ "type": "Feature", "properties": { "cell_id": "CELL_1019", "bmc_ward_code": "P/S", "lat": 19.149776, "lon": 72.865257 }, "geometry": { "type": "Polygon", "coordinates": [ [ [ 72.867662002541564, 19.147545636807475 ], [ 72.867603965533391, 19.152061260514799 ], [ 72.862852349529106, 19.152006036950169 ], [ 72.862910515621394, 19.147490427249753 ], [ 72.867662002541564, 19.147545636807475 ] ] ] } },
{ "type": "Feature", "properties": { "cell_id": "CELL_1020", "bmc_ward_code": "P/S", "lat": 19.154291, "lon": 72.865199 }, "geometry": { "type": "Polygon", "coordinates": [ [ [ 72.867603965533391, 19.152061260514799 ], [ 72.867545912194458, 19.156576881836024 ], [ 72.862794167069765, 19.156521644263755 ], [ 72.862852349529106, 19.152006036950169 ], [ 72.867603965533391, 19.152061260514799 ] ] ] } },
{ "type": "Feature", "properties": { "cell_id": "CELL_1021", "bmc_ward_code": "P/S", "lat": 19.158807, "lon": 72.865141 }, "geometry": { "type": "Polygon", "coordinates": [ [ [ 72.867545912194458, 19.156576881836024 ], [ 72.867487842522735, 19.161092500770671 ], [ 72.862735968241338, 19.16103724919002 ], [ 72.862794167069765, 19.156521644263755 ], [ 72.867545912194458, 19.156576881836024 ] ] ] } },
{ "type": "Feature", "properties": { "cell_id": "CELL_1022", "bmc_ward_code": "P/S", "lat": 19.163323, "lon": 72.865083 }, "geometry": { "type": "Polygon", "coordinates": [ [ [ 72.867487842522735, 19.161092500770671 ], [ 72.867429756516174, 19.165608117318222 ], [ 72.862677753041766, 19.16555285172846 ], [ 72.862735968241338, 19.16103724919002 ], [ 72.867487842522735, 19.161092500770671 ] ] ] } },
{ "type": "Feature", "properties": { "cell_id": "CELL_1023", "bmc_ward_code": "P/S", "lat": 19.167838, "lon": 72.865025 }, "geometry": { "type": "Polygon", "coordinates": [ [ [ 72.867429756516174, 19.165608117318222 ], [ 72.867371654172743, 19.17012373147821 ], [ 72.862619521469, 19.170068451878596 ], [ 72.862677753041766, 19.16555285172846 ], [ 72.867429756516174, 19.165608117318222 ] ] ] } },
{ "type": "Feature", "properties": { "cell_id": "CELL_1024", "bmc_ward_code": "P/S", "lat": 19.172354, "lon": 72.864966 }, "geometry": { "type": "Polygon", "coordinates": [ [ [ 72.867371654172743, 19.17012373147821 ], [ 72.86731353549041, 19.174639343250131 ], [ 72.862561273520996, 19.174584049639932 ], [ 72.862619521469, 19.170068451878596 ], [ 72.867371654172743, 19.17012373147821 ] ] ] } },
{ "type": "Feature", "properties": { "cell_id": "CELL_1025", "bmc_ward_code": "P/N", "lat": 19.17687, "lon": 72.864908 }, "geometry": { "type": "Polygon", "coordinates": [ [ [ 72.86731353549041, 19.174639343250131 ], [ 72.867255400467101, 19.179154952633482 ], [ 72.862503009195706, 19.179099645011963 ], [ 72.862561273520996, 19.174584049639932 ], [ 72.86731353549041, 19.174639343250131 ] ] ] } },
{ "type": "Feature", "properties": { "cell_id": "CELL_1026", "bmc_ward_code": "P/N", "lat": 19.181385, "lon": 72.86485 }, "geometry": { "type": "Polygon", "coordinates": [ [ [ 72.867255400467101, 19.179154952633482 ], [ 72.867197249100784, 19.183670559627792 ], [ 72.862444728491084, 19.183615237994207 ], [ 72.862503009195706, 19.179099645011963 ], [ 72.867255400467101, 19.179154952633482 ] ] ] } },
{ "type": "Feature", "properties": { "cell_id": "CELL_1027", "bmc_ward_code": "P/N", "lat": 19.185901, "lon": 72.864792 }, "geometry": { "type": "Polygon", "coordinates": [ [ [ 72.867197249100784, 19.183670559627792 ], [ 72.867139081389439, 19.188186164232551 ], [ 72.862386431405071, 19.188130828586171 ], [ 72.862444728491084, 19.183615237994207 ], [ 72.867197249100784, 19.183670559627792 ] ] ] } },
{ "type": "Feature", "properties": { "cell_id": "CELL_1028", "bmc_ward_code": "P/N", "lat": 19.190416, "lon": 72.864734 }, "geometry": { "type": "Polygon", "coordinates": [ [ [ 72.867139081389439, 19.188186164232551 ], [ 72.867080897330979, 19.192701766447271 ], [ 72.862328117935633, 19.192646416787358 ], [ 72.862386431405071, 19.188130828586171 ], [ 72.867139081389439, 19.188186164232551 ] ] ] } },
{ "type": "Feature", "properties": { "cell_id": "CELL_1029", "bmc_ward_code": "R/S", "lat": 19.194932, "lon": 72.864675 }, "geometry": { "type": "Polygon", "coordinates": [ [ [ 72.867080897330979, 19.192701766447271 ], [ 72.867022696923371, 19.197217366271467 ], [ 72.862269788080695, 19.197162002597281 ], [ 72.862328117935633, 19.192646416787358 ], [ 72.867080897330979, 19.192701766447271 ] ] ] } },
{ "type": "Feature", "properties": { "cell_id": "CELL_1030", "bmc_ward_code": "R/S", "lat": 19.199447, "lon": 72.864617 }, "geometry": { "type": "Polygon", "coordinates": [ [ [ 72.867022696923371, 19.197217366271467 ], [ 72.866964480164583, 19.201732963704639 ], [ 72.862211441838241, 19.201677586015439 ], [ 72.862269788080695, 19.197162002597281 ], [ 72.867022696923371, 19.197217366271467 ] ] ] } },
{ "type": "Feature", "properties": { "cell_id": "CELL_1031", "bmc_ward_code": "R/S", "lat": 19.203963, "lon": 72.864559 }, "geometry": { "type": "Polygon", "coordinates": [ [ [ 72.866964480164583, 19.201732963704639 ], [ 72.866906247052569, 19.206248558746296 ], [ 72.862153079206195, 19.206193167041341 ], [ 72.862211441838241, 19.201677586015439 ], [ 72.866964480164583, 19.201732963704639 ] ] ] } },
{ "type": "Feature", "properties": { "cell_id": "CELL_1032", "bmc_ward_code": "R/S", "lat": 19.208479, "lon": 72.864501 }, "geometry": { "type": "Polygon", "coordinates": [ [ [ 72.866906247052569, 19.206248558746296 ], [ 72.866847997585253, 19.210764151395942 ], [ 72.862094700182496, 19.210708745674506 ], [ 72.862153079206195, 19.206193167041341 ], [ 72.866906247052569, 19.206248558746296 ] ] ] } },
{ "type": "Feature", "properties": { "cell_id": "CELL_1033", "bmc_ward_code": "R/S", "lat": 19.212994, "lon": 72.864442 }, "geometry": { "type": "Polygon", "coordinates": [ [ [ 72.866847997585253, 19.210764151395942 ], [ 72.866789731760619, 19.215279741653088 ], [ 72.862036304765098, 19.21522432191442 ], [ 72.862094700182496, 19.210708745674506 ], [ 72.866847997585253, 19.210764151395942 ] ] ] } },
{ "type": "Feature", "properties": { "cell_id": "CELL_1034", "bmc_ward_code": "R/C", "lat": 19.21751, "lon": 72.864384 }, "geometry": { "type": "Polygon", "coordinates": [ [ [ 72.866789731760619, 19.215279741653088 ], [ 72.866731449576577, 19.219795329517243 ], [ 72.861977892951955, 19.219739895760604 ], [ 72.862036304765098, 19.21522432191442 ], [ 72.866789731760619, 19.215279741653088 ] ] ] } },
{ "type": "Feature", "properties": { "cell_id": "CELL_1035", "bmc_ward_code": "R/C", "lat": 19.222025, "lon": 72.864325 }, "geometry": { "type": "Polygon", "coordinates": [ [ [ 72.866731449576577, 19.219795329517243 ], [ 72.866673151031122, 19.22431091498791 ], [ 72.861919464740993, 19.224255467212572 ], [ 72.861977892951955, 19.219739895760604 ], [ 72.866731449576577, 19.219795329517243 ] ] ] } },
{ "type": "Feature", "properties": { "cell_id": "CELL_1036", "bmc_ward_code": "R/C", "lat": 19.226541, "lon": 72.864267 }, "geometry": { "type": "Polygon", "coordinates": [ [ [ 72.866673151031122, 19.22431091498791 ], [ 72.866614836122167, 19.228826498064606 ], [ 72.861861020130192, 19.228771036269819 ], [ 72.861919464740993, 19.224255467212572 ], [ 72.866673151031122, 19.22431091498791 ] ] ] } },
{ "type": "Feature", "properties": { "cell_id": "CELL_1037", "bmc_ward_code": "R/C", "lat": 19.231057, "lon": 72.864209 }, "geometry": { "type": "Polygon", "coordinates": [ [ [ 72.866614836122167, 19.228826498064606 ], [ 72.866556504847679, 19.233342078746823 ], [ 72.86180255911745, 19.233286602931848 ], [ 72.861861020130192, 19.228771036269819 ], [ 72.866614836122167, 19.228826498064606 ] ] ] } },
{ "type": "Feature", "properties": { "cell_id": "CELL_1038", "bmc_ward_code": "R/C", "lat": 19.235572, "lon": 72.86415 }, "geometry": { "type": "Polygon", "coordinates": [ [ [ 72.866556504847679, 19.233342078746823 ], [ 72.866498157205584, 19.237857657034084 ], [ 72.861744081700735, 19.23780216719819 ], [ 72.86180255911745, 19.233286602931848 ], [ 72.866556504847679, 19.233342078746823 ] ] ] } },
{ "type": "Feature", "properties": { "cell_id": "CELL_1039", "bmc_ward_code": "R/N", "lat": 19.240088, "lon": 72.864092 }, "geometry": { "type": "Polygon", "coordinates": [ [ [ 72.866498157205584, 19.237857657034084 ], [ 72.866439793193862, 19.242373232925885 ], [ 72.861685587878, 19.242317729068333 ], [ 72.861744081700735, 19.23780216719819 ], [ 72.866498157205584, 19.237857657034084 ] ] ] } },
{ "type": "Feature", "properties": { "cell_id": "CELL_1040", "bmc_ward_code": "R/N", "lat": 19.244603, "lon": 72.864033 }, "geometry": { "type": "Polygon", "coordinates": [ [ [ 72.866439793193862, 19.242373232925885 ], [ 72.866381412810426, 19.246888806421751 ], [ 72.861627077647157, 19.246833288541787 ], [ 72.861685587878, 19.242317729068333 ], [ 72.866439793193862, 19.242373232925885 ] ] ] } },
{ "type": "Feature", "properties": { "cell_id": "CELL_1041", "bmc_ward_code": "R/N", "lat": 19.249119, "lon": 72.863975 }, "geometry": { "type": "Polygon", "coordinates": [ [ [ 72.866381412810426, 19.246888806421751 ], [ 72.866323016053258, 19.251404377521169 ], [ 72.861568551006158, 19.251348845618057 ], [ 72.861627077647157, 19.246833288541787 ], [ 72.866381412810426, 19.246888806421751 ] ] ] } },
{ "type": "Feature", "properties": { "cell_id": "CELL_1042", "bmc_ward_code": "R/N", "lat": 19.253634, "lon": 72.863917 }, "geometry": { "type": "Polygon", "coordinates": [ [ [ 72.866323016053258, 19.251404377521169 ], [ 72.866264602920253, 19.255919946223663 ], [ 72.861510007952958, 19.255864400296666 ], [ 72.861568551006158, 19.251348845618057 ], [ 72.866323016053258, 19.251404377521169 ] ] ] } },
{ "type": "Feature", "properties": { "cell_id": "CELL_1043", "bmc_ward_code": "R/N", "lat": 19.25815, "lon": 72.863858 }, "geometry": { "type": "Polygon", "coordinates": [ [ [ 72.866264602920253, 19.255919946223663 ], [ 72.866206173409381, 19.26043551252873 ], [ 72.861451448485482, 19.260379952577104 ], [ 72.861510007952958, 19.255864400296666 ], [ 72.866264602920253, 19.255919946223663 ] ] ] } },
{ "type": "Feature", "properties": { "cell_id": "CELL_1044", "bmc_ward_code": "R/N", "lat": 19.262666, "lon": 72.8638 }, "geometry": { "type": "Polygon", "coordinates": [ [ [ 72.866206173409381, 19.26043551252873 ], [ 72.866147727518594, 19.264951076435882 ], [ 72.861392872601655, 19.264895502458888 ], [ 72.861451448485482, 19.260379952577104 ], [ 72.866206173409381, 19.26043551252873 ] ] ] } },
{ "type": "Feature", "properties": { "cell_id": "CELL_1045", "bmc_ward_code": "UNKNOWN", "lat": 19.267181, "lon": 72.863741 }, "geometry": { "type": "Polygon", "coordinates": [ [ [ 72.866147727518594, 19.264951076435882 ], [ 72.866089265245819, 19.269466637944635 ], [ 72.861334280299445, 19.269411049941532 ], [ 72.861392872601655, 19.264895502458888 ], [ 72.866147727518594, 19.264951076435882 ] ] ] } },
{ "type": "Feature", "properties": { "cell_id": "CELL_1046", "bmc_ward_code": "UNKNOWN", "lat": 19.00533, "lon": 72.871856 }, "geometry": { "type": "Polygon", "coordinates": [ [ [ 72.874257967977542, 19.003099061307818 ], [ 72.87420058040675, 19.007614775062006 ], [ 72.86945306084624, 19.007560121069453 ], [ 72.869510576343842, 19.003044421267688 ], [ 72.874257967977542, 19.003099061307818 ] ] ] } },
{ "type": "Feature", "properties": { "cell_id": "CELL_1047", "bmc_ward_code": "F/N", "lat": 19.009845, "lon": 72.871798 }, "geometry": { "type": "Polygon", "coordinates": [ [ [ 72.87420058040675, 19.007614775062006 ], [ 72.87414317660631, 19.012130486446626 ], [ 72.869395529082837, 19.012075818500939 ], [ 72.86945306084624, 19.007560121069453 ], [ 72.87420058040675, 19.007614775062006 ] ] ] } },
{ "type": "Feature", "properties": { "cell_id": "CELL_1048", "bmc_ward_code": "F/N", "lat": 19.014361, "lon": 72.871741 }, "geometry": { "type": "Polygon", "coordinates": [ [ [ 72.87414317660631, 19.012130486446626 ], [ 72.874085756574203, 19.016646195461185 ], [ 72.869337981051601, 19.016591513561625 ], [ 72.869395529082837, 19.012075818500939 ], [ 72.87414317660631, 19.012130486446626 ] ] ] } },
{ "type": "Feature", "properties": { "cell_id": "CELL_1049", "bmc_ward_code": "F/N", "lat": 19.018877, "lon": 72.871683 }, "geometry": { "type": "Polygon", "coordinates": [ [ [ 72.874085756574203, 19.016646195461185 ], [ 72.874028320308412, 19.021161902105192 ], [ 72.869280416750513, 19.021107206251031 ], [ 72.869337981051601, 19.016591513561625 ], [ 72.874085756574203, 19.016646195461185 ] ] ] } },
{ "type": "Feature", "properties": { "cell_id": "CELL_1050", "bmc_ward_code": "F/N", "lat": 19.023392, "lon": 72.871626 }, "geometry": { "type": "Polygon", "coordinates": [ [ [ 72.874028320308412, 19.021161902105192 ], [ 72.873970867806932, 19.025677606378149 ], [ 72.869222836177556, 19.025622896568656 ], [ 72.869280416750513, 19.021107206251031 ], [ 72.874028320308412, 19.021161902105192 ] ] ] } },
{ "type": "Feature", "properties": { "cell_id": "CELL_1051", "bmc_ward_code": "F/N", "lat": 19.027908, "lon": 72.871568 }, "geometry": { "type": "Polygon", "coordinates": [ [ [ 72.873970867806932, 19.025677606378149 ], [ 72.873913399067732, 19.030193308279557 ], [ 72.869165239330712, 19.030138584514017 ], [ 72.869222836177556, 19.025622896568656 ], [ 72.873970867806932, 19.025677606378149 ] ] ] } },
{ "type": "Feature", "properties": { "cell_id": "CELL_1052", "bmc_ward_code": "F/N", "lat": 19.032424, "lon": 72.871511 }, "geometry": { "type": "Polygon", "coordinates": [ [ [ 72.873913399067732, 19.030193308279557 ], [ 72.873855914088807, 19.034709007808928 ], [ 72.869107626207963, 19.034654270086605 ], [ 72.869165239330712, 19.030138584514017 ], [ 72.873913399067732, 19.030193308279557 ] ] ] } },
{ "type": "Feature", "properties": { "cell_id": "CELL_1053", "bmc_ward_code": "F/N", "lat": 19.036939, "lon": 72.871453 }, "geometry": { "type": "Polygon", "coordinates": [ [ [ 72.873855914088807, 19.034709007808928 ], [ 72.87379841286814, 19.039224704965768 ], [ 72.869049996807263, 19.039169953285935 ], [ 72.869107626207963, 19.034654270086605 ], [ 72.873855914088807, 19.034709007808928 ] ] ] } },
{ "type": "Feature", "properties": { "cell_id": "CELL_1054", "bmc_ward_code": "F/N", "lat": 19.041455, "lon": 72.871395 }, "geometry": { "type": "Polygon", "coordinates": [ [ [ 72.87379841286814, 19.039224704965768 ], [ 72.873740895403699, 19.043740399749581 ], [ 72.868992351126622, 19.043685634111512 ], [ 72.869049996807263, 19.039169953285935 ], [ 72.87379841286814, 19.039224704965768 ] ] ] } },
{ "type": "Feature", "properties": { "cell_id": "CELL_1055", "bmc_ward_code": "F/N", "lat": 19.045971, "lon": 72.871338 }, "geometry": { "type": "Polygon", "coordinates": [ [ [ 72.873740895403699, 19.043740399749581 ], [ 72.87368336169348, 19.048256092159878 ], [ 72.868934689164007, 19.048201312562835 ], [ 72.868992351126622, 19.043685634111512 ], [ 72.873740895403699, 19.043740399749581 ] ] ] } },
{ "type": "Feature", "properties": { "cell_id": "CELL_1056", "bmc_ward_code": "F/N", "lat": 19.050487, "lon": 72.87128 }, "geometry": { "type": "Polygon", "coordinates": [ [ [ 72.87368336169348, 19.048256092159878 ], [ 72.873625811735451, 19.05277178219616 ], [ 72.868877010917373, 19.052716988639418 ], [ 72.868934689164007, 19.048201312562835 ], [ 72.87368336169348, 19.048256092159878 ] ] ] } },
{ "type": "Feature", "properties": { "cell_id": "CELL_1057", "bmc_ward_code": "L", "lat": 19.055002, "lon": 72.871223 }, "geometry": { "type": "Polygon", "coordinates": [ [ [ 72.873625811735451, 19.05277178219616 ], [ 72.873568245527608, 19.057287469857929 ], [ 72.868819316384716, 19.057232662340766 ], [ 72.868877010917373, 19.052716988639418 ], [ 72.873625811735451, 19.05277178219616 ] ] ] } },
{ "type": "Feature", "properties": { "cell_id": "CELL_1058", "bmc_ward_code": "L", "lat": 19.059518, "lon": 72.871165 }, "geometry": { "type": "Polygon", "coordinates": [ [ [ 72.873568245527608, 19.057287469857929 ], [ 72.873510663067933, 19.061803155144702 ], [ 72.868761605564018, 19.061748333666383 ], [ 72.868819316384716, 19.057232662340766 ], [ 72.873568245527608, 19.057287469857929 ] ] ] } },
{ "type": "Feature", "properties": { "cell_id": "CELL_1059", "bmc_ward_code": "H/E", "lat": 19.064034, "lon": 72.871107 }, "geometry": { "type": "Polygon", "coordinates": [ [ [ 72.873510663067933, 19.061803155144702 ], [ 72.873453064354365, 19.066318838055981 ], [ 72.868703878453232, 19.066264002615775 ], [ 72.868761605564018, 19.061748333666383 ], [ 72.873510663067933, 19.061803155144702 ] ] ] } },
{ "type": "Feature", "properties": { "cell_id": "CELL_1060", "bmc_ward_code": "H/E", "lat": 19.068549, "lon": 72.87105 }, "geometry": { "type": "Polygon", "coordinates": [ [ [ 72.873453064354365, 19.066318838055981 ], [ 72.873395449384915, 19.070834518591258 ], [ 72.868646135050327, 19.070779669188443 ], [ 72.868703878453232, 19.066264002615775 ], [ 72.873453064354365, 19.066318838055981 ] ] ] } },
{ "type": "Feature", "properties": { "cell_id": "CELL_1061", "bmc_ward_code": "H/E", "lat": 19.073065, "lon": 72.870992 }, "geometry": { "type": "Polygon", "coordinates": [ [ [ 72.873395449384915, 19.070834518591258 ], [ 72.873337818157566, 19.075350196750065 ], [ 72.868588375353312, 19.075295333383906 ], [ 72.868646135050327, 19.070779669188443 ], [ 72.873395449384915, 19.070834518591258 ] ] ] } },
{ "type": "Feature", "properties": { "cell_id": "CELL_1062", "bmc_ward_code": "H/E", "lat": 19.077581, "lon": 72.870934 }, "geometry": { "type": "Polygon", "coordinates": [ [ [ 72.873337818157566, 19.075350196750065 ], [ 72.873280170670284, 19.079865872531894 ], [ 72.868530599360128, 19.079810995201655 ], [ 72.868588375353312, 19.075295333383906 ], [ 72.873337818157566, 19.075350196750065 ] ] ] } },
{ "type": "Feature", "properties": { "cell_id": "CELL_1063", "bmc_ward_code": "L", "lat": 19.082096, "lon": 72.870877 }, "geometry": { "type": "Polygon", "coordinates": [ [ [ 72.873280170670284, 19.079865872531894 ], [ 72.873222506921024, 19.08438154593625 ], [ 72.868472807068756, 19.084326654641202 ], [ 72.868530599360128, 19.079810995201655 ], [ 72.873280170670284, 19.079865872531894 ] ] ] } },
{ "type": "Feature", "properties": { "cell_id": "CELL_1064", "bmc_ward_code": "K/E", "lat": 19.086612, "lon": 72.870819 }, "geometry": { "type": "Polygon", "coordinates": [ [ [ 72.873222506921024, 19.08438154593625 ], [ 72.873164826907797, 19.088897216962646 ], [ 72.868414998477149, 19.088842311702066 ], [ 72.868472807068756, 19.084326654641202 ], [ 72.873222506921024, 19.08438154593625 ] ] ] } },
{ "type": "Feature", "properties": { "cell_id": "CELL_1065", "bmc_ward_code": "K/E", "lat": 19.091128, "lon": 72.870761 }, "geometry": { "type": "Polygon", "coordinates": [ [ [ 72.873164826907797, 19.088897216962646 ], [ 72.873107130628554, 19.093412885610583 ], [ 72.868357173583306, 19.093357966383735 ], [ 72.868414998477149, 19.088842311702066 ], [ 72.873164826907797, 19.088897216962646 ] ] ] } },
{ "type": "Feature", "properties": { "cell_id": "CELL_1066", "bmc_ward_code": "K/E", "lat": 19.095643, "lon": 72.870703 }, "geometry": { "type": "Polygon", "coordinates": [ [ [ 72.873107130628554, 19.093412885610583 ], [ 72.873049418081266, 19.097928551879569 ], [ 72.868299332385163, 19.097873618685725 ], [ 72.868357173583306, 19.093357966383735 ], [ 72.873107130628554, 19.093412885610583 ] ] ] } },
{ "type": "Feature", "properties": { "cell_id": "CELL_1067", "bmc_ward_code": "K/E", "lat": 19.100159, "lon": 72.870645 }, "geometry": { "type": "Polygon", "coordinates": [ [ [ 72.873049418081266, 19.097928551879569 ], [ 72.872991689263927, 19.102444215769111 ], [ 72.868241474880719, 19.102389268607542 ], [ 72.868299332385163, 19.097873618685725 ], [ 72.873049418081266, 19.097928551879569 ] ] ] } },
{ "type": "Feature", "properties": { "cell_id": "CELL_1068", "bmc_ward_code": "K/E", "lat": 19.104675, "lon": 72.870588 }, "geometry": { "type": "Polygon", "coordinates": [ [ [ 72.872991689263927, 19.102444215769111 ], [ 72.872933944174491, 19.106959877278722 ], [ 72.868183601067926, 19.106904916148689 ], [ 72.868241474880719, 19.102389268607542 ], [ 72.872991689263927, 19.102444215769111 ] ] ] } },
{ "type": "Feature", "properties": { "cell_id": "CELL_1069", "bmc_ward_code": "K/E", "lat": 19.10919, "lon": 72.87053 }, "geometry": { "type": "Polygon", "coordinates": [ [ [ 72.872933944174491, 19.106959877278722 ], [ 72.872876182810941, 19.111475536407891 ], [ 72.868125710944767, 19.111420561308663 ], [ 72.868183601067926, 19.106904916148689 ], [ 72.872933944174491, 19.106959877278722 ] ] ] } },
{ "type": "Feature", "properties": { "cell_id": "CELL_1070", "bmc_ward_code": "K/E", "lat": 19.113706, "lon": 72.870472 }, "geometry": { "type": "Polygon", "coordinates": [ [ [ 72.872876182810941, 19.111475536407891 ], [ 72.87281840517123, 19.115991193156141 ], [ 72.868067804509181, 19.115936204086989 ], [ 72.868125710944767, 19.111420561308663 ], [ 72.872876182810941, 19.111475536407891 ] ] ] } },
{ "type": "Feature", "properties": { "cell_id": "CELL_1071", "bmc_ward_code": "K/E", "lat": 19.118222, "lon": 72.870414 }, "geometry": { "type": "Polygon", "coordinates": [ [ [ 72.87281840517123, 19.115991193156141 ], [ 72.872760611253341, 19.120506847522982 ], [ 72.86800988175915, 19.120451844483171 ], [ 72.868067804509181, 19.115936204086989 ], [ 72.87281840517123, 19.115991193156141 ] ] ] } },
{ "type": "Feature", "properties": { "cell_id": "CELL_1072", "bmc_ward_code": "K/E", "lat": 19.122737, "lon": 72.870356 }, "geometry": { "type": "Polygon", "coordinates": [ [ [ 72.872760611253341, 19.120506847522982 ], [ 72.87270280105524, 19.125022499507907 ], [ 72.867951942692642, 19.124967482496704 ], [ 72.86800988175915, 19.120451844483171 ], [ 72.872760611253341, 19.120506847522982 ] ] ] } },
{ "type": "Feature", "properties": { "cell_id": "CELL_1073", "bmc_ward_code": "K/E", "lat": 19.127253, "lon": 72.870298 }, "geometry": { "type": "Polygon", "coordinates": [ [ [ 72.87270280105524, 19.125022499507907 ], [ 72.872644974574897, 19.129538149110431 ], [ 72.86789398730761, 19.129483118127109 ], [ 72.867951942692642, 19.124967482496704 ], [ 72.87270280105524, 19.125022499507907 ] ] ] } },
{ "type": "Feature", "properties": { "cell_id": "CELL_1074", "bmc_ward_code": "K/E", "lat": 19.131768, "lon": 72.870241 }, "geometry": { "type": "Polygon", "coordinates": [ [ [ 72.872644974574897, 19.129538149110431 ], [ 72.872587131810292, 19.134053796330058 ], [ 72.867836015602037, 19.133998751373873 ], [ 72.86789398730761, 19.129483118127109 ], [ 72.872644974574897, 19.129538149110431 ] ] ] } },
{ "type": "Feature", "properties": { "cell_id": "CELL_1075", "bmc_ward_code": "K/E", "lat": 19.136284, "lon": 72.870183 }, "geometry": { "type": "Polygon", "coordinates": [ [ [ 72.872587131810292, 19.134053796330058 ], [ 72.872529272759365, 19.138569441166293 ], [ 72.867778027573863, 19.138514382236519 ], [ 72.867836015602037, 19.133998751373873 ], [ 72.872587131810292, 19.134053796330058 ] ] ] } },
{ "type": "Feature", "properties": { "cell_id": "CELL_1076", "bmc_ward_code": "P/S", "lat": 19.1408, "lon": 72.870125 }, "geometry": { "type": "Polygon", "coordinates": [ [ [ 72.872529272759365, 19.138569441166293 ], [ 72.872471397420099, 19.143085083618651 ], [ 72.867720023221054, 19.143030010714554 ], [ 72.867778027573863, 19.138514382236519 ], [ 72.872529272759365, 19.138569441166293 ] ] ] } },
{ "type": "Feature", "properties": { "cell_id": "CELL_1077", "bmc_ward_code": "P/S", "lat": 19.145315, "lon": 72.870067 }, "geometry": { "type": "Polygon", "coordinates": [ [ [ 72.872471397420099, 19.143085083618651 ], [ 72.872413505790462, 19.147600723686629 ], [ 72.867662002541564, 19.147545636807475 ], [ 72.867720023221054, 19.143030010714554 ], [ 72.872471397420099, 19.143085083618651 ] ] ] } },
{ "type": "Feature", "properties": { "cell_id": "CELL_1078", "bmc_ward_code": "P/S", "lat": 19.149831, "lon": 72.870009 }, "geometry": { "type": "Polygon", "coordinates": [ [ [ 72.872413505790462, 19.147600723686629 ], [ 72.87235559786842, 19.152116361369742 ], [ 72.867603965533391, 19.152061260514799 ], [ 72.867662002541564, 19.147545636807475 ], [ 72.872413505790462, 19.147600723686629 ] ] ] } },
{ "type": "Feature", "properties": { "cell_id": "CELL_1079", "bmc_ward_code": "P/S", "lat": 19.154347, "lon": 72.869951 }, "geometry": { "type": "Polygon", "coordinates": [ [ [ 72.87235559786842, 19.152116361369742 ], [ 72.872297673651929, 19.156631996667489 ], [ 72.867545912194458, 19.156576881836024 ], [ 72.867603965533391, 19.152061260514799 ], [ 72.87235559786842, 19.152116361369742 ] ] ] } },
{ "type": "Feature", "properties": { "cell_id": "CELL_1080", "bmc_ward_code": "P/S", "lat": 19.158862, "lon": 72.869893 }, "geometry": { "type": "Polygon", "coordinates": [ [ [ 72.872297673651929, 19.156631996667489 ], [ 72.872239733138954, 19.161147629579396 ], [ 72.867487842522735, 19.161092500770671 ], [ 72.867545912194458, 19.156576881836024 ], [ 72.872297673651929, 19.156631996667489 ] ] ] } },
{ "type": "Feature", "properties": { "cell_id": "CELL_1081", "bmc_ward_code": "P/S", "lat": 19.163378, "lon": 72.869835 }, "geometry": { "type": "Polygon", "coordinates": [ [ [ 72.872239733138954, 19.161147629579396 ], [ 72.872181776327466, 19.165663260104942 ], [ 72.867429756516174, 19.165608117318222 ], [ 72.867487842522735, 19.161092500770671 ], [ 72.872239733138954, 19.161147629579396 ] ] ] } },
{ "type": "Feature", "properties": { "cell_id": "CELL_1082", "bmc_ward_code": "P/S", "lat": 19.167894, "lon": 72.869777 }, "geometry": { "type": "Polygon", "coordinates": [ [ [ 72.872181776327466, 19.165663260104942 ], [ 72.872123803215416, 19.170178888243655 ], [ 72.867371654172743, 19.17012373147821 ], [ 72.867429756516174, 19.165608117318222 ], [ 72.872181776327466, 19.165663260104942 ] ] ] } },
{ "type": "Feature", "properties": { "cell_id": "CELL_1083", "bmc_ward_code": "P/S", "lat": 19.172409, "lon": 72.869719 }, "geometry": { "type": "Polygon", "coordinates": [ [ [ 72.872123803215416, 19.170178888243655 ], [ 72.872065813800774, 19.174694513995043 ], [ 72.86731353549041, 19.174639343250131 ], [ 72.867371654172743, 19.17012373147821 ], [ 72.872123803215416, 19.170178888243655 ] ] ] } },
{ "type": "Feature", "properties": { "cell_id": "CELL_1084", "bmc_ward_code": "P/N", "lat": 19.176925, "lon": 72.869661 }, "geometry": { "type": "Polygon", "coordinates": [ [ [ 72.872065813800774, 19.174694513995043 ], [ 72.872007808081491, 19.179210137358591 ], [ 72.867255400467101, 19.179154952633482 ], [ 72.86731353549041, 19.174639343250131 ], [ 72.872065813800774, 19.174694513995043 ] ] ] } },
{ "type": "Feature", "properties": { "cell_id": "CELL_1085", "bmc_ward_code": "P/N", "lat": 19.18144, "lon": 72.869603 }, "geometry": { "type": "Polygon", "coordinates": [ [ [ 72.872007808081491, 19.179210137358591 ], [ 72.871949786055552, 19.183725758333839 ], [ 72.867197249100784, 19.183670559627792 ], [ 72.867255400467101, 19.179154952633482 ], [ 72.872007808081491, 19.179210137358591 ] ] ] } },
{ "type": "Feature", "properties": { "cell_id": "CELL_1086", "bmc_ward_code": "P/N", "lat": 19.185956, "lon": 72.869544 }, "geometry": { "type": "Polygon", "coordinates": [ [ [ 72.871949786055552, 19.183725758333839 ], [ 72.871891747720881, 19.188241376920267 ], [ 72.867139081389439, 19.188186164232551 ], [ 72.867197249100784, 19.183670559627792 ], [ 72.871949786055552, 19.183725758333839 ] ] ] } },
{ "type": "Feature", "properties": { "cell_id": "CELL_1087", "bmc_ward_code": "P/N", "lat": 19.190472, "lon": 72.869486 }, "geometry": { "type": "Polygon", "coordinates": [ [ [ 72.871891747720881, 19.188241376920267 ], [ 72.871833693075459, 19.192756993117396 ], [ 72.867080897330979, 19.192701766447271 ], [ 72.867139081389439, 19.188186164232551 ], [ 72.871891747720881, 19.188241376920267 ] ] ] } },
{ "type": "Feature", "properties": { "cell_id": "CELL_1088", "bmc_ward_code": "R/S", "lat": 19.194987, "lon": 72.869428 }, "geometry": { "type": "Polygon", "coordinates": [ [ [ 72.871833693075459, 19.192756993117396 ], [ 72.871775622117241, 19.197272606924731 ], [ 72.867022696923371, 19.197217366271467 ], [ 72.867080897330979, 19.192701766447271 ], [ 72.871833693075459, 19.192756993117396 ] ] ] } },
{ "type": "Feature", "properties": { "cell_id": "CELL_1089", "bmc_ward_code": "R/S", "lat": 19.199503, "lon": 72.86937 }, "geometry": { "type": "Polygon", "coordinates": [ [ [ 72.871775622117241, 19.197272606924731 ], [ 72.87171753484418, 19.201788218341779 ], [ 72.866964480164583, 19.201732963704639 ], [ 72.867022696923371, 19.197217366271467 ], [ 72.871775622117241, 19.197272606924731 ] ] ] } },
{ "type": "Feature", "properties": { "cell_id": "CELL_1090", "bmc_ward_code": "R/S", "lat": 19.204018, "lon": 72.869312 }, "geometry": { "type": "Polygon", "coordinates": [ [ [ 72.87171753484418, 19.201788218341779 ], [ 72.871659431254244, 19.206303827368053 ], [ 72.866906247052569, 19.206248558746296 ], [ 72.866964480164583, 19.201732963704639 ], [ 72.87171753484418, 19.201788218341779 ] ] ] } },
{ "type": "Feature", "properties": { "cell_id": "CELL_1091", "bmc_ward_code": "R/S", "lat": 19.208534, "lon": 72.869254 }, "geometry": { "type": "Polygon", "coordinates": [ [ [ 72.871659431254244, 19.206303827368053 ], [ 72.871601311345358, 19.210819434003053 ], [ 72.866847997585253, 19.210764151395942 ], [ 72.866906247052569, 19.206248558746296 ], [ 72.871659431254244, 19.206303827368053 ] ] ] } },
{ "type": "Feature", "properties": { "cell_id": "CELL_1092", "bmc_ward_code": "R/S", "lat": 19.21305, "lon": 72.869196 }, "geometry": { "type": "Polygon", "coordinates": [ [ [ 72.871601311345358, 19.210819434003053 ], [ 72.871543175115519, 19.215335038246288 ], [ 72.866789731760619, 19.215279741653088 ], [ 72.866847997585253, 19.210764151395942 ], [ 72.871601311345358, 19.210819434003053 ] ] ] } },
{ "type": "Feature", "properties": { "cell_id": "CELL_1093", "bmc_ward_code": "R/C", "lat": 19.217565, "lon": 72.869137 }, "geometry": { "type": "Polygon", "coordinates": [ [ [ 72.871543175115519, 19.215335038246288 ], [ 72.871485022562652, 19.21985064009726 ], [ 72.866731449576577, 19.219795329517243 ], [ 72.866789731760619, 19.215279741653088 ], [ 72.871543175115519, 19.215335038246288 ] ] ] } },
{ "type": "Feature", "properties": { "cell_id": "CELL_1094", "bmc_ward_code": "R/C", "lat": 19.222081, "lon": 72.869079 }, "geometry": { "type": "Polygon", "coordinates": [ [ [ 72.871485022562652, 19.21985064009726 ], [ 72.871426853684724, 19.224366239555504 ], [ 72.866673151031122, 19.22431091498791 ], [ 72.866731449576577, 19.219795329517243 ], [ 72.871485022562652, 19.21985064009726 ] ] ] } },
{ "type": "Feature", "properties": { "cell_id": "CELL_1095", "bmc_ward_code": "R/C", "lat": 19.226596, "lon": 72.869021 }, "geometry": { "type": "Polygon", "coordinates": [ [ [ 72.871426853684724, 19.224366239555504 ], [ 72.871368668479676, 19.228881836620499 ], [ 72.866614836122167, 19.228826498064606 ], [ 72.866673151031122, 19.22431091498791 ], [ 72.871426853684724, 19.224366239555504 ] ] ] } },
{ "type": "Feature", "properties": { "cell_id": "CELL_1096", "bmc_ward_code": "R/C", "lat": 19.231112, "lon": 72.868963 }, "geometry": { "type": "Polygon", "coordinates": [ [ [ 72.871368668479676, 19.228881836620499 ], [ 72.871310466945488, 19.233397431291756 ], [ 72.866556504847679, 19.233342078746823 ], [ 72.866614836122167, 19.228826498064606 ], [ 72.871368668479676, 19.228881836620499 ] ] ] } },
{ "type": "Feature", "properties": { "cell_id": "CELL_1097", "bmc_ward_code": "R/C", "lat": 19.235628, "lon": 72.868904 }, "geometry": { "type": "Polygon", "coordinates": [ [ [ 72.871310466945488, 19.233397431291756 ], [ 72.871252249080086, 19.237913023568794 ], [ 72.866498157205584, 19.237857657034084 ], [ 72.866556504847679, 19.233342078746823 ], [ 72.871310466945488, 19.233397431291756 ] ] ] } },
{ "type": "Feature", "properties": { "cell_id": "CELL_1098", "bmc_ward_code": "R/N", "lat": 19.240143, "lon": 72.868846 }, "geometry": { "type": "Polygon", "coordinates": [ [ [ 72.871252249080086, 19.237913023568794 ], [ 72.871194014881425, 19.242428613451118 ], [ 72.866439793193862, 19.242373232925885 ], [ 72.866498157205584, 19.237857657034084 ], [ 72.871252249080086, 19.237913023568794 ] ] ] } },
{ "type": "Feature", "properties": { "cell_id": "CELL_1099", "bmc_ward_code": "R/N", "lat": 19.244659, "lon": 72.868788 }, "geometry": { "type": "Polygon", "coordinates": [ [ [ 72.871194014881425, 19.242428613451118 ], [ 72.871135764347457, 19.246944200938234 ], [ 72.866381412810426, 19.246888806421751 ], [ 72.866439793193862, 19.242373232925885 ], [ 72.871194014881425, 19.242428613451118 ] ] ] } },
{ "type": "Feature", "properties": { "cell_id": "CELL_1100", "bmc_ward_code": "R/N", "lat": 19.249174, "lon": 72.868729 }, "geometry": { "type": "Polygon", "coordinates": [ [ [ 72.871135764347457, 19.246944200938234 ], [ 72.871077497476136, 19.251459786029656 ], [ 72.866323016053258, 19.251404377521169 ], [ 72.866381412810426, 19.246888806421751 ], [ 72.871135764347457, 19.246944200938234 ] ] ] } },
{ "type": "Feature", "properties": { "cell_id": "CELL_1101", "bmc_ward_code": "R/N", "lat": 19.25369, "lon": 72.868671 }, "geometry": { "type": "Polygon", "coordinates": [ [ [ 72.871077497476136, 19.251459786029656 ], [ 72.871019214265402, 19.255975368724879 ], [ 72.866264602920253, 19.255919946223663 ], [ 72.866323016053258, 19.251404377521169 ], [ 72.871077497476136, 19.251459786029656 ] ] ] } },
{ "type": "Feature", "properties": { "cell_id": "CELL_1102", "bmc_ward_code": "R/N", "lat": 19.258205, "lon": 72.868613 }, "geometry": { "type": "Polygon", "coordinates": [ [ [ 72.871019214265402, 19.255975368724879 ], [ 72.870960914713208, 19.260490949023414 ], [ 72.866206173409381, 19.26043551252873 ], [ 72.866264602920253, 19.255919946223663 ], [ 72.871019214265402, 19.255975368724879 ] ] ] } },
{ "type": "Feature", "properties": { "cell_id": "CELL_1103", "bmc_ward_code": "UNKNOWN", "lat": 19.262721, "lon": 72.868554 }, "geometry": { "type": "Polygon", "coordinates": [ [ [ 72.870960914713208, 19.260490949023414 ], [ 72.870902598817509, 19.265006526924783 ], [ 72.866147727518594, 19.264951076435882 ], [ 72.866206173409381, 19.26043551252873 ], [ 72.870960914713208, 19.260490949023414 ] ] ] } },
{ "type": "Feature", "properties": { "cell_id": "CELL_1104", "bmc_ward_code": "UNKNOWN", "lat": 19.267237, "lon": 72.868496 }, "geometry": { "type": "Polygon", "coordinates": [ [ [ 72.870902598817509, 19.265006526924783 ], [ 72.870844266576242, 19.269522102428489 ], [ 72.866089265245819, 19.269466637944635 ], [ 72.866147727518594, 19.264951076435882 ], [ 72.870902598817509, 19.265006526924783 ] ] ] } },
{ "type": "Feature", "properties": { "cell_id": "CELL_1105", "bmc_ward_code": "UNKNOWN", "lat": 19.0099, "lon": 72.876546 }, "geometry": { "type": "Polygon", "coordinates": [ [ [ 72.878948116196909, 19.007669307337938 ], [ 72.87889084036145, 19.012185032644645 ], [ 72.87414317660631, 19.012130486446626 ], [ 72.87420058040675, 19.007614775062006 ], [ 72.878948116196909, 19.007669307337938 ] ] ] } },
{ "type": "Feature", "properties": { "cell_id": "CELL_1106", "bmc_ward_code": "F/N", "lat": 19.014416, "lon": 72.876488 }, "geometry": { "type": "Polygon", "coordinates": [ [ [ 72.87889084036145, 19.012185032644645 ], [ 72.878833548330491, 19.016700755582008 ], [ 72.874085756574203, 19.016646195461185 ], [ 72.87414317660631, 19.012130486446626 ], [ 72.87889084036145, 19.012185032644645 ] ] ] } },
{ "type": "Feature", "properties": { "cell_id": "CELL_1107", "bmc_ward_code": "F/N", "lat": 19.018931, "lon": 72.876431 }, "geometry": { "type": "Polygon", "coordinates": [ [ [ 72.878833548330491, 19.016700755582008 ], [ 72.878776240102013, 19.02121647614954 ], [ 72.874028320308412, 19.021161902105192 ], [ 72.874085756574203, 19.016646195461185 ], [ 72.878833548330491, 19.016700755582008 ] ] ] } },
{ "type": "Feature", "properties": { "cell_id": "CELL_1108", "bmc_ward_code": "F/N", "lat": 19.023447, "lon": 72.876374 }, "geometry": { "type": "Polygon", "coordinates": [ [ [ 72.878776240102013, 19.02121647614954 ], [ 72.878718915674014, 19.025732194346755 ], [ 72.873970867806932, 19.025677606378149 ], [ 72.874028320308412, 19.021161902105192 ], [ 72.878776240102013, 19.02121647614954 ] ] ] } },
{ "type": "Feature", "properties": { "cell_id": "CELL_1109", "bmc_ward_code": "F/N", "lat": 19.027963, "lon": 72.876316 }, "geometry": { "type": "Polygon", "coordinates": [ [ [ 72.878718915674014, 19.025732194346755 ], [ 72.878661575044489, 19.030247910173145 ], [ 72.873913399067732, 19.030193308279557 ], [ 72.873970867806932, 19.025677606378149 ], [ 72.878718915674014, 19.025732194346755 ] ] ] } },
{ "type": "Feature", "properties": { "cell_id": "CELL_1110", "bmc_ward_code": "F/N", "lat": 19.032478, "lon": 72.876259 }, "geometry": { "type": "Polygon", "coordinates": [ [ [ 72.878661575044489, 19.030247910173145 ], [ 72.878604218211422, 19.034763623628226 ], [ 72.873855914088807, 19.034709007808928 ], [ 72.873913399067732, 19.030193308279557 ], [ 72.878661575044489, 19.030247910173145 ] ] ] } },
{ "type": "Feature", "properties": { "cell_id": "CELL_1111", "bmc_ward_code": "F/N", "lat": 19.036994, "lon": 72.876201 }, "geometry": { "type": "Polygon", "coordinates": [ [ [ 72.878604218211422, 19.034763623628226 ], [ 72.878546845172778, 19.039279334711505 ], [ 72.87379841286814, 19.039224704965768 ], [ 72.873855914088807, 19.034709007808928 ], [ 72.878604218211422, 19.034763623628226 ] ] ] } },
{ "type": "Feature", "properties": { "cell_id": "CELL_1112", "bmc_ward_code": "F/N", "lat": 19.04151, "lon": 72.876144 }, "geometry": { "type": "Polygon", "coordinates": [ [ [ 72.878546845172778, 19.039279334711505 ], [ 72.878489455926555, 19.043795043422481 ], [ 72.873740895403699, 19.043740399749581 ], [ 72.87379841286814, 19.039224704965768 ], [ 72.878546845172778, 19.039279334711505 ] ] ] } },
{ "type": "Feature", "properties": { "cell_id": "CELL_1113", "bmc_ward_code": "F/N", "lat": 19.046026, "lon": 72.876086 }, "geometry": { "type": "Polygon", "coordinates": [ [ [ 72.878489455926555, 19.043795043422481 ], [ 72.878432050470764, 19.04831074976066 ], [ 72.87368336169348, 19.048256092159878 ], [ 72.873740895403699, 19.043740399749581 ], [ 72.878489455926555, 19.043795043422481 ] ] ] } },
{ "type": "Feature", "properties": { "cell_id": "CELL_1114", "bmc_ward_code": "L", "lat": 19.050541, "lon": 72.876029 }, "geometry": { "type": "Polygon", "coordinates": [ [ [ 72.878432050470764, 19.04831074976066 ], [ 72.878374628803371, 19.052826453725562 ], [ 72.873625811735451, 19.05277178219616 ], [ 72.87368336169348, 19.048256092159878 ], [ 72.878432050470764, 19.04831074976066 ] ] ] } },
{ "type": "Feature", "properties": { "cell_id": "CELL_1115", "bmc_ward_code": "L", "lat": 19.055057, "lon": 72.875971 }, "geometry": { "type": "Polygon", "coordinates": [ [ [ 72.878374628803371, 19.052826453725562 ], [ 72.87831719092236, 19.057342155316679 ], [ 72.873568245527608, 19.057287469857929 ], [ 72.873625811735451, 19.05277178219616 ], [ 72.878374628803371, 19.052826453725562 ] ] ] } },
{ "type": "Feature", "properties": { "cell_id": "CELL_1116", "bmc_ward_code": "L", "lat": 19.059573, "lon": 72.875914 }, "geometry": { "type": "Polygon", "coordinates": [ [ [ 72.87831719092236, 19.057342155316679 ], [ 72.878259736825697, 19.061857854533518 ], [ 72.873510663067933, 19.061803155144702 ], [ 72.873568245527608, 19.057287469857929 ], [ 72.87831719092236, 19.057342155316679 ] ] ] } },
{ "type": "Feature", "properties": { "cell_id": "CELL_1117", "bmc_ward_code": "L", "lat": 19.064088, "lon": 72.875856 }, "geometry": { "type": "Polygon", "coordinates": [ [ [ 72.878259736825697, 19.061857854533518 ], [ 72.878202266511394, 19.066373551375598 ], [ 72.873453064354365, 19.066318838055981 ], [ 72.873510663067933, 19.061803155144702 ], [ 72.878259736825697, 19.061857854533518 ] ] ] } },
{ "type": "Feature", "properties": { "cell_id": "CELL_1118", "bmc_ward_code": "L", "lat": 19.068604, "lon": 72.875799 }, "geometry": { "type": "Polygon", "coordinates": [ [ [ 72.878202266511394, 19.066373551375598 ], [ 72.878144779977418, 19.070889245842409 ], [ 72.873395449384915, 19.070834518591258 ], [ 72.873453064354365, 19.066318838055981 ], [ 72.878202266511394, 19.066373551375598 ] ] ] } },
{ "type": "Feature", "properties": { "cell_id": "CELL_1119", "bmc_ward_code": "L", "lat": 19.07312, "lon": 72.875741 }, "geometry": { "type": "Polygon", "coordinates": [ [ [ 72.878144779977418, 19.070889245842409 ], [ 72.878087277221766, 19.075404937933474 ], [ 72.873337818157566, 19.075350196750065 ], [ 72.873395449384915, 19.070834518591258 ], [ 72.878144779977418, 19.070889245842409 ] ] ] } },
{ "type": "Feature", "properties": { "cell_id": "CELL_1120", "bmc_ward_code": "L", "lat": 19.077635, "lon": 72.875684 }, "geometry": { "type": "Polygon", "coordinates": [ [ [ 72.878087277221766, 19.075404937933474 ], [ 72.878029758242391, 19.079920627648288 ], [ 72.873280170670284, 19.079865872531894 ], [ 72.873337818157566, 19.075350196750065 ], [ 72.878087277221766, 19.075404937933474 ] ] ] } },
{ "type": "Feature", "properties": { "cell_id": "CELL_1121", "bmc_ward_code": "L", "lat": 19.082151, "lon": 72.875626 }, "geometry": { "type": "Polygon", "coordinates": [ [ [ 72.878029758242391, 19.079920627648288 ], [ 72.877972223037304, 19.084436314986355 ], [ 72.873222506921024, 19.08438154593625 ], [ 72.873280170670284, 19.079865872531894 ], [ 72.878029758242391, 19.079920627648288 ] ] ] } },
{ "type": "Feature", "properties": { "cell_id": "CELL_1122", "bmc_ward_code": "K/E", "lat": 19.086667, "lon": 72.875569 }, "geometry": { "type": "Polygon", "coordinates": [ [ [ 72.877972223037304, 19.084436314986355 ], [ 72.877914671604458, 19.088951999947191 ], [ 72.873164826907797, 19.088897216962646 ], [ 72.873222506921024, 19.08438154593625 ], [ 72.877972223037304, 19.084436314986355 ] ] ] } },
{ "type": "Feature", "properties": { "cell_id": "CELL_1123", "bmc_ward_code": "K/E", "lat": 19.091182, "lon": 72.875511 }, "geometry": { "type": "Polygon", "coordinates": [ [ [ 72.877914671604458, 19.088951999947191 ], [ 72.877857103941849, 19.093467682530303 ], [ 72.873107130628554, 19.093412885610583 ], [ 72.873164826907797, 19.088897216962646 ], [ 72.877914671604458, 19.088951999947191 ] ] ] } },
{ "type": "Feature", "properties": { "cell_id": "CELL_1124", "bmc_ward_code": "K/E", "lat": 19.095698, "lon": 72.875453 }, "geometry": { "type": "Polygon", "coordinates": [ [ [ 72.877857103941849, 19.093467682530303 ], [ 72.877799520047446, 19.097983362735196 ], [ 72.873049418081266, 19.097928551879569 ], [ 72.873107130628554, 19.093412885610583 ], [ 72.877857103941849, 19.093467682530303 ] ] ] } },
{ "type": "Feature", "properties": { "cell_id": "CELL_1125", "bmc_ward_code": "K/E", "lat": 19.100214, "lon": 72.875396 }, "geometry": { "type": "Polygon", "coordinates": [ [ [ 72.877799520047446, 19.097983362735196 ], [ 72.877741919919217, 19.102499040561369 ], [ 72.872991689263927, 19.102444215769111 ], [ 72.873049418081266, 19.097928551879569 ], [ 72.877799520047446, 19.097983362735196 ] ] ] } },
{ "type": "Feature", "properties": { "cell_id": "CELL_1126", "bmc_ward_code": "K/E", "lat": 19.104729, "lon": 72.875338 }, "geometry": { "type": "Polygon", "coordinates": [ [ [ 72.877741919919217, 19.102499040561369 ], [ 72.877684303555171, 19.10701471600834 ], [ 72.872933944174491, 19.106959877278722 ], [ 72.872991689263927, 19.102444215769111 ], [ 72.877741919919217, 19.102499040561369 ] ] ] } },
{ "type": "Feature", "properties": { "cell_id": "CELL_1127", "bmc_ward_code": "K/E", "lat": 19.109245, "lon": 72.87528 }, "geometry": { "type": "Polygon", "coordinates": [ [ [ 72.877684303555171, 19.10701471600834 ], [ 72.877626670953248, 19.1115303890756 ], [ 72.872876182810941, 19.111475536407891 ], [ 72.872933944174491, 19.106959877278722 ], [ 72.877684303555171, 19.10701471600834 ] ] ] } },
{ "type": "Feature", "properties": { "cell_id": "CELL_1128", "bmc_ward_code": "K/E", "lat": 19.113761, "lon": 72.875223 }, "geometry": { "type": "Polygon", "coordinates": [ [ [ 72.877626670953248, 19.1115303890756 ], [ 72.877569022111444, 19.116046059762677 ], [ 72.87281840517123, 19.115991193156141 ], [ 72.872876182810941, 19.111475536407891 ], [ 72.877626670953248, 19.1115303890756 ] ] ] } },
{ "type": "Feature", "properties": { "cell_id": "CELL_1129", "bmc_ward_code": "K/E", "lat": 19.118276, "lon": 72.875165 }, "geometry": { "type": "Polygon", "coordinates": [ [ [ 72.877569022111444, 19.116046059762677 ], [ 72.877511357027728, 19.12056172806907 ], [ 72.872760611253341, 19.120506847522982 ], [ 72.87281840517123, 19.115991193156141 ], [ 72.877569022111444, 19.116046059762677 ] ] ] } },
{ "type": "Feature", "properties": { "cell_id": "CELL_1130", "bmc_ward_code": "K/E", "lat": 19.122792, "lon": 72.875107 }, "geometry": { "type": "Polygon", "coordinates": [ [ [ 72.877511357027728, 19.12056172806907 ], [ 72.877453675700082, 19.125077393994275 ], [ 72.87270280105524, 19.125022499507907 ], [ 72.872760611253341, 19.120506847522982 ], [ 72.877511357027728, 19.12056172806907 ] ] ] } },
{ "type": "Feature", "properties": { "cell_id": "CELL_1131", "bmc_ward_code": "K/E", "lat": 19.127308, "lon": 72.875049 }, "geometry": { "type": "Polygon", "coordinates": [ [ [ 72.877453675700082, 19.125077393994275 ], [ 72.877395978126458, 19.129593057537818 ], [ 72.872644974574897, 19.129538149110431 ], [ 72.87270280105524, 19.125022499507907 ], [ 72.877453675700082, 19.125077393994275 ] ] ] } },
{ "type": "Feature", "properties": { "cell_id": "CELL_1132", "bmc_ward_code": "K/E", "lat": 19.131823, "lon": 72.874992 }, "geometry": { "type": "Polygon", "coordinates": [ [ [ 72.877395978126458, 19.129593057537818 ], [ 72.877338264304854, 19.134108718699192 ], [ 72.872587131810292, 19.134053796330058 ], [ 72.872644974574897, 19.129538149110431 ], [ 72.877395978126458, 19.129593057537818 ] ] ] } },
{ "type": "Feature", "properties": { "cell_id": "CELL_1133", "bmc_ward_code": "K/E", "lat": 19.136339, "lon": 72.874934 }, "geometry": { "type": "Polygon", "coordinates": [ [ [ 72.877338264304854, 19.134108718699192 ], [ 72.877280534233222, 19.138624377477907 ], [ 72.872529272759365, 19.138569441166293 ], [ 72.872587131810292, 19.134053796330058 ], [ 72.877338264304854, 19.134108718699192 ] ] ] } },
{ "type": "Feature", "properties": { "cell_id": "CELL_1134", "bmc_ward_code": "P/S", "lat": 19.140855, "lon": 72.874876 }, "geometry": { "type": "Polygon", "coordinates": [ [ [ 72.877280534233222, 19.138624377477907 ], [ 72.877222787909531, 19.143140033873472 ], [ 72.872471397420099, 19.143085083618651 ], [ 72.872529272759365, 19.138569441166293 ], [ 72.877280534233222, 19.138624377477907 ] ] ] } },
{ "type": "Feature", "properties": { "cell_id": "CELL_1135", "bmc_ward_code": "P/S", "lat": 19.14537, "lon": 72.874818 }, "geometry": { "type": "Polygon", "coordinates": [ [ [ 72.877222787909531, 19.143140033873472 ], [ 72.877165025331777, 19.147655687885393 ], [ 72.872413505790462, 19.147600723686629 ], [ 72.872471397420099, 19.143085083618651 ], [ 72.877222787909531, 19.143140033873472 ] ] ] } },
{ "type": "Feature", "properties": { "cell_id": "CELL_1136", "bmc_ward_code": "P/S", "lat": 19.149886, "lon": 72.87476 }, "geometry": { "type": "Polygon", "coordinates": [ [ [ 72.877165025331777, 19.147655687885393 ], [ 72.8771072464979, 19.152171339513181 ], [ 72.87235559786842, 19.152116361369742 ], [ 72.872413505790462, 19.147600723686629 ], [ 72.877165025331777, 19.147655687885393 ] ] ] } },
{ "type": "Feature", "properties": { "cell_id": "CELL_1137", "bmc_ward_code": "P/S", "lat": 19.154402, "lon": 72.874702 }, "geometry": { "type": "Polygon", "coordinates": [ [ [ 72.8771072464979, 19.152171339513181 ], [ 72.877049451405895, 19.156686988756341 ], [ 72.872297673651929, 19.156631996667489 ], [ 72.87235559786842, 19.152116361369742 ], [ 72.8771072464979, 19.152171339513181 ] ] ] } },
{ "type": "Feature", "properties": { "cell_id": "CELL_1138", "bmc_ward_code": "P/S", "lat": 19.158917, "lon": 72.874645 }, "geometry": { "type": "Polygon", "coordinates": [ [ [ 72.877049451405895, 19.156686988756341 ], [ 72.876991640053703, 19.161202635614384 ], [ 72.872239733138954, 19.161147629579396 ], [ 72.872297673651929, 19.156631996667489 ], [ 72.877049451405895, 19.156686988756341 ] ] ] } },
{ "type": "Feature", "properties": { "cell_id": "CELL_1139", "bmc_ward_code": "P/S", "lat": 19.163433, "lon": 72.874587 }, "geometry": { "type": "Polygon", "coordinates": [ [ [ 72.876991640053703, 19.161202635614384 ], [ 72.876933812439319, 19.165718280086804 ], [ 72.872181776327466, 19.165663260104942 ], [ 72.872239733138954, 19.161147629579396 ], [ 72.876991640053703, 19.161202635614384 ] ] ] } },
{ "type": "Feature", "properties": { "cell_id": "CELL_1140", "bmc_ward_code": "P/S", "lat": 19.167949, "lon": 72.874529 }, "geometry": { "type": "Polygon", "coordinates": [ [ [ 72.876933812439319, 19.165718280086804 ], [ 72.876875968560682, 19.170233922173121 ], [ 72.872123803215416, 19.170178888243655 ], [ 72.872181776327466, 19.165663260104942 ], [ 72.876933812439319, 19.165718280086804 ] ] ] } },
{ "type": "Feature", "properties": { "cell_id": "CELL_1141", "bmc_ward_code": "P/N", "lat": 19.172464, "lon": 72.874471 }, "geometry": { "type": "Polygon", "coordinates": [ [ [ 72.876875968560682, 19.170233922173121 ], [ 72.876818108415776, 19.174749561872847 ], [ 72.872065813800774, 19.174694513995043 ], [ 72.872123803215416, 19.170178888243655 ], [ 72.876875968560682, 19.170233922173121 ] ] ] } },
{ "type": "Feature", "properties": { "cell_id": "CELL_1142", "bmc_ward_code": "P/N", "lat": 19.17698, "lon": 72.874413 }, "geometry": { "type": "Polygon", "coordinates": [ [ [ 72.876818108415776, 19.174749561872847 ], [ 72.876760232002567, 19.179265199185473 ], [ 72.872007808081491, 19.179210137358591 ], [ 72.872065813800774, 19.174694513995043 ], [ 72.876818108415776, 19.174749561872847 ] ] ] } },
{ "type": "Feature", "properties": { "cell_id": "CELL_1143", "bmc_ward_code": "P/N", "lat": 19.181495, "lon": 72.874355 }, "geometry": { "type": "Polygon", "coordinates": [ [ [ 72.876760232002567, 19.179265199185473 ], [ 72.87670233931901, 19.183780834110522 ], [ 72.871949786055552, 19.183725758333839 ], [ 72.872007808081491, 19.179210137358591 ], [ 72.876760232002567, 19.179265199185473 ] ] ] } },
{ "type": "Feature", "properties": { "cell_id": "CELL_1144", "bmc_ward_code": "P/N", "lat": 19.186011, "lon": 72.874297 }, "geometry": { "type": "Polygon", "coordinates": [ [ [ 72.87670233931901, 19.183780834110522 ], [ 72.876644430363086, 19.188296466647497 ], [ 72.871891747720881, 19.188241376920267 ], [ 72.871949786055552, 19.183725758333839 ], [ 72.87670233931901, 19.183780834110522 ] ] ] } },
{ "type": "Feature", "properties": { "cell_id": "CELL_1145", "bmc_ward_code": "P/N", "lat": 19.190527, "lon": 72.874239 }, "geometry": { "type": "Polygon", "coordinates": [ [ [ 72.876644430363086, 19.188296466647497 ], [ 72.876586505132735, 19.192812096795905 ], [ 72.871833693075459, 19.192756993117396 ], [ 72.871891747720881, 19.188241376920267 ], [ 72.876644430363086, 19.188296466647497 ] ] ] } },
{ "type": "Feature", "properties": { "cell_id": "CELL_1146", "bmc_ward_code": "R/S", "lat": 19.195042, "lon": 72.874181 }, "geometry": { "type": "Polygon", "coordinates": [ [ [ 72.876586505132735, 19.192812096795905 ], [ 72.876528563625939, 19.197327724555251 ], [ 72.871775622117241, 19.197272606924731 ], [ 72.871833693075459, 19.192756993117396 ], [ 72.876586505132735, 19.192812096795905 ] ] ] } },
{ "type": "Feature", "properties": { "cell_id": "CELL_1147", "bmc_ward_code": "R/S", "lat": 19.199558, "lon": 72.874123 }, "geometry": { "type": "Polygon", "coordinates": [ [ [ 72.876528563625939, 19.197327724555251 ], [ 72.876470605840652, 19.201843349925046 ], [ 72.87171753484418, 19.201788218341779 ], [ 72.871775622117241, 19.197272606924731 ], [ 72.876528563625939, 19.197327724555251 ] ] ] } },
{ "type": "Feature", "properties": { "cell_id": "CELL_1148", "bmc_ward_code": "R/S", "lat": 19.204074, "lon": 72.874065 }, "geometry": { "type": "Polygon", "coordinates": [ [ [ 72.876470605840652, 19.201843349925046 ], [ 72.876412631774826, 19.206358972904791 ], [ 72.871659431254244, 19.206303827368053 ], [ 72.87171753484418, 19.201788218341779 ], [ 72.876470605840652, 19.201843349925046 ] ] ] } },
{ "type": "Feature", "properties": { "cell_id": "CELL_1149", "bmc_ward_code": "R/S", "lat": 19.208589, "lon": 72.874007 }, "geometry": { "type": "Polygon", "coordinates": [ [ [ 72.876412631774826, 19.206358972904791 ], [ 72.876354641426445, 19.210874593494008 ], [ 72.871601311345358, 19.210819434003053 ], [ 72.871659431254244, 19.206303827368053 ], [ 72.876412631774826, 19.206358972904791 ] ] ] } },
{ "type": "Feature", "properties": { "cell_id": "CELL_1150", "bmc_ward_code": "R/S", "lat": 19.213105, "lon": 72.873949 }, "geometry": { "type": "Polygon", "coordinates": [ [ [ 72.876354641426445, 19.210874593494008 ], [ 72.876296634793448, 19.215390211692199 ], [ 72.871543175115519, 19.215335038246288 ], [ 72.871601311345358, 19.210819434003053 ], [ 72.876354641426445, 19.210874593494008 ] ] ] } },
{ "type": "Feature", "properties": { "cell_id": "CELL_1151", "bmc_ward_code": "R/C", "lat": 19.21762, "lon": 72.873891 }, "geometry": { "type": "Polygon", "coordinates": [ [ [ 72.876296634793448, 19.215390211692199 ], [ 72.876238611873788, 19.219905827498863 ], [ 72.871485022562652, 19.21985064009726 ], [ 72.871543175115519, 19.215335038246288 ], [ 72.876296634793448, 19.215390211692199 ] ] ] } },
{ "type": "Feature", "properties": { "cell_id": "CELL_1152", "bmc_ward_code": "R/C", "lat": 19.222136, "lon": 72.873833 }, "geometry": { "type": "Polygon", "coordinates": [ [ [ 72.876238611873788, 19.219905827498863 ], [ 72.876180572665447, 19.22442144091352 ], [ 72.871426853684724, 19.224366239555504 ], [ 72.871485022562652, 19.21985064009726 ], [ 72.876238611873788, 19.219905827498863 ] ] ] } },
{ "type": "Feature", "properties": { "cell_id": "CELL_1153", "bmc_ward_code": "R/C", "lat": 19.226652, "lon": 72.873775 }, "geometry": { "type": "Polygon", "coordinates": [ [ [ 72.876180572665447, 19.22442144091352 ], [ 72.876122517166365, 19.228937051935677 ], [ 72.871368668479676, 19.228881836620499 ], [ 72.871426853684724, 19.224366239555504 ], [ 72.876180572665447, 19.22442144091352 ] ] ] } },
{ "type": "Feature", "properties": { "cell_id": "CELL_1154", "bmc_ward_code": "R/C", "lat": 19.231167, "lon": 72.873717 }, "geometry": { "type": "Polygon", "coordinates": [ [ [ 72.876122517166365, 19.228937051935677 ], [ 72.87606444537451, 19.233452660564829 ], [ 72.871310466945488, 19.233397431291756 ], [ 72.871368668479676, 19.228881836620499 ], [ 72.876122517166365, 19.228937051935677 ] ] ] } },
{ "type": "Feature", "properties": { "cell_id": "CELL_1155", "bmc_ward_code": "R/C", "lat": 19.235683, "lon": 72.873658 }, "geometry": { "type": "Polygon", "coordinates": [ [ [ 72.87606444537451, 19.233452660564829 ], [ 72.876006357287849, 19.2379682668005 ], [ 72.871252249080086, 19.237913023568794 ], [ 72.871310466945488, 19.233397431291756 ], [ 72.87606444537451, 19.233452660564829 ] ] ] } },
{ "type": "Feature", "properties": { "cell_id": "CELL_1156", "bmc_ward_code": "R/N", "lat": 19.240198, "lon": 72.8736 }, "geometry": { "type": "Polygon", "coordinates": [ [ [ 72.876006357287849, 19.2379682668005 ], [ 72.875948252904294, 19.242483870642193 ], [ 72.871194014881425, 19.242428613451118 ], [ 72.871252249080086, 19.237913023568794 ], [ 72.876006357287849, 19.2379682668005 ] ] ] } },
{ "type": "Feature", "properties": { "cell_id": "CELL_1157", "bmc_ward_code": "R/N", "lat": 19.244714, "lon": 72.873542 }, "geometry": { "type": "Polygon", "coordinates": [ [ [ 72.875948252904294, 19.242483870642193 ], [ 72.875890132221841, 19.246999472089414 ], [ 72.871135764347457, 19.246944200938234 ], [ 72.871194014881425, 19.242428613451118 ], [ 72.875948252904294, 19.242483870642193 ] ] ] } },
{ "type": "Feature", "properties": { "cell_id": "CELL_1158", "bmc_ward_code": "R/N", "lat": 19.24923, "lon": 72.873484 }, "geometry": { "type": "Polygon", "coordinates": [ [ [ 72.875890132221841, 19.246999472089414 ], [ 72.875831995238428, 19.251515071141679 ], [ 72.871077497476136, 19.251459786029656 ], [ 72.871135764347457, 19.246944200938234 ], [ 72.875890132221841, 19.246999472089414 ] ] ] } },
{ "type": "Feature", "properties": { "cell_id": "CELL_1159", "bmc_ward_code": "R/N", "lat": 19.253745, "lon": 72.873426 }, "geometry": { "type": "Polygon", "coordinates": [ [ [ 72.875831995238428, 19.251515071141679 ], [ 72.875773841952025, 19.25603066779848 ], [ 72.871019214265402, 19.255975368724879 ], [ 72.871077497476136, 19.251459786029656 ], [ 72.875831995238428, 19.251515071141679 ] ] ] } },
{ "type": "Feature", "properties": { "cell_id": "CELL_1160", "bmc_ward_code": "R/N", "lat": 19.258261, "lon": 72.873367 }, "geometry": { "type": "Polygon", "coordinates": [ [ [ 72.875773841952025, 19.25603066779848 ], [ 72.875715672360556, 19.260546262059336 ], [ 72.870960914713208, 19.260490949023414 ], [ 72.871019214265402, 19.255975368724879 ], [ 72.875773841952025, 19.25603066779848 ] ] ] } },
{ "type": "Feature", "properties": { "cell_id": "CELL_1161", "bmc_ward_code": "UNKNOWN", "lat": 19.262776, "lon": 72.873309 }, "geometry": { "type": "Polygon", "coordinates": [ [ [ 72.875715672360556, 19.260546262059336 ], [ 72.875657486461989, 19.265061853923761 ], [ 72.870902598817509, 19.265006526924783 ], [ 72.870960914713208, 19.260490949023414 ], [ 72.875715672360556, 19.260546262059336 ] ] ] } },
{ "type": "Feature", "properties": { "cell_id": "CELL_1162", "bmc_ward_code": "UNKNOWN", "lat": 19.009954, "lon": 72.881293 }, "geometry": { "type": "Polygon", "coordinates": [ [ [ 72.883695668180565, 19.00772371789548 ], [ 72.88363852031209, 19.012239457093195 ], [ 72.87889084036145, 19.012185032644645 ], [ 72.878948116196909, 19.007669307337938 ], [ 72.883695668180565, 19.00772371789548 ] ] ] } },
{ "type": "Feature", "properties": { "cell_id": "CELL_1163", "bmc_ward_code": "F/N", "lat": 19.01447, "lon": 72.881236 }, "geometry": { "type": "Polygon", "coordinates": [ [ [ 72.88363852031209, 19.012239457093195 ], [ 72.883581356284282, 19.016755193922297 ], [ 72.878833548330491, 19.016700755582008 ], [ 72.87889084036145, 19.012185032644645 ], [ 72.88363852031209, 19.012239457093195 ] ] ] } },
{ "type": "Feature", "properties": { "cell_id": "CELL_1164", "bmc_ward_code": "M/W", "lat": 19.018986, "lon": 72.881179 }, "geometry": { "type": "Polygon", "coordinates": [ [ [ 72.883581356284282, 19.016755193922297 ], [ 72.883524176095136, 19.02127092838229 ], [ 72.878776240102013, 19.02121647614954 ], [ 72.878833548330491, 19.016700755582008 ], [ 72.883581356284282, 19.016755193922297 ] ] ] } },
{ "type": "Feature", "properties": { "cell_id": "CELL_1165", "bmc_ward_code": "M/W", "lat": 19.023502, "lon": 72.881122 }, "geometry": { "type": "Polygon", "coordinates": [ [ [ 72.883524176095136, 19.02127092838229 ], [ 72.883466979742636, 19.02578666047269 ], [ 72.878718915674014, 19.025732194346755 ], [ 72.878776240102013, 19.02121647614954 ], [ 72.883524176095136, 19.02127092838229 ] ] ] } },
{ "type": "Feature", "properties": { "cell_id": "CELL_1166", "bmc_ward_code": "M/W", "lat": 19.028017, "lon": 72.881064 }, "geometry": { "type": "Polygon", "coordinates": [ [ [ 72.883466979742636, 19.02578666047269 ], [ 72.883409767224791, 19.030302390192993 ], [ 72.878661575044489, 19.030247910173145 ], [ 72.878718915674014, 19.025732194346755 ], [ 72.883466979742636, 19.02578666047269 ] ] ] } },
{ "type": "Feature", "properties": { "cell_id": "CELL_1167", "bmc_ward_code": "M/W", "lat": 19.032533, "lon": 72.881007 }, "geometry": { "type": "Polygon", "coordinates": [ [ [ 72.883409767224791, 19.030302390192993 ], [ 72.883352538539569, 19.034818117542713 ], [ 72.878604218211422, 19.034763623628226 ], [ 72.878661575044489, 19.030247910173145 ], [ 72.883409767224791, 19.030302390192993 ] ] ] } },
{ "type": "Feature", "properties": { "cell_id": "CELL_1168", "bmc_ward_code": "F/N", "lat": 19.037049, "lon": 72.88095 }, "geometry": { "type": "Polygon", "coordinates": [ [ [ 72.883352538539569, 19.034818117542713 ], [ 72.883295293684981, 19.039333842521344 ], [ 72.878546845172778, 19.039279334711505 ], [ 72.878604218211422, 19.034763623628226 ], [ 72.883352538539569, 19.034818117542713 ] ] ] } },
{ "type": "Feature", "properties": { "cell_id": "CELL_1169", "bmc_ward_code": "M/W", "lat": 19.041564, "lon": 72.880892 }, "geometry": { "type": "Polygon", "coordinates": [ [ [ 72.883295293684981, 19.039333842521344 ], [ 72.883238032659023, 19.043849565128408 ], [ 72.878489455926555, 19.043795043422481 ], [ 72.878546845172778, 19.039279334711505 ], [ 72.883295293684981, 19.039333842521344 ] ] ] } },
{ "type": "Feature", "properties": { "cell_id": "CELL_1170", "bmc_ward_code": "M/W", "lat": 19.04608, "lon": 72.880835 }, "geometry": { "type": "Polygon", "coordinates": [ [ [ 72.883238032659023, 19.043849565128408 ], [ 72.883180755459662, 19.048365285363403 ], [ 72.878432050470764, 19.04831074976066 ], [ 72.878489455926555, 19.043795043422481 ], [ 72.883238032659023, 19.043849565128408 ] ] ] } },
{ "type": "Feature", "properties": { "cell_id": "CELL_1171", "bmc_ward_code": "M/W", "lat": 19.050596, "lon": 72.880778 }, "geometry": { "type": "Polygon", "coordinates": [ [ [ 72.883180755459662, 19.048365285363403 ], [ 72.883123462084896, 19.052881003225835 ], [ 72.878374628803371, 19.052826453725562 ], [ 72.878432050470764, 19.04831074976066 ], [ 72.883180755459662, 19.048365285363403 ] ] ] } },
{ "type": "Feature", "properties": { "cell_id": "CELL_1172", "bmc_ward_code": "L", "lat": 19.055112, "lon": 72.88072 }, "geometry": { "type": "Polygon", "coordinates": [ [ [ 72.883123462084896, 19.052881003225835 ], [ 72.883066152532734, 19.057396718715211 ], [ 72.87831719092236, 19.057342155316679 ], [ 72.878374628803371, 19.052826453725562 ], [ 72.883123462084896, 19.052881003225835 ] ] ] } },
{ "type": "Feature", "properties": { "cell_id": "CELL_1173", "bmc_ward_code": "L", "lat": 19.059627, "lon": 72.880663 }, "geometry": { "type": "Polygon", "coordinates": [ [ [ 72.883066152532734, 19.057396718715211 ], [ 72.883008826801131, 19.061912431831043 ], [ 72.878259736825697, 19.061857854533518 ], [ 72.87831719092236, 19.057342155316679 ], [ 72.883066152532734, 19.057396718715211 ] ] ] } },
{ "type": "Feature", "properties": { "cell_id": "CELL_1174", "bmc_ward_code": "L", "lat": 19.064143, "lon": 72.880606 }, "geometry": { "type": "Polygon", "coordinates": [ [ [ 72.883008826801131, 19.061912431831043 ], [ 72.882951484888096, 19.066428142572835 ], [ 72.878202266511394, 19.066373551375598 ], [ 72.878259736825697, 19.061857854533518 ], [ 72.883008826801131, 19.061912431831043 ] ] ] } },
{ "type": "Feature", "properties": { "cell_id": "CELL_1175", "bmc_ward_code": "L", "lat": 19.068659, "lon": 72.880548 }, "geometry": { "type": "Polygon", "coordinates": [ [ [ 72.882951484888096, 19.066428142572835 ], [ 72.882894126791612, 19.07094385094009 ], [ 72.878144779977418, 19.070889245842409 ], [ 72.878202266511394, 19.066373551375598 ], [ 72.882951484888096, 19.066428142572835 ] ] ] } },
{ "type": "Feature", "properties": { "cell_id": "CELL_1176", "bmc_ward_code": "L", "lat": 19.073174, "lon": 72.880491 }, "geometry": { "type": "Polygon", "coordinates": [ [ [ 72.882894126791612, 19.07094385094009 ], [ 72.882836752509661, 19.075459556932323 ], [ 72.878087277221766, 19.075404937933474 ], [ 72.878144779977418, 19.070889245842409 ], [ 72.882894126791612, 19.07094385094009 ] ] ] } },
{ "type": "Feature", "properties": { "cell_id": "CELL_1177", "bmc_ward_code": "L", "lat": 19.07769, "lon": 72.880433 }, "geometry": { "type": "Polygon", "coordinates": [ [ [ 72.882836752509661, 19.075459556932323 ], [ 72.882779362040239, 19.07997526054903 ], [ 72.878029758242391, 19.079920627648288 ], [ 72.878087277221766, 19.075404937933474 ], [ 72.882836752509661, 19.075459556932323 ] ] ] } },
{ "type": "Feature", "properties": { "cell_id": "CELL_1178", "bmc_ward_code": "L", "lat": 19.082206, "lon": 72.880376 }, "geometry": { "type": "Polygon", "coordinates": [ [ [ 72.882779362040239, 19.07997526054903 ], [ 72.882721955381314, 19.084490961789719 ], [ 72.877972223037304, 19.084436314986355 ], [ 72.878029758242391, 19.079920627648288 ], [ 72.882779362040239, 19.07997526054903 ] ] ] } },
{ "type": "Feature", "properties": { "cell_id": "CELL_1179", "bmc_ward_code": "L", "lat": 19.086721, "lon": 72.880318 }, "geometry": { "type": "Polygon", "coordinates": [ [ [ 72.882721955381314, 19.084490961789719 ], [ 72.882664532530882, 19.089006660653911 ], [ 72.877914671604458, 19.088951999947191 ], [ 72.877972223037304, 19.084436314986355 ], [ 72.882721955381314, 19.084490961789719 ] ] ] } },
{ "type": "Feature", "properties": { "cell_id": "CELL_1180", "bmc_ward_code": "L", "lat": 19.091237, "lon": 72.880261 }, "geometry": { "type": "Polygon", "coordinates": [ [ [ 72.882664532530882, 19.089006660653911 ], [ 72.882607093486925, 19.093522357141097 ], [ 72.877857103941849, 19.093467682530303 ], [ 72.877914671604458, 19.088951999947191 ], [ 72.882664532530882, 19.089006660653911 ] ] ] } },
{ "type": "Feature", "properties": { "cell_id": "CELL_1181", "bmc_ward_code": "K/E", "lat": 19.095753, "lon": 72.880203 }, "geometry": { "type": "Polygon", "coordinates": [ [ [ 72.882607093486925, 19.093522357141097 ], [ 72.882549638247411, 19.098038051250793 ], [ 72.877799520047446, 19.097983362735196 ], [ 72.877857103941849, 19.093467682530303 ], [ 72.882607093486925, 19.093522357141097 ] ] ] } },
{ "type": "Feature", "properties": { "cell_id": "CELL_1182", "bmc_ward_code": "L", "lat": 19.100269, "lon": 72.880146 }, "geometry": { "type": "Polygon", "coordinates": [ [ [ 72.882549638247411, 19.098038051250793 ], [ 72.882492166810351, 19.102553742982501 ], [ 72.877741919919217, 19.102499040561369 ], [ 72.877799520047446, 19.097983362735196 ], [ 72.882549638247411, 19.098038051250793 ] ] ] } },
{ "type": "Feature", "properties": { "cell_id": "CELL_1183", "bmc_ward_code": "K/E", "lat": 19.104784, "lon": 72.880088 }, "geometry": { "type": "Polygon", "coordinates": [ [ [ 72.882492166810351, 19.102553742982501 ], [ 72.882434679173699, 19.107069432335734 ], [ 72.877684303555171, 19.10701471600834 ], [ 72.877741919919217, 19.102499040561369 ], [ 72.882492166810351, 19.102553742982501 ] ] ] } },
{ "type": "Feature", "properties": { "cell_id": "CELL_1184", "bmc_ward_code": "K/E", "lat": 19.1093, "lon": 72.880031 }, "geometry": { "type": "Polygon", "coordinates": [ [ [ 72.882434679173699, 19.107069432335734 ], [ 72.882377175335449, 19.111585119309986 ], [ 72.877626670953248, 19.1115303890756 ], [ 72.877684303555171, 19.10701471600834 ], [ 72.882434679173699, 19.107069432335734 ] ] ] } },
{ "type": "Feature", "properties": { "cell_id": "CELL_1185", "bmc_ward_code": "K/E", "lat": 19.113816, "lon": 72.879973 }, "geometry": { "type": "Polygon", "coordinates": [ [ [ 72.882377175335449, 19.111585119309986 ], [ 72.882319655293585, 19.116100803904782 ], [ 72.877569022111444, 19.116046059762677 ], [ 72.877626670953248, 19.1115303890756 ], [ 72.882377175335449, 19.111585119309986 ] ] ] } },
{ "type": "Feature", "properties": { "cell_id": "CELL_1186", "bmc_ward_code": "K/E", "lat": 19.118331, "lon": 72.879916 }, "geometry": { "type": "Polygon", "coordinates": [ [ [ 72.882319655293585, 19.116100803904782 ], [ 72.882262119046061, 19.12061648611963 ], [ 72.877511357027728, 19.12056172806907 ], [ 72.877569022111444, 19.116046059762677 ], [ 72.882319655293585, 19.116100803904782 ] ] ] } },
{ "type": "Feature", "properties": { "cell_id": "CELL_1187", "bmc_ward_code": "K/E", "lat": 19.122847, "lon": 72.879858 }, "geometry": { "type": "Polygon", "coordinates": [ [ [ 72.882262119046061, 19.12061648611963 ], [ 72.882204566590872, 19.12513216595401 ], [ 72.877453675700082, 19.125077393994275 ], [ 72.877511357027728, 19.12056172806907 ], [ 72.882262119046061, 19.12061648611963 ] ] ] } },
{ "type": "Feature", "properties": { "cell_id": "CELL_1188", "bmc_ward_code": "K/E", "lat": 19.127363, "lon": 72.8798 }, "geometry": { "type": "Polygon", "coordinates": [ [ [ 72.882204566590872, 19.12513216595401 ], [ 72.882146997926014, 19.129647843407458 ], [ 72.877395978126458, 19.129593057537818 ], [ 72.877453675700082, 19.125077393994275 ], [ 72.882204566590872, 19.12513216595401 ] ] ] } },
{ "type": "Feature", "properties": { "cell_id": "CELL_1189", "bmc_ward_code": "K/E", "lat": 19.131878, "lon": 72.879743 }, "geometry": { "type": "Polygon", "coordinates": [ [ [ 72.882146997926014, 19.129647843407458 ], [ 72.882089413049428, 19.134163518479468 ], [ 72.877338264304854, 19.134108718699192 ], [ 72.877395978126458, 19.129593057537818 ], [ 72.882146997926014, 19.129647843407458 ] ] ] } },
{ "type": "Feature", "properties": { "cell_id": "CELL_1190", "bmc_ward_code": "K/E", "lat": 19.136394, "lon": 72.879685 }, "geometry": { "type": "Polygon", "coordinates": [ [ [ 72.882089413049428, 19.134163518479468 ], [ 72.882031811959109, 19.138679191169551 ], [ 72.877280534233222, 19.138624377477907 ], [ 72.877338264304854, 19.134108718699192 ], [ 72.882089413049428, 19.134163518479468 ] ] ] } },
{ "type": "Feature", "properties": { "cell_id": "CELL_1191", "bmc_ward_code": "P/S", "lat": 19.14091, "lon": 72.879627 }, "geometry": { "type": "Polygon", "coordinates": [ [ [ 72.882031811959109, 19.138679191169551 ], [ 72.88197419465304, 19.14319486147722 ], [ 72.877222787909531, 19.143140033873472 ], [ 72.877280534233222, 19.138624377477907 ], [ 72.882031811959109, 19.138679191169551 ] ] ] } },
{ "type": "Feature", "properties": { "cell_id": "CELL_1192", "bmc_ward_code": "P/S", "lat": 19.145425, "lon": 72.87957 }, "geometry": { "type": "Polygon", "coordinates": [ [ [ 72.88197419465304, 19.14319486147722 ], [ 72.881916561129188, 19.147710529401966 ], [ 72.877165025331777, 19.147655687885393 ], [ 72.877222787909531, 19.143140033873472 ], [ 72.88197419465304, 19.14319486147722 ] ] ] } },
{ "type": "Feature", "properties": { "cell_id": "CELL_1193", "bmc_ward_code": "P/S", "lat": 19.149941, "lon": 72.879512 }, "geometry": { "type": "Polygon", "coordinates": [ [ [ 72.881916561129188, 19.147710529401966 ], [ 72.881858911385521, 19.152226194943307 ], [ 72.8771072464979, 19.152171339513181 ], [ 72.877165025331777, 19.147655687885393 ], [ 72.881916561129188, 19.147710529401966 ] ] ] } },
{ "type": "Feature", "properties": { "cell_id": "CELL_1194", "bmc_ward_code": "P/S", "lat": 19.154457, "lon": 72.879454 }, "geometry": { "type": "Polygon", "coordinates": [ [ [ 72.881858911385521, 19.152226194943307 ], [ 72.881801245420007, 19.156741858100759 ], [ 72.877049451405895, 19.156686988756341 ], [ 72.8771072464979, 19.152171339513181 ], [ 72.881858911385521, 19.152226194943307 ] ] ] } },
{ "type": "Feature", "properties": { "cell_id": "CELL_1195", "bmc_ward_code": "P/S", "lat": 19.158972, "lon": 72.879396 }, "geometry": { "type": "Polygon", "coordinates": [ [ [ 72.881801245420007, 19.156741858100759 ], [ 72.881743563230657, 19.161257518873825 ], [ 72.876991640053703, 19.161202635614384 ], [ 72.877049451405895, 19.156686988756341 ], [ 72.881801245420007, 19.156741858100759 ] ] ] } },
{ "type": "Feature", "properties": { "cell_id": "CELL_1196", "bmc_ward_code": "P/S", "lat": 19.163488, "lon": 72.879339 }, "geometry": { "type": "Polygon", "coordinates": [ [ [ 72.881743563230657, 19.161257518873825 ], [ 72.881685864815395, 19.165773177261997 ], [ 72.876933812439319, 19.165718280086804 ], [ 72.876991640053703, 19.161202635614384 ], [ 72.881743563230657, 19.161257518873825 ] ] ] } },
{ "type": "Feature", "properties": { "cell_id": "CELL_1197", "bmc_ward_code": "P/N", "lat": 19.168004, "lon": 72.879281 }, "geometry": { "type": "Polygon", "coordinates": [ [ [ 72.881685864815395, 19.165773177261997 ], [ 72.881628150172219, 19.170288833264799 ], [ 72.876875968560682, 19.170233922173121 ], [ 72.876933812439319, 19.165718280086804 ], [ 72.881685864815395, 19.165773177261997 ] ] ] } },
{ "type": "Feature", "properties": { "cell_id": "CELL_1198", "bmc_ward_code": "P/N", "lat": 19.172519, "lon": 72.879223 }, "geometry": { "type": "Polygon", "coordinates": [ [ [ 72.881628150172219, 19.170288833264799 ], [ 72.881570419299081, 19.174804486881737 ], [ 72.876818108415776, 19.174749561872847 ], [ 72.876875968560682, 19.170233922173121 ], [ 72.881628150172219, 19.170288833264799 ] ] ] } },
{ "type": "Feature", "properties": { "cell_id": "CELL_1199", "bmc_ward_code": "P/N", "lat": 19.177035, "lon": 72.879165 }, "geometry": { "type": "Polygon", "coordinates": [ [ [ 72.881570419299081, 19.174804486881737 ], [ 72.881512672193978, 19.17932013811231 ], [ 72.876760232002567, 19.179265199185473 ], [ 72.876818108415776, 19.174749561872847 ], [ 72.881570419299081, 19.174804486881737 ] ] ] } },
{ "type": "Feature", "properties": { "cell_id": "CELL_1200", "bmc_ward_code": "P/N", "lat": 19.181551, "lon": 72.879108 }, "geometry": { "type": "Polygon", "coordinates": [ [ [ 72.881512672193978, 19.17932013811231 ], [ 72.881454908854863, 19.183835786956042 ], [ 72.87670233931901, 19.183780834110522 ], [ 72.876760232002567, 19.179265199185473 ], [ 72.881512672193978, 19.17932013811231 ] ] ] } },
{ "type": "Feature", "properties": { "cell_id": "CELL_1201", "bmc_ward_code": "P/N", "lat": 19.186066, "lon": 72.87905 }, "geometry": { "type": "Polygon", "coordinates": [ [ [ 72.881454908854863, 19.183835786956042 ], [ 72.881397129279705, 19.188351433412429 ], [ 72.876644430363086, 19.188296466647497 ], [ 72.87670233931901, 19.183780834110522 ], [ 72.881454908854863, 19.183835786956042 ] ] ] } },
{ "type": "Feature", "properties": { "cell_id": "CELL_1202", "bmc_ward_code": "P/N", "lat": 19.190582, "lon": 72.878992 }, "geometry": { "type": "Polygon", "coordinates": [ [ [ 72.881397129279705, 19.188351433412429 ], [ 72.881339333466471, 19.19286707748098 ], [ 72.876586505132735, 19.192812096795905 ], [ 72.876644430363086, 19.188296466647497 ], [ 72.881397129279705, 19.188351433412429 ] ] ] } },
{ "type": "Feature", "properties": { "cell_id": "CELL_1203", "bmc_ward_code": "R/S", "lat": 19.195097, "lon": 72.878934 }, "geometry": { "type": "Polygon", "coordinates": [ [ [ 72.881339333466471, 19.19286707748098 ], [ 72.881281521413129, 19.197382719161208 ], [ 72.876528563625939, 19.197327724555251 ], [ 72.876586505132735, 19.192812096795905 ], [ 72.881339333466471, 19.19286707748098 ] ] ] } },
{ "type": "Feature", "properties": { "cell_id": "CELL_1204", "bmc_ward_code": "R/S", "lat": 19.199613, "lon": 72.878876 }, "geometry": { "type": "Polygon", "coordinates": [ [ [ 72.881281521413129, 19.197382719161208 ], [ 72.881223693117647, 19.20189835845261 ], [ 72.876470605840652, 19.201843349925046 ], [ 72.876528563625939, 19.197327724555251 ], [ 72.881281521413129, 19.197382719161208 ] ] ] } },
{ "type": "Feature", "properties": { "cell_id": "CELL_1205", "bmc_ward_code": "R/S", "lat": 19.204129, "lon": 72.878818 }, "geometry": { "type": "Polygon", "coordinates": [ [ [ 72.881223693117647, 19.20189835845261 ], [ 72.881165848577993, 19.206413995354705 ], [ 72.876412631774826, 19.206358972904791 ], [ 72.876470605840652, 19.201843349925046 ], [ 72.881223693117647, 19.20189835845261 ] ] ] } },
{ "type": "Feature", "properties": { "cell_id": "CELL_1206", "bmc_ward_code": "R/S", "lat": 19.208644, "lon": 72.87876 }, "geometry": { "type": "Polygon", "coordinates": [ [ [ 72.881165848577993, 19.206413995354705 ], [ 72.88110798779212, 19.210929629867 ], [ 72.876354641426445, 19.210874593494008 ], [ 72.876412631774826, 19.206358972904791 ], [ 72.881165848577993, 19.206413995354705 ] ] ] } },
{ "type": "Feature", "properties": { "cell_id": "CELL_1207", "bmc_ward_code": "R/S", "lat": 19.21316, "lon": 72.878702 }, "geometry": { "type": "Polygon", "coordinates": [ [ [ 72.88110798779212, 19.210929629867 ], [ 72.881050110758011, 19.215445261989 ], [ 72.876296634793448, 19.215390211692199 ], [ 72.876354641426445, 19.210874593494008 ], [ 72.88110798779212, 19.210929629867 ] ] ] } },
{ "type": "Feature", "properties": { "cell_id": "CELL_1208", "bmc_ward_code": "R/C", "lat": 19.217676, "lon": 72.878644 }, "geometry": { "type": "Polygon", "coordinates": [ [ [ 72.881050110758011, 19.215445261989 ], [ 72.880992217473604, 19.219960891720213 ], [ 72.876238611873788, 19.219905827498863 ], [ 72.876296634793448, 19.215390211692199 ], [ 72.881050110758011, 19.215445261989 ] ] ] } },
{ "type": "Feature", "properties": { "cell_id": "CELL_1209", "bmc_ward_code": "R/C", "lat": 19.222191, "lon": 72.878586 }, "geometry": { "type": "Polygon", "coordinates": [ [ [ 72.880992217473604, 19.219960891720213 ], [ 72.880934307936897, 19.224476519060154 ], [ 72.876180572665447, 19.22442144091352 ], [ 72.876238611873788, 19.219905827498863 ], [ 72.880992217473604, 19.219960891720213 ] ] ] } },
{ "type": "Feature", "properties": { "cell_id": "CELL_1210", "bmc_ward_code": "R/C", "lat": 19.226707, "lon": 72.878528 }, "geometry": { "type": "Polygon", "coordinates": [ [ [ 72.880934307936897, 19.224476519060154 ], [ 72.880876382145814, 19.22899214400832 ], [ 72.876122517166365, 19.228937051935677 ], [ 72.876180572665447, 19.22442144091352 ], [ 72.880934307936897, 19.224476519060154 ] ] ] } },
{ "type": "Feature", "properties": { "cell_id": "CELL_1211", "bmc_ward_code": "R/C", "lat": 19.231222, "lon": 72.87847 }, "geometry": { "type": "Polygon", "coordinates": [ [ [ 72.880876382145814, 19.22899214400832 ], [ 72.880818440098366, 19.23350776656422 ], [ 72.87606444537451, 19.233452660564829 ], [ 72.876122517166365, 19.228937051935677 ], [ 72.880876382145814, 19.22899214400832 ] ] ] } },
{ "type": "Feature", "properties": { "cell_id": "CELL_1212", "bmc_ward_code": "R/C", "lat": 19.235738, "lon": 72.878412 }, "geometry": { "type": "Polygon", "coordinates": [ [ [ 72.880818440098366, 19.23350776656422 ], [ 72.880760481792464, 19.238023386727384 ], [ 72.876006357287849, 19.2379682668005 ], [ 72.87606444537451, 19.233452660564829 ], [ 72.880818440098366, 19.23350776656422 ] ] ] } },
{ "type": "Feature", "properties": { "cell_id": "CELL_1213", "bmc_ward_code": "R/N", "lat": 19.240254, "lon": 72.878354 }, "geometry": { "type": "Polygon", "coordinates": [ [ [ 72.880760481792464, 19.238023386727384 ], [ 72.880702507226076, 19.242539004497296 ], [ 72.875948252904294, 19.242483870642193 ], [ 72.876006357287849, 19.2379682668005 ], [ 72.880760481792464, 19.238023386727384 ] ] ] } },
{ "type": "Feature", "properties": { "cell_id": "CELL_1214", "bmc_ward_code": "R/N", "lat": 19.244769, "lon": 72.878296 }, "geometry": { "type": "Polygon", "coordinates": [ [ [ 72.880702507226076, 19.242539004497296 ], [ 72.880644516397183, 19.24705461987347 ], [ 72.875890132221841, 19.246999472089414 ], [ 72.875948252904294, 19.242483870642193 ], [ 72.880702507226076, 19.242539004497296 ] ] ] } },
{ "type": "Feature", "properties": { "cell_id": "CELL_1215", "bmc_ward_code": "R/N", "lat": 19.249285, "lon": 72.878238 }, "geometry": { "type": "Polygon", "coordinates": [ [ [ 72.880644516397183, 19.24705461987347 ], [ 72.880586509303726, 19.251570232855425 ], [ 72.875831995238428, 19.251515071141679 ], [ 72.875890132221841, 19.246999472089414 ], [ 72.880644516397183, 19.24705461987347 ] ] ] } },
{ "type": "Feature", "properties": { "cell_id": "CELL_1216", "bmc_ward_code": "R/N", "lat": 19.2538, "lon": 72.87818 }, "geometry": { "type": "Polygon", "coordinates": [ [ [ 72.880586509303726, 19.251570232855425 ], [ 72.880528485943685, 19.256085843442659 ], [ 72.875773841952025, 19.25603066779848 ], [ 72.875831995238428, 19.251515071141679 ], [ 72.880586509303726, 19.251570232855425 ] ] ] } },
{ "type": "Feature", "properties": { "cell_id": "CELL_1217", "bmc_ward_code": "UNKNOWN", "lat": 19.258316, "lon": 72.878122 }, "geometry": { "type": "Polygon", "coordinates": [ [ [ 72.880528485943685, 19.256085843442659 ], [ 72.880470446315002, 19.260601451634681 ], [ 72.875715672360556, 19.260546262059336 ], [ 72.875773841952025, 19.25603066779848 ], [ 72.880528485943685, 19.256085843442659 ] ] ] } },
{ "type": "Feature", "properties": { "cell_id": "CELL_1218", "bmc_ward_code": "UNKNOWN", "lat": 18.991946, "lon": 72.886269 }, "geometry": { "type": "Polygon", "coordinates": [ [ [ 72.888671154727746, 18.989714970833163 ], [ 72.888614199300946, 18.994230733357448 ], [ 72.883867014849997, 18.994176486095608 ], [ 72.883924098101176, 18.989660737428384 ], [ 72.888671154727746, 18.989714970833163 ] ] ] } },
{ "type": "Feature", "properties": { "cell_id": "CELL_1219", "bmc_ward_code": "UNKNOWN", "lat": 18.996462, "lon": 72.886212 }, "geometry": { "type": "Polygon", "coordinates": [ [ [ 72.888614199300946, 18.994230733357448 ], [ 72.888557227758994, 18.99874649351581 ], [ 72.883809915447515, 18.998692232396191 ], [ 72.883867014849997, 18.994176486095608 ], [ 72.888614199300946, 18.994230733357448 ] ] ] } },
{ "type": "Feature", "properties": { "cell_id": "CELL_1220", "bmc_ward_code": "UNKNOWN", "lat": 19.000977, "lon": 72.886155 }, "geometry": { "type": "Polygon", "coordinates": [ [ [ 72.888557227758994, 18.99874649351581 ], [ 72.888500240099845, 19.00326225130777 ], [ 72.883752799891695, 19.003207976329648 ], [ 72.883809915447515, 18.998692232396191 ], [ 72.888557227758994, 18.99874649351581 ] ] ] } },
{ "type": "Feature", "properties": { "cell_id": "CELL_1221", "bmc_ward_code": "M/W", "lat": 19.005493, "lon": 72.886098 }, "geometry": { "type": "Polygon", "coordinates": [ [ [ 72.888500240099845, 19.00326225130777 ], [ 72.88844323632155, 19.007778006732831 ], [ 72.883695668180565, 19.00772371789548 ], [ 72.883752799891695, 19.003207976329648 ], [ 72.888500240099845, 19.00326225130777 ] ] ] } },
{ "type": "Feature", "properties": { "cell_id": "CELL_1222", "bmc_ward_code": "M/W", "lat": 19.010009, "lon": 72.886041 }, "geometry": { "type": "Polygon", "coordinates": [ [ [ 72.88844323632155, 19.007778006732831 ], [ 72.888386216422063, 19.012293759790492 ], [ 72.88363852031209, 19.012239457093195 ], [ 72.883695668180565, 19.00772371789548 ], [ 72.88844323632155, 19.007778006732831 ] ] ] } },
{ "type": "Feature", "properties": { "cell_id": "CELL_1223", "bmc_ward_code": "M/W", "lat": 19.014524, "lon": 72.885984 }, "geometry": { "type": "Polygon", "coordinates": [ [ [ 72.888386216422063, 19.012293759790492 ], [ 72.888329180399424, 19.016809510480265 ], [ 72.883581356284282, 19.016755193922297 ], [ 72.88363852031209, 19.012239457093195 ], [ 72.888386216422063, 19.012293759790492 ] ] ] } },
{ "type": "Feature", "properties": { "cell_id": "CELL_1224", "bmc_ward_code": "M/W", "lat": 19.01904, "lon": 72.885927 }, "geometry": { "type": "Polygon", "coordinates": [ [ [ 72.888329180399424, 19.016809510480265 ], [ 72.8882721282516, 19.021325258801649 ], [ 72.883524176095136, 19.02127092838229 ], [ 72.883581356284282, 19.016755193922297 ], [ 72.888329180399424, 19.016809510480265 ] ] ] } },
{ "type": "Feature", "properties": { "cell_id": "CELL_1225", "bmc_ward_code": "M/W", "lat": 19.023556, "lon": 72.88587 }, "geometry": { "type": "Polygon", "coordinates": [ [ [ 72.8882721282516, 19.021325258801649 ], [ 72.888215059976602, 19.02584100475416 ], [ 72.883466979742636, 19.02578666047269 ], [ 72.883524176095136, 19.02127092838229 ], [ 72.8882721282516, 19.021325258801649 ] ] ] } },
{ "type": "Feature", "properties": { "cell_id": "CELL_1226", "bmc_ward_code": "M/W", "lat": 19.028072, "lon": 72.885812 }, "geometry": { "type": "Polygon", "coordinates": [ [ [ 72.888215059976602, 19.02584100475416 ], [ 72.88815797557244, 19.030356748337301 ], [ 72.883409767224791, 19.030302390192993 ], [ 72.883466979742636, 19.02578666047269 ], [ 72.888215059976602, 19.02584100475416 ] ] ] } },
{ "type": "Feature", "properties": { "cell_id": "CELL_1227", "bmc_ward_code": "M/W", "lat": 19.032587, "lon": 72.885755 }, "geometry": { "type": "Polygon", "coordinates": [ [ [ 72.88815797557244, 19.030356748337301 ], [ 72.888100875037097, 19.034872489550576 ], [ 72.883352538539569, 19.034818117542713 ], [ 72.883409767224791, 19.030302390192993 ], [ 72.88815797557244, 19.030356748337301 ] ] ] } },
{ "type": "Feature", "properties": { "cell_id": "CELL_1228", "bmc_ward_code": "M/W", "lat": 19.037103, "lon": 72.885698 }, "geometry": { "type": "Polygon", "coordinates": [ [ [ 72.888100875037097, 19.034872489550576 ], [ 72.888043758368582, 19.039388228393499 ], [ 72.883295293684981, 19.039333842521344 ], [ 72.883352538539569, 19.034818117542713 ], [ 72.888100875037097, 19.034872489550576 ] ] ] } },
{ "type": "Feature", "properties": { "cell_id": "CELL_1229", "bmc_ward_code": "M/W", "lat": 19.041619, "lon": 72.885641 }, "geometry": { "type": "Polygon", "coordinates": [ [ [ 72.888043758368582, 19.039388228393499 ], [ 72.887986625564849, 19.043903964865567 ], [ 72.883238032659023, 19.043849565128408 ], [ 72.883295293684981, 19.039333842521344 ], [ 72.888043758368582, 19.039388228393499 ] ] ] } },
{ "type": "Feature", "properties": { "cell_id": "CELL_1230", "bmc_ward_code": "M/W", "lat": 19.046135, "lon": 72.885584 }, "geometry": { "type": "Polygon", "coordinates": [ [ [ 72.887986625564849, 19.043903964865567 ], [ 72.887929476623938, 19.048419698966292 ], [ 72.883180755459662, 19.048365285363403 ], [ 72.883238032659023, 19.043849565128408 ], [ 72.887986625564849, 19.043903964865567 ] ] ] } },
{ "type": "Feature", "properties": { "cell_id": "CELL_1231", "bmc_ward_code": "M/W", "lat": 19.05065, "lon": 72.885527 }, "geometry": { "type": "Polygon", "coordinates": [ [ [ 72.887929476623938, 19.048419698966292 ], [ 72.887872311543831, 19.052935430695182 ], [ 72.883123462084896, 19.052881003225835 ], [ 72.883180755459662, 19.048365285363403 ], [ 72.887929476623938, 19.048419698966292 ] ] ] } },
{ "type": "Feature", "properties": { "cell_id": "CELL_1232", "bmc_ward_code": "M/W", "lat": 19.055166, "lon": 72.885469 }, "geometry": { "type": "Polygon", "coordinates": [ [ [ 72.887872311543831, 19.052935430695182 ], [ 72.887815130322522, 19.057451160051745 ], [ 72.883066152532734, 19.057396718715211 ], [ 72.883123462084896, 19.052881003225835 ], [ 72.887872311543831, 19.052935430695182 ] ] ] } },
{ "type": "Feature", "properties": { "cell_id": "CELL_1233", "bmc_ward_code": "L", "lat": 19.059682, "lon": 72.885412 }, "geometry": { "type": "Polygon", "coordinates": [ [ [ 72.887815130322522, 19.057451160051745 ], [ 72.887757932957996, 19.061966887035474 ], [ 72.883008826801131, 19.061912431831043 ], [ 72.883066152532734, 19.057396718715211 ], [ 72.887815130322522, 19.057451160051745 ] ] ] } },
{ "type": "Feature", "properties": { "cell_id": "CELL_1234", "bmc_ward_code": "L", "lat": 19.064198, "lon": 72.885355 }, "geometry": { "type": "Polygon", "coordinates": [ [ [ 72.887757932957996, 19.061966887035474 ], [ 72.887700719448247, 19.066482611645903 ], [ 72.882951484888096, 19.066428142572835 ], [ 72.883008826801131, 19.061912431831043 ], [ 72.887757932957996, 19.061966887035474 ] ] ] } },
{ "type": "Feature", "properties": { "cell_id": "CELL_1235", "bmc_ward_code": "L", "lat": 19.068713, "lon": 72.885297 }, "geometry": { "type": "Polygon", "coordinates": [ [ [ 72.887700719448247, 19.066482611645903 ], [ 72.887643489791259, 19.070998333882507 ], [ 72.882894126791612, 19.07094385094009 ], [ 72.882951484888096, 19.066428142572835 ], [ 72.887700719448247, 19.066482611645903 ] ] ] } },
{ "type": "Feature", "properties": { "cell_id": "CELL_1236", "bmc_ward_code": "L", "lat": 19.073229, "lon": 72.88524 }, "geometry": { "type": "Polygon", "coordinates": [ [ [ 72.887643489791259, 19.070998333882507 ], [ 72.887586243985055, 19.075514053744818 ], [ 72.882836752509661, 19.075459556932323 ], [ 72.882894126791612, 19.07094385094009 ], [ 72.887643489791259, 19.070998333882507 ] ] ] } },
{ "type": "Feature", "properties": { "cell_id": "CELL_1237", "bmc_ward_code": "L", "lat": 19.077745, "lon": 72.885183 }, "geometry": { "type": "Polygon", "coordinates": [ [ [ 72.887586243985055, 19.075514053744818 ], [ 72.887528982027575, 19.080029771232326 ], [ 72.882779362040239, 19.07997526054903 ], [ 72.882836752509661, 19.075459556932323 ], [ 72.887586243985055, 19.075514053744818 ] ] ] } },
{ "type": "Feature", "properties": { "cell_id": "CELL_1238", "bmc_ward_code": "L", "lat": 19.08226, "lon": 72.885126 }, "geometry": { "type": "Polygon", "coordinates": [ [ [ 72.887528982027575, 19.080029771232326 ], [ 72.887471703916844, 19.084545486344553 ], [ 72.882721955381314, 19.084490961789719 ], [ 72.882779362040239, 19.07997526054903 ], [ 72.887528982027575, 19.080029771232326 ] ] ] } },
{ "type": "Feature", "properties": { "cell_id": "CELL_1239", "bmc_ward_code": "L", "lat": 19.086776, "lon": 72.885068 }, "geometry": { "type": "Polygon", "coordinates": [ [ [ 72.887471703916844, 19.084545486344553 ], [ 72.88741440965083, 19.089061199080998 ], [ 72.882664532530882, 19.089006660653911 ], [ 72.882721955381314, 19.084490961789719 ], [ 72.887471703916844, 19.084545486344553 ] ] ] } },
{ "type": "Feature", "properties": { "cell_id": "CELL_1240", "bmc_ward_code": "L", "lat": 19.091292, "lon": 72.885011 }, "geometry": { "type": "Polygon", "coordinates": [ [ [ 72.88741440965083, 19.089061199080998 ], [ 72.887357099227543, 19.093576909441168 ], [ 72.882607093486925, 19.093522357141097 ], [ 72.882664532530882, 19.089006660653911 ], [ 72.88741440965083, 19.089061199080998 ] ] ] } },
{ "type": "Feature", "properties": { "cell_id": "CELL_1241", "bmc_ward_code": "L", "lat": 19.095807, "lon": 72.884953 }, "geometry": { "type": "Polygon", "coordinates": [ [ [ 72.887357099227543, 19.093576909441168 ], [ 72.887299772644965, 19.09809261742457 ], [ 72.882549638247411, 19.098038051250793 ], [ 72.882607093486925, 19.093522357141097 ], [ 72.887357099227543, 19.093576909441168 ] ] ] } },
{ "type": "Feature", "properties": { "cell_id": "CELL_1242", "bmc_ward_code": "L", "lat": 19.100323, "lon": 72.884896 }, "geometry": { "type": "Polygon", "coordinates": [ [ [ 72.887299772644965, 19.09809261742457 ], [ 72.887242429901065, 19.102608323030712 ], [ 72.882492166810351, 19.102553742982501 ], [ 72.882549638247411, 19.098038051250793 ], [ 72.887299772644965, 19.09809261742457 ] ] ] } },
{ "type": "Feature", "properties": { "cell_id": "CELL_1243", "bmc_ward_code": "L", "lat": 19.104839, "lon": 72.884839 }, "geometry": { "type": "Polygon", "coordinates": [ [ [ 72.887242429901065, 19.102608323030712 ], [ 72.887185070993851, 19.107124026259108 ], [ 72.882434679173699, 19.107069432335734 ], [ 72.882492166810351, 19.102553742982501 ], [ 72.887242429901065, 19.102608323030712 ] ] ] } },
{ "type": "Feature", "properties": { "cell_id": "CELL_1244", "bmc_ward_code": "K/E", "lat": 19.109355, "lon": 72.884781 }, "geometry": { "type": "Polygon", "coordinates": [ [ [ 72.887185070993851, 19.107124026259108 ], [ 72.887127695921279, 19.111639727109253 ], [ 72.882377175335449, 19.111585119309986 ], [ 72.882434679173699, 19.107069432335734 ], [ 72.887185070993851, 19.107124026259108 ] ] ] } },
{ "type": "Feature", "properties": { "cell_id": "CELL_1245", "bmc_ward_code": "K/E", "lat": 19.11387, "lon": 72.884724 }, "geometry": { "type": "Polygon", "coordinates": [ [ [ 72.887127695921279, 19.111639727109253 ], [ 72.887070304681345, 19.116155425580665 ], [ 72.882319655293585, 19.116100803904782 ], [ 72.882377175335449, 19.111585119309986 ], [ 72.887127695921279, 19.111639727109253 ] ] ] } },
{ "type": "Feature", "properties": { "cell_id": "CELL_1246", "bmc_ward_code": "K/E", "lat": 19.118386, "lon": 72.884666 }, "geometry": { "type": "Polygon", "coordinates": [ [ [ 72.887070304681345, 19.116155425580665 ], [ 72.887012897272058, 19.120671121672849 ], [ 72.882262119046061, 19.12061648611963 ], [ 72.882319655293585, 19.116100803904782 ], [ 72.887070304681345, 19.116155425580665 ] ] ] } },
{ "type": "Feature", "properties": { "cell_id": "CELL_1247", "bmc_ward_code": "K/E", "lat": 19.122902, "lon": 72.884609 }, "geometry": { "type": "Polygon", "coordinates": [ [ [ 72.887012897272058, 19.120671121672849 ], [ 72.886955473691359, 19.125186815385305 ], [ 72.882204566590872, 19.12513216595401 ], [ 72.882262119046061, 19.12061648611963 ], [ 72.887012897272058, 19.120671121672849 ] ] ] } },
{ "type": "Feature", "properties": { "cell_id": "CELL_1248", "bmc_ward_code": "K/E", "lat": 19.127417, "lon": 72.884551 }, "geometry": { "type": "Polygon", "coordinates": [ [ [ 72.886955473691359, 19.125186815385305 ], [ 72.886898033937257, 19.12970250671755 ], [ 72.882146997926014, 19.129647843407458 ], [ 72.882204566590872, 19.12513216595401 ], [ 72.886955473691359, 19.125186815385305 ] ] ] } },
{ "type": "Feature", "properties": { "cell_id": "CELL_1249", "bmc_ward_code": "K/E", "lat": 19.131933, "lon": 72.884494 }, "geometry": { "type": "Polygon", "coordinates": [ [ [ 72.886898033937257, 19.12970250671755 ], [ 72.88684057800775, 19.134218195669089 ], [ 72.882089413049428, 19.134163518479468 ], [ 72.882146997926014, 19.129647843407458 ], [ 72.886898033937257, 19.12970250671755 ] ] ] } },
{ "type": "Feature", "properties": { "cell_id": "CELL_1250", "bmc_ward_code": "K/E", "lat": 19.136449, "lon": 72.884436 }, "geometry": { "type": "Polygon", "coordinates": [ [ [ 72.88684057800775, 19.134218195669089 ], [ 72.886783105900776, 19.138733882239428 ], [ 72.882031811959109, 19.138679191169551 ], [ 72.882089413049428, 19.134163518479468 ], [ 72.88684057800775, 19.134218195669089 ] ] ] } },
{ "type": "Feature", "properties": { "cell_id": "CELL_1251", "bmc_ward_code": "P/S", "lat": 19.140964, "lon": 72.884379 }, "geometry": { "type": "Polygon", "coordinates": [ [ [ 72.886783105900776, 19.138733882239428 ], [ 72.886725617614331, 19.143249566428075 ], [ 72.88197419465304, 19.14319486147722 ], [ 72.882031811959109, 19.138679191169551 ], [ 72.886783105900776, 19.138733882239428 ] ] ] } },
{ "type": "Feature", "properties": { "cell_id": "CELL_1252", "bmc_ward_code": "P/S", "lat": 19.14548, "lon": 72.884321 }, "geometry": { "type": "Polygon", "coordinates": [ [ [ 72.886725617614331, 19.143249566428075 ], [ 72.886668113146413, 19.147765248234538 ], [ 72.881916561129188, 19.147710529401966 ], [ 72.88197419465304, 19.14319486147722 ], [ 72.886725617614331, 19.143249566428075 ] ] ] } },
{ "type": "Feature", "properties": { "cell_id": "CELL_1253", "bmc_ward_code": "P/S", "lat": 19.149996, "lon": 72.884264 }, "geometry": { "type": "Polygon", "coordinates": [ [ [ 72.886668113146413, 19.147765248234538 ], [ 72.886610592494975, 19.152280927658328 ], [ 72.881858911385521, 19.152226194943307 ], [ 72.881916561129188, 19.147710529401966 ], [ 72.886668113146413, 19.147765248234538 ] ] ] } },
{ "type": "Feature", "properties": { "cell_id": "CELL_1254", "bmc_ward_code": "P/S", "lat": 19.154511, "lon": 72.884206 }, "geometry": { "type": "Polygon", "coordinates": [ [ [ 72.886610592494975, 19.152280927658328 ], [ 72.886553055658013, 19.156796604698947 ], [ 72.881801245420007, 19.156741858100759 ], [ 72.881858911385521, 19.152226194943307 ], [ 72.886610592494975, 19.152280927658328 ] ] ] } },
{ "type": "Feature", "properties": { "cell_id": "CELL_1255", "bmc_ward_code": "P/S", "lat": 19.159027, "lon": 72.884148 }, "geometry": { "type": "Polygon", "coordinates": [ [ [ 72.886553055658013, 19.156796604698947 ], [ 72.886495502633494, 19.161312279355911 ], [ 72.881743563230657, 19.161257518873825 ], [ 72.881801245420007, 19.156741858100759 ], [ 72.886553055658013, 19.156796604698947 ] ] ] } },
{ "type": "Feature", "properties": { "cell_id": "CELL_1256", "bmc_ward_code": "P/S", "lat": 19.163543, "lon": 72.884091 }, "geometry": { "type": "Polygon", "coordinates": [ [ [ 72.886495502633494, 19.161312279355911 ], [ 72.886437933419401, 19.165827951628714 ], [ 72.881685864815395, 19.165773177261997 ], [ 72.881743563230657, 19.161257518873825 ], [ 72.886495502633494, 19.161312279355911 ] ] ] } },
{ "type": "Feature", "properties": { "cell_id": "CELL_1257", "bmc_ward_code": "P/N", "lat": 19.168058, "lon": 72.884033 }, "geometry": { "type": "Polygon", "coordinates": [ [ [ 72.886437933419401, 19.165827951628714 ], [ 72.886380348013702, 19.170343621516881 ], [ 72.881628150172219, 19.170288833264799 ], [ 72.881685864815395, 19.165773177261997 ], [ 72.886437933419401, 19.165827951628714 ] ] ] } },
{ "type": "Feature", "properties": { "cell_id": "CELL_1258", "bmc_ward_code": "P/N", "lat": 19.172574, "lon": 72.883975 }, "geometry": { "type": "Polygon", "coordinates": [ [ [ 72.886380348013702, 19.170343621516881 ], [ 72.886322746414379, 19.17485928901991 ], [ 72.881570419299081, 19.174804486881737 ], [ 72.881628150172219, 19.170288833264799 ], [ 72.886380348013702, 19.170343621516881 ] ] ] } },
{ "type": "Feature", "properties": { "cell_id": "CELL_1259", "bmc_ward_code": "P/N", "lat": 19.17709, "lon": 72.883918 }, "geometry": { "type": "Polygon", "coordinates": [ [ [ 72.886322746414379, 19.17485928901991 ], [ 72.886265128619399, 19.179374954137305 ], [ 72.881512672193978, 19.17932013811231 ], [ 72.881570419299081, 19.174804486881737 ], [ 72.886322746414379, 19.17485928901991 ] ] ] } },
{ "type": "Feature", "properties": { "cell_id": "CELL_1260", "bmc_ward_code": "P/N", "lat": 19.181605, "lon": 72.88386 }, "geometry": { "type": "Polygon", "coordinates": [ [ [ 72.886265128619399, 19.179374954137305 ], [ 72.88620749462676, 19.183890616868588 ], [ 72.881454908854863, 19.183835786956042 ], [ 72.881512672193978, 19.17932013811231 ], [ 72.886265128619399, 19.179374954137305 ] ] ] } },
{ "type": "Feature", "properties": { "cell_id": "CELL_1261", "bmc_ward_code": "P/N", "lat": 19.186121, "lon": 72.883802 }, "geometry": { "type": "Polygon", "coordinates": [ [ [ 72.88620749462676, 19.183890616868588 ], [ 72.886149844434399, 19.188406277213261 ], [ 72.881397129279705, 19.188351433412429 ], [ 72.881454908854863, 19.183835786956042 ], [ 72.88620749462676, 19.183890616868588 ] ] ] } },
{ "type": "Feature", "properties": { "cell_id": "CELL_1262", "bmc_ward_code": "P/N", "lat": 19.190637, "lon": 72.883745 }, "geometry": { "type": "Polygon", "coordinates": [ [ [ 72.886149844434399, 19.188406277213261 ], [ 72.886092178040315, 19.192921935170823 ], [ 72.881339333466471, 19.19286707748098 ], [ 72.881397129279705, 19.188351433412429 ], [ 72.886149844434399, 19.188406277213261 ] ] ] } },
{ "type": "Feature", "properties": { "cell_id": "CELL_1263", "bmc_ward_code": "R/S", "lat": 19.195152, "lon": 72.883687 }, "geometry": { "type": "Polygon", "coordinates": [ [ [ 72.886092178040315, 19.192921935170823 ], [ 72.886034495442459, 19.19743759074079 ], [ 72.881281521413129, 19.197382719161208 ], [ 72.881339333466471, 19.19286707748098 ], [ 72.886092178040315, 19.192921935170823 ] ] ] } },
{ "type": "Feature", "properties": { "cell_id": "CELL_1264", "bmc_ward_code": "R/S", "lat": 19.199668, "lon": 72.883629 }, "geometry": { "type": "Polygon", "coordinates": [ [ [ 72.886034495442459, 19.19743759074079 ], [ 72.885976796638829, 19.201953243922674 ], [ 72.881223693117647, 19.20189835845261 ], [ 72.881281521413129, 19.197382719161208 ], [ 72.886034495442459, 19.19743759074079 ] ] ] } },
{ "type": "Feature", "properties": { "cell_id": "CELL_1265", "bmc_ward_code": "R/S", "lat": 19.204184, "lon": 72.883571 }, "geometry": { "type": "Polygon", "coordinates": [ [ [ 72.885976796638829, 19.201953243922674 ], [ 72.885919081627364, 19.206468894715979 ], [ 72.881165848577993, 19.206413995354705 ], [ 72.881223693117647, 19.20189835845261 ], [ 72.885976796638829, 19.201953243922674 ] ] ] } },
{ "type": "Feature", "properties": { "cell_id": "CELL_1266", "bmc_ward_code": "R/S", "lat": 19.208699, "lon": 72.883514 }, "geometry": { "type": "Polygon", "coordinates": [ [ [ 72.885919081627364, 19.206468894715979 ], [ 72.885861350406046, 19.210984543120212 ], [ 72.88110798779212, 19.210929629867 ], [ 72.881165848577993, 19.206413995354705 ], [ 72.885919081627364, 19.206468894715979 ] ] ] } },
{ "type": "Feature", "properties": { "cell_id": "CELL_1267", "bmc_ward_code": "R/S", "lat": 19.213215, "lon": 72.883456 }, "geometry": { "type": "Polygon", "coordinates": [ [ [ 72.885861350406046, 19.210984543120212 ], [ 72.885803602972871, 19.21550018913489 ], [ 72.881050110758011, 19.215445261989 ], [ 72.88110798779212, 19.210929629867 ], [ 72.885861350406046, 19.210984543120212 ] ] ] } },
{ "type": "Feature", "properties": { "cell_id": "CELL_1268", "bmc_ward_code": "R/C", "lat": 19.217731, "lon": 72.883398 }, "geometry": { "type": "Polygon", "coordinates": [ [ [ 72.885803602972871, 19.21550018913489 ], [ 72.885745839325764, 19.220015832759504 ], [ 72.880992217473604, 19.219960891720213 ], [ 72.881050110758011, 19.215445261989 ], [ 72.885803602972871, 19.21550018913489 ] ] ] } },
{ "type": "Feature", "properties": { "cell_id": "CELL_1269", "bmc_ward_code": "R/C", "lat": 19.222246, "lon": 72.88334 }, "geometry": { "type": "Polygon", "coordinates": [ [ [ 72.885745839325764, 19.220015832759504 ], [ 72.885688059462709, 19.224531473993579 ], [ 72.880934307936897, 19.224476519060154 ], [ 72.880992217473604, 19.219960891720213 ], [ 72.885745839325764, 19.220015832759504 ] ] ] } },
{ "type": "Feature", "properties": { "cell_id": "CELL_1270", "bmc_ward_code": "R/C", "lat": 19.226762, "lon": 72.883282 }, "geometry": { "type": "Polygon", "coordinates": [ [ [ 72.885688059462709, 19.224531473993579 ], [ 72.885630263381671, 19.229047112836621 ], [ 72.880876382145814, 19.22899214400832 ], [ 72.880934307936897, 19.224476519060154 ], [ 72.885688059462709, 19.224531473993579 ] ] ] } },
{ "type": "Feature", "properties": { "cell_id": "CELL_1271", "bmc_ward_code": "R/C", "lat": 19.231277, "lon": 72.883224 }, "geometry": { "type": "Polygon", "coordinates": [ [ [ 72.885630263381671, 19.229047112836621 ], [ 72.885572451080634, 19.233562749288126 ], [ 72.880818440098366, 19.23350776656422 ], [ 72.880876382145814, 19.22899214400832 ], [ 72.885630263381671, 19.229047112836621 ] ] ] } },
{ "type": "Feature", "properties": { "cell_id": "CELL_1272", "bmc_ward_code": "R/C", "lat": 19.235793, "lon": 72.883166 }, "geometry": { "type": "Polygon", "coordinates": [ [ [ 72.885572451080634, 19.233562749288126 ], [ 72.885514622557537, 19.238078383347627 ], [ 72.880760481792464, 19.238023386727384 ], [ 72.880818440098366, 19.23350776656422 ], [ 72.885572451080634, 19.233562749288126 ] ] ] } },
{ "type": "Feature", "properties": { "cell_id": "CELL_1273", "bmc_ward_code": "R/C", "lat": 19.240309, "lon": 72.883109 }, "geometry": { "type": "Polygon", "coordinates": [ [ [ 72.885514622557537, 19.238078383347627 ], [ 72.885456777810376, 19.242594015014607 ], [ 72.880702507226076, 19.242539004497296 ], [ 72.880760481792464, 19.238023386727384 ], [ 72.885514622557537, 19.238078383347627 ] ] ] } },
{ "type": "Feature", "properties": { "cell_id": "CELL_1274", "bmc_ward_code": "R/N", "lat": 19.244824, "lon": 72.883051 }, "geometry": { "type": "Polygon", "coordinates": [ [ [ 72.885456777810376, 19.242594015014607 ], [ 72.885398916837076, 19.247109644288589 ], [ 72.880644516397183, 19.24705461987347 ], [ 72.880702507226076, 19.242539004497296 ], [ 72.885456777810376, 19.242594015014607 ] ] ] } },
{ "type": "Feature", "properties": { "cell_id": "CELL_1275", "bmc_ward_code": "R/N", "lat": 19.24934, "lon": 72.882993 }, "geometry": { "type": "Polygon", "coordinates": [ [ [ 72.885398916837076, 19.247109644288589 ], [ 72.885341039635634, 19.251625271169079 ], [ 72.880586509303726, 19.251570232855425 ], [ 72.880644516397183, 19.24705461987347 ], [ 72.885398916837076, 19.247109644288589 ] ] ] } },
{ "type": "Feature", "properties": { "cell_id": "CELL_1276", "bmc_ward_code": "R/N", "lat": 19.253856, "lon": 72.882935 }, "geometry": { "type": "Polygon", "coordinates": [ [ [ 72.885341039635634, 19.251625271169079 ], [ 72.885283146204003, 19.256140895655587 ], [ 72.880528485943685, 19.256085843442659 ], [ 72.880586509303726, 19.251570232855425 ], [ 72.885341039635634, 19.251625271169079 ] ] ] } },
{ "type": "Feature", "properties": { "cell_id": "CELL_1277", "bmc_ward_code": "UNKNOWN", "lat": 18.992, "lon": 72.891016 }, "geometry": { "type": "Polygon", "coordinates": [ [ [ 72.893418227467492, 18.989769082640223 ], [ 72.893361399867075, 18.994284858990504 ], [ 72.888614199300946, 18.994230733357448 ], [ 72.888671154727746, 18.989714970833163 ], [ 72.893418227467492, 18.989769082640223 ] ] ] } },
{ "type": "Feature", "properties": { "cell_id": "CELL_1278", "bmc_ward_code": "M/W", "lat": 18.996516, "lon": 72.890959 }, "geometry": { "type": "Polygon", "coordinates": [ [ [ 72.893361399867075, 18.994284858990504 ], [ 72.89330455618763, 18.998800632975588 ], [ 72.888557227758994, 18.99874649351581 ], [ 72.888614199300946, 18.994230733357448 ], [ 72.893361399867075, 18.994284858990504 ] ] ] } },
{ "type": "Feature", "properties": { "cell_id": "CELL_1279", "bmc_ward_code": "M/W", "lat": 19.001031, "lon": 72.890902 }, "geometry": { "type": "Polygon", "coordinates": [ [ [ 72.89330455618763, 18.998800632975588 ], [ 72.893247696427167, 19.003316404594994 ], [ 72.888500240099845, 19.00326225130777 ], [ 72.888557227758994, 18.99874649351581 ], [ 72.89330455618763, 18.998800632975588 ] ] ] } },
{ "type": "Feature", "properties": { "cell_id": "CELL_1280", "bmc_ward_code": "M/W", "lat": 19.005547, "lon": 72.890845 }, "geometry": { "type": "Polygon", "coordinates": [ [ [ 72.893247696427167, 19.003316404594994 ], [ 72.893190820583698, 19.007832173848207 ], [ 72.88844323632155, 19.007778006732831 ], [ 72.888500240099845, 19.00326225130777 ], [ 72.893247696427167, 19.003316404594994 ] ] ] } },
{ "type": "Feature", "properties": { "cell_id": "CELL_1281", "bmc_ward_code": "M/W", "lat": 19.010063, "lon": 72.890789 }, "geometry": { "type": "Polygon", "coordinates": [ [ [ 72.893190820583698, 19.007832173848207 ], [ 72.893133928655203, 19.012347940734749 ], [ 72.888386216422063, 19.012293759790492 ], [ 72.88844323632155, 19.007778006732831 ], [ 72.893190820583698, 19.007832173848207 ] ] ] } },
{ "type": "Feature", "properties": { "cell_id": "CELL_1282", "bmc_ward_code": "M/W", "lat": 19.014579, "lon": 72.890732 }, "geometry": { "type": "Polygon", "coordinates": [ [ [ 72.893133928655203, 19.012347940734749 ], [ 72.893077020639723, 19.016863705254124 ], [ 72.888329180399424, 19.016809510480265 ], [ 72.888386216422063, 19.012293759790492 ], [ 72.893133928655203, 19.012347940734749 ] ] ] } },
{ "type": "Feature", "properties": { "cell_id": "CELL_1283", "bmc_ward_code": "M/W", "lat": 19.019095, "lon": 72.890675 }, "geometry": { "type": "Polygon", "coordinates": [ [ [ 72.893077020639723, 19.016863705254124 ], [ 72.893020096535238, 19.021379467405833 ], [ 72.8882721282516, 19.021325258801649 ], [ 72.888329180399424, 19.016809510480265 ], [ 72.893077020639723, 19.016863705254124 ] ] ] } },
{ "type": "Feature", "properties": { "cell_id": "CELL_1284", "bmc_ward_code": "M/W", "lat": 19.02361, "lon": 72.890618 }, "geometry": { "type": "Polygon", "coordinates": [ [ [ 72.893020096535238, 19.021379467405833 ], [ 72.892963156339761, 19.025895227189388 ], [ 72.888215059976602, 19.02584100475416 ], [ 72.8882721282516, 19.021325258801649 ], [ 72.893020096535238, 19.021379467405833 ] ] ] } },
{ "type": "Feature", "properties": { "cell_id": "CELL_1285", "bmc_ward_code": "M/W", "lat": 19.028126, "lon": 72.890561 }, "geometry": { "type": "Polygon", "coordinates": [ [ [ 72.892963156339761, 19.025895227189388 ], [ 72.892906200051272, 19.030410984604291 ], [ 72.88815797557244, 19.030356748337301 ], [ 72.888215059976602, 19.02584100475416 ], [ 72.892963156339761, 19.025895227189388 ] ] ] } },
{ "type": "Feature", "properties": { "cell_id": "CELL_1286", "bmc_ward_code": "M/W", "lat": 19.032642, "lon": 72.890504 }, "geometry": { "type": "Polygon", "coordinates": [ [ [ 72.892906200051272, 19.030410984604291 ], [ 72.89284922766781, 19.03492673965005 ], [ 72.888100875037097, 19.034872489550576 ], [ 72.88815797557244, 19.030356748337301 ], [ 72.892906200051272, 19.030410984604291 ] ] ] } },
{ "type": "Feature", "properties": { "cell_id": "CELL_1287", "bmc_ward_code": "M/W", "lat": 19.037158, "lon": 72.890447 }, "geometry": { "type": "Polygon", "coordinates": [ [ [ 72.89284922766781, 19.03492673965005 ], [ 72.892792239187344, 19.039442492326177 ], [ 72.888043758368582, 19.039388228393499 ], [ 72.888100875037097, 19.034872489550576 ], [ 72.89284922766781, 19.03492673965005 ] ] ] } },
{ "type": "Feature", "properties": { "cell_id": "CELL_1288", "bmc_ward_code": "M/W", "lat": 19.041673, "lon": 72.890389 }, "geometry": { "type": "Polygon", "coordinates": [ [ [ 72.892792239187344, 19.039442492326177 ], [ 72.892735234607883, 19.043958242632176 ], [ 72.887986625564849, 19.043903964865567 ], [ 72.888043758368582, 19.039388228393499 ], [ 72.892792239187344, 19.039442492326177 ] ] ] } },
{ "type": "Feature", "properties": { "cell_id": "CELL_1289", "bmc_ward_code": "M/W", "lat": 19.046189, "lon": 72.890332 }, "geometry": { "type": "Polygon", "coordinates": [ [ [ 72.892735234607883, 19.043958242632176 ], [ 72.892678213927425, 19.048473990567551 ], [ 72.887929476623938, 19.048419698966292 ], [ 72.887986625564849, 19.043903964865567 ], [ 72.892735234607883, 19.043958242632176 ] ] ] } },
{ "type": "Feature", "properties": { "cell_id": "CELL_1290", "bmc_ward_code": "M/W", "lat": 19.050705, "lon": 72.890275 }, "geometry": { "type": "Polygon", "coordinates": [ [ [ 72.892678213927425, 19.048473990567551 ], [ 72.89262117714398, 19.052989736131817 ], [ 72.887872311543831, 19.052935430695182 ], [ 72.887929476623938, 19.048419698966292 ], [ 72.892678213927425, 19.048473990567551 ] ] ] } },
{ "type": "Feature", "properties": { "cell_id": "CELL_1291", "bmc_ward_code": "M/W", "lat": 19.05522, "lon": 72.890218 }, "geometry": { "type": "Polygon", "coordinates": [ [ [ 72.89262117714398, 19.052989736131817 ], [ 72.892564124255543, 19.057505479324472 ], [ 72.887815130322522, 19.057451160051745 ], [ 72.887872311543831, 19.052935430695182 ], [ 72.89262117714398, 19.052989736131817 ] ] ] } },
{ "type": "Feature", "properties": { "cell_id": "CELL_1292", "bmc_ward_code": "M/W", "lat": 19.059736, "lon": 72.890161 }, "geometry": { "type": "Polygon", "coordinates": [ [ [ 72.892564124255543, 19.057505479324472 ], [ 72.892507055260083, 19.062021220145031 ], [ 72.887757932957996, 19.061966887035474 ], [ 72.887815130322522, 19.057451160051745 ], [ 72.892564124255543, 19.057505479324472 ] ] ] } },
{ "type": "Feature", "properties": { "cell_id": "CELL_1293", "bmc_ward_code": "M/W", "lat": 19.064252, "lon": 72.890104 }, "geometry": { "type": "Polygon", "coordinates": [ [ [ 72.892507055260083, 19.062021220145031 ], [ 72.892449970155624, 19.066536958592991 ], [ 72.887700719448247, 19.066482611645903 ], [ 72.887757932957996, 19.061966887035474 ], [ 72.892507055260083, 19.062021220145031 ] ] ] } },
{ "type": "Feature", "properties": { "cell_id": "CELL_1294", "bmc_ward_code": "L", "lat": 19.068768, "lon": 72.890047 }, "geometry": { "type": "Polygon", "coordinates": [ [ [ 72.892449970155624, 19.066536958592991 ], [ 72.892392868940163, 19.071052694667863 ], [ 72.887643489791259, 19.070998333882507 ], [ 72.887700719448247, 19.066482611645903 ], [ 72.892449970155624, 19.066536958592991 ] ] ] } },
{ "type": "Feature", "properties": { "cell_id": "CELL_1295", "bmc_ward_code": "L", "lat": 19.073283, "lon": 72.88999 }, "geometry": { "type": "Polygon", "coordinates": [ [ [ 72.892392868940163, 19.071052694667863 ], [ 72.892335751611682, 19.075568428369163 ], [ 72.887586243985055, 19.075514053744818 ], [ 72.887643489791259, 19.070998333882507 ], [ 72.892392868940163, 19.071052694667863 ] ] ] } },
{ "type": "Feature", "properties": { "cell_id": "CELL_1296", "bmc_ward_code": "L", "lat": 19.077799, "lon": 72.889932 }, "geometry": { "type": "Polygon", "coordinates": [ [ [ 72.892335751611682, 19.075568428369163 ], [ 72.892278618168177, 19.080084159696391 ], [ 72.887528982027575, 19.080029771232326 ], [ 72.887586243985055, 19.075514053744818 ], [ 72.892335751611682, 19.075568428369163 ] ] ] } },
{ "type": "Feature", "properties": { "cell_id": "CELL_1297", "bmc_ward_code": "L", "lat": 19.082315, "lon": 72.889875 }, "geometry": { "type": "Polygon", "coordinates": [ [ [ 72.892278618168177, 19.080084159696391 ], [ 72.892221468607644, 19.084599888649048 ], [ 72.887471703916844, 19.084545486344553 ], [ 72.887528982027575, 19.080029771232326 ], [ 72.892278618168177, 19.080084159696391 ] ] ] } },
{ "type": "Feature", "properties": { "cell_id": "CELL_1298", "bmc_ward_code": "L", "lat": 19.086831, "lon": 72.889818 }, "geometry": { "type": "Polygon", "coordinates": [ [ [ 72.892221468607644, 19.084599888649048 ], [ 72.89216430292808, 19.08911561522666 ], [ 72.88741440965083, 19.089061199080998 ], [ 72.887471703916844, 19.084545486344553 ], [ 72.892221468607644, 19.084599888649048 ] ] ] } },
{ "type": "Feature", "properties": { "cell_id": "CELL_1299", "bmc_ward_code": "L", "lat": 19.091346, "lon": 72.889761 }, "geometry": { "type": "Polygon", "coordinates": [ [ [ 72.89216430292808, 19.08911561522666 ], [ 72.892107121127481, 19.093631339428715 ], [ 72.887357099227543, 19.093576909441168 ], [ 72.88741440965083, 19.089061199080998 ], [ 72.89216430292808, 19.08911561522666 ] ] ] } },
{ "type": "Feature", "properties": { "cell_id": "CELL_1300", "bmc_ward_code": "L", "lat": 19.095862, "lon": 72.889703 }, "geometry": { "type": "Polygon", "coordinates": [ [ [ 72.892107121127481, 19.093631339428715 ], [ 72.892049923203828, 19.098147061254728 ], [ 72.887299772644965, 19.09809261742457 ], [ 72.887357099227543, 19.093576909441168 ], [ 72.892107121127481, 19.093631339428715 ] ] ] } },
{ "type": "Feature", "properties": { "cell_id": "CELL_1301", "bmc_ward_code": "L", "lat": 19.100378, "lon": 72.889646 }, "geometry": { "type": "Polygon", "coordinates": [ [ [ 72.892049923203828, 19.098147061254728 ], [ 72.891992709155105, 19.102662780704208 ], [ 72.887242429901065, 19.102608323030712 ], [ 72.887299772644965, 19.09809261742457 ], [ 72.892049923203828, 19.098147061254728 ] ] ] } },
{ "type": "Feature", "properties": { "cell_id": "CELL_1302", "bmc_ward_code": "L", "lat": 19.104893, "lon": 72.889589 }, "geometry": { "type": "Polygon", "coordinates": [ [ [ 72.891992709155105, 19.102662780704208 ], [ 72.89193547897932, 19.107178497776665 ], [ 72.887185070993851, 19.107124026259108 ], [ 72.887242429901065, 19.102608323030712 ], [ 72.891992709155105, 19.102662780704208 ] ] ] } },
{ "type": "Feature", "properties": { "cell_id": "CELL_1303", "bmc_ward_code": "L", "lat": 19.109409, "lon": 72.889532 }, "geometry": { "type": "Polygon", "coordinates": [ [ [ 72.89193547897932, 19.107178497776665 ], [ 72.891878232674443, 19.111694212471594 ], [ 72.887127695921279, 19.111639727109253 ], [ 72.887185070993851, 19.107124026259108 ], [ 72.89193547897932, 19.107178497776665 ] ] ] } },
{ "type": "Feature", "properties": { "cell_id": "CELL_1304", "bmc_ward_code": "L", "lat": 19.113925, "lon": 72.889474 }, "geometry": { "type": "Polygon", "coordinates": [ [ [ 72.891878232674443, 19.111694212471594 ], [ 72.891820970238498, 19.116209924788517 ], [ 72.887070304681345, 19.116155425580665 ], [ 72.887127695921279, 19.111639727109253 ], [ 72.891878232674443, 19.111694212471594 ] ] ] } },
{ "type": "Feature", "properties": { "cell_id": "CELL_1305", "bmc_ward_code": "L", "lat": 19.118441, "lon": 72.889417 }, "geometry": { "type": "Polygon", "coordinates": [ [ [ 72.891820970238498, 19.116209924788517 ], [ 72.891763691669439, 19.120725634726941 ], [ 72.887012897272058, 19.120671121672849 ], [ 72.887070304681345, 19.116155425580665 ], [ 72.891820970238498, 19.116209924788517 ] ] ] } },
{ "type": "Feature", "properties": { "cell_id": "CELL_1306", "bmc_ward_code": "L", "lat": 19.122956, "lon": 72.88936 }, "geometry": { "type": "Polygon", "coordinates": [ [ [ 72.891763691669439, 19.120725634726941 ], [ 72.891706396965262, 19.125241342286358 ], [ 72.886955473691359, 19.125186815385305 ], [ 72.887012897272058, 19.120671121672849 ], [ 72.891763691669439, 19.120725634726941 ] ] ] } },
{ "type": "Feature", "properties": { "cell_id": "CELL_1307", "bmc_ward_code": "S", "lat": 19.127472, "lon": 72.889302 }, "geometry": { "type": "Polygon", "coordinates": [ [ [ 72.891706396965262, 19.125241342286358 ], [ 72.891649086123948, 19.129757047466303 ], [ 72.886898033937257, 19.12970250671755 ], [ 72.886955473691359, 19.125186815385305 ], [ 72.891706396965262, 19.125241342286358 ] ] ] } },
{ "type": "Feature", "properties": { "cell_id": "CELL_1308", "bmc_ward_code": "S", "lat": 19.131988, "lon": 72.889245 }, "geometry": { "type": "Polygon", "coordinates": [ [ [ 72.891649086123948, 19.129757047466303 ], [ 72.891591759143509, 19.134272750266252 ], [ 72.88684057800775, 19.134218195669089 ], [ 72.886898033937257, 19.12970250671755 ], [ 72.891649086123948, 19.129757047466303 ] ] ] } },
{ "type": "Feature", "properties": { "cell_id": "CELL_1309", "bmc_ward_code": "P/S", "lat": 19.136503, "lon": 72.889187 }, "geometry": { "type": "Polygon", "coordinates": [ [ [ 72.891591759143509, 19.134272750266252 ], [ 72.891534416021898, 19.138788450685734 ], [ 72.886783105900776, 19.138733882239428 ], [ 72.88684057800775, 19.134218195669089 ], [ 72.891591759143509, 19.134272750266252 ] ] ] } },
{ "type": "Feature", "properties": { "cell_id": "CELL_1310", "bmc_ward_code": "P/S", "lat": 19.141019, "lon": 72.88913 }, "geometry": { "type": "Polygon", "coordinates": [ [ [ 72.891534416021898, 19.138788450685734 ], [ 72.891477056757111, 19.143304148724251 ], [ 72.886725617614331, 19.143249566428075 ], [ 72.886783105900776, 19.138733882239428 ], [ 72.891534416021898, 19.138788450685734 ] ] ] } },
{ "type": "Feature", "properties": { "cell_id": "CELL_1311", "bmc_ward_code": "P/S", "lat": 19.145535, "lon": 72.889073 }, "geometry": { "type": "Polygon", "coordinates": [ [ [ 72.891477056757111, 19.143304148724251 ], [ 72.891419681347145, 19.147819844381317 ], [ 72.886668113146413, 19.147765248234538 ], [ 72.886725617614331, 19.143249566428075 ], [ 72.891477056757111, 19.143304148724251 ] ] ] } },
{ "type": "Feature", "properties": { "cell_id": "CELL_1312", "bmc_ward_code": "P/S", "lat": 19.15005, "lon": 72.889015 }, "geometry": { "type": "Polygon", "coordinates": [ [ [ 72.891419681347145, 19.147819844381317 ], [ 72.891362289789967, 19.152335537656427 ], [ 72.886610592494975, 19.152280927658328 ], [ 72.886668113146413, 19.147765248234538 ], [ 72.891419681347145, 19.147819844381317 ] ] ] } },
{ "type": "Feature", "properties": { "cell_id": "CELL_1313", "bmc_ward_code": "P/S", "lat": 19.154566, "lon": 72.888958 }, "geometry": { "type": "Polygon", "coordinates": [ [ [ 72.891362289789967, 19.152335537656427 ], [ 72.89130488208356, 19.156851228549101 ], [ 72.886553055658013, 19.156796604698947 ], [ 72.886610592494975, 19.152280927658328 ], [ 72.891362289789967, 19.152335537656427 ] ] ] } },
{ "type": "Feature", "properties": { "cell_id": "CELL_1314", "bmc_ward_code": "P/S", "lat": 19.159082, "lon": 72.8889 }, "geometry": { "type": "Polygon", "coordinates": [ [ [ 72.89130488208356, 19.156851228549101 ], [ 72.891247458225905, 19.161366917058849 ], [ 72.886495502633494, 19.161312279355911 ], [ 72.886553055658013, 19.156796604698947 ], [ 72.89130488208356, 19.156851228549101 ] ] ] } },
{ "type": "Feature", "properties": { "cell_id": "CELL_1315", "bmc_ward_code": "P/N", "lat": 19.163597, "lon": 72.888843 }, "geometry": { "type": "Polygon", "coordinates": [ [ [ 72.891247458225905, 19.161366917058849 ], [ 72.891190018214999, 19.16588260318516 ], [ 72.886437933419401, 19.165827951628714 ], [ 72.886495502633494, 19.161312279355911 ], [ 72.891247458225905, 19.161366917058849 ] ] ] } },
{ "type": "Feature", "properties": { "cell_id": "CELL_1316", "bmc_ward_code": "P/N", "lat": 19.168113, "lon": 72.888785 }, "geometry": { "type": "Polygon", "coordinates": [ [ [ 72.891190018214999, 19.16588260318516 ], [ 72.89113256204881, 19.170398286927561 ], [ 72.886380348013702, 19.170343621516881 ], [ 72.886437933419401, 19.165827951628714 ], [ 72.891190018214999, 19.16588260318516 ] ] ] } },
{ "type": "Feature", "properties": { "cell_id": "CELL_1317", "bmc_ward_code": "P/N", "lat": 19.172629, "lon": 72.888728 }, "geometry": { "type": "Polygon", "coordinates": [ [ [ 72.89113256204881, 19.170398286927561 ], [ 72.891075089725334, 19.174913968285562 ], [ 72.886322746414379, 19.17485928901991 ], [ 72.886380348013702, 19.170343621516881 ], [ 72.89113256204881, 19.170398286927561 ] ] ] } },
{ "type": "Feature", "properties": { "cell_id": "CELL_1318", "bmc_ward_code": "P/N", "lat": 19.177144, "lon": 72.88867 }, "geometry": { "type": "Polygon", "coordinates": [ [ [ 72.891075089725334, 19.174913968285562 ], [ 72.89101760124251, 19.179429647258651 ], [ 72.886265128619399, 19.179374954137305 ], [ 72.886322746414379, 19.17485928901991 ], [ 72.891075089725334, 19.174913968285562 ] ] ] } },
{ "type": "Feature", "properties": { "cell_id": "CELL_1319", "bmc_ward_code": "P/N", "lat": 19.18166, "lon": 72.888613 }, "geometry": { "type": "Polygon", "coordinates": [ [ [ 72.89101760124251, 19.179429647258651 ], [ 72.890960096598363, 19.183945323846352 ], [ 72.88620749462676, 19.183890616868588 ], [ 72.886265128619399, 19.179374954137305 ], [ 72.89101760124251, 19.179429647258651 ] ] ] } },
{ "type": "Feature", "properties": { "cell_id": "CELL_1320", "bmc_ward_code": "P/N", "lat": 19.186176, "lon": 72.888555 }, "geometry": { "type": "Polygon", "coordinates": [ [ [ 72.890960096598363, 19.183945323846352 ], [ 72.890902575790832, 19.188460998048178 ], [ 72.886149844434399, 19.188406277213261 ], [ 72.88620749462676, 19.183890616868588 ], [ 72.890960096598363, 19.183945323846352 ] ] ] } },
{ "type": "Feature", "properties": { "cell_id": "CELL_1321", "bmc_ward_code": "P/N", "lat": 19.190691, "lon": 72.888497 }, "geometry": { "type": "Polygon", "coordinates": [ [ [ 72.890902575790832, 19.188460998048178 ], [ 72.890845038817915, 19.192976669863619 ], [ 72.886092178040315, 19.192921935170823 ], [ 72.886149844434399, 19.188406277213261 ], [ 72.890902575790832, 19.188460998048178 ] ] ] } },
{ "type": "Feature", "properties": { "cell_id": "CELL_1322", "bmc_ward_code": "R/S", "lat": 19.195207, "lon": 72.88844 }, "geometry": { "type": "Polygon", "coordinates": [ [ [ 72.890845038817915, 19.192976669863619 ], [ 72.890787485677592, 19.197492339292207 ], [ 72.886034495442459, 19.19743759074079 ], [ 72.886092178040315, 19.192921935170823 ], [ 72.890845038817915, 19.192976669863619 ] ] ] } },
{ "type": "Feature", "properties": { "cell_id": "CELL_1323", "bmc_ward_code": "R/S", "lat": 19.199723, "lon": 72.888382 }, "geometry": { "type": "Polygon", "coordinates": [ [ [ 72.890787485677592, 19.197492339292207 ], [ 72.890729916367818, 19.202008006333429 ], [ 72.885976796638829, 19.201953243922674 ], [ 72.886034495442459, 19.19743759074079 ], [ 72.890787485677592, 19.197492339292207 ] ] ] } },
{ "type": "Feature", "properties": { "cell_id": "CELL_1324", "bmc_ward_code": "R/S", "lat": 19.204238, "lon": 72.888325 }, "geometry": { "type": "Polygon", "coordinates": [ [ [ 72.890729916367818, 19.202008006333429 ], [ 72.890672330886588, 19.206523670986805 ], [ 72.885919081627364, 19.206468894715979 ], [ 72.885976796638829, 19.201953243922674 ], [ 72.890729916367818, 19.202008006333429 ] ] ] } },
{ "type": "Feature", "properties": { "cell_id": "CELL_1325", "bmc_ward_code": "R/S", "lat": 19.208754, "lon": 72.888267 }, "geometry": { "type": "Polygon", "coordinates": [ [ [ 72.890672330886588, 19.206523670986805 ], [ 72.890614729231856, 19.21103933325184 ], [ 72.885861350406046, 19.210984543120212 ], [ 72.885919081627364, 19.206468894715979 ], [ 72.890672330886588, 19.206523670986805 ] ] ] } },
{ "type": "Feature", "properties": { "cell_id": "CELL_1326", "bmc_ward_code": "R/C", "lat": 19.21327, "lon": 72.888209 }, "geometry": { "type": "Polygon", "coordinates": [ [ [ 72.890614729231856, 19.21103933325184 ], [ 72.89055711140162, 19.215554993128048 ], [ 72.885803602972871, 19.21550018913489 ], [ 72.885861350406046, 19.210984543120212 ], [ 72.890614729231856, 19.21103933325184 ] ] ] } },
{ "type": "Feature", "properties": { "cell_id": "CELL_1327", "bmc_ward_code": "R/C", "lat": 19.217785, "lon": 72.888152 }, "geometry": { "type": "Polygon", "coordinates": [ [ [ 72.89055711140162, 19.215554993128048 ], [ 72.890499477393845, 19.220070650614932 ], [ 72.885745839325764, 19.220015832759504 ], [ 72.885803602972871, 19.21550018913489 ], [ 72.89055711140162, 19.215554993128048 ] ] ] } },
{ "type": "Feature", "properties": { "cell_id": "CELL_1328", "bmc_ward_code": "R/C", "lat": 19.222301, "lon": 72.888094 }, "geometry": { "type": "Polygon", "coordinates": [ [ [ 72.890499477393845, 19.220070650614932 ], [ 72.890441827206487, 19.224586305711998 ], [ 72.885688059462709, 19.224531473993579 ], [ 72.885745839325764, 19.220015832759504 ], [ 72.890499477393845, 19.220070650614932 ] ] ] } },
{ "type": "Feature", "properties": { "cell_id": "CELL_1329", "bmc_ward_code": "R/C", "lat": 19.226817, "lon": 72.888036 }, "geometry": { "type": "Polygon", "coordinates": [ [ [ 72.890441827206487, 19.224586305711998 ], [ 72.890384160837542, 19.229101958418763 ], [ 72.885630263381671, 19.229047112836621 ], [ 72.885688059462709, 19.224531473993579 ], [ 72.890441827206487, 19.224586305711998 ] ] ] } },
{ "type": "Feature", "properties": { "cell_id": "CELL_1330", "bmc_ward_code": "R/C", "lat": 19.231332, "lon": 72.887978 }, "geometry": { "type": "Polygon", "coordinates": [ [ [ 72.890384160837542, 19.229101958418763 ], [ 72.890326478284962, 19.233617608734733 ], [ 72.885572451080634, 19.233562749288126 ], [ 72.885630263381671, 19.229047112836621 ], [ 72.890384160837542, 19.229101958418763 ] ] ] } },
{ "type": "Feature", "properties": { "cell_id": "CELL_1331", "bmc_ward_code": "R/C", "lat": 19.235848, "lon": 72.887921 }, "geometry": { "type": "Polygon", "coordinates": [ [ [ 72.890326478284962, 19.233617608734733 ], [ 72.89026877954673, 19.238133256659417 ], [ 72.885514622557537, 19.238078383347627 ], [ 72.885572451080634, 19.233562749288126 ], [ 72.890326478284962, 19.233617608734733 ] ] ] } },
{ "type": "Feature", "properties": { "cell_id": "CELL_1332", "bmc_ward_code": "R/C", "lat": 19.240364, "lon": 72.887863 }, "geometry": { "type": "Polygon", "coordinates": [ [ [ 72.89026877954673, 19.238133256659417 ], [ 72.8902110646208, 19.242648902192318 ], [ 72.885456777810376, 19.242594015014607 ], [ 72.885514622557537, 19.238078383347627 ], [ 72.89026877954673, 19.238133256659417 ] ] ] } },
{ "type": "Feature", "properties": { "cell_id": "CELL_1333", "bmc_ward_code": "R/C", "lat": 19.244879, "lon": 72.887805 }, "geometry": { "type": "Polygon", "coordinates": [ [ [ 72.8902110646208, 19.242648902192318 ], [ 72.89015333350514, 19.247164545332961 ], [ 72.885398916837076, 19.247109644288589 ], [ 72.885456777810376, 19.242594015014607 ], [ 72.8902110646208, 19.242648902192318 ] ] ] } },
{ "type": "Feature", "properties": { "cell_id": "CELL_1334", "bmc_ward_code": "R/N", "lat": 19.249395, "lon": 72.887747 }, "geometry": { "type": "Polygon", "coordinates": [ [ [ 72.89015333350514, 19.247164545332961 ], [ 72.890095586197731, 19.251680186080833 ], [ 72.885341039635634, 19.251625271169079 ], [ 72.885398916837076, 19.247109644288589 ], [ 72.89015333350514, 19.247164545332961 ] ] ] } },
{ "type": "Feature", "properties": { "cell_id": "CELL_1335", "bmc_ward_code": "UNKNOWN", "lat": 19.253911, "lon": 72.887689 }, "geometry": { "type": "Polygon", "coordinates": [ [ [ 72.890095586197731, 19.251680186080833 ], [ 72.890037822696542, 19.256195824435455 ], [ 72.885283146204003, 19.256140895655587 ], [ 72.885341039635634, 19.251625271169079 ], [ 72.890095586197731, 19.251680186080833 ] ] ] } },
{ "type": "Feature", "properties": { "cell_id": "CELL_1336", "bmc_ward_code": "M/W", "lat": 18.99657, "lon": 72.895707 }, "geometry": { "type": "Polygon", "coordinates": [ [ [ 72.898108616512232, 18.994338862993004 ], [ 72.898051900697283, 18.998854650773747 ], [ 72.89330455618763, 18.998800632975588 ], [ 72.893361399867075, 18.994284858990504 ], [ 72.898108616512232, 18.994338862993004 ] ] ] } },
{ "type": "Feature", "properties": { "cell_id": "CELL_1337", "bmc_ward_code": "M/W", "lat": 19.001086, "lon": 72.89565 }, "geometry": { "type": "Polygon", "coordinates": [ [ [ 72.898051900697283, 18.998854650773747 ], [ 72.897995168837497, 19.003370436189524 ], [ 72.893247696427167, 19.003316404594994 ], [ 72.89330455618763, 18.998800632975588 ], [ 72.898051900697283, 18.998854650773747 ] ] ] } },
{ "type": "Feature", "properties": { "cell_id": "CELL_1338", "bmc_ward_code": "M/W", "lat": 19.005601, "lon": 72.895593 }, "geometry": { "type": "Polygon", "coordinates": [ [ [ 72.897995168837497, 19.003370436189524 ], [ 72.897938420930856, 19.007886219239833 ], [ 72.893190820583698, 19.007832173848207 ], [ 72.893247696427167, 19.003316404594994 ], [ 72.897995168837497, 19.003370436189524 ] ] ] } },
{ "type": "Feature", "properties": { "cell_id": "CELL_1339", "bmc_ward_code": "M/W", "lat": 19.010117, "lon": 72.895536 }, "geometry": { "type": "Polygon", "coordinates": [ [ [ 72.897938420930856, 19.007886219239833 ], [ 72.897881656975358, 19.01240199992419 ], [ 72.893133928655203, 19.012347940734749 ], [ 72.893190820583698, 19.007832173848207 ], [ 72.897938420930856, 19.007886219239833 ] ] ] } },
{ "type": "Feature", "properties": { "cell_id": "CELL_1340", "bmc_ward_code": "M/W", "lat": 19.014633, "lon": 72.895479 }, "geometry": { "type": "Polygon", "coordinates": [ [ [ 72.897881656975358, 19.01240199992419 ], [ 72.89782487696904, 19.016917778242096 ], [ 72.893077020639723, 19.016863705254124 ], [ 72.893133928655203, 19.012347940734749 ], [ 72.897881656975358, 19.01240199992419 ] ] ] } },
{ "type": "Feature", "properties": { "cell_id": "CELL_1341", "bmc_ward_code": "M/W", "lat": 19.019149, "lon": 72.895423 }, "geometry": { "type": "Polygon", "coordinates": [ [ [ 72.89782487696904, 19.016917778242096 ], [ 72.89776808090987, 19.021433554193049 ], [ 72.893020096535238, 19.021379467405833 ], [ 72.893077020639723, 19.016863705254124 ], [ 72.89782487696904, 19.016917778242096 ] ] ] } },
{ "type": "Feature", "properties": { "cell_id": "CELL_1342", "bmc_ward_code": "M/W", "lat": 19.023664, "lon": 72.895366 }, "geometry": { "type": "Polygon", "coordinates": [ [ [ 72.89776808090987, 19.021433554193049 ], [ 72.897711268795902, 19.025949327776576 ], [ 72.892963156339761, 19.025895227189388 ], [ 72.893020096535238, 19.021379467405833 ], [ 72.89776808090987, 19.021433554193049 ] ] ] } },
{ "type": "Feature", "properties": { "cell_id": "CELL_1343", "bmc_ward_code": "M/W", "lat": 19.02818, "lon": 72.895309 }, "geometry": { "type": "Polygon", "coordinates": [ [ [ 72.897711268795902, 19.025949327776576 ], [ 72.897654440625118, 19.03046509899217 ], [ 72.892906200051272, 19.030410984604291 ], [ 72.892963156339761, 19.025895227189388 ], [ 72.897711268795902, 19.025949327776576 ] ] ] } },
{ "type": "Feature", "properties": { "cell_id": "CELL_1344", "bmc_ward_code": "M/W", "lat": 19.032696, "lon": 72.895252 }, "geometry": { "type": "Polygon", "coordinates": [ [ [ 72.897654440625118, 19.03046509899217 ], [ 72.897597596395514, 19.034980867839348 ], [ 72.89284922766781, 19.03492673965005 ], [ 72.892906200051272, 19.030410984604291 ], [ 72.897654440625118, 19.03046509899217 ] ] ] } },
{ "type": "Feature", "properties": { "cell_id": "CELL_1345", "bmc_ward_code": "M/E", "lat": 19.037212, "lon": 72.895195 }, "geometry": { "type": "Polygon", "coordinates": [ [ [ 72.897597596395514, 19.034980867839348 ], [ 72.897540736105114, 19.039496634317601 ], [ 72.892792239187344, 19.039442492326177 ], [ 72.89284922766781, 19.03492673965005 ], [ 72.897597596395514, 19.034980867839348 ] ] ] } },
{ "type": "Feature", "properties": { "cell_id": "CELL_1346", "bmc_ward_code": "M/W", "lat": 19.041727, "lon": 72.895138 }, "geometry": { "type": "Polygon", "coordinates": [ [ [ 72.897540736105114, 19.039496634317601 ], [ 72.897483859751915, 19.04401239842645 ], [ 72.892735234607883, 19.043958242632176 ], [ 72.892792239187344, 19.039442492326177 ], [ 72.897540736105114, 19.039496634317601 ] ] ] } },
{ "type": "Feature", "properties": { "cell_id": "CELL_1347", "bmc_ward_code": "M/W", "lat": 19.046243, "lon": 72.895081 }, "geometry": { "type": "Polygon", "coordinates": [ [ [ 72.897483859751915, 19.04401239842645 ], [ 72.897426967333928, 19.0485281601654 ], [ 72.892678213927425, 19.048473990567551 ], [ 72.892735234607883, 19.043958242632176 ], [ 72.897483859751915, 19.04401239842645 ] ] ] } },
{ "type": "Feature", "properties": { "cell_id": "CELL_1348", "bmc_ward_code": "M/W", "lat": 19.050759, "lon": 72.895024 }, "geometry": { "type": "Polygon", "coordinates": [ [ [ 72.897426967333928, 19.0485281601654 ], [ 72.897370058849134, 19.053043919533952 ], [ 72.89262117714398, 19.052989736131817 ], [ 72.892678213927425, 19.048473990567551 ], [ 72.897426967333928, 19.0485281601654 ] ] ] } },
{ "type": "Feature", "properties": { "cell_id": "CELL_1349", "bmc_ward_code": "M/W", "lat": 19.055275, "lon": 72.894967 }, "geometry": { "type": "Polygon", "coordinates": [ [ [ 72.897370058849134, 19.053043919533952 ], [ 72.897313134295544, 19.057559676531621 ], [ 72.892564124255543, 19.057505479324472 ], [ 72.89262117714398, 19.052989736131817 ], [ 72.897370058849134, 19.053043919533952 ] ] ] } },
{ "type": "Feature", "properties": { "cell_id": "CELL_1350", "bmc_ward_code": "M/W", "lat": 19.05979, "lon": 72.89491 }, "geometry": { "type": "Polygon", "coordinates": [ [ [ 72.897313134295544, 19.057559676531621 ], [ 72.897256193671168, 19.062075431157911 ], [ 72.892507055260083, 19.062021220145031 ], [ 72.892564124255543, 19.057505479324472 ], [ 72.897313134295544, 19.057559676531621 ] ] ] } },
{ "type": "Feature", "properties": { "cell_id": "CELL_1351", "bmc_ward_code": "M/W", "lat": 19.064306, "lon": 72.894853 }, "geometry": { "type": "Polygon", "coordinates": [ [ [ 72.897256193671168, 19.062075431157911 ], [ 72.897199236974004, 19.066591183412331 ], [ 72.892449970155624, 19.066536958592991 ], [ 72.892507055260083, 19.062021220145031 ], [ 72.897256193671168, 19.062075431157911 ] ] ] } },
{ "type": "Feature", "properties": { "cell_id": "CELL_1352", "bmc_ward_code": "M/W", "lat": 19.068822, "lon": 72.894796 }, "geometry": { "type": "Polygon", "coordinates": [ [ [ 72.897199236974004, 19.066591183412331 ], [ 72.89714226420206, 19.071106933294384 ], [ 72.892392868940163, 19.071052694667863 ], [ 72.892449970155624, 19.066536958592991 ], [ 72.897199236974004, 19.066591183412331 ] ] ] } },
{ "type": "Feature", "properties": { "cell_id": "CELL_1353", "bmc_ward_code": "N", "lat": 19.073338, "lon": 72.894739 }, "geometry": { "type": "Polygon", "coordinates": [ [ [ 72.89714226420206, 19.071106933294384 ], [ 72.897085275353319, 19.07562268080358 ], [ 72.892335751611682, 19.075568428369163 ], [ 72.892392868940163, 19.071052694667863 ], [ 72.89714226420206, 19.071106933294384 ] ] ] } },
{ "type": "Feature", "properties": { "cell_id": "CELL_1354", "bmc_ward_code": "N", "lat": 19.077853, "lon": 72.894682 }, "geometry": { "type": "Polygon", "coordinates": [ [ [ 72.897085275353319, 19.07562268080358 ], [ 72.897028270425793, 19.080138425939431 ], [ 72.892278618168177, 19.080084159696391 ], [ 72.892335751611682, 19.075568428369163 ], [ 72.897085275353319, 19.07562268080358 ] ] ] } },
{ "type": "Feature", "properties": { "cell_id": "CELL_1355", "bmc_ward_code": "N", "lat": 19.082369, "lon": 72.894625 }, "geometry": { "type": "Polygon", "coordinates": [ [ [ 72.897028270425793, 19.080138425939431 ], [ 72.89697124941749, 19.084654168701434 ], [ 72.892221468607644, 19.084599888649048 ], [ 72.892278618168177, 19.080084159696391 ], [ 72.897028270425793, 19.080138425939431 ] ] ] } },
{ "type": "Feature", "properties": { "cell_id": "CELL_1356", "bmc_ward_code": "N", "lat": 19.086885, "lon": 72.894568 }, "geometry": { "type": "Polygon", "coordinates": [ [ [ 72.89697124941749, 19.084654168701434 ], [ 72.896914212326365, 19.089169909089108 ], [ 72.89216430292808, 19.08911561522666 ], [ 72.892221468607644, 19.084599888649048 ], [ 72.89697124941749, 19.084654168701434 ] ] ] } },
{ "type": "Feature", "properties": { "cell_id": "CELL_1357", "bmc_ward_code": "L", "lat": 19.091401, "lon": 72.894511 }, "geometry": { "type": "Polygon", "coordinates": [ [ [ 72.896914212326365, 19.089169909089108 ], [ 72.896857159150443, 19.093685647101957 ], [ 72.892107121127481, 19.093631339428715 ], [ 72.89216430292808, 19.08911561522666 ], [ 72.896914212326365, 19.089169909089108 ] ] ] } },
{ "type": "Feature", "properties": { "cell_id": "CELL_1358", "bmc_ward_code": "L", "lat": 19.095916, "lon": 72.894454 }, "geometry": { "type": "Polygon", "coordinates": [ [ [ 72.896857159150443, 19.093685647101957 ], [ 72.896800089887734, 19.098201382739479 ], [ 72.892049923203828, 19.098147061254728 ], [ 72.892107121127481, 19.093631339428715 ], [ 72.896857159150443, 19.093685647101957 ] ] ] } },
{ "type": "Feature", "properties": { "cell_id": "CELL_1359", "bmc_ward_code": "L", "lat": 19.100432, "lon": 72.894396 }, "geometry": { "type": "Polygon", "coordinates": [ [ [ 72.896800089887734, 19.098201382739479 ], [ 72.896743004536219, 19.102717116001195 ], [ 72.891992709155105, 19.102662780704208 ], [ 72.892049923203828, 19.098147061254728 ], [ 72.896800089887734, 19.098201382739479 ] ] ] } },
{ "type": "Feature", "properties": { "cell_id": "CELL_1360", "bmc_ward_code": "L", "lat": 19.104948, "lon": 72.894339 }, "geometry": { "type": "Polygon", "coordinates": [ [ [ 72.896743004536219, 19.102717116001195 ], [ 72.896685903093882, 19.107232846886617 ], [ 72.89193547897932, 19.107178497776665 ], [ 72.891992709155105, 19.102662780704208 ], [ 72.896743004536219, 19.102717116001195 ] ] ] } },
{ "type": "Feature", "properties": { "cell_id": "CELL_1361", "bmc_ward_code": "L", "lat": 19.109464, "lon": 72.894282 }, "geometry": { "type": "Polygon", "coordinates": [ [ [ 72.896685903093882, 19.107232846886617 ], [ 72.896628785558732, 19.111748575395229 ], [ 72.891878232674443, 19.111694212471594 ], [ 72.89193547897932, 19.107178497776665 ], [ 72.896685903093882, 19.107232846886617 ] ] ] } },
{ "type": "Feature", "properties": { "cell_id": "CELL_1362", "bmc_ward_code": "L", "lat": 19.113979, "lon": 72.894225 }, "geometry": { "type": "Polygon", "coordinates": [ [ [ 72.896628785558732, 19.111748575395229 ], [ 72.896571651928753, 19.116264301526559 ], [ 72.891820970238498, 19.116209924788517 ], [ 72.891878232674443, 19.111694212471594 ], [ 72.896628785558732, 19.111748575395229 ] ] ] } },
{ "type": "Feature", "properties": { "cell_id": "CELL_1363", "bmc_ward_code": "L", "lat": 19.118495, "lon": 72.894168 }, "geometry": { "type": "Polygon", "coordinates": [ [ [ 72.896571651928753, 19.116264301526559 ], [ 72.896514502201939, 19.120780025280109 ], [ 72.891763691669439, 19.120725634726941 ], [ 72.891820970238498, 19.116209924788517 ], [ 72.896571651928753, 19.116264301526559 ] ] ] } },
{ "type": "Feature", "properties": { "cell_id": "CELL_1364", "bmc_ward_code": "L", "lat": 19.123011, "lon": 72.89411 }, "geometry": { "type": "Polygon", "coordinates": [ [ [ 72.896514502201939, 19.120780025280109 ], [ 72.896457336376287, 19.125295746655389 ], [ 72.891706396965262, 19.125241342286358 ], [ 72.891763691669439, 19.120725634726941 ], [ 72.896514502201939, 19.120780025280109 ] ] ] } },
{ "type": "Feature", "properties": { "cell_id": "CELL_1365", "bmc_ward_code": "S", "lat": 19.127526, "lon": 72.894053 }, "geometry": { "type": "Polygon", "coordinates": [ [ [ 72.896457336376287, 19.125295746655389 ], [ 72.896400154449779, 19.129811465651908 ], [ 72.891649086123948, 19.129757047466303 ], [ 72.891706396965262, 19.125241342286358 ], [ 72.896457336376287, 19.125295746655389 ] ] ] } },
{ "type": "Feature", "properties": { "cell_id": "CELL_1366", "bmc_ward_code": "S", "lat": 19.132042, "lon": 72.893996 }, "geometry": { "type": "Polygon", "coordinates": [ [ [ 72.896400154449779, 19.129811465651908 ], [ 72.896342956420426, 19.134327182269164 ], [ 72.891591759143509, 19.134272750266252 ], [ 72.891649086123948, 19.129757047466303 ], [ 72.896400154449779, 19.129811465651908 ] ] ] } },
{ "type": "Feature", "properties": { "cell_id": "CELL_1367", "bmc_ward_code": "S", "lat": 19.136558, "lon": 72.893939 }, "geometry": { "type": "Polygon", "coordinates": [ [ [ 72.896342956420426, 19.134327182269164 ], [ 72.896285742286196, 19.138842896506681 ], [ 72.891534416021898, 19.138788450685734 ], [ 72.891591759143509, 19.134272750266252 ], [ 72.896342956420426, 19.134327182269164 ] ] ] } },
{ "type": "Feature", "properties": { "cell_id": "CELL_1368", "bmc_ward_code": "S", "lat": 19.141074, "lon": 72.893881 }, "geometry": { "type": "Polygon", "coordinates": [ [ [ 72.896285742286196, 19.138842896506681 ], [ 72.896228512045084, 19.143358608363958 ], [ 72.891477056757111, 19.143304148724251 ], [ 72.891534416021898, 19.138788450685734 ], [ 72.896285742286196, 19.138842896506681 ] ] ] } },
{ "type": "Feature", "properties": { "cell_id": "CELL_1369", "bmc_ward_code": "P/S", "lat": 19.145589, "lon": 72.893824 }, "geometry": { "type": "Polygon", "coordinates": [ [ [ 72.896228512045084, 19.143358608363958 ], [ 72.896171265695088, 19.1478743178405 ], [ 72.891419681347145, 19.147819844381317 ], [ 72.891477056757111, 19.143304148724251 ], [ 72.896228512045084, 19.143358608363958 ] ] ] } },
{ "type": "Feature", "properties": { "cell_id": "CELL_1370", "bmc_ward_code": "T", "lat": 19.150105, "lon": 72.893767 }, "geometry": { "type": "Polygon", "coordinates": [ [ [ 72.896171265695088, 19.1478743178405 ], [ 72.896114003234175, 19.152390024935819 ], [ 72.891362289789967, 19.152335537656427 ], [ 72.891419681347145, 19.147819844381317 ], [ 72.896171265695088, 19.1478743178405 ] ] ] } },
{ "type": "Feature", "properties": { "cell_id": "CELL_1371", "bmc_ward_code": "T", "lat": 19.154621, "lon": 72.893709 }, "geometry": { "type": "Polygon", "coordinates": [ [ [ 72.896114003234175, 19.152390024935819 ], [ 72.896056724660355, 19.156905729649431 ], [ 72.89130488208356, 19.156851228549101 ], [ 72.891362289789967, 19.152335537656427 ], [ 72.896114003234175, 19.152390024935819 ] ] ] } },
{ "type": "Feature", "properties": { "cell_id": "CELL_1372", "bmc_ward_code": "T", "lat": 19.159136, "lon": 72.893652 }, "geometry": { "type": "Polygon", "coordinates": [ [ [ 72.896056724660355, 19.156905729649431 ], [ 72.895999429971596, 19.16142143198083 ], [ 72.891247458225905, 19.161366917058849 ], [ 72.89130488208356, 19.156851228549101 ], [ 72.896056724660355, 19.156905729649431 ] ] ] } },
{ "type": "Feature", "properties": { "cell_id": "CELL_1373", "bmc_ward_code": "T", "lat": 19.163652, "lon": 72.893595 }, "geometry": { "type": "Polygon", "coordinates": [ [ [ 72.895999429971596, 19.16142143198083 ], [ 72.895942119165881, 19.165937131929528 ], [ 72.891190018214999, 19.16588260318516 ], [ 72.891247458225905, 19.161366917058849 ], [ 72.895999429971596, 19.16142143198083 ] ] ] } },
{ "type": "Feature", "properties": { "cell_id": "CELL_1374", "bmc_ward_code": "P/N", "lat": 19.168168, "lon": 72.893537 }, "geometry": { "type": "Polygon", "coordinates": [ [ [ 72.895942119165881, 19.165937131929528 ], [ 72.895884792241233, 19.170452829495048 ], [ 72.89113256204881, 19.170398286927561 ], [ 72.891190018214999, 19.16588260318516 ], [ 72.895942119165881, 19.165937131929528 ] ] ] } },
{ "type": "Feature", "properties": { "cell_id": "CELL_1375", "bmc_ward_code": "P/N", "lat": 19.172683, "lon": 72.89348 }, "geometry": { "type": "Polygon", "coordinates": [ [ [ 72.895884792241233, 19.170452829495048 ], [ 72.895827449195579, 19.174968524676878 ], [ 72.891075089725334, 19.174913968285562 ], [ 72.89113256204881, 19.170398286927561 ], [ 72.895884792241233, 19.170452829495048 ] ] ] } },
{ "type": "Feature", "properties": { "cell_id": "CELL_1376", "bmc_ward_code": "P/N", "lat": 19.177199, "lon": 72.893423 }, "geometry": { "type": "Polygon", "coordinates": [ [ [ 72.895827449195579, 19.174968524676878 ], [ 72.895770090026957, 19.179484217474538 ], [ 72.89101760124251, 19.179429647258651 ], [ 72.891075089725334, 19.174913968285562 ], [ 72.895827449195579, 19.174968524676878 ] ] ] } },
{ "type": "Feature", "properties": { "cell_id": "CELL_1377", "bmc_ward_code": "P/N", "lat": 19.181715, "lon": 72.893365 }, "geometry": { "type": "Polygon", "coordinates": [ [ [ 72.895770090026957, 19.179484217474538 ], [ 72.895712714733321, 19.183999907887539 ], [ 72.890960096598363, 19.183945323846352 ], [ 72.89101760124251, 19.179429647258651 ], [ 72.895770090026957, 19.179484217474538 ] ] ] } },
{ "type": "Feature", "properties": { "cell_id": "CELL_1378", "bmc_ward_code": "P/N", "lat": 19.18623, "lon": 72.893308 }, "geometry": { "type": "Polygon", "coordinates": [ [ [ 72.895712714733321, 19.183999907887539 ], [ 72.895655323312653, 19.188515595915383 ], [ 72.890902575790832, 19.188460998048178 ], [ 72.890960096598363, 19.183945323846352 ], [ 72.895712714733321, 19.183999907887539 ] ] ] } },
{ "type": "Feature", "properties": { "cell_id": "CELL_1379", "bmc_ward_code": "P/N", "lat": 19.190746, "lon": 72.89325 }, "geometry": { "type": "Polygon", "coordinates": [ [ [ 72.895655323312653, 19.188515595915383 ], [ 72.89559791576292, 19.193031281557577 ], [ 72.890845038817915, 19.192976669863619 ], [ 72.890902575790832, 19.188460998048178 ], [ 72.895655323312653, 19.188515595915383 ] ] ] } },
{ "type": "Feature", "properties": { "cell_id": "CELL_1380", "bmc_ward_code": "R/S", "lat": 19.195262, "lon": 72.893193 }, "geometry": { "type": "Polygon", "coordinates": [ [ [ 72.89559791576292, 19.193031281557577 ], [ 72.895540492082148, 19.19754696481364 ], [ 72.890787485677592, 19.197492339292207 ], [ 72.890845038817915, 19.192976669863619 ], [ 72.89559791576292, 19.193031281557577 ] ] ] } },
{ "type": "Feature", "properties": { "cell_id": "CELL_1381", "bmc_ward_code": "R/S", "lat": 19.199778, "lon": 72.893135 }, "geometry": { "type": "Polygon", "coordinates": [ [ [ 72.895540492082148, 19.19754696481364 ], [ 72.895483052268276, 19.202062645683075 ], [ 72.890729916367818, 19.202008006333429 ], [ 72.890787485677592, 19.197492339292207 ], [ 72.895540492082148, 19.19754696481364 ] ] ] } },
{ "type": "Feature", "properties": { "cell_id": "CELL_1382", "bmc_ward_code": "R/S", "lat": 19.204293, "lon": 72.893078 }, "geometry": { "type": "Polygon", "coordinates": [ [ [ 72.895483052268276, 19.202062645683075 ], [ 72.895425596319299, 19.206578324165374 ], [ 72.890672330886588, 19.206523670986805 ], [ 72.890729916367818, 19.202008006333429 ], [ 72.895483052268276, 19.202062645683075 ] ] ] } },
{ "type": "Feature", "properties": { "cell_id": "CELL_1383", "bmc_ward_code": "R/S", "lat": 19.208809, "lon": 72.89302 }, "geometry": { "type": "Polygon", "coordinates": [ [ [ 72.895425596319299, 19.206578324165374 ], [ 72.895368124233187, 19.211094000260076 ], [ 72.890614729231856, 19.21103933325184 ], [ 72.890672330886588, 19.206523670986805 ], [ 72.895425596319299, 19.206578324165374 ] ] ] } },
{ "type": "Feature", "properties": { "cell_id": "CELL_1384", "bmc_ward_code": "R/C", "lat": 19.213325, "lon": 72.892963 }, "geometry": { "type": "Polygon", "coordinates": [ [ [ 72.895368124233187, 19.211094000260076 ], [ 72.895310636007935, 19.215609673966679 ], [ 72.89055711140162, 19.215554993128048 ], [ 72.890614729231856, 19.21103933325184 ], [ 72.895368124233187, 19.211094000260076 ] ] ] } },
{ "type": "Feature", "properties": { "cell_id": "CELL_1385", "bmc_ward_code": "R/C", "lat": 19.21784, "lon": 72.892905 }, "geometry": { "type": "Polygon", "coordinates": [ [ [ 72.895310636007935, 19.215609673966679 ], [ 72.89525313164151, 19.220125345284679 ], [ 72.890499477393845, 19.220070650614932 ], [ 72.89055711140162, 19.215554993128048 ], [ 72.895310636007935, 19.215609673966679 ] ] ] } },
{ "type": "Feature", "properties": { "cell_id": "CELL_1386", "bmc_ward_code": "R/C", "lat": 19.222356, "lon": 72.892848 }, "geometry": { "type": "Polygon", "coordinates": [ [ [ 72.89525313164151, 19.220125345284679 ], [ 72.895195611131882, 19.224641014213606 ], [ 72.890441827206487, 19.224586305711998 ], [ 72.890499477393845, 19.220070650614932 ], [ 72.89525313164151, 19.220125345284679 ] ] ] } },
{ "type": "Feature", "properties": { "cell_id": "CELL_1387", "bmc_ward_code": "R/C", "lat": 19.226872, "lon": 72.89279 }, "geometry": { "type": "Polygon", "coordinates": [ [ [ 72.895195611131882, 19.224641014213606 ], [ 72.895138074477046, 19.229156680752954 ], [ 72.890384160837542, 19.229101958418763 ], [ 72.890441827206487, 19.224586305711998 ], [ 72.895195611131882, 19.224641014213606 ] ] ] } },
{ "type": "Feature", "properties": { "cell_id": "CELL_1388", "bmc_ward_code": "R/C", "lat": 19.231387, "lon": 72.892732 }, "geometry": { "type": "Polygon", "coordinates": [ [ [ 72.895138074477046, 19.229156680752954 ], [ 72.895080521674956, 19.233672344902224 ], [ 72.890326478284962, 19.233617608734733 ], [ 72.890384160837542, 19.229101958418763 ], [ 72.895138074477046, 19.229156680752954 ] ] ] } },
{ "type": "Feature", "properties": { "cell_id": "CELL_1389", "bmc_ward_code": "R/C", "lat": 19.235903, "lon": 72.892675 }, "geometry": { "type": "Polygon", "coordinates": [ [ [ 72.895080521674956, 19.233672344902224 ], [ 72.895022952723579, 19.238188006660952 ], [ 72.89026877954673, 19.238133256659417 ], [ 72.890326478284962, 19.233617608734733 ], [ 72.895080521674956, 19.233672344902224 ] ] ] } },
{ "type": "Feature", "properties": { "cell_id": "CELL_1390", "bmc_ward_code": "R/C", "lat": 19.240418, "lon": 72.892617 }, "geometry": { "type": "Polygon", "coordinates": [ [ [ 72.895022952723579, 19.238188006660952 ], [ 72.894965367620927, 19.242703666028628 ], [ 72.8902110646208, 19.242648902192318 ], [ 72.89026877954673, 19.238133256659417 ], [ 72.895022952723579, 19.238188006660952 ] ] ] } },
{ "type": "Feature", "properties": { "cell_id": "CELL_1391", "bmc_ward_code": "R/C", "lat": 19.244934, "lon": 72.892559 }, "geometry": { "type": "Polygon", "coordinates": [ [ [ 72.894965367620927, 19.242703666028628 ], [ 72.894907766364938, 19.24721932300476 ], [ 72.89015333350514, 19.247164545332961 ], [ 72.8902110646208, 19.242648902192318 ], [ 72.894965367620927, 19.242703666028628 ] ] ] } },
{ "type": "Feature", "properties": { "cell_id": "CELL_1392", "bmc_ward_code": "R/N", "lat": 19.24945, "lon": 72.892502 }, "geometry": { "type": "Polygon", "coordinates": [ [ [ 72.894907766364938, 19.24721932300476 ], [ 72.894850148953608, 19.251734977588871 ], [ 72.890095586197731, 19.251680186080833 ], [ 72.89015333350514, 19.247164545332961 ], [ 72.894907766364938, 19.24721932300476 ] ] ] } },
{ "type": "Feature", "properties": { "cell_id": "CELL_1393", "bmc_ward_code": "M/W", "lat": 18.996624, "lon": 72.900454 }, "geometry": { "type": "Polygon", "coordinates": [ [ [ 72.902855849200236, 18.994392745363168 ], [ 72.902799261251815, 18.998908546908506 ], [ 72.898051900697283, 18.998854650773747 ], [ 72.898108616512232, 18.994338862993004 ], [ 72.902855849200236, 18.994392745363168 ] ] ] } },
{ "type": "Feature", "properties": { "cell_id": "CELL_1394", "bmc_ward_code": "M/W", "lat": 19.00114, "lon": 72.900397 }, "geometry": { "type": "Polygon", "coordinates": [ [ [ 72.902799261251815, 18.998908546908506 ], [ 72.902742657294681, 19.003424346089592 ], [ 72.897995168837497, 19.003370436189524 ], [ 72.898051900697283, 18.998854650773747 ], [ 72.902799261251815, 18.998908546908506 ] ] ] } },
{ "type": "Feature", "properties": { "cell_id": "CELL_1395", "bmc_ward_code": "M/W", "lat": 19.005655, "lon": 72.900341 }, "geometry": { "type": "Polygon", "coordinates": [ [ [ 72.902742657294681, 19.003424346089592 ], [ 72.902686037326859, 19.00794014290593 ], [ 72.897938420930856, 19.007886219239833 ], [ 72.897995168837497, 19.003370436189524 ], [ 72.902742657294681, 19.003424346089592 ] ] ] } },
{ "type": "Feature", "properties": { "cell_id": "CELL_1396", "bmc_ward_code": "M/E", "lat": 19.010171, "lon": 72.900284 }, "geometry": { "type": "Polygon", "coordinates": [ [ [ 72.902686037326859, 19.00794014290593 ], [ 72.902629401346346, 19.012455937357032 ], [ 72.897881656975358, 19.01240199992419 ], [ 72.897938420930856, 19.007886219239833 ], [ 72.902686037326859, 19.00794014290593 ] ] ] } },
{ "type": "Feature", "properties": { "cell_id": "CELL_1397", "bmc_ward_code": "M/E", "lat": 19.014687, "lon": 72.900227 }, "geometry": { "type": "Polygon", "coordinates": [ [ [ 72.902629401346346, 19.012455937357032 ], [ 72.902572749351179, 19.016971729442393 ], [ 72.89782487696904, 19.016917778242096 ], [ 72.897881656975358, 19.01240199992419 ], [ 72.902629401346346, 19.012455937357032 ] ] ] } },
{ "type": "Feature", "properties": { "cell_id": "CELL_1398", "bmc_ward_code": "M/E", "lat": 19.019203, "lon": 72.90017 }, "geometry": { "type": "Polygon", "coordinates": [ [ [ 72.902572749351179, 19.016971729442393 ], [ 72.902516081339328, 19.021487519161536 ], [ 72.89776808090987, 19.021433554193049 ], [ 72.89782487696904, 19.016917778242096 ], [ 72.902572749351179, 19.016971729442393 ] ] ] } },
{ "type": "Feature", "properties": { "cell_id": "CELL_1399", "bmc_ward_code": "M/E", "lat": 19.023718, "lon": 72.900114 }, "geometry": { "type": "Polygon", "coordinates": [ [ [ 72.902516081339328, 19.021487519161536 ], [ 72.902459397308874, 19.026003306513957 ], [ 72.897711268795902, 19.025949327776576 ], [ 72.89776808090987, 19.021433554193049 ], [ 72.902516081339328, 19.021487519161536 ] ] ] } },
{ "type": "Feature", "properties": { "cell_id": "CELL_1400", "bmc_ward_code": "M/E", "lat": 19.028234, "lon": 72.900057 }, "geometry": { "type": "Polygon", "coordinates": [ [ [ 72.902459397308874, 19.026003306513957 ], [ 72.902402697257756, 19.030519091499166 ], [ 72.897654440625118, 19.03046509899217 ], [ 72.897711268795902, 19.025949327776576 ], [ 72.902459397308874, 19.026003306513957 ] ] ] } },
{ "type": "Feature", "properties": { "cell_id": "CELL_1401", "bmc_ward_code": "M/E", "lat": 19.03275, "lon": 72.9 }, "geometry": { "type": "Polygon", "coordinates": [ [ [ 72.902402697257756, 19.030519091499166 ], [ 72.902345981184027, 19.035034874116679 ], [ 72.897597596395514, 19.034980867839348 ], [ 72.897654440625118, 19.03046509899217 ], [ 72.902402697257756, 19.030519091499166 ] ] ] } },
{ "type": "Feature", "properties": { "cell_id": "CELL_1402", "bmc_ward_code": "M/E", "lat": 19.037266, "lon": 72.899943 }, "geometry": { "type": "Polygon", "coordinates": [ [ [ 72.902345981184027, 19.035034874116679 ], [ 72.902289249085683, 19.039550654365986 ], [ 72.897540736105114, 19.039496634317601 ], [ 72.897597596395514, 19.034980867839348 ], [ 72.902345981184027, 19.035034874116679 ] ] ] } },
{ "type": "Feature", "properties": { "cell_id": "CELL_1403", "bmc_ward_code": "M/E", "lat": 19.041782, "lon": 72.899887 }, "geometry": { "type": "Polygon", "coordinates": [ [ [ 72.902289249085683, 19.039550654365986 ], [ 72.902232500960736, 19.044066432246606 ], [ 72.897483859751915, 19.04401239842645 ], [ 72.897540736105114, 19.039496634317601 ], [ 72.902289249085683, 19.039550654365986 ] ] ] } },
{ "type": "Feature", "properties": { "cell_id": "CELL_1404", "bmc_ward_code": "M/W", "lat": 19.046297, "lon": 72.89983 }, "geometry": { "type": "Polygon", "coordinates": [ [ [ 72.902232500960736, 19.044066432246606 ], [ 72.902175736807195, 19.048582207758045 ], [ 72.897426967333928, 19.0485281601654 ], [ 72.897483859751915, 19.04401239842645 ], [ 72.902232500960736, 19.044066432246606 ] ] ] } },
{ "type": "Feature", "properties": { "cell_id": "CELL_1405", "bmc_ward_code": "M/W", "lat": 19.050813, "lon": 72.899773 }, "geometry": { "type": "Polygon", "coordinates": [ [ [ 72.902175736807195, 19.048582207758045 ], [ 72.902118956623056, 19.053097980899807 ], [ 72.897370058849134, 19.053043919533952 ], [ 72.897426967333928, 19.0485281601654 ], [ 72.902175736807195, 19.048582207758045 ] ] ] } },
{ "type": "Feature", "properties": { "cell_id": "CELL_1406", "bmc_ward_code": "M/W", "lat": 19.055329, "lon": 72.899716 }, "geometry": { "type": "Polygon", "coordinates": [ [ [ 72.902118956623056, 19.053097980899807 ], [ 72.902062160406345, 19.057613751671408 ], [ 72.897313134295544, 19.057559676531621 ], [ 72.897370058849134, 19.053043919533952 ], [ 72.902118956623056, 19.053097980899807 ] ] ] } },
{ "type": "Feature", "properties": { "cell_id": "CELL_1407", "bmc_ward_code": "M/W", "lat": 19.059845, "lon": 72.899659 }, "geometry": { "type": "Polygon", "coordinates": [ [ [ 72.902062160406345, 19.057613751671408 ], [ 72.902005348155058, 19.062129520072343 ], [ 72.897256193671168, 19.062075431157911 ], [ 72.897313134295544, 19.057559676531621 ], [ 72.902062160406345, 19.057613751671408 ] ] ] } },
{ "type": "Feature", "properties": { "cell_id": "CELL_1408", "bmc_ward_code": "M/W", "lat": 19.06436, "lon": 72.899602 }, "geometry": { "type": "Polygon", "coordinates": [ [ [ 72.902005348155058, 19.062129520072343 ], [ 72.90194851986719, 19.06664528610213 ], [ 72.897199236974004, 19.066591183412331 ], [ 72.897256193671168, 19.062075431157911 ], [ 72.902005348155058, 19.062129520072343 ] ] ] } },
{ "type": "Feature", "properties": { "cell_id": "CELL_1409", "bmc_ward_code": "M/W", "lat": 19.068876, "lon": 72.899545 }, "geometry": { "type": "Polygon", "coordinates": [ [ [ 72.90194851986719, 19.06664528610213 ], [ 72.901891675540753, 19.071161049760271 ], [ 72.89714226420206, 19.071106933294384 ], [ 72.897199236974004, 19.066591183412331 ], [ 72.90194851986719, 19.06664528610213 ] ] ] } },
{ "type": "Feature", "properties": { "cell_id": "CELL_1410", "bmc_ward_code": "N", "lat": 19.073392, "lon": 72.899489 }, "geometry": { "type": "Polygon", "coordinates": [ [ [ 72.901891675540753, 19.071161049760271 ], [ 72.901834815173771, 19.075676811046282 ], [ 72.897085275353319, 19.07562268080358 ], [ 72.89714226420206, 19.071106933294384 ], [ 72.901891675540753, 19.071161049760271 ] ] ] } },
{ "type": "Feature", "properties": { "cell_id": "CELL_1411", "bmc_ward_code": "N", "lat": 19.077908, "lon": 72.899432 }, "geometry": { "type": "Polygon", "coordinates": [ [ [ 72.901834815173771, 19.075676811046282 ], [ 72.901777938764212, 19.080192569959664 ], [ 72.897028270425793, 19.080138425939431 ], [ 72.897085275353319, 19.07562268080358 ], [ 72.901834815173771, 19.075676811046282 ] ] ] } },
{ "type": "Feature", "properties": { "cell_id": "CELL_1412", "bmc_ward_code": "N", "lat": 19.082423, "lon": 72.899375 }, "geometry": { "type": "Polygon", "coordinates": [ [ [ 72.901777938764212, 19.080192569959664 ], [ 72.901721046310101, 19.084708326499918 ], [ 72.89697124941749, 19.084654168701434 ], [ 72.897028270425793, 19.080138425939431 ], [ 72.901777938764212, 19.080192569959664 ] ] ] } },
{ "type": "Feature", "properties": { "cell_id": "CELL_1413", "bmc_ward_code": "N", "lat": 19.086939, "lon": 72.899318 }, "geometry": { "type": "Polygon", "coordinates": [ [ [ 72.901721046310101, 19.084708326499918 ], [ 72.901664137809448, 19.089224080666561 ], [ 72.896914212326365, 19.089169909089108 ], [ 72.89697124941749, 19.084654168701434 ], [ 72.901721046310101, 19.084708326499918 ] ] ] } },
{ "type": "Feature", "properties": { "cell_id": "CELL_1414", "bmc_ward_code": "N", "lat": 19.091455, "lon": 72.899261 }, "geometry": { "type": "Polygon", "coordinates": [ [ [ 72.901664137809448, 19.089224080666561 ], [ 72.90160721326022, 19.0937398324591 ], [ 72.896857159150443, 19.093685647101957 ], [ 72.896914212326365, 19.089169909089108 ], [ 72.901664137809448, 19.089224080666561 ] ] ] } },
{ "type": "Feature", "properties": { "cell_id": "CELL_1415", "bmc_ward_code": "N", "lat": 19.095971, "lon": 72.899204 }, "geometry": { "type": "Polygon", "coordinates": [ [ [ 72.90160721326022, 19.0937398324591 ], [ 72.901550272660458, 19.098255581877041 ], [ 72.896800089887734, 19.098201382739479 ], [ 72.896857159150443, 19.093685647101957 ], [ 72.90160721326022, 19.0937398324591 ] ] ] } },
{ "type": "Feature", "properties": { "cell_id": "CELL_1416", "bmc_ward_code": "L", "lat": 19.100486, "lon": 72.899147 }, "geometry": { "type": "Polygon", "coordinates": [ [ [ 72.901550272660458, 19.098255581877041 ], [ 72.901493316008143, 19.102771328919889 ], [ 72.896743004536219, 19.102717116001195 ], [ 72.896800089887734, 19.098201382739479 ], [ 72.901550272660458, 19.098255581877041 ] ] ] } },
{ "type": "Feature", "properties": { "cell_id": "CELL_1417", "bmc_ward_code": "L", "lat": 19.105002, "lon": 72.89909 }, "geometry": { "type": "Polygon", "coordinates": [ [ [ 72.901493316008143, 19.102771328919889 ], [ 72.901436343301256, 19.107287073587166 ], [ 72.896685903093882, 19.107232846886617 ], [ 72.896743004536219, 19.102717116001195 ], [ 72.901493316008143, 19.102771328919889 ] ] ] } },
{ "type": "Feature", "properties": { "cell_id": "CELL_1418", "bmc_ward_code": "L", "lat": 19.109518, "lon": 72.899033 }, "geometry": { "type": "Polygon", "coordinates": [ [ [ 72.901436343301256, 19.107287073587166 ], [ 72.901379354537823, 19.111802815878363 ], [ 72.896628785558732, 19.111748575395229 ], [ 72.896685903093882, 19.107232846886617 ], [ 72.901436343301256, 19.107287073587166 ] ] ] } },
{ "type": "Feature", "properties": { "cell_id": "CELL_1419", "bmc_ward_code": "L", "lat": 19.114034, "lon": 72.898976 }, "geometry": { "type": "Polygon", "coordinates": [ [ [ 72.901379354537823, 19.111802815878363 ], [ 72.901322349715841, 19.116318555792994 ], [ 72.896571651928753, 19.116264301526559 ], [ 72.896628785558732, 19.111748575395229 ], [ 72.901379354537823, 19.111802815878363 ] ] ] } },
{ "type": "Feature", "properties": { "cell_id": "CELL_1420", "bmc_ward_code": "L", "lat": 19.118549, "lon": 72.898918 }, "geometry": { "type": "Polygon", "coordinates": [ [ [ 72.901322349715841, 19.116318555792994 ], [ 72.90126532883329, 19.120834293330571 ], [ 72.896514502201939, 19.120780025280109 ], [ 72.896571651928753, 19.116264301526559 ], [ 72.901322349715841, 19.116318555792994 ] ] ] } },
{ "type": "Feature", "properties": { "cell_id": "CELL_1421", "bmc_ward_code": "S", "lat": 19.123065, "lon": 72.898861 }, "geometry": { "type": "Polygon", "coordinates": [ [ [ 72.90126532883329, 19.120834293330571 ], [ 72.901208291888167, 19.125350028490594 ], [ 72.896457336376287, 19.125295746655389 ], [ 72.896514502201939, 19.120780025280109 ], [ 72.90126532883329, 19.120834293330571 ] ] ] } },
{ "type": "Feature", "properties": { "cell_id": "CELL_1422", "bmc_ward_code": "S", "lat": 19.127581, "lon": 72.898804 }, "geometry": { "type": "Polygon", "coordinates": [ [ [ 72.901208291888167, 19.125350028490594 ], [ 72.901151238878469, 19.129865761272587 ], [ 72.896400154449779, 19.129811465651908 ], [ 72.896457336376287, 19.125295746655389 ], [ 72.901208291888167, 19.125350028490594 ] ] ] } },
{ "type": "Feature", "properties": { "cell_id": "CELL_1423", "bmc_ward_code": "S", "lat": 19.132096, "lon": 72.898747 }, "geometry": { "type": "Polygon", "coordinates": [ [ [ 72.901151238878469, 19.129865761272587 ], [ 72.901094169802221, 19.134381491676042 ], [ 72.896342956420426, 19.134327182269164 ], [ 72.896400154449779, 19.129811465651908 ], [ 72.901151238878469, 19.129865761272587 ] ] ] } },
{ "type": "Feature", "properties": { "cell_id": "CELL_1424", "bmc_ward_code": "S", "lat": 19.136612, "lon": 72.89869 }, "geometry": { "type": "Polygon", "coordinates": [ [ [ 72.901094169802221, 19.134381491676042 ], [ 72.901037084657375, 19.138897219700471 ], [ 72.896285742286196, 19.138842896506681 ], [ 72.896342956420426, 19.134327182269164 ], [ 72.901094169802221, 19.134381491676042 ] ] ] } },
{ "type": "Feature", "properties": { "cell_id": "CELL_1425", "bmc_ward_code": "T", "lat": 19.141128, "lon": 72.898633 }, "geometry": { "type": "Polygon", "coordinates": [ [ [ 72.901037084657375, 19.138897219700471 ], [ 72.900979983441943, 19.143412945345389 ], [ 72.896228512045084, 19.143358608363958 ], [ 72.896285742286196, 19.138842896506681 ], [ 72.901037084657375, 19.138897219700471 ] ] ] } },
{ "type": "Feature", "properties": { "cell_id": "CELL_1426", "bmc_ward_code": "T", "lat": 19.145644, "lon": 72.898576 }, "geometry": { "type": "Polygon", "coordinates": [ [ [ 72.900979983441943, 19.143412945345389 ], [ 72.90092286615392, 19.147928668610298 ], [ 72.896171265695088, 19.1478743178405 ], [ 72.896228512045084, 19.143358608363958 ], [ 72.900979983441943, 19.143412945345389 ] ] ] } },
{ "type": "Feature", "properties": { "cell_id": "CELL_1427", "bmc_ward_code": "T", "lat": 19.150159, "lon": 72.898518 }, "geometry": { "type": "Polygon", "coordinates": [ [ [ 72.90092286615392, 19.147928668610298 ], [ 72.900865732791303, 19.152444389494708 ], [ 72.896114003234175, 19.152390024935819 ], [ 72.896171265695088, 19.1478743178405 ], [ 72.90092286615392, 19.147928668610298 ] ] ] } },
{ "type": "Feature", "properties": { "cell_id": "CELL_1428", "bmc_ward_code": "T", "lat": 19.154675, "lon": 72.898461 }, "geometry": { "type": "Polygon", "coordinates": [ [ [ 72.900865732791303, 19.152444389494708 ], [ 72.900808583352074, 19.156960107998128 ], [ 72.896056724660355, 19.156905729649431 ], [ 72.896114003234175, 19.152390024935819 ], [ 72.900865732791303, 19.152444389494708 ] ] ] } },
{ "type": "Feature", "properties": { "cell_id": "CELL_1429", "bmc_ward_code": "T", "lat": 19.159191, "lon": 72.898404 }, "geometry": { "type": "Polygon", "coordinates": [ [ [ 72.900808583352074, 19.156960107998128 ], [ 72.900751417834215, 19.161475824120068 ], [ 72.895999429971596, 19.16142143198083 ], [ 72.896056724660355, 19.156905729649431 ], [ 72.900808583352074, 19.156960107998128 ] ] ] } },
{ "type": "Feature", "properties": { "cell_id": "CELL_1430", "bmc_ward_code": "T", "lat": 19.163706, "lon": 72.898347 }, "geometry": { "type": "Polygon", "coordinates": [ [ [ 72.900751417834215, 19.161475824120068 ], [ 72.900694236235736, 19.165991537860034 ], [ 72.895942119165881, 19.165937131929528 ], [ 72.895999429971596, 19.16142143198083 ], [ 72.900751417834215, 19.161475824120068 ] ] ] } },
{ "type": "Feature", "properties": { "cell_id": "CELL_1431", "bmc_ward_code": "T", "lat": 19.168222, "lon": 72.89829 }, "geometry": { "type": "Polygon", "coordinates": [ [ [ 72.900694236235736, 19.165991537860034 ], [ 72.900637038554621, 19.17050724921754 ], [ 72.895884792241233, 19.170452829495048 ], [ 72.895942119165881, 19.165937131929528 ], [ 72.900694236235736, 19.165991537860034 ] ] ] } },
{ "type": "Feature", "properties": { "cell_id": "CELL_1432", "bmc_ward_code": "T", "lat": 19.172738, "lon": 72.898232 }, "geometry": { "type": "Polygon", "coordinates": [ [ [ 72.900637038554621, 19.17050724921754 ], [ 72.900579824788849, 19.175022958192084 ], [ 72.895827449195579, 19.174968524676878 ], [ 72.895884792241233, 19.170452829495048 ], [ 72.900637038554621, 19.17050724921754 ] ] ] } },
{ "type": "Feature", "properties": { "cell_id": "CELL_1433", "bmc_ward_code": "P/N", "lat": 19.177254, "lon": 72.898175 }, "geometry": { "type": "Polygon", "coordinates": [ [ [ 72.900579824788849, 19.175022958192084 ], [ 72.900522594936419, 19.17953866478318 ], [ 72.895770090026957, 19.179484217474538 ], [ 72.895827449195579, 19.174968524676878 ], [ 72.900579824788849, 19.175022958192084 ] ] ] } },
{ "type": "Feature", "properties": { "cell_id": "CELL_1434", "bmc_ward_code": "P/N", "lat": 19.181769, "lon": 72.898118 }, "geometry": { "type": "Polygon", "coordinates": [ [ [ 72.900522594936419, 19.17953866478318 ], [ 72.900465348995311, 19.184054368990349 ], [ 72.895712714733321, 19.183999907887539 ], [ 72.895770090026957, 19.179484217474538 ], [ 72.900522594936419, 19.17953866478318 ] ] ] } },
{ "type": "Feature", "properties": { "cell_id": "CELL_1435", "bmc_ward_code": "P/N", "lat": 19.186285, "lon": 72.89806 }, "geometry": { "type": "Polygon", "coordinates": [ [ [ 72.900465348995311, 19.184054368990349 ], [ 72.900408086963509, 19.188570070813086 ], [ 72.895655323312653, 19.188515595915383 ], [ 72.895712714733321, 19.183999907887539 ], [ 72.900465348995311, 19.184054368990349 ] ] ] } },
{ "type": "Feature", "properties": { "cell_id": "CELL_1436", "bmc_ward_code": "R/S", "lat": 19.190801, "lon": 72.898003 }, "geometry": { "type": "Polygon", "coordinates": [ [ [ 72.900408086963509, 19.188570070813086 ], [ 72.900350808839008, 19.193085770250896 ], [ 72.89559791576292, 19.193031281557577 ], [ 72.895655323312653, 19.188515595915383 ], [ 72.900408086963509, 19.188570070813086 ] ] ] } },
{ "type": "Feature", "properties": { "cell_id": "CELL_1437", "bmc_ward_code": "R/S", "lat": 19.195316, "lon": 72.897946 }, "geometry": { "type": "Polygon", "coordinates": [ [ [ 72.900350808839008, 19.193085770250896 ], [ 72.90029351461979, 19.197601467303301 ], [ 72.895540492082148, 19.19754696481364 ], [ 72.89559791576292, 19.193031281557577 ], [ 72.900350808839008, 19.193085770250896 ] ] ] } },
{ "type": "Feature", "properties": { "cell_id": "CELL_1438", "bmc_ward_code": "R/S", "lat": 19.199832, "lon": 72.897888 }, "geometry": { "type": "Polygon", "coordinates": [ [ [ 72.90029351461979, 19.197601467303301 ], [ 72.900236204303837, 19.202117161969799 ], [ 72.895483052268276, 19.202062645683075 ], [ 72.895540492082148, 19.19754696481364 ], [ 72.90029351461979, 19.197601467303301 ] ] ] } },
{ "type": "Feature", "properties": { "cell_id": "CELL_1439", "bmc_ward_code": "R/S", "lat": 19.204348, "lon": 72.897831 }, "geometry": { "type": "Polygon", "coordinates": [ [ [ 72.900236204303837, 19.202117161969799 ], [ 72.900178877889132, 19.206632854249904 ], [ 72.895425596319299, 19.206578324165374 ], [ 72.895483052268276, 19.202062645683075 ], [ 72.900236204303837, 19.202117161969799 ] ] ] } },
{ "type": "Feature", "properties": { "cell_id": "CELL_1440", "bmc_ward_code": "R/C", "lat": 19.208863, "lon": 72.897774 }, "geometry": { "type": "Polygon", "coordinates": [ [ [ 72.900178877889132, 19.206632854249904 ], [ 72.900121535373671, 19.211148544143128 ], [ 72.895368124233187, 19.211094000260076 ], [ 72.895425596319299, 19.206578324165374 ], [ 72.900178877889132, 19.206632854249904 ] ] ] } },
{ "type": "Feature", "properties": { "cell_id": "CELL_1441", "bmc_ward_code": "R/C", "lat": 19.213379, "lon": 72.897716 }, "geometry": { "type": "Polygon", "coordinates": [ [ [ 72.900121535373671, 19.211148544143128 ], [ 72.900064176755421, 19.215664231648983 ], [ 72.895310636007935, 19.215609673966679 ], [ 72.895368124233187, 19.211094000260076 ], [ 72.900121535373671, 19.211148544143128 ] ] ] } },
{ "type": "Feature", "properties": { "cell_id": "CELL_1442", "bmc_ward_code": "R/C", "lat": 19.217895, "lon": 72.897659 }, "geometry": { "type": "Polygon", "coordinates": [ [ [ 72.900064176755421, 19.215664231648983 ], [ 72.900006802032365, 19.220179916766963 ], [ 72.89525313164151, 19.220125345284679 ], [ 72.895310636007935, 19.215609673966679 ], [ 72.900064176755421, 19.215664231648983 ] ] ] } },
{ "type": "Feature", "properties": { "cell_id": "CELL_1443", "bmc_ward_code": "R/C", "lat": 19.22241, "lon": 72.897601 }, "geometry": { "type": "Polygon", "coordinates": [ [ [ 72.900006802032365, 19.220179916766963 ], [ 72.899949411202499, 19.224695599496595 ], [ 72.895195611131882, 19.224641014213606 ], [ 72.89525313164151, 19.220125345284679 ], [ 72.900006802032365, 19.220179916766963 ] ] ] } },
{ "type": "Feature", "properties": { "cell_id": "CELL_1444", "bmc_ward_code": "R/C", "lat": 19.226926, "lon": 72.897544 }, "geometry": { "type": "Polygon", "coordinates": [ [ [ 72.899949411202499, 19.224695599496595 ], [ 72.899892004263776, 19.229211279837372 ], [ 72.895138074477046, 19.229156680752954 ], [ 72.895195611131882, 19.224641014213606 ], [ 72.899949411202499, 19.224695599496595 ] ] ] } },
{ "type": "Feature", "properties": { "cell_id": "CELL_1445", "bmc_ward_code": "R/C", "lat": 19.231442, "lon": 72.897486 }, "geometry": { "type": "Polygon", "coordinates": [ [ [ 72.899892004263776, 19.229211279837372 ], [ 72.899834581214208, 19.233726957788807 ], [ 72.895080521674956, 19.233672344902224 ], [ 72.895138074477046, 19.229156680752954 ], [ 72.899892004263776, 19.229211279837372 ] ] ] } },
{ "type": "Feature", "properties": { "cell_id": "CELL_1446", "bmc_ward_code": "R/C", "lat": 19.235958, "lon": 72.897429 }, "geometry": { "type": "Polygon", "coordinates": [ [ [ 72.899834581214208, 19.233726957788807 ], [ 72.899777142051761, 19.238242633350431 ], [ 72.895022952723579, 19.238188006660952 ], [ 72.895080521674956, 19.233672344902224 ], [ 72.899834581214208, 19.233726957788807 ] ] ] } },
{ "type": "Feature", "properties": { "cell_id": "CELL_1447", "bmc_ward_code": "R/C", "lat": 19.240473, "lon": 72.897371 }, "geometry": { "type": "Polygon", "coordinates": [ [ [ 72.899777142051761, 19.238242633350431 ], [ 72.89971968677439, 19.242758306521726 ], [ 72.894965367620927, 19.242703666028628 ], [ 72.895022952723579, 19.238188006660952 ], [ 72.899777142051761, 19.238242633350431 ] ] ] } },
{ "type": "Feature", "properties": { "cell_id": "CELL_1448", "bmc_ward_code": "R/C", "lat": 19.244989, "lon": 72.897314 }, "geometry": { "type": "Polygon", "coordinates": [ [ [ 72.89971968677439, 19.242758306521726 ], [ 72.899662215380104, 19.247273977302207 ], [ 72.894907766364938, 19.24721932300476 ], [ 72.894965367620927, 19.242703666028628 ], [ 72.89971968677439, 19.242758306521726 ] ] ] } },
{ "type": "Feature", "properties": { "cell_id": "CELL_1449", "bmc_ward_code": "UNKNOWN", "lat": 19.249504, "lon": 72.897256 }, "geometry": { "type": "Polygon", "coordinates": [ [ [ 72.899662215380104, 19.247273977302207 ], [ 72.899604727866873, 19.251789645691396 ], [ 72.894850148953608, 19.251734977588871 ], [ 72.894907766364938, 19.24721932300476 ], [ 72.899662215380104, 19.247273977302207 ] ] ] } },
{ "type": "Feature", "properties": { "cell_id": "CELL_1450", "bmc_ward_code": "UNKNOWN", "lat": 18.992162, "lon": 72.905258 }, "geometry": { "type": "Polygon", "coordinates": [ [ [ 72.907659542004339, 18.989930688457314 ], [ 72.907603097894992, 18.99444650609923 ], [ 72.902855849200236, 18.994392745363168 ], [ 72.902912421141934, 18.989876941454071 ], [ 72.907659542004339, 18.989930688457314 ] ] ] } },
{ "type": "Feature", "properties": { "cell_id": "CELL_1451", "bmc_ward_code": "M/E", "lat": 18.996678, "lon": 72.905201 }, "geometry": { "type": "Polygon", "coordinates": [ [ [ 72.907603097894992, 18.99444650609923 ], [ 72.907546637815045, 18.998962321378098 ], [ 72.902799261251815, 18.998908546908506 ], [ 72.902855849200236, 18.994392745363168 ], [ 72.907603097894992, 18.99444650609923 ] ] ] } },
{ "type": "Feature", "properties": { "cell_id": "CELL_1452", "bmc_ward_code": "M/E", "lat": 19.001193, "lon": 72.905145 }, "geometry": { "type": "Polygon", "coordinates": [ [ [ 72.907546637815045, 18.998962321378098 ], [ 72.907490161762553, 19.003478134293431 ], [ 72.902742657294681, 19.003424346089592 ], [ 72.902799261251815, 18.998908546908506 ], [ 72.907546637815045, 18.998962321378098 ] ] ] } },
{ "type": "Feature", "properties": { "cell_id": "CELL_1453", "bmc_ward_code": "M/W", "lat": 19.005709, "lon": 72.905088 }, "geometry": { "type": "Polygon", "coordinates": [ [ [ 72.907490161762553, 19.003478134293431 ], [ 72.907433669735539, 19.007993944844724 ], [ 72.902686037326859, 19.00794014290593 ], [ 72.902742657294681, 19.003424346089592 ], [ 72.907490161762553, 19.003478134293431 ] ] ] } },
{ "type": "Feature", "properties": { "cell_id": "CELL_1454", "bmc_ward_code": "M/E", "lat": 19.010225, "lon": 72.905032 }, "geometry": { "type": "Polygon", "coordinates": [ [ [ 72.907433669735539, 19.007993944844724 ], [ 72.907377161732001, 19.012509753031502 ], [ 72.902629401346346, 19.012455937357032 ], [ 72.902686037326859, 19.00794014290593 ], [ 72.907433669735539, 19.007993944844724 ] ] ] } },
{ "type": "Feature", "properties": { "cell_id": "CELL_1455", "bmc_ward_code": "M/E", "lat": 19.014741, "lon": 72.904975 }, "geometry": { "type": "Polygon", "coordinates": [ [ [ 72.907377161732001, 19.012509753031502 ], [ 72.907320637749962, 19.017025558853263 ], [ 72.902572749351179, 19.016971729442393 ], [ 72.902629401346346, 19.012455937357032 ], [ 72.907377161732001, 19.012509753031502 ] ] ] } },
{ "type": "Feature", "properties": { "cell_id": "CELL_1456", "bmc_ward_code": "M/E", "lat": 19.019257, "lon": 72.904918 }, "geometry": { "type": "Polygon", "coordinates": [ [ [ 72.907320637749962, 19.017025558853263 ], [ 72.907264097787447, 19.021541362309506 ], [ 72.902516081339328, 19.021487519161536 ], [ 72.902572749351179, 19.016971729442393 ], [ 72.907320637749962, 19.017025558853263 ] ] ] } },
{ "type": "Feature", "properties": { "cell_id": "CELL_1457", "bmc_ward_code": "M/E", "lat": 19.023772, "lon": 72.904862 }, "geometry": { "type": "Polygon", "coordinates": [ [ [ 72.907264097787447, 19.021541362309506 ], [ 72.907207541842453, 19.026057163399756 ], [ 72.902459397308874, 19.026003306513957 ], [ 72.902516081339328, 19.021487519161536 ], [ 72.907264097787447, 19.021541362309506 ] ] ] } },
{ "type": "Feature", "properties": { "cell_id": "CELL_1458", "bmc_ward_code": "M/E", "lat": 19.028288, "lon": 72.904805 }, "geometry": { "type": "Polygon", "coordinates": [ [ [ 72.907207541842453, 19.026057163399756 ], [ 72.907150969913019, 19.030572962123511 ], [ 72.902402697257756, 19.030519091499166 ], [ 72.902459397308874, 19.026003306513957 ], [ 72.907207541842453, 19.026057163399756 ] ] ] } },
{ "type": "Feature", "properties": { "cell_id": "CELL_1459", "bmc_ward_code": "M/E", "lat": 19.032804, "lon": 72.904749 }, "geometry": { "type": "Polygon", "coordinates": [ [ [ 72.907150969913019, 19.030572962123511 ], [ 72.907094381997155, 19.035088758480267 ], [ 72.902345981184027, 19.035034874116679 ], [ 72.902402697257756, 19.030519091499166 ], [ 72.907150969913019, 19.030572962123511 ] ] ] } },
{ "type": "Feature", "properties": { "cell_id": "CELL_1460", "bmc_ward_code": "M/E", "lat": 19.03732, "lon": 72.904692 }, "geometry": { "type": "Polygon", "coordinates": [ [ [ 72.907094381997155, 19.035088758480267 ], [ 72.907037778092871, 19.039604552469555 ], [ 72.902289249085683, 19.039550654365986 ], [ 72.902345981184027, 19.035034874116679 ], [ 72.907094381997155, 19.035088758480267 ] ] ] } },
{ "type": "Feature", "properties": { "cell_id": "CELL_1461", "bmc_ward_code": "M/E", "lat": 19.041836, "lon": 72.904635 }, "geometry": { "type": "Polygon", "coordinates": [ [ [ 72.907037778092871, 19.039604552469555 ], [ 72.906981158198164, 19.044120344090867 ], [ 72.902232500960736, 19.044066432246606 ], [ 72.902289249085683, 19.039550654365986 ], [ 72.907037778092871, 19.039604552469555 ] ] ] } },
{ "type": "Feature", "properties": { "cell_id": "CELL_1462", "bmc_ward_code": "M/W", "lat": 19.046351, "lon": 72.904578 }, "geometry": { "type": "Polygon", "coordinates": [ [ [ 72.906981158198164, 19.044120344090867 ], [ 72.906924522311058, 19.048636133343713 ], [ 72.902175736807195, 19.048582207758045 ], [ 72.902232500960736, 19.044066432246606 ], [ 72.906981158198164, 19.044120344090867 ] ] ] } },
{ "type": "Feature", "properties": { "cell_id": "CELL_1463", "bmc_ward_code": "M/W", "lat": 19.050867, "lon": 72.904522 }, "geometry": { "type": "Polygon", "coordinates": [ [ [ 72.906924522311058, 19.048636133343713 ], [ 72.906867870429579, 19.053151920227606 ], [ 72.902118956623056, 19.053097980899807 ], [ 72.902175736807195, 19.048582207758045 ], [ 72.906924522311058, 19.048636133343713 ] ] ] } },
{ "type": "Feature", "properties": { "cell_id": "CELL_1464", "bmc_ward_code": "M/W", "lat": 19.055383, "lon": 72.904465 }, "geometry": { "type": "Polygon", "coordinates": [ [ [ 72.906867870429579, 19.053151920227606 ], [ 72.906811202551722, 19.057667704742048 ], [ 72.902062160406345, 19.057613751671408 ], [ 72.902118956623056, 19.053097980899807 ], [ 72.906867870429579, 19.053151920227606 ] ] ] } },
{ "type": "Feature", "properties": { "cell_id": "CELL_1465", "bmc_ward_code": "M/W", "lat": 19.059899, "lon": 72.904408 }, "geometry": { "type": "Polygon", "coordinates": [ [ [ 72.906811202551722, 19.057667704742048 ], [ 72.906754518675498, 19.06218348688655 ], [ 72.902005348155058, 19.062129520072343 ], [ 72.902062160406345, 19.057613751671408 ], [ 72.906811202551722, 19.057667704742048 ] ] ] } },
{ "type": "Feature", "properties": { "cell_id": "CELL_1466", "bmc_ward_code": "M/W", "lat": 19.064414, "lon": 72.904352 }, "geometry": { "type": "Polygon", "coordinates": [ [ [ 72.906754518675498, 19.06218348688655 ], [ 72.906697818798932, 19.066699266660621 ], [ 72.90194851986719, 19.06664528610213 ], [ 72.902005348155058, 19.062129520072343 ], [ 72.906754518675498, 19.06218348688655 ] ] ] } },
{ "type": "Feature", "properties": { "cell_id": "CELL_1467", "bmc_ward_code": "M/W", "lat": 19.06893, "lon": 72.904295 }, "geometry": { "type": "Polygon", "coordinates": [ [ [ 72.906697818798932, 19.066699266660621 ], [ 72.90664110292002, 19.071215044063756 ], [ 72.901891675540753, 19.071161049760271 ], [ 72.90194851986719, 19.06664528610213 ], [ 72.906697818798932, 19.066699266660621 ] ] ] } },
{ "type": "Feature", "properties": { "cell_id": "CELL_1468", "bmc_ward_code": "N", "lat": 19.073446, "lon": 72.904238 }, "geometry": { "type": "Polygon", "coordinates": [ [ [ 72.90664110292002, 19.071215044063756 ], [ 72.906584371036757, 19.075730819095483 ], [ 72.901834815173771, 19.075676811046282 ], [ 72.901891675540753, 19.071161049760271 ], [ 72.90664110292002, 19.071215044063756 ] ] ] } },
{ "type": "Feature", "properties": { "cell_id": "CELL_1469", "bmc_ward_code": "N", "lat": 19.077962, "lon": 72.904181 }, "geometry": { "type": "Polygon", "coordinates": [ [ [ 72.906584371036757, 19.075730819095483 ], [ 72.906527623147184, 19.080246591755301 ], [ 72.901777938764212, 19.080192569959664 ], [ 72.901834815173771, 19.075676811046282 ], [ 72.906584371036757, 19.075730819095483 ] ] ] } },
{ "type": "Feature", "properties": { "cell_id": "CELL_1470", "bmc_ward_code": "N", "lat": 19.082477, "lon": 72.904124 }, "geometry": { "type": "Polygon", "coordinates": [ [ [ 72.906527623147184, 19.080246591755301 ], [ 72.906470859249296, 19.08476236204271 ], [ 72.901721046310101, 19.084708326499918 ], [ 72.901777938764212, 19.080192569959664 ], [ 72.906527623147184, 19.080246591755301 ] ] ] } },
{ "type": "Feature", "properties": { "cell_id": "CELL_1471", "bmc_ward_code": "N", "lat": 19.086993, "lon": 72.904068 }, "geometry": { "type": "Polygon", "coordinates": [ [ [ 72.906470859249296, 19.08476236204271 ], [ 72.906414079341076, 19.089278129957236 ], [ 72.901664137809448, 19.089224080666561 ], [ 72.901721046310101, 19.084708326499918 ], [ 72.906470859249296, 19.08476236204271 ] ] ] } },
{ "type": "Feature", "properties": { "cell_id": "CELL_1472", "bmc_ward_code": "N", "lat": 19.091509, "lon": 72.904011 }, "geometry": { "type": "Polygon", "coordinates": [ [ [ 72.906414079341076, 19.089278129957236 ], [ 72.906357283420562, 19.093793895498369 ], [ 72.90160721326022, 19.0937398324591 ], [ 72.901664137809448, 19.089224080666561 ], [ 72.906414079341076, 19.089278129957236 ] ] ] } },
{ "type": "Feature", "properties": { "cell_id": "CELL_1473", "bmc_ward_code": "N", "lat": 19.096025, "lon": 72.903954 }, "geometry": { "type": "Polygon", "coordinates": [ [ [ 72.906357283420562, 19.093793895498369 ], [ 72.906300471485736, 19.098309658665617 ], [ 72.901550272660458, 19.098255581877041 ], [ 72.90160721326022, 19.0937398324591 ], [ 72.906357283420562, 19.093793895498369 ] ] ] } },
{ "type": "Feature", "properties": { "cell_id": "CELL_1474", "bmc_ward_code": "N", "lat": 19.100541, "lon": 72.903897 }, "geometry": { "type": "Polygon", "coordinates": [ [ [ 72.906300471485736, 19.098309658665617 ], [ 72.906243643534609, 19.102825419458505 ], [ 72.901493316008143, 19.102771328919889 ], [ 72.901550272660458, 19.098255581877041 ], [ 72.906300471485736, 19.098309658665617 ] ] ] } },
{ "type": "Feature", "properties": { "cell_id": "CELL_1475", "bmc_ward_code": "L", "lat": 19.105056, "lon": 72.90384 }, "geometry": { "type": "Polygon", "coordinates": [ [ [ 72.906243643534609, 19.102825419458505 ], [ 72.906186799565191, 19.107341177876542 ], [ 72.901436343301256, 19.107287073587166 ], [ 72.901493316008143, 19.102771328919889 ], [ 72.906243643534609, 19.102825419458505 ] ] ] } },
{ "type": "Feature", "properties": { "cell_id": "CELL_1476", "bmc_ward_code": "L", "lat": 19.109572, "lon": 72.903783 }, "geometry": { "type": "Polygon", "coordinates": [ [ [ 72.906186799565191, 19.107341177876542 ], [ 72.906129939575479, 19.11185693391921 ], [ 72.901379354537823, 19.111802815878363 ], [ 72.901436343301256, 19.107287073587166 ], [ 72.906186799565191, 19.107341177876542 ] ] ] } },
{ "type": "Feature", "properties": { "cell_id": "CELL_1477", "bmc_ward_code": "L", "lat": 19.114088, "lon": 72.903726 }, "geometry": { "type": "Polygon", "coordinates": [ [ [ 72.906129939575479, 19.11185693391921 ], [ 72.906073063563468, 19.11637268758604 ], [ 72.901322349715841, 19.116318555792994 ], [ 72.901379354537823, 19.111802815878363 ], [ 72.906129939575479, 19.11185693391921 ] ] ] } },
{ "type": "Feature", "properties": { "cell_id": "CELL_1478", "bmc_ward_code": "S", "lat": 19.118604, "lon": 72.903669 }, "geometry": { "type": "Polygon", "coordinates": [ [ [ 72.906073063563468, 19.11637268758604 ], [ 72.906016171527185, 19.120888438876534 ], [ 72.90126532883329, 19.120834293330571 ], [ 72.901322349715841, 19.116318555792994 ], [ 72.906073063563468, 19.11637268758604 ] ] ] } },
{ "type": "Feature", "properties": { "cell_id": "CELL_1479", "bmc_ward_code": "S", "lat": 19.123119, "lon": 72.903612 }, "geometry": { "type": "Polygon", "coordinates": [ [ [ 72.906016171527185, 19.120888438876534 ], [ 72.905959263464595, 19.125404187790199 ], [ 72.901208291888167, 19.125350028490594 ], [ 72.90126532883329, 19.120834293330571 ], [ 72.906016171527185, 19.120888438876534 ] ] ] } },
{ "type": "Feature", "properties": { "cell_id": "CELL_1480", "bmc_ward_code": "S", "lat": 19.127635, "lon": 72.903555 }, "geometry": { "type": "Polygon", "coordinates": [ [ [ 72.905959263464595, 19.125404187790199 ], [ 72.905902339373739, 19.129919934326555 ], [ 72.901151238878469, 19.129865761272587 ], [ 72.901208291888167, 19.125350028490594 ], [ 72.905959263464595, 19.125404187790199 ] ] ] } },
{ "type": "Feature", "properties": { "cell_id": "CELL_1481", "bmc_ward_code": "S", "lat": 19.132151, "lon": 72.903498 }, "geometry": { "type": "Polygon", "coordinates": [ [ [ 72.905902339373739, 19.129919934326555 ], [ 72.905845399252584, 19.134435678485087 ], [ 72.901094169802221, 19.134381491676042 ], [ 72.901151238878469, 19.129865761272587 ], [ 72.905902339373739, 19.129919934326555 ] ] ] } },
{ "type": "Feature", "properties": { "cell_id": "CELL_1482", "bmc_ward_code": "S", "lat": 19.136666, "lon": 72.903441 }, "geometry": { "type": "Polygon", "coordinates": [ [ [ 72.905845399252584, 19.134435678485087 ], [ 72.905788443099141, 19.138951420265322 ], [ 72.901037084657375, 19.138897219700471 ], [ 72.901094169802221, 19.134381491676042 ], [ 72.905845399252584, 19.134435678485087 ] ] ] } },
{ "type": "Feature", "properties": { "cell_id": "CELL_1483", "bmc_ward_code": "S", "lat": 19.141182, "lon": 72.903384 }, "geometry": { "type": "Polygon", "coordinates": [ [ [ 72.905788443099141, 19.138951420265322 ], [ 72.905731470911391, 19.143467159666759 ], [ 72.900979983441943, 19.143412945345389 ], [ 72.901037084657375, 19.138897219700471 ], [ 72.905788443099141, 19.138951420265322 ] ] ] } },
{ "type": "Feature", "properties": { "cell_id": "CELL_1484", "bmc_ward_code": "T", "lat": 19.145698, "lon": 72.903327 }, "geometry": { "type": "Polygon", "coordinates": [ [ [ 72.905731470911391, 19.143467159666759 ], [ 72.90567448268736, 19.147982896688923 ], [ 72.90092286615392, 19.147928668610298 ], [ 72.900979983441943, 19.143412945345389 ], [ 72.905731470911391, 19.143467159666759 ] ] ] } },
{ "type": "Feature", "properties": { "cell_id": "CELL_1485", "bmc_ward_code": "T", "lat": 19.150214, "lon": 72.90327 }, "geometry": { "type": "Polygon", "coordinates": [ [ [ 72.90567448268736, 19.147982896688923 ], [ 72.905617478425043, 19.152498631331301 ], [ 72.900865732791303, 19.152444389494708 ], [ 72.90092286615392, 19.147928668610298 ], [ 72.90567448268736, 19.147982896688923 ] ] ] } },
{ "type": "Feature", "properties": { "cell_id": "CELL_1486", "bmc_ward_code": "T", "lat": 19.154729, "lon": 72.903213 }, "geometry": { "type": "Polygon", "coordinates": [ [ [ 72.905617478425043, 19.152498631331301 ], [ 72.905560458122409, 19.157014363593415 ], [ 72.900808583352074, 19.156960107998128 ], [ 72.900865732791303, 19.152444389494708 ], [ 72.905617478425043, 19.152498631331301 ] ] ] } },
{ "type": "Feature", "properties": { "cell_id": "CELL_1487", "bmc_ward_code": "T", "lat": 19.159245, "lon": 72.903156 }, "geometry": { "type": "Polygon", "coordinates": [ [ [ 72.905560458122409, 19.157014363593415 ], [ 72.905503421777482, 19.161530093474774 ], [ 72.900751417834215, 19.161475824120068 ], [ 72.900808583352074, 19.156960107998128 ], [ 72.905560458122409, 19.157014363593415 ] ] ] } },
{ "type": "Feature", "properties": { "cell_id": "CELL_1488", "bmc_ward_code": "T", "lat": 19.163761, "lon": 72.903099 }, "geometry": { "type": "Polygon", "coordinates": [ [ [ 72.905503421777482, 19.161530093474774 ], [ 72.90544636938823, 19.166045820974876 ], [ 72.900694236235736, 19.165991537860034 ], [ 72.900751417834215, 19.161475824120068 ], [ 72.905503421777482, 19.161530093474774 ] ] ] } },
{ "type": "Feature", "properties": { "cell_id": "CELL_1489", "bmc_ward_code": "T", "lat": 19.168277, "lon": 72.903042 }, "geometry": { "type": "Polygon", "coordinates": [ [ [ 72.90544636938823, 19.166045820974876 ], [ 72.905389300952663, 19.170561546093243 ], [ 72.900637038554621, 19.17050724921754 ], [ 72.900694236235736, 19.165991537860034 ], [ 72.90544636938823, 19.166045820974876 ] ] ] } },
{ "type": "Feature", "properties": { "cell_id": "CELL_1490", "bmc_ward_code": "T", "lat": 19.172792, "lon": 72.902985 }, "geometry": { "type": "Polygon", "coordinates": [ [ [ 72.905389300952663, 19.170561546093243 ], [ 72.905332216468764, 19.17507726882938 ], [ 72.900579824788849, 19.175022958192084 ], [ 72.900637038554621, 19.17050724921754 ], [ 72.905389300952663, 19.170561546093243 ] ] ] } },
{ "type": "Feature", "properties": { "cell_id": "CELL_1491", "bmc_ward_code": "T", "lat": 19.177308, "lon": 72.902927 }, "geometry": { "type": "Polygon", "coordinates": [ [ [ 72.905332216468764, 19.17507726882938 ], [ 72.905275115934558, 19.179592989182787 ], [ 72.900522594936419, 19.17953866478318 ], [ 72.900579824788849, 19.175022958192084 ], [ 72.905332216468764, 19.17507726882938 ] ] ] } },
{ "type": "Feature", "properties": { "cell_id": "CELL_1492", "bmc_ward_code": "T", "lat": 19.181824, "lon": 72.90287 }, "geometry": { "type": "Polygon", "coordinates": [ [ [ 72.905275115934558, 19.179592989182787 ], [ 72.905217999347997, 19.184108707152987 ], [ 72.900465348995311, 19.184054368990349 ], [ 72.900522594936419, 19.17953866478318 ], [ 72.905275115934558, 19.179592989182787 ] ] ] } },
{ "type": "Feature", "properties": { "cell_id": "CELL_1493", "bmc_ward_code": "T", "lat": 19.186339, "lon": 72.902813 }, "geometry": { "type": "Polygon", "coordinates": [ [ [ 72.905217999347997, 19.184108707152987 ], [ 72.905160866707064, 19.18862442273948 ], [ 72.900408086963509, 19.188570070813086 ], [ 72.900465348995311, 19.184054368990349 ], [ 72.905217999347997, 19.184108707152987 ] ] ] } },
{ "type": "Feature", "properties": { "cell_id": "CELL_1494", "bmc_ward_code": "T", "lat": 19.190855, "lon": 72.902756 }, "geometry": { "type": "Polygon", "coordinates": [ [ [ 72.905160866707064, 19.18862442273948 ], [ 72.905103718009812, 19.193140135941778 ], [ 72.900350808839008, 19.193085770250896 ], [ 72.900408086963509, 19.188570070813086 ], [ 72.905160866707064, 19.18862442273948 ] ] ] } },
{ "type": "Feature", "properties": { "cell_id": "CELL_1495", "bmc_ward_code": "T", "lat": 19.195371, "lon": 72.902699 }, "geometry": { "type": "Polygon", "coordinates": [ [ [ 72.905103718009812, 19.193140135941778 ], [ 72.905046553254166, 19.197655846759389 ], [ 72.90029351461979, 19.197601467303301 ], [ 72.900350808839008, 19.193085770250896 ], [ 72.905103718009812, 19.193140135941778 ] ] ] } },
{ "type": "Feature", "properties": { "cell_id": "CELL_1496", "bmc_ward_code": "T", "lat": 19.199887, "lon": 72.902641 }, "geometry": { "type": "Polygon", "coordinates": [ [ [ 72.905046553254166, 19.197655846759389 ], [ 72.904989372438152, 19.202171555191818 ], [ 72.900236204303837, 19.202117161969799 ], [ 72.90029351461979, 19.197601467303301 ], [ 72.905046553254166, 19.197655846759389 ] ] ] } },
{ "type": "Feature", "properties": { "cell_id": "CELL_1497", "bmc_ward_code": "R/C", "lat": 19.204402, "lon": 72.902584 }, "geometry": { "type": "Polygon", "coordinates": [ [ [ 72.904989372438152, 19.202171555191818 ], [ 72.904932175559736, 19.206687261238589 ], [ 72.900178877889132, 19.206632854249904 ], [ 72.900236204303837, 19.202117161969799 ], [ 72.904989372438152, 19.202171555191818 ] ] ] } },
{ "type": "Feature", "properties": { "cell_id": "CELL_1498", "bmc_ward_code": "R/C", "lat": 19.208918, "lon": 72.902527 }, "geometry": { "type": "Polygon", "coordinates": [ [ [ 72.904932175559736, 19.206687261238589 ], [ 72.90487496261693, 19.211202964899197 ], [ 72.900121535373671, 19.211148544143128 ], [ 72.900178877889132, 19.206632854249904 ], [ 72.904932175559736, 19.206687261238589 ] ] ] } },
{ "type": "Feature", "properties": { "cell_id": "CELL_1499", "bmc_ward_code": "R/C", "lat": 19.213434, "lon": 72.90247 }, "geometry": { "type": "Polygon", "coordinates": [ [ [ 72.90487496261693, 19.211202964899197 ], [ 72.9048177336077, 19.21571866617316 ], [ 72.900064176755421, 19.215664231648983 ], [ 72.900121535373671, 19.211148544143128 ], [ 72.90487496261693, 19.211202964899197 ] ] ] } },
{ "type": "Feature", "properties": { "cell_id": "CELL_1500", "bmc_ward_code": "R/C", "lat": 19.217949, "lon": 72.902412 }, "geometry": { "type": "Polygon", "coordinates": [ [ [ 72.9048177336077, 19.21571866617316 ], [ 72.904760488530044, 19.220234365059977 ], [ 72.900006802032365, 19.220179916766963 ], [ 72.900064176755421, 19.215664231648983 ], [ 72.9048177336077, 19.21571866617316 ] ] ] } },
{ "type": "Feature", "properties": { "cell_id": "CELL_1501", "bmc_ward_code": "R/C", "lat": 19.222465, "lon": 72.902355 }, "geometry": { "type": "Polygon", "coordinates": [ [ [ 72.904760488530044, 19.220234365059977 ], [ 72.904703227381944, 19.22475006155917 ], [ 72.899949411202499, 19.224695599496595 ], [ 72.900006802032365, 19.220179916766963 ], [ 72.904760488530044, 19.220234365059977 ] ] ] } },
{ "type": "Feature", "properties": { "cell_id": "CELL_1502", "bmc_ward_code": "R/C", "lat": 19.226981, "lon": 72.902298 }, "geometry": { "type": "Polygon", "coordinates": [ [ [ 72.904703227381944, 19.22475006155917 ], [ 72.904645950161381, 19.229265755670241 ], [ 72.899892004263776, 19.229211279837372 ], [ 72.899949411202499, 19.224695599496595 ], [ 72.904703227381944, 19.22475006155917 ] ] ] } },
{ "type": "Feature", "properties": { "cell_id": "CELL_1503", "bmc_ward_code": "R/C", "lat": 19.231496, "lon": 72.90224 }, "geometry": { "type": "Polygon", "coordinates": [ [ [ 72.904645950161381, 19.229265755670241 ], [ 72.904588656866338, 19.23378144739269 ], [ 72.899834581214208, 19.233726957788807 ], [ 72.899892004263776, 19.229211279837372 ], [ 72.904645950161381, 19.229265755670241 ] ] ] } },
{ "type": "Feature", "properties": { "cell_id": "CELL_1504", "bmc_ward_code": "R/C", "lat": 19.236012, "lon": 72.902183 }, "geometry": { "type": "Polygon", "coordinates": [ [ [ 72.904588656866338, 19.23378144739269 ], [ 72.904531347494824, 19.23829713672605 ], [ 72.899777142051761, 19.238242633350431 ], [ 72.899834581214208, 19.233726957788807 ], [ 72.904588656866338, 19.23378144739269 ] ] ] } },
{ "type": "Feature", "properties": { "cell_id": "CELL_1505", "bmc_ward_code": "UNKNOWN", "lat": 19.240528, "lon": 72.902126 }, "geometry": { "type": "Polygon", "coordinates": [ [ [ 72.904531347494824, 19.23829713672605 ], [ 72.904474022044781, 19.242812823669816 ], [ 72.89971968677439, 19.242758306521726 ], [ 72.899777142051761, 19.238242633350431 ], [ 72.904531347494824, 19.23829713672605 ] ] ] } },
{ "type": "Feature", "properties": { "cell_id": "CELL_1506", "bmc_ward_code": "UNKNOWN", "lat": 19.245043, "lon": 72.902068 }, "geometry": { "type": "Polygon", "coordinates": [ [ [ 72.904474022044781, 19.242812823669816 ], [ 72.904416680514217, 19.247328508223497 ], [ 72.899662215380104, 19.247273977302207 ], [ 72.89971968677439, 19.242758306521726 ], [ 72.904474022044781, 19.242812823669816 ] ] ] } },
{ "type": "Feature", "properties": { "cell_id": "CELL_1507", "bmc_ward_code": "M/E", "lat": 18.996731, "lon": 72.909949 }, "geometry": { "type": "Polygon", "coordinates": [ [ [ 72.912350362560289, 18.994500145199421 ], [ 72.912294030350836, 18.999015974180757 ], [ 72.907546637815045, 18.998962321378098 ], [ 72.907603097894992, 18.99444650609923 ], [ 72.912350362560289, 18.994500145199421 ] ] ] } },
{ "type": "Feature", "properties": { "cell_id": "CELL_1508", "bmc_ward_code": "M/E", "lat": 19.001247, "lon": 72.909892 }, "geometry": { "type": "Polygon", "coordinates": [ [ [ 72.912294030350836, 18.999015974180757 ], [ 72.912237682204974, 19.003531800799266 ], [ 72.907490161762553, 19.003478134293431 ], [ 72.907546637815045, 18.998962321378098 ], [ 72.912294030350836, 18.999015974180757 ] ] ] } },
{ "type": "Feature", "properties": { "cell_id": "CELL_1509", "bmc_ward_code": "M/E", "lat": 19.005763, "lon": 72.909836 }, "geometry": { "type": "Polygon", "coordinates": [ [ [ 72.912237682204974, 19.003531800799266 ], [ 72.912181318120744, 19.008047625054456 ], [ 72.907433669735539, 19.007993944844724 ], [ 72.907490161762553, 19.003478134293431 ], [ 72.912237682204974, 19.003531800799266 ] ] ] } },
{ "type": "Feature", "properties": { "cell_id": "CELL_1510", "bmc_ward_code": "M/E", "lat": 19.010279, "lon": 72.909779 }, "geometry": { "type": "Polygon", "coordinates": [ [ [ 72.912181318120744, 19.008047625054456 ], [ 72.912124938096156, 19.01256344694584 ], [ 72.907377161732001, 19.012509753031502 ], [ 72.907433669735539, 19.007993944844724 ], [ 72.912181318120744, 19.008047625054456 ] ] ] } },
{ "type": "Feature", "properties": { "cell_id": "CELL_1511", "bmc_ward_code": "M/E", "lat": 19.014795, "lon": 72.909723 }, "geometry": { "type": "Polygon", "coordinates": [ [ [ 72.912124938096156, 19.01256344694584 ], [ 72.912068542129234, 19.017079266472919 ], [ 72.907320637749962, 19.017025558853263 ], [ 72.907377161732001, 19.012509753031502 ], [ 72.912124938096156, 19.01256344694584 ] ] ] } },
{ "type": "Feature", "properties": { "cell_id": "CELL_1512", "bmc_ward_code": "M/E", "lat": 19.01931, "lon": 72.909666 }, "geometry": { "type": "Polygon", "coordinates": [ [ [ 72.912068542129234, 19.017079266472919 ], [ 72.912012130218017, 19.021595083635198 ], [ 72.907264097787447, 19.021541362309506 ], [ 72.907320637749962, 19.017025558853263 ], [ 72.912068542129234, 19.017079266472919 ] ] ] } },
{ "type": "Feature", "properties": { "cell_id": "CELL_1513", "bmc_ward_code": "M/E", "lat": 19.023826, "lon": 72.90961 }, "geometry": { "type": "Polygon", "coordinates": [ [ [ 72.912012130218017, 19.021595083635198 ], [ 72.911955702360501, 19.026110898432201 ], [ 72.907207541842453, 19.026057163399756 ], [ 72.907264097787447, 19.021541362309506 ], [ 72.912012130218017, 19.021595083635198 ] ] ] } },
{ "type": "Feature", "properties": { "cell_id": "CELL_1514", "bmc_ward_code": "M/E", "lat": 19.028342, "lon": 72.909553 }, "geometry": { "type": "Polygon", "coordinates": [ [ [ 72.911955702360501, 19.026110898432201 ], [ 72.911899258554726, 19.030626710863416 ], [ 72.907150969913019, 19.030572962123511 ], [ 72.907207541842453, 19.026057163399756 ], [ 72.911955702360501, 19.026110898432201 ] ] ] } },
{ "type": "Feature", "properties": { "cell_id": "CELL_1515", "bmc_ward_code": "M/E", "lat": 19.032858, "lon": 72.909497 }, "geometry": { "type": "Polygon", "coordinates": [ [ [ 72.911899258554726, 19.030626710863416 ], [ 72.911842798798702, 19.03514252092836 ], [ 72.907094381997155, 19.035088758480267 ], [ 72.907150969913019, 19.030572962123511 ], [ 72.911899258554726, 19.030626710863416 ] ] ] } },
{ "type": "Feature", "properties": { "cell_id": "CELL_1516", "bmc_ward_code": "M/E", "lat": 19.037374, "lon": 72.90944 }, "geometry": { "type": "Polygon", "coordinates": [ [ [ 72.911842798798702, 19.03514252092836 ], [ 72.911786323090453, 19.039658328626544 ], [ 72.907037778092871, 19.039604552469555 ], [ 72.907094381997155, 19.035088758480267 ], [ 72.911842798798702, 19.03514252092836 ] ] ] } },
{ "type": "Feature", "properties": { "cell_id": "CELL_1517", "bmc_ward_code": "M/E", "lat": 19.041889, "lon": 72.909384 }, "geometry": { "type": "Polygon", "coordinates": [ [ [ 72.911786323090453, 19.039658328626544 ], [ 72.911729831427976, 19.044174133957466 ], [ 72.906981158198164, 19.044120344090867 ], [ 72.907037778092871, 19.039604552469555 ], [ 72.911786323090453, 19.039658328626544 ] ] ] } },
{ "type": "Feature", "properties": { "cell_id": "CELL_1518", "bmc_ward_code": "M/W", "lat": 19.046405, "lon": 72.909327 }, "geometry": { "type": "Polygon", "coordinates": [ [ [ 72.911729831427976, 19.044174133957466 ], [ 72.91167332380931, 19.048689936920638 ], [ 72.906924522311058, 19.048636133343713 ], [ 72.906981158198164, 19.044120344090867 ], [ 72.911729831427976, 19.044174133957466 ] ] ] } },
{ "type": "Feature", "properties": { "cell_id": "CELL_1519", "bmc_ward_code": "M/W", "lat": 19.050921, "lon": 72.909271 }, "geometry": { "type": "Polygon", "coordinates": [ [ [ 72.91167332380931, 19.048689936920638 ], [ 72.911616800232466, 19.053205737515576 ], [ 72.906867870429579, 19.053151920227606 ], [ 72.906924522311058, 19.048636133343713 ], [ 72.91167332380931, 19.048689936920638 ] ] ] } },
{ "type": "Feature", "properties": { "cell_id": "CELL_1520", "bmc_ward_code": "M/W", "lat": 19.055437, "lon": 72.909214 }, "geometry": { "type": "Polygon", "coordinates": [ [ [ 72.911616800232466, 19.053205737515576 ], [ 72.911560260695467, 19.057721535741777 ], [ 72.906811202551722, 19.057667704742048 ], [ 72.906867870429579, 19.053151920227606 ], [ 72.911616800232466, 19.053205737515576 ] ] ] } },
{ "type": "Feature", "properties": { "cell_id": "CELL_1521", "bmc_ward_code": "M/E", "lat": 19.059953, "lon": 72.909157 }, "geometry": { "type": "Polygon", "coordinates": [ [ [ 72.911560260695467, 19.057721535741777 ], [ 72.91150370519631, 19.062237331598752 ], [ 72.906754518675498, 19.06218348688655 ], [ 72.906811202551722, 19.057667704742048 ], [ 72.911560260695467, 19.057721535741777 ] ] ] } },
{ "type": "Feature", "properties": { "cell_id": "CELL_1522", "bmc_ward_code": "M/W", "lat": 19.064468, "lon": 72.909101 }, "geometry": { "type": "Polygon", "coordinates": [ [ [ 72.91150370519631, 19.062237331598752 ], [ 72.91144713373302, 19.066753125086016 ], [ 72.906697818798932, 19.066699266660621 ], [ 72.906754518675498, 19.06218348688655 ], [ 72.91150370519631, 19.062237331598752 ] ] ] } },
{ "type": "Feature", "properties": { "cell_id": "CELL_1523", "bmc_ward_code": "M/W", "lat": 19.068984, "lon": 72.909044 }, "geometry": { "type": "Polygon", "coordinates": [ [ [ 72.91144713373302, 19.066753125086016 ], [ 72.911390546303608, 19.071268916203067 ], [ 72.90664110292002, 19.071215044063756 ], [ 72.906697818798932, 19.066699266660621 ], [ 72.91144713373302, 19.066753125086016 ] ] ] } },
{ "type": "Feature", "properties": { "cell_id": "CELL_1524", "bmc_ward_code": "N", "lat": 19.0735, "lon": 72.908987 }, "geometry": { "type": "Polygon", "coordinates": [ [ [ 72.911390546303608, 19.071268916203067 ], [ 72.911333942906097, 19.075784704949417 ], [ 72.906584371036757, 19.075730819095483 ], [ 72.90664110292002, 19.071215044063756 ], [ 72.911390546303608, 19.071268916203067 ] ] ] } },
{ "type": "Feature", "properties": { "cell_id": "CELL_1525", "bmc_ward_code": "N", "lat": 19.078016, "lon": 72.908931 }, "geometry": { "type": "Polygon", "coordinates": [ [ [ 72.911333942906097, 19.075784704949417 ], [ 72.911277323538485, 19.080300491324579 ], [ 72.906527623147184, 19.080246591755301 ], [ 72.906584371036757, 19.075730819095483 ], [ 72.911333942906097, 19.075784704949417 ] ] ] } },
{ "type": "Feature", "properties": { "cell_id": "CELL_1526", "bmc_ward_code": "N", "lat": 19.082531, "lon": 72.908874 }, "geometry": { "type": "Polygon", "coordinates": [ [ [ 72.911277323538485, 19.080300491324579 ], [ 72.911220688198782, 19.084816275328048 ], [ 72.906470859249296, 19.08476236204271 ], [ 72.906527623147184, 19.080246591755301 ], [ 72.911277323538485, 19.080300491324579 ] ] ] } },
{ "type": "Feature", "properties": { "cell_id": "CELL_1527", "bmc_ward_code": "N", "lat": 19.087047, "lon": 72.908817 }, "geometry": { "type": "Polygon", "coordinates": [ [ [ 72.911220688198782, 19.084816275328048 ], [ 72.911164036885026, 19.08933205695935 ], [ 72.906414079341076, 19.089278129957236 ], [ 72.906470859249296, 19.08476236204271 ], [ 72.911220688198782, 19.084816275328048 ] ] ] } },
{ "type": "Feature", "properties": { "cell_id": "CELL_1528", "bmc_ward_code": "N", "lat": 19.091563, "lon": 72.908761 }, "geometry": { "type": "Polygon", "coordinates": [ [ [ 72.911164036885026, 19.08933205695935 ], [ 72.9111073695952, 19.093847836217982 ], [ 72.906357283420562, 19.093793895498369 ], [ 72.906414079341076, 19.089278129957236 ], [ 72.911164036885026, 19.08933205695935 ] ] ] } },
{ "type": "Feature", "properties": { "cell_id": "CELL_1529", "bmc_ward_code": "N", "lat": 19.096079, "lon": 72.908704 }, "geometry": { "type": "Polygon", "coordinates": [ [ [ 72.9111073695952, 19.093847836217982 ], [ 72.911050686327314, 19.098363613103455 ], [ 72.906300471485736, 19.098309658665617 ], [ 72.906357283420562, 19.093793895498369 ], [ 72.9111073695952, 19.093847836217982 ] ] ] } },
{ "type": "Feature", "properties": { "cell_id": "CELL_1530", "bmc_ward_code": "N", "lat": 19.100595, "lon": 72.908647 }, "geometry": { "type": "Polygon", "coordinates": [ [ [ 72.911050686327314, 19.098363613103455 ], [ 72.91099398707938, 19.102879387615275 ], [ 72.906243643534609, 19.102825419458505 ], [ 72.906300471485736, 19.098309658665617 ], [ 72.911050686327314, 19.098363613103455 ] ] ] } },
{ "type": "Feature", "properties": { "cell_id": "CELL_1531", "bmc_ward_code": "N", "lat": 19.10511, "lon": 72.90859 }, "geometry": { "type": "Polygon", "coordinates": [ [ [ 72.91099398707938, 19.102879387615275 ], [ 72.91093727184942, 19.107395159752958 ], [ 72.906186799565191, 19.107341177876542 ], [ 72.906243643534609, 19.102825419458505 ], [ 72.91099398707938, 19.102879387615275 ] ] ] } },
{ "type": "Feature", "properties": { "cell_id": "CELL_1532", "bmc_ward_code": "S", "lat": 19.109626, "lon": 72.908534 }, "geometry": { "type": "Polygon", "coordinates": [ [ [ 72.91093727184942, 19.107395159752958 ], [ 72.910880540635432, 19.111910929515997 ], [ 72.906129939575479, 19.11185693391921 ], [ 72.906186799565191, 19.107341177876542 ], [ 72.91093727184942, 19.107395159752958 ] ] ] } },
{ "type": "Feature", "properties": { "cell_id": "CELL_1533", "bmc_ward_code": "S", "lat": 19.114142, "lon": 72.908477 }, "geometry": { "type": "Polygon", "coordinates": [ [ [ 72.910880540635432, 19.111910929515997 ], [ 72.910823793435412, 19.116426696903918 ], [ 72.906073063563468, 19.11637268758604 ], [ 72.906129939575479, 19.11185693391921 ], [ 72.910880540635432, 19.111910929515997 ] ] ] } },
{ "type": "Feature", "properties": { "cell_id": "CELL_1534", "bmc_ward_code": "S", "lat": 19.118658, "lon": 72.90842 }, "geometry": { "type": "Polygon", "coordinates": [ [ [ 72.910823793435412, 19.116426696903918 ], [ 72.910767030247385, 19.120942461916226 ], [ 72.906016171527185, 19.120888438876534 ], [ 72.906073063563468, 19.11637268758604 ], [ 72.910823793435412, 19.116426696903918 ] ] ] } },
{ "type": "Feature", "properties": { "cell_id": "CELL_1535", "bmc_ward_code": "S", "lat": 19.123173, "lon": 72.908363 }, "geometry": { "type": "Polygon", "coordinates": [ [ [ 72.910767030247385, 19.120942461916226 ], [ 72.910710251069332, 19.125458224552418 ], [ 72.905959263464595, 19.125404187790199 ], [ 72.906016171527185, 19.120888438876534 ], [ 72.910767030247385, 19.120942461916226 ] ] ] } },
{ "type": "Feature", "properties": { "cell_id": "CELL_1536", "bmc_ward_code": "S", "lat": 19.127689, "lon": 72.908306 }, "geometry": { "type": "Polygon", "coordinates": [ [ [ 72.910710251069332, 19.125458224552418 ], [ 72.910653455899293, 19.129973984812018 ], [ 72.905902339373739, 19.129919934326555 ], [ 72.905959263464595, 19.125404187790199 ], [ 72.910710251069332, 19.125458224552418 ] ] ] } },
{ "type": "Feature", "properties": { "cell_id": "CELL_1537", "bmc_ward_code": "S", "lat": 19.132205, "lon": 72.908249 }, "geometry": { "type": "Polygon", "coordinates": [ [ [ 72.910653455899293, 19.129973984812018 ], [ 72.910596644735236, 19.134489742694523 ], [ 72.905845399252584, 19.134435678485087 ], [ 72.905902339373739, 19.129919934326555 ], [ 72.910653455899293, 19.129973984812018 ] ] ] } },
{ "type": "Feature", "properties": { "cell_id": "CELL_1538", "bmc_ward_code": "S", "lat": 19.136721, "lon": 72.908193 }, "geometry": { "type": "Polygon", "coordinates": [ [ [ 72.910596644735236, 19.134489742694523 ], [ 72.910539817575199, 19.139005498199442 ], [ 72.905788443099141, 19.138951420265322 ], [ 72.905845399252584, 19.134435678485087 ], [ 72.910596644735236, 19.134489742694523 ] ] ] } },
{ "type": "Feature", "properties": { "cell_id": "CELL_1539", "bmc_ward_code": "T", "lat": 19.141236, "lon": 72.908136 }, "geometry": { "type": "Polygon", "coordinates": [ [ [ 72.910539817575199, 19.139005498199442 ], [ 72.91048297441715, 19.143521251326295 ], [ 72.905731470911391, 19.143467159666759 ], [ 72.905788443099141, 19.138951420265322 ], [ 72.910539817575199, 19.139005498199442 ] ] ] } },
{ "type": "Feature", "properties": { "cell_id": "CELL_1540", "bmc_ward_code": "T", "lat": 19.145752, "lon": 72.908079 }, "geometry": { "type": "Polygon", "coordinates": [ [ [ 72.91048297441715, 19.143521251326295 ], [ 72.910426115259114, 19.148037002074588 ], [ 72.90567448268736, 19.147982896688923 ], [ 72.905731470911391, 19.143467159666759 ], [ 72.91048297441715, 19.143521251326295 ] ] ] } },
{ "type": "Feature", "properties": { "cell_id": "CELL_1541", "bmc_ward_code": "T", "lat": 19.150268, "lon": 72.908022 }, "geometry": { "type": "Polygon", "coordinates": [ [ [ 72.910426115259114, 19.148037002074588 ], [ 72.910369240099087, 19.152552750443817 ], [ 72.905617478425043, 19.152498631331301 ], [ 72.90567448268736, 19.147982896688923 ], [ 72.910426115259114, 19.148037002074588 ] ] ] } },
{ "type": "Feature", "properties": { "cell_id": "CELL_1542", "bmc_ward_code": "T", "lat": 19.154784, "lon": 72.907965 }, "geometry": { "type": "Polygon", "coordinates": [ [ [ 72.910369240099087, 19.152552750443817 ], [ 72.910312348935065, 19.157068496433503 ], [ 72.905560458122409, 19.157014363593415 ], [ 72.905617478425043, 19.152498631331301 ], [ 72.910369240099087, 19.152552750443817 ] ] ] } },
{ "type": "Feature", "properties": { "cell_id": "CELL_1543", "bmc_ward_code": "T", "lat": 19.159299, "lon": 72.907908 }, "geometry": { "type": "Polygon", "coordinates": [ [ [ 72.910312348935065, 19.157068496433503 ], [ 72.910255441765031, 19.161584240043151 ], [ 72.905503421777482, 19.161530093474774 ], [ 72.905560458122409, 19.157014363593415 ], [ 72.910312348935065, 19.157068496433503 ] ] ] } },
{ "type": "Feature", "properties": { "cell_id": "CELL_1544", "bmc_ward_code": "T", "lat": 19.163815, "lon": 72.907851 }, "geometry": { "type": "Polygon", "coordinates": [ [ [ 72.910255441765031, 19.161584240043151 ], [ 72.910198518587023, 19.166099981272275 ], [ 72.90544636938823, 19.166045820974876 ], [ 72.905503421777482, 19.161530093474774 ], [ 72.910255441765031, 19.161584240043151 ] ] ] } },
{ "type": "Feature", "properties": { "cell_id": "CELL_1545", "bmc_ward_code": "T", "lat": 19.168331, "lon": 72.907794 }, "geometry": { "type": "Polygon", "coordinates": [ [ [ 72.910198518587023, 19.166099981272275 ], [ 72.910141579399024, 19.170615720120384 ], [ 72.905389300952663, 19.170561546093243 ], [ 72.90544636938823, 19.166045820974876 ], [ 72.910198518587023, 19.166099981272275 ] ] ] } },
{ "type": "Feature", "properties": { "cell_id": "CELL_1546", "bmc_ward_code": "T", "lat": 19.172847, "lon": 72.907737 }, "geometry": { "type": "Polygon", "coordinates": [ [ [ 72.910141579399024, 19.170615720120384 ], [ 72.910084624199015, 19.175131456586978 ], [ 72.905332216468764, 19.17507726882938 ], [ 72.905389300952663, 19.170561546093243 ], [ 72.910141579399024, 19.170615720120384 ] ] ] } },
{ "type": "Feature", "properties": { "cell_id": "CELL_1547", "bmc_ward_code": "T", "lat": 19.177362, "lon": 72.90768 }, "geometry": { "type": "Polygon", "coordinates": [ [ [ 72.910084624199015, 19.175131456586978 ], [ 72.910027652985022, 19.179647190671567 ], [ 72.905275115934558, 19.179592989182787 ], [ 72.905332216468764, 19.17507726882938 ], [ 72.910084624199015, 19.175131456586978 ] ] ] } },
{ "type": "Feature", "properties": { "cell_id": "CELL_1548", "bmc_ward_code": "T", "lat": 19.181878, "lon": 72.907623 }, "geometry": { "type": "Polygon", "coordinates": [ [ [ 72.910027652985022, 19.179647190671567 ], [ 72.909970665755026, 19.18416292237367 ], [ 72.905217999347997, 19.184108707152987 ], [ 72.905275115934558, 19.179592989182787 ], [ 72.910027652985022, 19.179647190671567 ] ] ] } },
{ "type": "Feature", "properties": { "cell_id": "CELL_1549", "bmc_ward_code": "T", "lat": 19.186394, "lon": 72.907566 }, "geometry": { "type": "Polygon", "coordinates": [ [ [ 72.909970665755026, 19.18416292237367 ], [ 72.909913662507009, 19.18867865169279 ], [ 72.905160866707064, 19.18862442273948 ], [ 72.905217999347997, 19.184108707152987 ], [ 72.909970665755026, 19.18416292237367 ] ] ] } },
{ "type": "Feature", "properties": { "cell_id": "CELL_1550", "bmc_ward_code": "T", "lat": 19.190909, "lon": 72.907509 }, "geometry": { "type": "Polygon", "coordinates": [ [ [ 72.909913662507009, 19.18867865169279 ], [ 72.909856643238982, 19.193194378628434 ], [ 72.905103718009812, 19.193140135941778 ], [ 72.905160866707064, 19.18862442273948 ], [ 72.909913662507009, 19.18867865169279 ] ] ] } },
{ "type": "Feature", "properties": { "cell_id": "CELL_1551", "bmc_ward_code": "T", "lat": 19.195425, "lon": 72.907452 }, "geometry": { "type": "Polygon", "coordinates": [ [ [ 72.909856643238982, 19.193194378628434 ], [ 72.909799607948926, 19.197710103180118 ], [ 72.905046553254166, 19.197655846759389 ], [ 72.905103718009812, 19.193140135941778 ], [ 72.909856643238982, 19.193194378628434 ] ] ] } },
{ "type": "Feature", "properties": { "cell_id": "CELL_1552", "bmc_ward_code": "T", "lat": 19.199941, "lon": 72.907395 }, "geometry": { "type": "Polygon", "coordinates": [ [ [ 72.909799607948926, 19.197710103180118 ], [ 72.909742556634853, 19.202225825347352 ], [ 72.904989372438152, 19.202171555191818 ], [ 72.905046553254166, 19.197655846759389 ], [ 72.909799607948926, 19.197710103180118 ] ] ] } },
{ "type": "Feature", "properties": { "cell_id": "CELL_1553", "bmc_ward_code": "R/C", "lat": 19.204457, "lon": 72.907337 }, "geometry": { "type": "Polygon", "coordinates": [ [ [ 72.909742556634853, 19.202225825347352 ], [ 72.909685489294759, 19.206741545129638 ], [ 72.904932175559736, 19.206687261238589 ], [ 72.904989372438152, 19.202171555191818 ], [ 72.909742556634853, 19.202225825347352 ] ] ] } },
{ "type": "Feature", "properties": { "cell_id": "CELL_1554", "bmc_ward_code": "R/C", "lat": 19.208972, "lon": 72.90728 }, "geometry": { "type": "Polygon", "coordinates": [ [ [ 72.909685489294759, 19.206741545129638 ], [ 72.909628405926611, 19.211257262526491 ], [ 72.90487496261693, 19.211202964899197 ], [ 72.904932175559736, 19.206687261238589 ], [ 72.909685489294759, 19.206741545129638 ] ] ] } },
{ "type": "Feature", "properties": { "cell_id": "CELL_1555", "bmc_ward_code": "R/C", "lat": 19.213488, "lon": 72.907223 }, "geometry": { "type": "Polygon", "coordinates": [ [ [ 72.909628405926611, 19.211257262526491 ], [ 72.90957130652842, 19.215772977537419 ], [ 72.9048177336077, 19.21571866617316 ], [ 72.90487496261693, 19.211202964899197 ], [ 72.909628405926611, 19.211257262526491 ] ] ] } },
{ "type": "Feature", "properties": { "cell_id": "CELL_1556", "bmc_ward_code": "R/C", "lat": 19.218004, "lon": 72.907166 }, "geometry": { "type": "Polygon", "coordinates": [ [ [ 72.90957130652842, 19.215772977537419 ], [ 72.909514191098168, 19.220288690161926 ], [ 72.904760488530044, 19.220234365059977 ], [ 72.9048177336077, 19.21571866617316 ], [ 72.90957130652842, 19.215772977537419 ] ] ] } },
{ "type": "Feature", "properties": { "cell_id": "CELL_1557", "bmc_ward_code": "R/C", "lat": 19.222519, "lon": 72.907109 }, "geometry": { "type": "Polygon", "coordinates": [ [ [ 72.909514191098168, 19.220288690161926 ], [ 72.909457059633851, 19.224804400399542 ], [ 72.904703227381944, 19.22475006155917 ], [ 72.904760488530044, 19.220234365059977 ], [ 72.909514191098168, 19.220288690161926 ] ] ] } },
{ "type": "Feature", "properties": { "cell_id": "CELL_1558", "bmc_ward_code": "R/C", "lat": 19.227035, "lon": 72.907052 }, "geometry": { "type": "Polygon", "coordinates": [ [ [ 72.909457059633851, 19.224804400399542 ], [ 72.909399912133466, 19.229320108249748 ], [ 72.904645950161381, 19.229265755670241 ], [ 72.904703227381944, 19.22475006155917 ], [ 72.909457059633851, 19.224804400399542 ] ] ] } },
{ "type": "Feature", "properties": { "cell_id": "CELL_1559", "bmc_ward_code": "R/C", "lat": 19.231551, "lon": 72.906994 }, "geometry": { "type": "Polygon", "coordinates": [ [ [ 72.909399912133466, 19.229320108249748 ], [ 72.90934274859498, 19.233835813712073 ], [ 72.904588656866338, 19.23378144739269 ], [ 72.904645950161381, 19.229265755670241 ], [ 72.909399912133466, 19.229320108249748 ] ] ] } },
{ "type": "Feature", "properties": { "cell_id": "CELL_1560", "bmc_ward_code": "UNKNOWN", "lat": 19.236066, "lon": 72.906937 }, "geometry": { "type": "Polygon", "coordinates": [ [ [ 72.90934274859498, 19.233835813712073 ], [ 72.90928556901639, 19.238351516786022 ], [ 72.904531347494824, 19.23829713672605 ], [ 72.904588656866338, 19.23378144739269 ], [ 72.90934274859498, 19.233835813712073 ] ] ] } },
{ "type": "Feature", "properties": { "cell_id": "CELL_1561", "bmc_ward_code": "UNKNOWN", "lat": 18.996785, "lon": 72.914696 }, "geometry": { "type": "Polygon", "coordinates": [ [ [ 72.917097643160034, 18.994553662661975 ], [ 72.917041438823006, 18.999069505314704 ], [ 72.912294030350836, 18.999015974180757 ], [ 72.912350362560289, 18.994500145199421 ], [ 72.917097643160034, 18.994553662661975 ] ] ] } },
{ "type": "Feature", "properties": { "cell_id": "CELL_1562", "bmc_ward_code": "M/E", "lat": 19.001301, "lon": 72.91464 }, "geometry": { "type": "Polygon", "coordinates": [ [ [ 72.917041438823006, 18.999069505314704 ], [ 72.916985218585751, 19.003585345605337 ], [ 72.912237682204974, 19.003531800799266 ], [ 72.912294030350836, 18.999015974180757 ], [ 72.917041438823006, 18.999069505314704 ] ] ] } },
{ "type": "Feature", "properties": { "cell_id": "CELL_1563", "bmc_ward_code": "M/E", "lat": 19.005817, "lon": 72.914583 }, "geometry": { "type": "Polygon", "coordinates": [ [ [ 72.916985218585751, 19.003585345605337 ], [ 72.916928982446279, 19.008101183533352 ], [ 72.912181318120744, 19.008047625054456 ], [ 72.912237682204974, 19.003531800799266 ], [ 72.916985218585751, 19.003585345605337 ] ] ] } },
{ "type": "Feature", "properties": { "cell_id": "CELL_1564", "bmc_ward_code": "M/E", "lat": 19.010332, "lon": 72.914527 }, "geometry": { "type": "Polygon", "coordinates": [ [ [ 72.916928982446279, 19.008101183533352 ], [ 72.916872730402631, 19.012617019098276 ], [ 72.912124938096156, 19.01256344694584 ], [ 72.912181318120744, 19.008047625054456 ], [ 72.916928982446279, 19.008101183533352 ] ] ] } },
{ "type": "Feature", "properties": { "cell_id": "CELL_1565", "bmc_ward_code": "M/E", "lat": 19.014848, "lon": 72.914471 }, "geometry": { "type": "Polygon", "coordinates": [ [ [ 72.916872730402631, 19.012617019098276 ], [ 72.916816462452815, 19.0171328522996 ], [ 72.912068542129234, 19.017079266472919 ], [ 72.912124938096156, 19.01256344694584 ], [ 72.916872730402631, 19.012617019098276 ] ] ] } },
{ "type": "Feature", "properties": { "cell_id": "CELL_1566", "bmc_ward_code": "M/E", "lat": 19.019364, "lon": 72.914414 }, "geometry": { "type": "Polygon", "coordinates": [ [ [ 72.916816462452815, 19.0171328522996 ], [ 72.91676017859487, 19.021648683136846 ], [ 72.912012130218017, 19.021595083635198 ], [ 72.912068542129234, 19.017079266472919 ], [ 72.916816462452815, 19.0171328522996 ] ] ] } },
{ "type": "Feature", "properties": { "cell_id": "CELL_1567", "bmc_ward_code": "M/E", "lat": 19.02388, "lon": 72.914358 }, "geometry": { "type": "Polygon", "coordinates": [ [ [ 72.91676017859487, 19.021648683136846 ], [ 72.916703878826809, 19.026164511609522 ], [ 72.911955702360501, 19.026110898432201 ], [ 72.912012130218017, 19.021595083635198 ], [ 72.91676017859487, 19.021648683136846 ] ] ] } },
{ "type": "Feature", "properties": { "cell_id": "CELL_1568", "bmc_ward_code": "M/E", "lat": 19.028396, "lon": 72.914302 }, "geometry": { "type": "Polygon", "coordinates": [ [ [ 72.916703878826809, 19.026164511609522 ], [ 72.916647563146682, 19.030680337717129 ], [ 72.911899258554726, 19.030626710863416 ], [ 72.911955702360501, 19.026110898432201 ], [ 72.916703878826809, 19.026164511609522 ] ] ] } },
{ "type": "Feature", "properties": { "cell_id": "CELL_1569", "bmc_ward_code": "M/E", "lat": 19.032911, "lon": 72.914245 }, "geometry": { "type": "Polygon", "coordinates": [ [ [ 72.916647563146682, 19.030680337717129 ], [ 72.916591231552474, 19.035196161459176 ], [ 72.911842798798702, 19.03514252092836 ], [ 72.911899258554726, 19.030626710863416 ], [ 72.916647563146682, 19.030680337717129 ] ] ] } },
{ "type": "Feature", "properties": { "cell_id": "CELL_1570", "bmc_ward_code": "M/E", "lat": 19.037427, "lon": 72.914189 }, "geometry": { "type": "Polygon", "coordinates": [ [ [ 72.916591231552474, 19.035196161459176 ], [ 72.916534884042235, 19.039711982835176 ], [ 72.911786323090453, 19.039658328626544 ], [ 72.911842798798702, 19.03514252092836 ], [ 72.916591231552474, 19.035196161459176 ] ] ] } },
{ "type": "Feature", "properties": { "cell_id": "CELL_1571", "bmc_ward_code": "M/E", "lat": 19.041943, "lon": 72.914132 }, "geometry": { "type": "Polygon", "coordinates": [ [ [ 72.916534884042235, 19.039711982835176 ], [ 72.916478520613992, 19.044227801844627 ], [ 72.911729831427976, 19.044174133957466 ], [ 72.911786323090453, 19.039658328626544 ], [ 72.916534884042235, 19.039711982835176 ] ] ] } },
{ "type": "Feature", "properties": { "cell_id": "CELL_1572", "bmc_ward_code": "M/E", "lat": 19.046459, "lon": 72.914076 }, "geometry": { "type": "Polygon", "coordinates": [ [ [ 72.916478520613992, 19.044227801844627 ], [ 72.916422141265741, 19.048743618487045 ], [ 72.91167332380931, 19.048689936920638 ], [ 72.911729831427976, 19.044174133957466 ], [ 72.916478520613992, 19.044227801844627 ] ] ] } },
{ "type": "Feature", "properties": { "cell_id": "CELL_1573", "bmc_ward_code": "M/E", "lat": 19.050975, "lon": 72.91402 }, "geometry": { "type": "Polygon", "coordinates": [ [ [ 72.916422141265741, 19.048743618487045 ], [ 72.91636574599552, 19.053259432761944 ], [ 72.911616800232466, 19.053205737515576 ], [ 72.91167332380931, 19.048689936920638 ], [ 72.916422141265741, 19.048743618487045 ] ] ] } },
{ "type": "Feature", "properties": { "cell_id": "CELL_1574", "bmc_ward_code": "M/E", "lat": 19.055491, "lon": 72.913963 }, "geometry": { "type": "Polygon", "coordinates": [ [ [ 72.91636574599552, 19.053259432761944 ], [ 72.91630933480134, 19.057775244668814 ], [ 72.911560260695467, 19.057721535741777 ], [ 72.911616800232466, 19.053205737515576 ], [ 72.91636574599552, 19.053259432761944 ] ] ] } },
{ "type": "Feature", "properties": { "cell_id": "CELL_1575", "bmc_ward_code": "M/E", "lat": 19.060006, "lon": 72.913907 }, "geometry": { "type": "Polygon", "coordinates": [ [ [ 72.91630933480134, 19.057775244668814 ], [ 72.91625290768124, 19.062291054207179 ], [ 72.91150370519631, 19.062237331598752 ], [ 72.911560260695467, 19.057721535741777 ], [ 72.91630933480134, 19.057775244668814 ] ] ] } },
{ "type": "Feature", "properties": { "cell_id": "CELL_1576", "bmc_ward_code": "M/E", "lat": 19.064522, "lon": 72.91385 }, "geometry": { "type": "Polygon", "coordinates": [ [ [ 72.91625290768124, 19.062291054207179 ], [ 72.916196464633231, 19.066806861376548 ], [ 72.91144713373302, 19.066753125086016 ], [ 72.91150370519631, 19.062237331598752 ], [ 72.91625290768124, 19.062291054207179 ] ] ] } },
{ "type": "Feature", "properties": { "cell_id": "CELL_1577", "bmc_ward_code": "N", "lat": 19.069038, "lon": 72.913794 }, "geometry": { "type": "Polygon", "coordinates": [ [ [ 72.916196464633231, 19.066806861376548 ], [ 72.916140005655322, 19.071322666176417 ], [ 72.911390546303608, 19.071268916203067 ], [ 72.91144713373302, 19.066753125086016 ], [ 72.916196464633231, 19.066806861376548 ] ] ] } },
{ "type": "Feature", "properties": { "cell_id": "CELL_1578", "bmc_ward_code": "N", "lat": 19.073554, "lon": 72.913737 }, "geometry": { "type": "Polygon", "coordinates": [ [ [ 72.916140005655322, 19.071322666176417 ], [ 72.916083530745524, 19.075838468606307 ], [ 72.911333942906097, 19.075784704949417 ], [ 72.911390546303608, 19.071268916203067 ], [ 72.916140005655322, 19.071322666176417 ] ] ] } },
{ "type": "Feature", "properties": { "cell_id": "CELL_1579", "bmc_ward_code": "N", "lat": 19.078069, "lon": 72.91368 }, "geometry": { "type": "Polygon", "coordinates": [ [ [ 72.916083530745524, 19.075838468606307 ], [ 72.916027039901863, 19.080354268665712 ], [ 72.911277323538485, 19.080300491324579 ], [ 72.911333942906097, 19.075784704949417 ], [ 72.916083530745524, 19.075838468606307 ] ] ] } },
{ "type": "Feature", "properties": { "cell_id": "CELL_1580", "bmc_ward_code": "N", "lat": 19.082585, "lon": 72.913624 }, "geometry": { "type": "Polygon", "coordinates": [ [ [ 72.916027039901863, 19.080354268665712 ], [ 72.915970533122362, 19.084870066354149 ], [ 72.911220688198782, 19.084816275328048 ], [ 72.911277323538485, 19.080300491324579 ], [ 72.916027039901863, 19.080354268665712 ] ] ] } },
{ "type": "Feature", "properties": { "cell_id": "CELL_1581", "bmc_ward_code": "N", "lat": 19.087101, "lon": 72.913567 }, "geometry": { "type": "Polygon", "coordinates": [ [ [ 72.915970533122362, 19.084870066354149 ], [ 72.915914010405032, 19.089385861671136 ], [ 72.911164036885026, 19.08933205695935 ], [ 72.911220688198782, 19.084816275328048 ], [ 72.915970533122362, 19.084870066354149 ] ] ] } },
{ "type": "Feature", "properties": { "cell_id": "CELL_1582", "bmc_ward_code": "N", "lat": 19.091617, "lon": 72.913511 }, "geometry": { "type": "Polygon", "coordinates": [ [ [ 72.915914010405032, 19.089385861671136 ], [ 72.915857471747884, 19.093901654616165 ], [ 72.9111073695952, 19.093847836217982 ], [ 72.911164036885026, 19.08933205695935 ], [ 72.915914010405032, 19.089385861671136 ] ] ] } },
{ "type": "Feature", "properties": { "cell_id": "CELL_1583", "bmc_ward_code": "N", "lat": 19.096133, "lon": 72.913454 }, "geometry": { "type": "Polygon", "coordinates": [ [ [ 72.915857471747884, 19.093901654616165 ], [ 72.915800917148928, 19.098417445188751 ], [ 72.911050686327314, 19.098363613103455 ], [ 72.9111073695952, 19.093847836217982 ], [ 72.915857471747884, 19.093901654616165 ] ] ] } },
{ "type": "Feature", "properties": { "cell_id": "CELL_1584", "bmc_ward_code": "N", "lat": 19.100648, "lon": 72.913397 }, "geometry": { "type": "Polygon", "coordinates": [ [ [ 72.915800917148928, 19.098417445188751 ], [ 72.915744346606189, 19.102933233388406 ], [ 72.91099398707938, 19.102879387615275 ], [ 72.911050686327314, 19.098363613103455 ], [ 72.915800917148928, 19.098417445188751 ] ] ] } },
{ "type": "Feature", "properties": { "cell_id": "CELL_1585", "bmc_ward_code": "N", "lat": 19.105164, "lon": 72.913341 }, "geometry": { "type": "Polygon", "coordinates": [ [ [ 72.915744346606189, 19.102933233388406 ], [ 72.915687760117677, 19.107449019214638 ], [ 72.91093727184942, 19.107395159752958 ], [ 72.91099398707938, 19.102879387615275 ], [ 72.915744346606189, 19.102933233388406 ] ] ] } },
{ "type": "Feature", "properties": { "cell_id": "CELL_1586", "bmc_ward_code": "N", "lat": 19.10968, "lon": 72.913284 }, "geometry": { "type": "Polygon", "coordinates": [ [ [ 72.915687760117677, 19.107449019214638 ], [ 72.915631157681389, 19.111964802666943 ], [ 72.910880540635432, 19.111910929515997 ], [ 72.91093727184942, 19.107395159752958 ], [ 72.915687760117677, 19.107449019214638 ] ] ] } },
{ "type": "Feature", "properties": { "cell_id": "CELL_1587", "bmc_ward_code": "S", "lat": 19.114196, "lon": 72.913228 }, "geometry": { "type": "Polygon", "coordinates": [ [ [ 72.915631157681389, 19.111964802666943 ], [ 72.915574539295363, 19.116480583744849 ], [ 72.910823793435412, 19.116426696903918 ], [ 72.910880540635432, 19.111910929515997 ], [ 72.915631157681389, 19.111964802666943 ] ] ] } },
{ "type": "Feature", "properties": { "cell_id": "CELL_1588", "bmc_ward_code": "S", "lat": 19.118712, "lon": 72.913171 }, "geometry": { "type": "Polygon", "coordinates": [ [ [ 72.915574539295363, 19.116480583744849 ], [ 72.915517904957596, 19.120996362447862 ], [ 72.910767030247385, 19.120942461916226 ], [ 72.910823793435412, 19.116426696903918 ], [ 72.915574539295363, 19.116480583744849 ] ] ] } },
{ "type": "Feature", "properties": { "cell_id": "CELL_1589", "bmc_ward_code": "S", "lat": 19.123227, "lon": 72.913114 }, "geometry": { "type": "Polygon", "coordinates": [ [ [ 72.915517904957596, 19.120996362447862 ], [ 72.915461254666084, 19.12551213877547 ], [ 72.910710251069332, 19.125458224552418 ], [ 72.910767030247385, 19.120942461916226 ], [ 72.915517904957596, 19.120996362447862 ] ] ] } },
{ "type": "Feature", "properties": { "cell_id": "CELL_1590", "bmc_ward_code": "S", "lat": 19.127743, "lon": 72.913057 }, "geometry": { "type": "Polygon", "coordinates": [ [ [ 72.915461254666084, 19.12551213877547 ], [ 72.915404588418852, 19.130027912727208 ], [ 72.910653455899293, 19.129973984812018 ], [ 72.910710251069332, 19.125458224552418 ], [ 72.915461254666084, 19.12551213877547 ] ] ] } },
{ "type": "Feature", "properties": { "cell_id": "CELL_1591", "bmc_ward_code": "S", "lat": 19.132259, "lon": 72.913001 }, "geometry": { "type": "Polygon", "coordinates": [ [ [ 72.915404588418852, 19.130027912727208 ], [ 72.915347906213896, 19.134543684302571 ], [ 72.910596644735236, 19.134489742694523 ], [ 72.910653455899293, 19.129973984812018 ], [ 72.915404588418852, 19.130027912727208 ] ] ] } },
{ "type": "Feature", "properties": { "cell_id": "CELL_1592", "bmc_ward_code": "S", "lat": 19.136775, "lon": 72.912944 }, "geometry": { "type": "Polygon", "coordinates": [ [ [ 72.915347906213896, 19.134543684302571 ], [ 72.91529120804924, 19.139059453501066 ], [ 72.910539817575199, 19.139005498199442 ], [ 72.910596644735236, 19.134489742694523 ], [ 72.915347906213896, 19.134543684302571 ] ] ] } },
{ "type": "Feature", "properties": { "cell_id": "CELL_1593", "bmc_ward_code": "T", "lat": 19.14129, "lon": 72.912887 }, "geometry": { "type": "Polygon", "coordinates": [ [ [ 72.91529120804924, 19.139059453501066 ], [ 72.915234493922895, 19.143575220322212 ], [ 72.91048297441715, 19.143521251326295 ], [ 72.910539817575199, 19.139005498199442 ], [ 72.91529120804924, 19.139059453501066 ] ] ] } },
{ "type": "Feature", "properties": { "cell_id": "CELL_1594", "bmc_ward_code": "T", "lat": 19.145806, "lon": 72.91283 }, "geometry": { "type": "Polygon", "coordinates": [ [ [ 72.915234493922895, 19.143575220322212 ], [ 72.915177763832844, 19.14809098476551 ], [ 72.910426115259114, 19.148037002074588 ], [ 72.91048297441715, 19.143521251326295 ], [ 72.915234493922895, 19.143575220322212 ] ] ] } },
{ "type": "Feature", "properties": { "cell_id": "CELL_1595", "bmc_ward_code": "T", "lat": 19.150322, "lon": 72.912774 }, "geometry": { "type": "Polygon", "coordinates": [ [ [ 72.915177763832844, 19.14809098476551 ], [ 72.915121017777111, 19.152606746830475 ], [ 72.910369240099087, 19.152552750443817 ], [ 72.910426115259114, 19.148037002074588 ], [ 72.915177763832844, 19.14809098476551 ] ] ] } },
{ "type": "Feature", "properties": { "cell_id": "CELL_1596", "bmc_ward_code": "T", "lat": 19.154838, "lon": 72.912717 }, "geometry": { "type": "Polygon", "coordinates": [ [ [ 72.915121017777111, 19.152606746830475 ], [ 72.915064255753705, 19.157122506516615 ], [ 72.910312348935065, 19.157068496433503 ], [ 72.910369240099087, 19.152552750443817 ], [ 72.915121017777111, 19.152606746830475 ] ] ] } },
{ "type": "Feature", "properties": { "cell_id": "CELL_1597", "bmc_ward_code": "T", "lat": 19.159353, "lon": 72.91266 }, "geometry": { "type": "Polygon", "coordinates": [ [ [ 72.915064255753705, 19.157122506516615 ], [ 72.915007477760597, 19.161638263823434 ], [ 72.910255441765031, 19.161584240043151 ], [ 72.910312348935065, 19.157068496433503 ], [ 72.915064255753705, 19.157122506516615 ] ] ] } },
{ "type": "Feature", "properties": { "cell_id": "CELL_1598", "bmc_ward_code": "T", "lat": 19.163869, "lon": 72.912603 }, "geometry": { "type": "Polygon", "coordinates": [ [ [ 72.915007477760597, 19.161638263823434 ], [ 72.914950683795837, 19.166154018750454 ], [ 72.910198518587023, 19.166099981272275 ], [ 72.910255441765031, 19.161584240043151 ], [ 72.915007477760597, 19.161638263823434 ] ] ] } },
{ "type": "Feature", "properties": { "cell_id": "CELL_1599", "bmc_ward_code": "T", "lat": 19.168385, "lon": 72.912546 }, "geometry": { "type": "Polygon", "coordinates": [ [ [ 72.914950683795837, 19.166154018750454 ], [ 72.914893873857395, 19.170669771297163 ], [ 72.910141579399024, 19.170615720120384 ], [ 72.910198518587023, 19.166099981272275 ], [ 72.914950683795837, 19.166154018750454 ] ] ] } },
{ "type": "Feature", "properties": { "cell_id": "CELL_1600", "bmc_ward_code": "T", "lat": 19.172901, "lon": 72.912489 }, "geometry": { "type": "Polygon", "coordinates": [ [ [ 72.914893873857395, 19.170669771297163 ], [ 72.914837047943266, 19.175185521463092 ], [ 72.910084624199015, 19.175131456586978 ], [ 72.910141579399024, 19.170615720120384 ], [ 72.914893873857395, 19.170669771297163 ] ] ] } },
{ "type": "Feature", "properties": { "cell_id": "CELL_1601", "bmc_ward_code": "T", "lat": 19.177416, "lon": 72.912432 }, "geometry": { "type": "Polygon", "coordinates": [ [ [ 72.914837047943266, 19.175185521463092 ], [ 72.914780206051503, 19.179701269247737 ], [ 72.910027652985022, 19.179647190671567 ], [ 72.910084624199015, 19.175131456586978 ], [ 72.914837047943266, 19.175185521463092 ] ] ] } },
{ "type": "Feature", "properties": { "cell_id": "CELL_1602", "bmc_ward_code": "T", "lat": 19.181932, "lon": 72.912375 }, "geometry": { "type": "Polygon", "coordinates": [ [ [ 72.914780206051503, 19.179701269247737 ], [ 72.914723348180047, 19.184217014650617 ], [ 72.909970665755026, 19.18416292237367 ], [ 72.910027652985022, 19.179647190671567 ], [ 72.914780206051503, 19.179701269247737 ] ] ] } },
{ "type": "Feature", "properties": { "cell_id": "CELL_1603", "bmc_ward_code": "T", "lat": 19.186448, "lon": 72.912319 }, "geometry": { "type": "Polygon", "coordinates": [ [ [ 72.914723348180047, 19.184217014650617 ], [ 72.914666474326935, 19.188732757671225 ], [ 72.909913662507009, 19.18867865169279 ], [ 72.909970665755026, 19.18416292237367 ], [ 72.914723348180047, 19.184217014650617 ] ] ] } },
{ "type": "Feature", "properties": { "cell_id": "CELL_1604", "bmc_ward_code": "T", "lat": 19.190964, "lon": 72.912262 }, "geometry": { "type": "Polygon", "coordinates": [ [ [ 72.914666474326935, 19.188732757671225 ], [ 72.914609584490165, 19.193248498309089 ], [ 72.909856643238982, 19.193194378628434 ], [ 72.909913662507009, 19.18867865169279 ], [ 72.914666474326935, 19.188732757671225 ] ] ] } },
{ "type": "Feature", "properties": { "cell_id": "CELL_1605", "bmc_ward_code": "T", "lat": 19.195479, "lon": 72.912205 }, "geometry": { "type": "Polygon", "coordinates": [ [ [ 72.914609584490165, 19.193248498309089 ], [ 72.914552678667718, 19.19776423656371 ], [ 72.909799607948926, 19.197710103180118 ], [ 72.909856643238982, 19.193194378628434 ], [ 72.914609584490165, 19.193248498309089 ] ] ] } },
{ "type": "Feature", "properties": { "cell_id": "CELL_1606", "bmc_ward_code": "T", "lat": 19.199995, "lon": 72.912148 }, "geometry": { "type": "Polygon", "coordinates": [ [ [ 72.914552678667718, 19.19776423656371 ], [ 72.914495756857605, 19.202279972434599 ], [ 72.909742556634853, 19.202225825347352 ], [ 72.909799607948926, 19.197710103180118 ], [ 72.914552678667718, 19.19776423656371 ] ] ] } },
{ "type": "Feature", "properties": { "cell_id": "CELL_1607", "bmc_ward_code": "T", "lat": 19.204511, "lon": 72.912091 }, "geometry": { "type": "Polygon", "coordinates": [ [ [ 72.914495756857605, 19.202279972434599 ], [ 72.914438819057807, 19.20679570592127 ], [ 72.909685489294759, 19.206741545129638 ], [ 72.909742556634853, 19.202225825347352 ], [ 72.914495756857605, 19.202279972434599 ] ] ] } },
{ "type": "Feature", "properties": { "cell_id": "CELL_1608", "bmc_ward_code": "UNKNOWN", "lat": 19.209027, "lon": 72.912034 }, "geometry": { "type": "Polygon", "coordinates": [ [ [ 72.914438819057807, 19.20679570592127 ], [ 72.914381865266336, 19.211311437023223 ], [ 72.909628405926611, 19.211257262526491 ], [ 72.909685489294759, 19.206741545129638 ], [ 72.914438819057807, 19.20679570592127 ] ] ] } },
{ "type": "Feature", "properties": { "cell_id": "CELL_1609", "bmc_ward_code": "UNKNOWN", "lat": 19.218058, "lon": 72.91192 }, "geometry": { "type": "Polygon", "coordinates": [ [ [ 72.914324895481187, 19.215827165739981 ], [ 72.914267909700357, 19.220342892071034 ], [ 72.909514191098168, 19.220288690161926 ], [ 72.90957130652842, 19.215772977537419 ], [ 72.914324895481187, 19.215827165739981 ] ] ] } },
{ "type": "Feature", "properties": { "cell_id": "CELL_1610", "bmc_ward_code": "UNKNOWN", "lat": 19.222574, "lon": 72.911863 }, "geometry": { "type": "Polygon", "coordinates": [ [ [ 72.914267909700357, 19.220342892071034 ], [ 72.914210907921841, 19.224858616015915 ], [ 72.909457059633851, 19.224804400399542 ], [ 72.909514191098168, 19.220288690161926 ], [ 72.914267909700357, 19.220342892071034 ] ] ] } },
{ "type": "Feature", "properties": { "cell_id": "CELL_1611", "bmc_ward_code": "UNKNOWN", "lat": 19.227089, "lon": 72.911805 }, "geometry": { "type": "Polygon", "coordinates": [ [ [ 72.914210907921841, 19.224858616015915 ], [ 72.914153890143623, 19.229374337574118 ], [ 72.909399912133466, 19.229320108249748 ], [ 72.909457059633851, 19.224804400399542 ], [ 72.914210907921841, 19.224858616015915 ] ] ] } },
{ "type": "Feature", "properties": { "cell_id": "CELL_1612", "bmc_ward_code": "UNKNOWN", "lat": 19.231605, "lon": 72.911748 }, "geometry": { "type": "Polygon", "coordinates": [ [ [ 72.914153890143623, 19.229374337574118 ], [ 72.914096856363713, 19.233890056745153 ], [ 72.90934274859498, 19.233835813712073 ], [ 72.909399912133466, 19.229320108249748 ], [ 72.914153890143623, 19.229374337574118 ] ] ] } },
{ "type": "Feature", "properties": { "cell_id": "CELL_1613", "bmc_ward_code": "UNKNOWN", "lat": 19.001354, "lon": 72.919387 }, "geometry": { "type": "Polygon", "coordinates": [ [ [ 72.921788863195431, 18.999122914778209 ], [ 72.921732770868744, 19.00363876870988 ], [ 72.916985218585751, 19.003585345605337 ], [ 72.917041438823006, 18.999069505314704 ], [ 72.921788863195431, 18.999122914778209 ] ] ] } },
{ "type": "Feature", "properties": { "cell_id": "CELL_1614", "bmc_ward_code": "M/E", "lat": 19.00587, "lon": 72.919331 }, "geometry": { "type": "Polygon", "coordinates": [ [ [ 72.921732770868744, 19.00363876870988 ], [ 72.92167666267602, 19.008154620279655 ], [ 72.916928982446279, 19.008101183533352 ], [ 72.916985218585751, 19.003585345605337 ], [ 72.921732770868744, 19.00363876870988 ] ] ] } },
{ "type": "Feature", "properties": { "cell_id": "CELL_1615", "bmc_ward_code": "M/E", "lat": 19.010386, "lon": 72.919275 }, "geometry": { "type": "Polygon", "coordinates": [ [ [ 72.92167666267602, 19.008154620279655 ], [ 72.921620538615272, 19.012670469487041 ], [ 72.916872730402631, 19.012617019098276 ], [ 72.916928982446279, 19.008101183533352 ], [ 72.92167666267602, 19.008154620279655 ] ] ] } },
{ "type": "Feature", "properties": { "cell_id": "CELL_1616", "bmc_ward_code": "M/E", "lat": 19.014902, "lon": 72.919219 }, "geometry": { "type": "Polygon", "coordinates": [ [ [ 72.921620538615272, 19.012670469487041 ], [ 72.921564398684524, 19.017186316331561 ], [ 72.916816462452815, 19.0171328522996 ], [ 72.916872730402631, 19.012617019098276 ], [ 72.921620538615272, 19.012670469487041 ] ] ] } },
{ "type": "Feature", "properties": { "cell_id": "CELL_1617", "bmc_ward_code": "M/E", "lat": 19.019418, "lon": 72.919162 }, "geometry": { "type": "Polygon", "coordinates": [ [ [ 72.921564398684524, 19.017186316331561 ], [ 72.921508242881828, 19.021702160812691 ], [ 72.91676017859487, 19.021648683136846 ], [ 72.916816462452815, 19.0171328522996 ], [ 72.921564398684524, 19.017186316331561 ] ] ] } },
{ "type": "Feature", "properties": { "cell_id": "CELL_1618", "bmc_ward_code": "M/E", "lat": 19.023933, "lon": 72.919106 }, "geometry": { "type": "Polygon", "coordinates": [ [ [ 72.921508242881828, 19.021702160812691 ], [ 72.921452071205195, 19.026218002929966 ], [ 72.916703878826809, 19.026164511609522 ], [ 72.91676017859487, 19.021648683136846 ], [ 72.921508242881828, 19.021702160812691 ] ] ] } },
{ "type": "Feature", "properties": { "cell_id": "CELL_1619", "bmc_ward_code": "M/E", "lat": 19.028449, "lon": 72.91905 }, "geometry": { "type": "Polygon", "coordinates": [ [ [ 72.921452071205195, 19.026218002929966 ], [ 72.921395883652679, 19.030733842682885 ], [ 72.916647563146682, 19.030680337717129 ], [ 72.916703878826809, 19.026164511609522 ], [ 72.921452071205195, 19.026218002929966 ] ] ] } },
{ "type": "Feature", "properties": { "cell_id": "CELL_1620", "bmc_ward_code": "M/E", "lat": 19.032965, "lon": 72.918994 }, "geometry": { "type": "Polygon", "coordinates": [ [ [ 72.921395883652679, 19.030733842682885 ], [ 72.921339680222289, 19.035249680070955 ], [ 72.916591231552474, 19.035196161459176 ], [ 72.916647563146682, 19.030680337717129 ], [ 72.921395883652679, 19.030733842682885 ] ] ] } },
{ "type": "Feature", "properties": { "cell_id": "CELL_1621", "bmc_ward_code": "M/E", "lat": 19.037481, "lon": 72.918937 }, "geometry": { "type": "Polygon", "coordinates": [ [ [ 72.921339680222289, 19.035249680070955 ], [ 72.921283460912051, 19.039765515093691 ], [ 72.916534884042235, 19.039711982835176 ], [ 72.916591231552474, 19.035196161459176 ], [ 72.921339680222289, 19.035249680070955 ] ] ] } },
{ "type": "Feature", "properties": { "cell_id": "CELL_1622", "bmc_ward_code": "M/E", "lat": 19.041997, "lon": 72.918881 }, "geometry": { "type": "Polygon", "coordinates": [ [ [ 72.921283460912051, 19.039765515093691 ], [ 72.921227225719988, 19.044281347750591 ], [ 72.916478520613992, 19.044227801844627 ], [ 72.916534884042235, 19.039711982835176 ], [ 72.921283460912051, 19.039765515093691 ] ] ] } },
{ "type": "Feature", "properties": { "cell_id": "CELL_1623", "bmc_ward_code": "M/E", "lat": 19.046513, "lon": 72.918825 }, "geometry": { "type": "Polygon", "coordinates": [ [ [ 72.921227225719988, 19.044281347750591 ], [ 72.921170974644141, 19.048797178041173 ], [ 72.916422141265741, 19.048743618487045 ], [ 72.916478520613992, 19.044227801844627 ], [ 72.921227225719988, 19.044281347750591 ] ] ] } },
{ "type": "Feature", "properties": { "cell_id": "CELL_1624", "bmc_ward_code": "M/E", "lat": 19.051028, "lon": 72.918768 }, "geometry": { "type": "Polygon", "coordinates": [ [ [ 72.921170974644141, 19.048797178041173 ], [ 72.92111470768252, 19.053313005964942 ], [ 72.91636574599552, 19.053259432761944 ], [ 72.916422141265741, 19.048743618487045 ], [ 72.921170974644141, 19.048797178041173 ] ] ] } },
{ "type": "Feature", "properties": { "cell_id": "CELL_1625", "bmc_ward_code": "M/E", "lat": 19.055544, "lon": 72.918712 }, "geometry": { "type": "Polygon", "coordinates": [ [ [ 72.92111470768252, 19.053313005964942 ], [ 72.921058424833163, 19.057828831521405 ], [ 72.91630933480134, 19.057775244668814 ], [ 72.91636574599552, 19.053259432761944 ], [ 72.92111470768252, 19.053313005964942 ] ] ] } },
{ "type": "Feature", "properties": { "cell_id": "CELL_1626", "bmc_ward_code": "M/E", "lat": 19.06006, "lon": 72.918656 }, "geometry": { "type": "Polygon", "coordinates": [ [ [ 72.921058424833163, 19.057828831521405 ], [ 72.921002126094095, 19.062344654710071 ], [ 72.91625290768124, 19.062291054207179 ], [ 72.91630933480134, 19.057775244668814 ], [ 72.921058424833163, 19.057828831521405 ] ] ] } },
{ "type": "Feature", "properties": { "cell_id": "CELL_1627", "bmc_ward_code": "M/E", "lat": 19.064576, "lon": 72.918599 }, "geometry": { "type": "Polygon", "coordinates": [ [ [ 72.921002126094095, 19.062344654710071 ], [ 72.920945811463326, 19.066860475530454 ], [ 72.916196464633231, 19.066806861376548 ], [ 72.91625290768124, 19.062291054207179 ], [ 72.921002126094095, 19.062344654710071 ] ] ] } },
{ "type": "Feature", "properties": { "cell_id": "CELL_1628", "bmc_ward_code": "N", "lat": 19.069092, "lon": 72.918543 }, "geometry": { "type": "Polygon", "coordinates": [ [ [ 72.920945811463326, 19.066860475530454 ], [ 72.920889480938897, 19.071376293982048 ], [ 72.916140005655322, 19.071322666176417 ], [ 72.916196464633231, 19.066806861376548 ], [ 72.920945811463326, 19.066860475530454 ] ] ] } },
{ "type": "Feature", "properties": { "cell_id": "CELL_1629", "bmc_ward_code": "N", "lat": 19.073607, "lon": 72.918487 }, "geometry": { "type": "Polygon", "coordinates": [ [ [ 72.920889480938897, 19.071376293982048 ], [ 72.920833134518801, 19.075892110064384 ], [ 72.916083530745524, 19.075838468606307 ], [ 72.916140005655322, 19.071322666176417 ], [ 72.920889480938897, 19.071376293982048 ] ] ] } },
{ "type": "Feature", "properties": { "cell_id": "CELL_1630", "bmc_ward_code": "N", "lat": 19.078123, "lon": 72.91843 }, "geometry": { "type": "Polygon", "coordinates": [ [ [ 72.920833134518801, 19.075892110064384 ], [ 72.920776772201094, 19.080407923776946 ], [ 72.916027039901863, 19.080354268665712 ], [ 72.916083530745524, 19.075838468606307 ], [ 72.920833134518801, 19.075892110064384 ] ] ] } },
{ "type": "Feature", "properties": { "cell_id": "CELL_1631", "bmc_ward_code": "N", "lat": 19.082639, "lon": 72.918374 }, "geometry": { "type": "Polygon", "coordinates": [ [ [ 72.920776772201094, 19.080407923776946 ], [ 72.920720393983757, 19.084923735119254 ], [ 72.915970533122362, 19.084870066354149 ], [ 72.916027039901863, 19.080354268665712 ], [ 72.920776772201094, 19.080407923776946 ] ] ] } },
{ "type": "Feature", "properties": { "cell_id": "CELL_1632", "bmc_ward_code": "N", "lat": 19.087155, "lon": 72.918317 }, "geometry": { "type": "Polygon", "coordinates": [ [ [ 72.920720393983757, 19.084923735119254 ], [ 72.920663999864857, 19.089439544090819 ], [ 72.915914010405032, 19.089385861671136 ], [ 72.915970533122362, 19.084870066354149 ], [ 72.920720393983757, 19.084923735119254 ] ] ] } },
{ "type": "Feature", "properties": { "cell_id": "CELL_1633", "bmc_ward_code": "N", "lat": 19.091671, "lon": 72.918261 }, "geometry": { "type": "Polygon", "coordinates": [ [ [ 72.920663999864857, 19.089439544090819 ], [ 72.920607589842362, 19.09395535069115 ], [ 72.915857471747884, 19.093901654616165 ], [ 72.915914010405032, 19.089385861671136 ], [ 72.920663999864857, 19.089439544090819 ] ] ] } },
{ "type": "Feature", "properties": { "cell_id": "CELL_1634", "bmc_ward_code": "N", "lat": 19.096186, "lon": 72.918204 }, "geometry": { "type": "Polygon", "coordinates": [ [ [ 72.920607589842362, 19.09395535069115 ], [ 72.92055116391434, 19.09847115491975 ], [ 72.915800917148928, 19.098417445188751 ], [ 72.915857471747884, 19.093901654616165 ], [ 72.920607589842362, 19.09395535069115 ] ] ] } },
{ "type": "Feature", "properties": { "cell_id": "CELL_1635", "bmc_ward_code": "N", "lat": 19.100702, "lon": 72.918148 }, "geometry": { "type": "Polygon", "coordinates": [ [ [ 72.92055116391434, 19.09847115491975 ], [ 72.920494722078772, 19.102986956776139 ], [ 72.915744346606189, 19.102933233388406 ], [ 72.915800917148928, 19.098417445188751 ], [ 72.92055116391434, 19.09847115491975 ] ] ] } },
{ "type": "Feature", "properties": { "cell_id": "CELL_1636", "bmc_ward_code": "S", "lat": 19.105218, "lon": 72.918091 }, "geometry": { "type": "Polygon", "coordinates": [ [ [ 72.920494722078772, 19.102986956776139 ], [ 72.920438264333697, 19.107502756259816 ], [ 72.915687760117677, 19.107449019214638 ], [ 72.915744346606189, 19.102933233388406 ], [ 72.920494722078772, 19.102986956776139 ] ] ] } },
{ "type": "Feature", "properties": { "cell_id": "CELL_1637", "bmc_ward_code": "S", "lat": 19.109734, "lon": 72.918035 }, "geometry": { "type": "Polygon", "coordinates": [ [ [ 72.920438264333697, 19.107502756259816 ], [ 72.920381790677112, 19.112018553370284 ], [ 72.915631157681389, 19.111964802666943 ], [ 72.915687760117677, 19.107449019214638 ], [ 72.920438264333697, 19.107502756259816 ] ] ] } },
{ "type": "Feature", "properties": { "cell_id": "CELL_1638", "bmc_ward_code": "N", "lat": 19.11425, "lon": 72.917978 }, "geometry": { "type": "Polygon", "coordinates": [ [ [ 72.920381790677112, 19.112018553370284 ], [ 72.920325301107056, 19.116534348107059 ], [ 72.915574539295363, 19.116480583744849 ], [ 72.915631157681389, 19.111964802666943 ], [ 72.920381790677112, 19.112018553370284 ] ] ] } },
{ "type": "Feature", "properties": { "cell_id": "CELL_1639", "bmc_ward_code": "S", "lat": 19.118765, "lon": 72.917922 }, "geometry": { "type": "Polygon", "coordinates": [ [ [ 72.920325301107056, 19.116534348107059 ], [ 72.920268795621524, 19.121050140469666 ], [ 72.915517904957596, 19.120996362447862 ], [ 72.915574539295363, 19.116480583744849 ], [ 72.920325301107056, 19.116534348107059 ] ] ] } },
{ "type": "Feature", "properties": { "cell_id": "CELL_1640", "bmc_ward_code": "S", "lat": 19.123281, "lon": 72.917865 }, "geometry": { "type": "Polygon", "coordinates": [ [ [ 72.920268795621524, 19.121050140469666 ], [ 72.920212274218542, 19.125565930457586 ], [ 72.915461254666084, 19.12551213877547 ], [ 72.915517904957596, 19.120996362447862 ], [ 72.920268795621524, 19.121050140469666 ] ] ] } },
{ "type": "Feature", "properties": { "cell_id": "CELL_1641", "bmc_ward_code": "S", "lat": 19.127797, "lon": 72.917808 }, "geometry": { "type": "Polygon", "coordinates": [ [ [ 72.920212274218542, 19.125565930457586 ], [ 72.92015573689612, 19.13008171807035 ], [ 72.915404588418852, 19.130027912727208 ], [ 72.915461254666084, 19.12551213877547 ], [ 72.920212274218542, 19.125565930457586 ] ] ] } },
{ "type": "Feature", "properties": { "cell_id": "CELL_1642", "bmc_ward_code": "S", "lat": 19.132313, "lon": 72.917752 }, "geometry": { "type": "Polygon", "coordinates": [ [ [ 72.92015573689612, 19.13008171807035 ], [ 72.920099183652269, 19.13459750330745 ], [ 72.915347906213896, 19.134543684302571 ], [ 72.915404588418852, 19.130027912727208 ], [ 72.92015573689612, 19.13008171807035 ] ] ] } },
{ "type": "Feature", "properties": { "cell_id": "CELL_1643", "bmc_ward_code": "S", "lat": 19.136828, "lon": 72.917695 }, "geometry": { "type": "Polygon", "coordinates": [ [ [ 72.920099183652269, 19.13459750330745 ], [ 72.920042614484998, 19.139113286168406 ], [ 72.91529120804924, 19.139059453501066 ], [ 72.915347906213896, 19.134543684302571 ], [ 72.920099183652269, 19.13459750330745 ] ] ] } },
{ "type": "Feature", "properties": { "cell_id": "CELL_1644", "bmc_ward_code": "S", "lat": 19.141344, "lon": 72.917639 }, "geometry": { "type": "Polygon", "coordinates": [ [ [ 72.920042614484998, 19.139113286168406 ], [ 72.919986029392334, 19.143629066652736 ], [ 72.915234493922895, 19.143575220322212 ], [ 72.91529120804924, 19.139059453501066 ], [ 72.920042614484998, 19.139113286168406 ] ] ] } },
{ "type": "Feature", "properties": { "cell_id": "CELL_1645", "bmc_ward_code": "T", "lat": 19.14586, "lon": 72.917582 }, "geometry": { "type": "Polygon", "coordinates": [ [ [ 72.919986029392334, 19.143629066652736 ], [ 72.919929428372257, 19.148144844759926 ], [ 72.915177763832844, 19.14809098476551 ], [ 72.915234493922895, 19.143575220322212 ], [ 72.919986029392334, 19.143629066652736 ] ] ] } },
{ "type": "Feature", "properties": { "cell_id": "CELL_1646", "bmc_ward_code": "T", "lat": 19.150376, "lon": 72.917525 }, "geometry": { "type": "Polygon", "coordinates": [ [ [ 72.919929428372257, 19.148144844759926 ], [ 72.91987281142282, 19.152660620489502 ], [ 72.915121017777111, 19.152606746830475 ], [ 72.915177763832844, 19.14809098476551 ], [ 72.919929428372257, 19.148144844759926 ] ] ] } },
{ "type": "Feature", "properties": { "cell_id": "CELL_1647", "bmc_ward_code": "T", "lat": 19.154892, "lon": 72.917469 }, "geometry": { "type": "Polygon", "coordinates": [ [ [ 72.91987281142282, 19.152660620489502 ], [ 72.919816178542007, 19.15717639384097 ], [ 72.915064255753705, 19.157122506516615 ], [ 72.915121017777111, 19.152606746830475 ], [ 72.91987281142282, 19.152660620489502 ] ] ] } },
{ "type": "Feature", "properties": { "cell_id": "CELL_1648", "bmc_ward_code": "T", "lat": 19.159407, "lon": 72.917412 }, "geometry": { "type": "Polygon", "coordinates": [ [ [ 72.919816178542007, 19.15717639384097 ], [ 72.919759529727827, 19.161692164813843 ], [ 72.915007477760597, 19.161638263823434 ], [ 72.915064255753705, 19.157122506516615 ], [ 72.919816178542007, 19.15717639384097 ] ] ] } },
{ "type": "Feature", "properties": { "cell_id": "CELL_1649", "bmc_ward_code": "T", "lat": 19.163923, "lon": 72.917355 }, "geometry": { "type": "Polygon", "coordinates": [ [ [ 72.919759529727827, 19.161692164813843 ], [ 72.919702864978291, 19.166207933407616 ], [ 72.914950683795837, 19.166154018750454 ], [ 72.915007477760597, 19.161638263823434 ], [ 72.919759529727827, 19.161692164813843 ] ] ] } },
{ "type": "Feature", "properties": { "cell_id": "CELL_1650", "bmc_ward_code": "T", "lat": 19.168439, "lon": 72.917298 }, "geometry": { "type": "Polygon", "coordinates": [ [ [ 72.919702864978291, 19.166207933407616 ], [ 72.919646184291423, 19.170723699621817 ], [ 72.914893873857395, 19.170669771297163 ], [ 72.914950683795837, 19.166154018750454 ], [ 72.919702864978291, 19.166207933407616 ] ] ] } },
{ "type": "Feature", "properties": { "cell_id": "CELL_1651", "bmc_ward_code": "T", "lat": 19.172955, "lon": 72.917242 }, "geometry": { "type": "Polygon", "coordinates": [ [ [ 72.919646184291423, 19.170723699621817 ], [ 72.919589487665192, 19.175239463455952 ], [ 72.914837047943266, 19.175185521463092 ], [ 72.914893873857395, 19.170669771297163 ], [ 72.919646184291423, 19.170723699621817 ] ] ] } },
{ "type": "Feature", "properties": { "cell_id": "CELL_1652", "bmc_ward_code": "T", "lat": 19.17747, "lon": 72.917185 }, "geometry": { "type": "Polygon", "coordinates": [ [ [ 72.919589487665192, 19.175239463455952 ], [ 72.919532775097636, 19.179755224909517 ], [ 72.914780206051503, 19.179701269247737 ], [ 72.914837047943266, 19.175185521463092 ], [ 72.919589487665192, 19.175239463455952 ] ] ] } },
{ "type": "Feature", "properties": { "cell_id": "CELL_1653", "bmc_ward_code": "T", "lat": 19.181986, "lon": 72.917128 }, "geometry": { "type": "Polygon", "coordinates": [ [ [ 72.919532775097636, 19.179755224909517 ], [ 72.919476046586752, 19.184270983982035 ], [ 72.914723348180047, 19.184217014650617 ], [ 72.914780206051503, 19.179701269247737 ], [ 72.919532775097636, 19.179755224909517 ] ] ] } },
{ "type": "Feature", "properties": { "cell_id": "CELL_1654", "bmc_ward_code": "T", "lat": 19.186502, "lon": 72.917071 }, "geometry": { "type": "Polygon", "coordinates": [ [ [ 72.919476046586752, 19.184270983982035 ], [ 72.919419302130549, 19.188786740673009 ], [ 72.914666474326935, 19.188732757671225 ], [ 72.914723348180047, 19.184217014650617 ], [ 72.919476046586752, 19.184270983982035 ] ] ] } },
{ "type": "Feature", "properties": { "cell_id": "CELL_1655", "bmc_ward_code": "T", "lat": 19.191018, "lon": 72.917014 }, "geometry": { "type": "Polygon", "coordinates": [ [ [ 72.919419302130549, 19.188786740673009 ], [ 72.919362541727011, 19.193302494981953 ], [ 72.914609584490165, 19.193248498309089 ], [ 72.914666474326935, 19.188732757671225 ], [ 72.919419302130549, 19.188786740673009 ] ] ] } },
{ "type": "Feature", "properties": { "cell_id": "CELL_1656", "bmc_ward_code": "T", "lat": 19.195533, "lon": 72.916958 }, "geometry": { "type": "Polygon", "coordinates": [ [ [ 72.919362541727011, 19.193302494981953 ], [ 72.919305765374162, 19.197818246908373 ], [ 72.914552678667718, 19.19776423656371 ], [ 72.914609584490165, 19.193248498309089 ], [ 72.919362541727011, 19.193302494981953 ] ] ] } },
{ "type": "Feature", "properties": { "cell_id": "CELL_1657", "bmc_ward_code": "T", "lat": 19.200049, "lon": 72.916901 }, "geometry": { "type": "Polygon", "coordinates": [ [ [ 72.919305765374162, 19.197818246908373 ], [ 72.919248973069998, 19.202333996451785 ], [ 72.914495756857605, 19.202279972434599 ], [ 72.914552678667718, 19.19776423656371 ], [ 72.919305765374162, 19.197818246908373 ] ] ] } },
{ "type": "Feature", "properties": { "cell_id": "CELL_1658", "bmc_ward_code": "T", "lat": 19.204565, "lon": 72.916844 }, "geometry": { "type": "Polygon", "coordinates": [ [ [ 72.919248973069998, 19.202333996451785 ], [ 72.919192164812529, 19.206849743611695 ], [ 72.914438819057807, 19.20679570592127 ], [ 72.914495756857605, 19.202279972434599 ], [ 72.919248973069998, 19.202333996451785 ] ] ] } },
{ "type": "Feature", "properties": { "cell_id": "CELL_1659", "bmc_ward_code": "T", "lat": 19.209081, "lon": 72.916787 }, "geometry": { "type": "Polygon", "coordinates": [ [ [ 72.919192164812529, 19.206849743611695 ], [ 72.919135340599738, 19.211365488387607 ], [ 72.914381865266336, 19.211311437023223 ], [ 72.914438819057807, 19.20679570592127 ], [ 72.919192164812529, 19.206849743611695 ] ] ] } },
{ "type": "Feature", "properties": { "cell_id": "CELL_1660", "bmc_ward_code": "T", "lat": 19.213596, "lon": 72.91673 }, "geometry": { "type": "Polygon", "coordinates": [ [ [ 72.919135340599738, 19.211365488387607 ], [ 72.919078500429649, 19.215881230779047 ], [ 72.914324895481187, 19.215827165739981 ], [ 72.914381865266336, 19.211311437023223 ], [ 72.919135340599738, 19.211365488387607 ] ] ] } },
{ "type": "Feature", "properties": { "cell_id": "CELL_1661", "bmc_ward_code": "UNKNOWN", "lat": 19.218112, "lon": 72.916673 }, "geometry": { "type": "Polygon", "coordinates": [ [ [ 72.919078500429649, 19.215881230779047 ], [ 72.919021644300244, 19.220396970785508 ], [ 72.914267909700357, 19.220342892071034 ], [ 72.914324895481187, 19.215827165739981 ], [ 72.919078500429649, 19.215881230779047 ] ] ] } },
{ "type": "Feature", "properties": { "cell_id": "CELL_1662", "bmc_ward_code": "UNKNOWN", "lat": 19.010439, "lon": 72.924022 }, "geometry": { "type": "Polygon", "coordinates": [ [ [ 72.926424358773772, 19.008207935291608 ], [ 72.9263683626979, 19.012723798110397 ], [ 72.921620538615272, 19.012670469487041 ], [ 72.92167666267602, 19.008154620279655 ], [ 72.926424358773772, 19.008207935291608 ] ] ] } },
{ "type": "Feature", "properties": { "cell_id": "CELL_1663", "bmc_ward_code": "M/E", "lat": 19.014955, "lon": 72.923966 }, "geometry": { "type": "Polygon", "coordinates": [ [ [ 72.9263683626979, 19.012723798110397 ], [ 72.926312350788194, 19.017239658567011 ], [ 72.921564398684524, 19.017186316331561 ], [ 72.921620538615272, 19.012670469487041 ], [ 72.9263683626979, 19.012723798110397 ] ] ] } },
{ "type": "Feature", "properties": { "cell_id": "CELL_1664", "bmc_ward_code": "M/E", "lat": 19.019471, "lon": 72.92391 }, "geometry": { "type": "Polygon", "coordinates": [ [ [ 72.926312350788194, 19.017239658567011 ], [ 72.926256323042722, 19.021755516660964 ], [ 72.921508242881828, 19.021702160812691 ], [ 72.921564398684524, 19.017186316331561 ], [ 72.926312350788194, 19.017239658567011 ] ] ] } },
{ "type": "Feature", "properties": { "cell_id": "CELL_1665", "bmc_ward_code": "M/E", "lat": 19.023987, "lon": 72.923854 }, "geometry": { "type": "Polygon", "coordinates": [ [ [ 72.926256323042722, 19.021755516660964 ], [ 72.926200279459493, 19.026271372391761 ], [ 72.921452071205195, 19.026218002929966 ], [ 72.921508242881828, 19.021702160812691 ], [ 72.926256323042722, 19.021755516660964 ] ] ] } },
{ "type": "Feature", "properties": { "cell_id": "CELL_1666", "bmc_ward_code": "M/E", "lat": 19.028503, "lon": 72.923798 }, "geometry": { "type": "Polygon", "coordinates": [ [ [ 72.926200279459493, 19.026271372391761 ], [ 72.926144220036562, 19.030787225758917 ], [ 72.921395883652679, 19.030733842682885 ], [ 72.921452071205195, 19.026218002929966 ], [ 72.926200279459493, 19.026271372391761 ] ] ] } },
{ "type": "Feature", "properties": { "cell_id": "CELL_1667", "bmc_ward_code": "M/E", "lat": 19.033018, "lon": 72.923742 }, "geometry": { "type": "Polygon", "coordinates": [ [ [ 72.926144220036562, 19.030787225758917 ], [ 72.926088144771953, 19.035303076761938 ], [ 72.921339680222289, 19.035249680070955 ], [ 72.921395883652679, 19.030733842682885 ], [ 72.926144220036562, 19.030787225758917 ] ] ] } },
{ "type": "Feature", "properties": { "cell_id": "CELL_1668", "bmc_ward_code": "M/E", "lat": 19.037534, "lon": 72.923686 }, "geometry": { "type": "Polygon", "coordinates": [ [ [ 72.926088144771953, 19.035303076761938 ], [ 72.926032053663675, 19.039818925400329 ], [ 72.921283460912051, 19.039765515093691 ], [ 72.921339680222289, 19.035249680070955 ], [ 72.926088144771953, 19.035303076761938 ] ] ] } },
{ "type": "Feature", "properties": { "cell_id": "CELL_1669", "bmc_ward_code": "M/E", "lat": 19.04205, "lon": 72.92363 }, "geometry": { "type": "Polygon", "coordinates": [ [ [ 72.926032053663675, 19.039818925400329 ], [ 72.925975946709798, 19.044334771673601 ], [ 72.921227225719988, 19.044281347750591 ], [ 72.921283460912051, 19.039765515093691 ], [ 72.926032053663675, 19.039818925400329 ] ] ] } },
{ "type": "Feature", "properties": { "cell_id": "CELL_1670", "bmc_ward_code": "M/E", "lat": 19.046566, "lon": 72.923573 }, "geometry": { "type": "Polygon", "coordinates": [ [ [ 72.925975946709798, 19.044334771673601 ], [ 72.925919823908302, 19.048850615581262 ], [ 72.921170974644141, 19.048797178041173 ], [ 72.921227225719988, 19.044281347750591 ], [ 72.925975946709798, 19.044334771673601 ] ] ] } },
{ "type": "Feature", "properties": { "cell_id": "CELL_1671", "bmc_ward_code": "M/E", "lat": 19.051082, "lon": 72.923517 }, "geometry": { "type": "Polygon", "coordinates": [ [ [ 72.925919823908302, 19.048850615581262 ], [ 72.925863685257269, 19.053366457122824 ], [ 72.92111470768252, 19.053313005964942 ], [ 72.921170974644141, 19.048797178041173 ], [ 72.925919823908302, 19.048850615581262 ] ] ] } },
{ "type": "Feature", "properties": { "cell_id": "CELL_1672", "bmc_ward_code": "M/E", "lat": 19.055598, "lon": 72.923461 }, "geometry": { "type": "Polygon", "coordinates": [ [ [ 72.925863685257269, 19.053366457122824 ], [ 72.92580753075471, 19.057882296297784 ], [ 72.921058424833163, 19.057828831521405 ], [ 72.92111470768252, 19.053313005964942 ], [ 72.925863685257269, 19.053366457122824 ] ] ] } },
{ "type": "Feature", "properties": { "cell_id": "CELL_1673", "bmc_ward_code": "M/E", "lat": 19.060113, "lon": 72.923405 }, "geometry": { "type": "Polygon", "coordinates": [ [ [ 72.92580753075471, 19.057882296297784 ], [ 72.92575136039865, 19.062398133105663 ], [ 72.921002126094095, 19.062344654710071 ], [ 72.921058424833163, 19.057828831521405 ], [ 72.92580753075471, 19.057882296297784 ] ] ] } },
{ "type": "Feature", "properties": { "cell_id": "CELL_1674", "bmc_ward_code": "M/E", "lat": 19.064629, "lon": 72.923349 }, "geometry": { "type": "Polygon", "coordinates": [ [ [ 72.92575136039865, 19.062398133105663 ], [ 72.925695174187098, 19.066913967545968 ], [ 72.920945811463326, 19.066860475530454 ], [ 72.921002126094095, 19.062344654710071 ], [ 72.92575136039865, 19.062398133105663 ] ] ] } },
{ "type": "Feature", "properties": { "cell_id": "CELL_1675", "bmc_ward_code": "M/E", "lat": 19.069145, "lon": 72.923292 }, "geometry": { "type": "Polygon", "coordinates": [ [ [ 72.925695174187098, 19.066913967545968 ], [ 72.925638972118122, 19.071429799618201 ], [ 72.920889480938897, 19.071376293982048 ], [ 72.920945811463326, 19.066860475530454 ], [ 72.925695174187098, 19.066913967545968 ] ] ] } },
{ "type": "Feature", "properties": { "cell_id": "CELL_1676", "bmc_ward_code": "M/E", "lat": 19.073661, "lon": 72.923236 }, "geometry": { "type": "Polygon", "coordinates": [ [ [ 72.925638972118122, 19.071429799618201 ], [ 72.925582754189719, 19.075945629321879 ], [ 72.920833134518801, 19.075892110064384 ], [ 72.920889480938897, 19.071376293982048 ], [ 72.925638972118122, 19.071429799618201 ] ] ] } },
{ "type": "Feature", "properties": { "cell_id": "CELL_1677", "bmc_ward_code": "N", "lat": 19.078177, "lon": 72.92318 }, "geometry": { "type": "Polygon", "coordinates": [ [ [ 72.925582754189719, 19.075945629321879 ], [ 72.925526520399913, 19.080461456656504 ], [ 72.920776772201094, 19.080407923776946 ], [ 72.920833134518801, 19.075892110064384 ], [ 72.925582754189719, 19.075945629321879 ] ] ] } },
{ "type": "Feature", "properties": { "cell_id": "CELL_1678", "bmc_ward_code": "N", "lat": 19.082693, "lon": 72.923123 }, "geometry": { "type": "Polygon", "coordinates": [ [ [ 72.925526520399913, 19.080461456656504 ], [ 72.925470270746743, 19.084977281621587 ], [ 72.920720393983757, 19.084923735119254 ], [ 72.920776772201094, 19.080407923776946 ], [ 72.925526520399913, 19.080461456656504 ] ] ] } },
{ "type": "Feature", "properties": { "cell_id": "CELL_1679", "bmc_ward_code": "N", "lat": 19.087208, "lon": 72.923067 }, "geometry": { "type": "Polygon", "coordinates": [ [ [ 72.925470270746743, 19.084977281621587 ], [ 72.925414005228234, 19.089493104216643 ], [ 72.920663999864857, 19.089439544090819 ], [ 72.920720393983757, 19.084923735119254 ], [ 72.925470270746743, 19.084977281621587 ] ] ] } },
{ "type": "Feature", "properties": { "cell_id": "CELL_1680", "bmc_ward_code": "N", "lat": 19.091724, "lon": 72.923011 }, "geometry": { "type": "Polygon", "coordinates": [ [ [ 72.925414005228234, 19.089493104216643 ], [ 72.92535772384241, 19.094008924441173 ], [ 72.920607589842362, 19.09395535069115 ], [ 72.920663999864857, 19.089439544090819 ], [ 72.925414005228234, 19.089493104216643 ] ] ] } },
{ "type": "Feature", "properties": { "cell_id": "CELL_1681", "bmc_ward_code": "N", "lat": 19.09624, "lon": 72.922954 }, "geometry": { "type": "Polygon", "coordinates": [ [ [ 72.92535772384241, 19.094008924441173 ], [ 72.925301426587282, 19.098524742294693 ], [ 72.92055116391434, 19.09847115491975 ], [ 72.920607589842362, 19.09395535069115 ], [ 72.92535772384241, 19.094008924441173 ] ] ] } },
{ "type": "Feature", "properties": { "cell_id": "CELL_1682", "bmc_ward_code": "N", "lat": 19.100756, "lon": 72.922898 }, "geometry": { "type": "Polygon", "coordinates": [ [ [ 72.925301426587282, 19.098524742294693 ], [ 72.925245113460861, 19.103040557776701 ], [ 72.920494722078772, 19.102986956776139 ], [ 72.92055116391434, 19.09847115491975 ], [ 72.925301426587282, 19.098524742294693 ] ] ] } },
{ "type": "Feature", "properties": { "cell_id": "CELL_1683", "bmc_ward_code": "N", "lat": 19.105272, "lon": 72.922842 }, "geometry": { "type": "Polygon", "coordinates": [ [ [ 72.925245113460861, 19.103040557776701 ], [ 72.925188784461199, 19.107556370886716 ], [ 72.920438264333697, 19.107502756259816 ], [ 72.920494722078772, 19.102986956776139 ], [ 72.925245113460861, 19.103040557776701 ] ] ] } },
{ "type": "Feature", "properties": { "cell_id": "CELL_1684", "bmc_ward_code": "S", "lat": 19.109787, "lon": 72.922785 }, "geometry": { "type": "Polygon", "coordinates": [ [ [ 72.925188784461199, 19.107556370886716 ], [ 72.925132439586307, 19.112072181624235 ], [ 72.920381790677112, 19.112018553370284 ], [ 72.920438264333697, 19.107502756259816 ], [ 72.925188784461199, 19.107556370886716 ] ] ] } },
{ "type": "Feature", "properties": { "cell_id": "CELL_1685", "bmc_ward_code": "S", "lat": 19.114303, "lon": 72.922729 }, "geometry": { "type": "Polygon", "coordinates": [ [ [ 72.925132439586307, 19.112072181624235 ], [ 72.925076078834209, 19.11658798998879 ], [ 72.920325301107056, 19.116534348107059 ], [ 72.920381790677112, 19.112018553370284 ], [ 72.925132439586307, 19.112072181624235 ] ] ] } },
{ "type": "Feature", "properties": { "cell_id": "CELL_1686", "bmc_ward_code": "S", "lat": 19.118819, "lon": 72.922672 }, "geometry": { "type": "Polygon", "coordinates": [ [ [ 72.925076078834209, 19.11658798998879 ], [ 72.925019702202903, 19.12110379597987 ], [ 72.920268795621524, 19.121050140469666 ], [ 72.920325301107056, 19.116534348107059 ], [ 72.925076078834209, 19.11658798998879 ] ] ] } },
{ "type": "Feature", "properties": { "cell_id": "CELL_1687", "bmc_ward_code": "S", "lat": 19.123335, "lon": 72.922616 }, "geometry": { "type": "Polygon", "coordinates": [ [ [ 72.925019702202903, 19.12110379597987 ], [ 72.92496330969044, 19.125619599596995 ], [ 72.920212274218542, 19.125565930457586 ], [ 72.920268795621524, 19.121050140469666 ], [ 72.925019702202903, 19.12110379597987 ] ] ] } },
{ "type": "Feature", "properties": { "cell_id": "CELL_1688", "bmc_ward_code": "S", "lat": 19.127851, "lon": 72.92256 }, "geometry": { "type": "Polygon", "coordinates": [ [ [ 72.92496330969044, 19.125619599596995 ], [ 72.924906901294818, 19.13013540083967 ], [ 72.92015573689612, 19.13008171807035 ], [ 72.920212274218542, 19.125565930457586 ], [ 72.92496330969044, 19.125619599596995 ] ] ] } },
{ "type": "Feature", "properties": { "cell_id": "CELL_1689", "bmc_ward_code": "S", "lat": 19.132366, "lon": 72.922503 }, "geometry": { "type": "Polygon", "coordinates": [ [ [ 72.924906901294818, 19.13013540083967 ], [ 72.924850477014047, 19.134651199707402 ], [ 72.920099183652269, 19.13459750330745 ], [ 72.92015573689612, 19.13008171807035 ], [ 72.924906901294818, 19.13013540083967 ] ] ] } },
{ "type": "Feature", "properties": { "cell_id": "CELL_1690", "bmc_ward_code": "S", "lat": 19.136882, "lon": 72.922447 }, "geometry": { "type": "Polygon", "coordinates": [ [ [ 72.924850477014047, 19.134651199707402 ], [ 72.924794036846151, 19.139166996199702 ], [ 72.920042614484998, 19.139113286168406 ], [ 72.920099183652269, 19.13459750330745 ], [ 72.924850477014047, 19.134651199707402 ] ] ] } },
{ "type": "Feature", "properties": { "cell_id": "CELL_1691", "bmc_ward_code": "S", "lat": 19.141398, "lon": 72.92239 }, "geometry": { "type": "Polygon", "coordinates": [ [ [ 72.924794036846151, 19.139166996199702 ], [ 72.924737580789156, 19.143682790316085 ], [ 72.919986029392334, 19.143629066652736 ], [ 72.920042614484998, 19.139113286168406 ], [ 72.924794036846151, 19.139166996199702 ] ] ] } },
{ "type": "Feature", "properties": { "cell_id": "CELL_1692", "bmc_ward_code": "T", "lat": 19.145914, "lon": 72.922334 }, "geometry": { "type": "Polygon", "coordinates": [ [ [ 72.924737580789156, 19.143682790316085 ], [ 72.924681108841085, 19.148198582056054 ], [ 72.919929428372257, 19.148144844759926 ], [ 72.919986029392334, 19.143629066652736 ], [ 72.924737580789156, 19.143682790316085 ] ] ] } },
{ "type": "Feature", "properties": { "cell_id": "CELL_1693", "bmc_ward_code": "T", "lat": 19.15043, "lon": 72.922277 }, "geometry": { "type": "Polygon", "coordinates": [ [ [ 72.924681108841085, 19.148198582056054 ], [ 72.924624620999907, 19.152714371419126 ], [ 72.91987281142282, 19.152660620489502 ], [ 72.919929428372257, 19.148144844759926 ], [ 72.924681108841085, 19.148198582056054 ] ] ] } },
{ "type": "Feature", "properties": { "cell_id": "CELL_1694", "bmc_ward_code": "T", "lat": 19.154945, "lon": 72.92222 }, "geometry": { "type": "Polygon", "coordinates": [ [ [ 72.924624620999907, 19.152714371419126 ], [ 72.924568117263689, 19.157230158404801 ], [ 72.919816178542007, 19.15717639384097 ], [ 72.91987281142282, 19.152660620489502 ], [ 72.924624620999907, 19.152714371419126 ] ] ] } },
{ "type": "Feature", "properties": { "cell_id": "CELL_1695", "bmc_ward_code": "T", "lat": 19.159461, "lon": 72.922164 }, "geometry": { "type": "Polygon", "coordinates": [ [ [ 72.924568117263689, 19.157230158404801 ], [ 72.924511597630413, 19.161745943012594 ], [ 72.919759529727827, 19.161692164813843 ], [ 72.919816178542007, 19.15717639384097 ], [ 72.924568117263689, 19.157230158404801 ] ] ] } },
{ "type": "Feature", "properties": { "cell_id": "CELL_1696", "bmc_ward_code": "T", "lat": 19.163977, "lon": 72.922107 }, "geometry": { "type": "Polygon", "coordinates": [ [ [ 72.924511597630413, 19.161745943012594 ], [ 72.924455062098119, 19.166261725242013 ], [ 72.919702864978291, 19.166207933407616 ], [ 72.919759529727827, 19.161692164813843 ], [ 72.924511597630413, 19.161745943012594 ] ] ] } },
{ "type": "Feature", "properties": { "cell_id": "CELL_1697", "bmc_ward_code": "T", "lat": 19.168493, "lon": 72.922051 }, "geometry": { "type": "Polygon", "coordinates": [ [ [ 72.924455062098119, 19.166261725242013 ], [ 72.924398510664787, 19.170777505092563 ], [ 72.919646184291423, 19.170723699621817 ], [ 72.919702864978291, 19.166207933407616 ], [ 72.924455062098119, 19.166261725242013 ] ] ] } },
{ "type": "Feature", "properties": { "cell_id": "CELL_1698", "bmc_ward_code": "T", "lat": 19.173009, "lon": 72.921994 }, "geometry": { "type": "Polygon", "coordinates": [ [ [ 72.924398510664787, 19.170777505092563 ], [ 72.924341943328457, 19.175293282563775 ], [ 72.919589487665192, 19.175239463455952 ], [ 72.919646184291423, 19.170723699621817 ], [ 72.924398510664787, 19.170777505092563 ] ] ] } },
{ "type": "Feature", "properties": { "cell_id": "CELL_1699", "bmc_ward_code": "T", "lat": 19.177524, "lon": 72.921937 }, "geometry": { "type": "Polygon", "coordinates": [ [ [ 72.924341943328457, 19.175293282563775 ], [ 72.924285360087111, 19.179809057655127 ], [ 72.919532775097636, 19.179755224909517 ], [ 72.919589487665192, 19.175239463455952 ], [ 72.924341943328457, 19.175293282563775 ] ] ] } },
{ "type": "Feature", "properties": { "cell_id": "CELL_1700", "bmc_ward_code": "T", "lat": 19.18204, "lon": 72.921881 }, "geometry": { "type": "Polygon", "coordinates": [ [ [ 72.924285360087111, 19.179809057655127 ], [ 72.924228760938789, 19.184324830366158 ], [ 72.919476046586752, 19.184270983982035 ], [ 72.919532775097636, 19.179755224909517 ], [ 72.924285360087111, 19.179809057655127 ] ] ] } },
{ "type": "Feature", "properties": { "cell_id": "CELL_1701", "bmc_ward_code": "T", "lat": 19.186556, "lon": 72.921824 }, "geometry": { "type": "Polygon", "coordinates": [ [ [ 72.924228760938789, 19.184324830366158 ], [ 72.924172145881471, 19.188840600696363 ], [ 72.919419302130549, 19.188786740673009 ], [ 72.919476046586752, 19.184270983982035 ], [ 72.924228760938789, 19.184324830366158 ] ] ] } },
{ "type": "Feature", "properties": { "cell_id": "CELL_1702", "bmc_ward_code": "T", "lat": 19.191072, "lon": 72.921767 }, "geometry": { "type": "Polygon", "coordinates": [ [ [ 72.924172145881471, 19.188840600696363 ], [ 72.924115514913183, 19.193356368645254 ], [ 72.919362541727011, 19.193302494981953 ], [ 72.919419302130549, 19.188786740673009 ], [ 72.924172145881471, 19.188840600696363 ] ] ] } },
{ "type": "Feature", "properties": { "cell_id": "CELL_1703", "bmc_ward_code": "T", "lat": 19.195587, "lon": 72.921711 }, "geometry": { "type": "Polygon", "coordinates": [ [ [ 72.924115514913183, 19.193356368645254 ], [ 72.924058868031935, 19.197872134212336 ], [ 72.919305765374162, 19.197818246908373 ], [ 72.919362541727011, 19.193302494981953 ], [ 72.924115514913183, 19.193356368645254 ] ] ] } },
{ "type": "Feature", "properties": { "cell_id": "CELL_1704", "bmc_ward_code": "T", "lat": 19.200103, "lon": 72.921654 }, "geometry": { "type": "Polygon", "coordinates": [ [ [ 72.924058868031935, 19.197872134212336 ], [ 72.924002205235723, 19.202387897397127 ], [ 72.919248973069998, 19.202333996451785 ], [ 72.919305765374162, 19.197818246908373 ], [ 72.924058868031935, 19.197872134212336 ] ] ] } },
{ "type": "Feature", "properties": { "cell_id": "CELL_1705", "bmc_ward_code": "T", "lat": 19.204619, "lon": 72.921597 }, "geometry": { "type": "Polygon", "coordinates": [ [ [ 72.924002205235723, 19.202387897397127 ], [ 72.923945526522559, 19.206903658199135 ], [ 72.919192164812529, 19.206849743611695 ], [ 72.919248973069998, 19.202333996451785 ], [ 72.924002205235723, 19.202387897397127 ] ] ] } },
{ "type": "Feature", "properties": { "cell_id": "CELL_1706", "bmc_ward_code": "T", "lat": 19.209135, "lon": 72.92154 }, "geometry": { "type": "Polygon", "coordinates": [ [ [ 72.923945526522559, 19.206903658199135 ], [ 72.923888831890466, 19.211419416617872 ], [ 72.919135340599738, 19.211365488387607 ], [ 72.919192164812529, 19.206849743611695 ], [ 72.923945526522559, 19.206903658199135 ] ] ] } },
{ "type": "Feature", "properties": { "cell_id": "CELL_1707", "bmc_ward_code": "T", "lat": 19.21365, "lon": 72.921484 }, "geometry": { "type": "Polygon", "coordinates": [ [ [ 72.923888831890466, 19.211419416617872 ], [ 72.923832121337412, 19.215935172652852 ], [ 72.919078500429649, 19.215881230779047 ], [ 72.919135340599738, 19.211365488387607 ], [ 72.923888831890466, 19.211419416617872 ] ] ] } },
{ "type": "Feature", "properties": { "cell_id": "CELL_1708", "bmc_ward_code": "UNKNOWN", "lat": 19.218166, "lon": 72.921427 }, "geometry": { "type": "Polygon", "coordinates": [ [ [ 72.923832121337412, 19.215935172652852 ], [ 72.923775394861437, 19.22045092630357 ], [ 72.919021644300244, 19.220396970785508 ], [ 72.919078500429649, 19.215881230779047 ], [ 72.923832121337412, 19.215935172652852 ] ] ] } },
{ "type": "Feature", "properties": { "cell_id": "CELL_1709", "bmc_ward_code": "UNKNOWN", "lat": 19.015008, "lon": 72.928714 }, "geometry": { "type": "Polygon", "coordinates": [ [ [ 72.931116202614334, 19.012777004966576 ], [ 72.931060318727646, 19.017292879004223 ], [ 72.926312350788194, 19.017239658567011 ], [ 72.9263683626979, 19.012723798110397 ], [ 72.931116202614334, 19.012777004966576 ] ] ] } },
{ "type": "Feature", "properties": { "cell_id": "CELL_1710", "bmc_ward_code": "M/E", "lat": 19.019524, "lon": 72.928658 }, "geometry": { "type": "Polygon", "coordinates": [ [ [ 72.931060318727646, 19.017292879004223 ], [ 72.931004419041372, 19.02180875067992 ], [ 72.926256323042722, 19.021755516660964 ], [ 72.926312350788194, 19.017239658567011 ], [ 72.931060318727646, 19.017292879004223 ] ] ] } },
{ "type": "Feature", "properties": { "cell_id": "CELL_1711", "bmc_ward_code": "M/E", "lat": 19.02404, "lon": 72.928602 }, "geometry": { "type": "Polygon", "coordinates": [ [ [ 72.931004419041372, 19.02180875067992 ], [ 72.930948503553509, 19.026324619993165 ], [ 72.926200279459493, 19.026271372391761 ], [ 72.926256323042722, 19.021755516660964 ], [ 72.931004419041372, 19.02180875067992 ] ] ] } },
{ "type": "Feature", "properties": { "cell_id": "CELL_1712", "bmc_ward_code": "M/E", "lat": 19.028556, "lon": 72.928546 }, "geometry": { "type": "Polygon", "coordinates": [ [ [ 72.930948503553509, 19.026324619993165 ], [ 72.930892572262124, 19.030840486943486 ], [ 72.926144220036562, 19.030787225758917 ], [ 72.926200279459493, 19.026271372391761 ], [ 72.930948503553509, 19.026324619993165 ] ] ] } },
{ "type": "Feature", "properties": { "cell_id": "CELL_1713", "bmc_ward_code": "M/E", "lat": 19.033072, "lon": 72.92849 }, "geometry": { "type": "Polygon", "coordinates": [ [ [ 72.930892572262124, 19.030840486943486 ], [ 72.930836625165256, 19.035356351530371 ], [ 72.926088144771953, 19.035303076761938 ], [ 72.926144220036562, 19.030787225758917 ], [ 72.930892572262124, 19.030840486943486 ] ] ] } },
{ "type": "Feature", "properties": { "cell_id": "CELL_1714", "bmc_ward_code": "M/E", "lat": 19.037588, "lon": 72.928434 }, "geometry": { "type": "Polygon", "coordinates": [ [ [ 72.930836625165256, 19.035356351530371 ], [ 72.930780662260915, 19.039872213753338 ], [ 72.926032053663675, 19.039818925400329 ], [ 72.926088144771953, 19.035303076761938 ], [ 72.930836625165256, 19.035356351530371 ] ] ] } },
{ "type": "Feature", "properties": { "cell_id": "CELL_1715", "bmc_ward_code": "M/E", "lat": 19.042104, "lon": 72.928378 }, "geometry": { "type": "Polygon", "coordinates": [ [ [ 72.930780662260915, 19.039872213753338 ], [ 72.930724683547169, 19.044388073611898 ], [ 72.925975946709798, 19.044334771673601 ], [ 72.926032053663675, 19.039818925400329 ], [ 72.930780662260915, 19.039872213753338 ] ] ] } },
{ "type": "Feature", "properties": { "cell_id": "CELL_1716", "bmc_ward_code": "M/E", "lat": 19.046619, "lon": 72.928322 }, "geometry": { "type": "Polygon", "coordinates": [ [ [ 72.930724683547169, 19.044388073611898 ], [ 72.930668689022028, 19.048903931105549 ], [ 72.925919823908302, 19.048850615581262 ], [ 72.925975946709798, 19.044334771673601 ], [ 72.930724683547169, 19.044388073611898 ] ] ] } },
{ "type": "Feature", "properties": { "cell_id": "CELL_1717", "bmc_ward_code": "M/E", "lat": 19.051135, "lon": 72.928266 }, "geometry": { "type": "Polygon", "coordinates": [ [ [ 72.930668689022028, 19.048903931105549 ], [ 72.930612678683545, 19.053419786233817 ], [ 72.925863685257269, 19.053366457122824 ], [ 72.925919823908302, 19.048850615581262 ], [ 72.930668689022028, 19.048903931105549 ] ] ] } },
{ "type": "Feature", "properties": { "cell_id": "CELL_1718", "bmc_ward_code": "M/E", "lat": 19.055651, "lon": 72.92821 }, "geometry": { "type": "Polygon", "coordinates": [ [ [ 72.930612678683545, 19.053419786233817 ], [ 72.930556652529745, 19.057935638996192 ], [ 72.92580753075471, 19.057882296297784 ], [ 72.925863685257269, 19.053366457122824 ], [ 72.930612678683545, 19.053419786233817 ] ] ] } },
{ "type": "Feature", "properties": { "cell_id": "CELL_1719", "bmc_ward_code": "M/E", "lat": 19.060167, "lon": 72.928154 }, "geometry": { "type": "Polygon", "coordinates": [ [ [ 72.930556652529745, 19.057935638996192 ], [ 72.930500610558667, 19.062451489392199 ], [ 72.92575136039865, 19.062398133105663 ], [ 72.92580753075471, 19.057882296297784 ], [ 72.930556652529745, 19.057935638996192 ] ] ] } },
{ "type": "Feature", "properties": { "cell_id": "CELL_1720", "bmc_ward_code": "M/E", "lat": 19.064683, "lon": 72.928098 }, "geometry": { "type": "Polygon", "coordinates": [ [ [ 72.930500610558667, 19.062451489392199 ], [ 72.930444552768321, 19.066967337421335 ], [ 72.925695174187098, 19.066913967545968 ], [ 72.92575136039865, 19.062398133105663 ], [ 72.930500610558667, 19.062451489392199 ] ] ] } },
{ "type": "Feature", "properties": { "cell_id": "CELL_1721", "bmc_ward_code": "M/E", "lat": 19.069199, "lon": 72.928042 }, "geometry": { "type": "Polygon", "coordinates": [ [ [ 72.930444552768321, 19.066967337421335 ], [ 72.930388479156775, 19.07148318308311 ], [ 72.925638972118122, 19.071429799618201 ], [ 72.925695174187098, 19.066913967545968 ], [ 72.930444552768321, 19.066967337421335 ] ] ] } },
{ "type": "Feature", "properties": { "cell_id": "CELL_1722", "bmc_ward_code": "M/E", "lat": 19.073714, "lon": 72.927986 }, "geometry": { "type": "Polygon", "coordinates": [ [ [ 72.930388479156775, 19.07148318308311 ], [ 72.930332389722025, 19.075999026377044 ], [ 72.925582754189719, 19.075945629321879 ], [ 72.925638972118122, 19.071429799618201 ], [ 72.930388479156775, 19.07148318308311 ] ] ] } },
{ "type": "Feature", "properties": { "cell_id": "CELL_1723", "bmc_ward_code": "N", "lat": 19.07823, "lon": 72.927929 }, "geometry": { "type": "Polygon", "coordinates": [ [ [ 72.930332389722025, 19.075999026377044 ], [ 72.930276284462124, 19.080514867302636 ], [ 72.925526520399913, 19.080461456656504 ], [ 72.925582754189719, 19.075945629321879 ], [ 72.930332389722025, 19.075999026377044 ] ] ] } },
{ "type": "Feature", "properties": { "cell_id": "CELL_1724", "bmc_ward_code": "N", "lat": 19.082746, "lon": 72.927873 }, "geometry": { "type": "Polygon", "coordinates": [ [ [ 72.930276284462124, 19.080514867302636 ], [ 72.930220163375083, 19.085030705859396 ], [ 72.925470270746743, 19.084977281621587 ], [ 72.925526520399913, 19.080461456656504 ], [ 72.930276284462124, 19.080514867302636 ] ] ] } },
{ "type": "Feature", "properties": { "cell_id": "CELL_1725", "bmc_ward_code": "N", "lat": 19.087262, "lon": 72.927817 }, "geometry": { "type": "Polygon", "coordinates": [ [ [ 72.930220163375083, 19.085030705859396 ], [ 72.930164026458954, 19.08954654204684 ], [ 72.925414005228234, 19.089493104216643 ], [ 72.925470270746743, 19.084977281621587 ], [ 72.930220163375083, 19.085030705859396 ] ] ] } },
{ "type": "Feature", "properties": { "cell_id": "CELL_1726", "bmc_ward_code": "N", "lat": 19.091778, "lon": 72.927761 }, "geometry": { "type": "Polygon", "coordinates": [ [ [ 72.930164026458954, 19.08954654204684 ], [ 72.930107873711734, 19.094062375864471 ], [ 72.92535772384241, 19.094008924441173 ], [ 72.925414005228234, 19.089493104216643 ], [ 72.930164026458954, 19.08954654204684 ] ] ] } },
{ "type": "Feature", "properties": { "cell_id": "CELL_1727", "bmc_ward_code": "N", "lat": 19.096294, "lon": 72.927705 }, "geometry": { "type": "Polygon", "coordinates": [ [ [ 72.930107873711734, 19.094062375864471 ], [ 72.93005170513149, 19.098578207311792 ], [ 72.925301426587282, 19.098524742294693 ], [ 72.92535772384241, 19.094008924441173 ], [ 72.930107873711734, 19.094062375864471 ] ] ] } },
{ "type": "Feature", "properties": { "cell_id": "CELL_1728", "bmc_ward_code": "N", "lat": 19.100809, "lon": 72.927648 }, "geometry": { "type": "Polygon", "coordinates": [ [ [ 72.93005170513149, 19.098578207311792 ], [ 72.929995520716218, 19.103094036388327 ], [ 72.925245113460861, 19.103040557776701 ], [ 72.925301426587282, 19.098524742294693 ], [ 72.93005170513149, 19.098578207311792 ] ] ] } },
{ "type": "Feature", "properties": { "cell_id": "CELL_1729", "bmc_ward_code": "N", "lat": 19.105325, "lon": 72.927592 }, "geometry": { "type": "Polygon", "coordinates": [ [ [ 72.929995520716218, 19.103094036388327 ], [ 72.929939320463959, 19.107609863093582 ], [ 72.925188784461199, 19.107556370886716 ], [ 72.925245113460861, 19.103040557776701 ], [ 72.929995520716218, 19.103094036388327 ] ] ] } },
{ "type": "Feature", "properties": { "cell_id": "CELL_1730", "bmc_ward_code": "N", "lat": 19.109841, "lon": 72.927536 }, "geometry": { "type": "Polygon", "coordinates": [ [ [ 72.929939320463959, 19.107609863093582 ], [ 72.92988310437272, 19.112125687427056 ], [ 72.925132439586307, 19.112072181624235 ], [ 72.925188784461199, 19.107556370886716 ], [ 72.929939320463959, 19.107609863093582 ] ] ] } },
{ "type": "Feature", "properties": { "cell_id": "CELL_1731", "bmc_ward_code": "S", "lat": 19.114357, "lon": 72.92748 }, "geometry": { "type": "Polygon", "coordinates": [ [ [ 72.92988310437272, 19.112125687427056 ], [ 72.929826872440572, 19.11664150938827 ], [ 72.925076078834209, 19.11658798998879 ], [ 72.925132439586307, 19.112072181624235 ], [ 72.92988310437272, 19.112125687427056 ] ] ] } },
{ "type": "Feature", "properties": { "cell_id": "CELL_1732", "bmc_ward_code": "S", "lat": 19.118873, "lon": 72.927423 }, "geometry": { "type": "Polygon", "coordinates": [ [ [ 72.929826872440572, 19.11664150938827 ], [ 72.92977062466548, 19.121157328976725 ], [ 72.925019702202903, 19.12110379597987 ], [ 72.925076078834209, 19.11658798998879 ], [ 72.929826872440572, 19.11664150938827 ] ] ] } },
{ "type": "Feature", "properties": { "cell_id": "CELL_1733", "bmc_ward_code": "S", "lat": 19.123388, "lon": 72.927367 }, "geometry": { "type": "Polygon", "coordinates": [ [ [ 72.92977062466548, 19.121157328976725 ], [ 72.929714361045498, 19.125673146191929 ], [ 72.92496330969044, 19.125619599596995 ], [ 72.925019702202903, 19.12110379597987 ], [ 72.92977062466548, 19.121157328976725 ] ] ] } },
{ "type": "Feature", "properties": { "cell_id": "CELL_1734", "bmc_ward_code": "S", "lat": 19.127904, "lon": 72.927311 }, "geometry": { "type": "Polygon", "coordinates": [ [ [ 72.929714361045498, 19.125673146191929 ], [ 72.929658081578651, 19.130188961033408 ], [ 72.924906901294818, 19.13013540083967 ], [ 72.92496330969044, 19.125619599596995 ], [ 72.929714361045498, 19.125673146191929 ] ] ] } },
{ "type": "Feature", "properties": { "cell_id": "CELL_1735", "bmc_ward_code": "S", "lat": 19.13242, "lon": 72.927254 }, "geometry": { "type": "Polygon", "coordinates": [ [ [ 72.929658081578651, 19.130188961033408 ], [ 72.92960178626295, 19.134704773500655 ], [ 72.924850477014047, 19.134651199707402 ], [ 72.924906901294818, 19.13013540083967 ], [ 72.929658081578651, 19.130188961033408 ] ] ] } },
{ "type": "Feature", "properties": { "cell_id": "CELL_1736", "bmc_ward_code": "S", "lat": 19.136936, "lon": 72.927198 }, "geometry": { "type": "Polygon", "coordinates": [ [ [ 72.92960178626295, 19.134704773500655 ], [ 72.929545475096418, 19.139220583593183 ], [ 72.924794036846151, 19.139166996199702 ], [ 72.924850477014047, 19.134651199707402 ], [ 72.92960178626295, 19.134704773500655 ] ] ] } },
{ "type": "Feature", "properties": { "cell_id": "CELL_1737", "bmc_ward_code": "S", "lat": 19.141452, "lon": 72.927142 }, "geometry": { "type": "Polygon", "coordinates": [ [ [ 72.929545475096418, 19.139220583593183 ], [ 72.929489148077081, 19.143736391310505 ], [ 72.924737580789156, 19.143682790316085 ], [ 72.924794036846151, 19.139166996199702 ], [ 72.929545475096418, 19.139220583593183 ] ] ] } },
{ "type": "Feature", "properties": { "cell_id": "CELL_1738", "bmc_ward_code": "S", "lat": 19.145968, "lon": 72.927085 }, "geometry": { "type": "Polygon", "coordinates": [ [ [ 72.929489148077081, 19.143736391310505 ], [ 72.92943280520295, 19.148252196652134 ], [ 72.924681108841085, 19.148198582056054 ], [ 72.924737580789156, 19.143682790316085 ], [ 72.929489148077081, 19.143736391310505 ] ] ] } },
{ "type": "Feature", "properties": { "cell_id": "CELL_1739", "bmc_ward_code": "S", "lat": 19.150483, "lon": 72.927029 }, "geometry": { "type": "Polygon", "coordinates": [ [ [ 72.92943280520295, 19.148252196652134 ], [ 72.929376446472062, 19.152767999617566 ], [ 72.924624620999907, 19.152714371419126 ], [ 72.924681108841085, 19.148198582056054 ], [ 72.92943280520295, 19.148252196652134 ] ] ] } },
{ "type": "Feature", "properties": { "cell_id": "CELL_1740", "bmc_ward_code": "T", "lat": 19.154999, "lon": 72.926972 }, "geometry": { "type": "Polygon", "coordinates": [ [ [ 72.929376446472062, 19.152767999617566 ], [ 72.929320071882415, 19.157283800206329 ], [ 72.924568117263689, 19.157230158404801 ], [ 72.924624620999907, 19.152714371419126 ], [ 72.929376446472062, 19.152767999617566 ] ] ] } },
{ "type": "Feature", "properties": { "cell_id": "CELL_1741", "bmc_ward_code": "T", "lat": 19.159515, "lon": 72.926916 }, "geometry": { "type": "Polygon", "coordinates": [ [ [ 72.929320071882415, 19.157283800206329 ], [ 72.929263681432047, 19.161799598417922 ], [ 72.924511597630413, 19.161745943012594 ], [ 72.924568117263689, 19.157230158404801 ], [ 72.929320071882415, 19.157283800206329 ] ] ] } },
{ "type": "Feature", "properties": { "cell_id": "CELL_1742", "bmc_ward_code": "T", "lat": 19.164031, "lon": 72.926859 }, "geometry": { "type": "Polygon", "coordinates": [ [ [ 72.929263681432047, 19.161799598417922 ], [ 72.929207275118955, 19.166315394251857 ], [ 72.924455062098119, 19.166261725242013 ], [ 72.924511597630413, 19.161745943012594 ], [ 72.929263681432047, 19.161799598417922 ] ] ] } },
{ "type": "Feature", "properties": { "cell_id": "CELL_1743", "bmc_ward_code": "T", "lat": 19.168546, "lon": 72.926803 }, "geometry": { "type": "Polygon", "coordinates": [ [ [ 72.929207275118955, 19.166315394251857 ], [ 72.929150852941177, 19.170831187707641 ], [ 72.924398510664787, 19.170777505092563 ], [ 72.924455062098119, 19.166261725242013 ], [ 72.929207275118955, 19.166315394251857 ] ] ] } },
{ "type": "Feature", "properties": { "cell_id": "CELL_1744", "bmc_ward_code": "T", "lat": 19.173062, "lon": 72.926746 }, "geometry": { "type": "Polygon", "coordinates": [ [ [ 72.929150852941177, 19.170831187707641 ], [ 72.929094414896696, 19.175346978784791 ], [ 72.924341943328457, 19.175293282563775 ], [ 72.924398510664787, 19.170777505092563 ], [ 72.929150852941177, 19.170831187707641 ] ] ] } },
{ "type": "Feature", "properties": { "cell_id": "CELL_1745", "bmc_ward_code": "T", "lat": 19.177578, "lon": 72.92669 }, "geometry": { "type": "Polygon", "coordinates": [ [ [ 72.929094414896696, 19.175346978784791 ], [ 72.929037960983564, 19.17986276748281 ], [ 72.924285360087111, 19.179809057655127 ], [ 72.924341943328457, 19.175293282563775 ], [ 72.929094414896696, 19.175346978784791 ] ] ] } },
{ "type": "Feature", "properties": { "cell_id": "CELL_1746", "bmc_ward_code": "T", "lat": 19.182094, "lon": 72.926633 }, "geometry": { "type": "Polygon", "coordinates": [ [ [ 72.929037960983564, 19.17986276748281 ], [ 72.928981491199792, 19.184378553801217 ], [ 72.924228760938789, 19.184324830366158 ], [ 72.924285360087111, 19.179809057655127 ], [ 72.929037960983564, 19.17986276748281 ] ] ] } },
{ "type": "Feature", "properties": { "cell_id": "CELL_1747", "bmc_ward_code": "T", "lat": 19.18661, "lon": 72.926577 }, "geometry": { "type": "Polygon", "coordinates": [ [ [ 72.928981491199792, 19.184378553801217 ], [ 72.928925005543363, 19.188894337739512 ], [ 72.924172145881471, 19.188840600696363 ], [ 72.924228760938789, 19.184324830366158 ], [ 72.928981491199792, 19.184378553801217 ] ] ] } },
{ "type": "Feature", "properties": { "cell_id": "CELL_1748", "bmc_ward_code": "T", "lat": 19.191125, "lon": 72.92652 }, "geometry": { "type": "Polygon", "coordinates": [ [ [ 72.928925005543363, 19.188894337739512 ], [ 72.928868504012314, 19.193410119297212 ], [ 72.924115514913183, 19.193356368645254 ], [ 72.924172145881471, 19.188840600696363 ], [ 72.928925005543363, 19.188894337739512 ] ] ] } },
{ "type": "Feature", "properties": { "cell_id": "CELL_1749", "bmc_ward_code": "T", "lat": 19.195641, "lon": 72.926464 }, "geometry": { "type": "Polygon", "coordinates": [ [ [ 72.928868504012314, 19.193410119297212 ], [ 72.928811986604657, 19.197925898473823 ], [ 72.924058868031935, 19.197872134212336 ], [ 72.924115514913183, 19.193356368645254 ], [ 72.928868504012314, 19.193410119297212 ] ] ] } },
{ "type": "Feature", "properties": { "cell_id": "CELL_1750", "bmc_ward_code": "T", "lat": 19.200157, "lon": 72.926407 }, "geometry": { "type": "Polygon", "coordinates": [ [ [ 72.928811986604657, 19.197925898473823 ], [ 72.928755453318402, 19.202441675268858 ], [ 72.924002205235723, 19.202387897397127 ], [ 72.924058868031935, 19.197872134212336 ], [ 72.928811986604657, 19.197925898473823 ] ] ] } },
{ "type": "Feature", "properties": { "cell_id": "CELL_1751", "bmc_ward_code": "T", "lat": 19.204673, "lon": 72.926351 }, "geometry": { "type": "Polygon", "coordinates": [ [ [ 72.928755453318402, 19.202441675268858 ], [ 72.928698904151545, 19.206957449681823 ], [ 72.923945526522559, 19.206903658199135 ], [ 72.924002205235723, 19.202387897397127 ], [ 72.928755453318402, 19.202441675268858 ] ] ] } },
{ "type": "Feature", "properties": { "cell_id": "CELL_1752", "bmc_ward_code": "T", "lat": 19.209188, "lon": 72.926294 }, "geometry": { "type": "Polygon", "coordinates": [ [ [ 72.928698904151545, 19.206957449681823 ], [ 72.928642339102126, 19.211473221712243 ], [ 72.923888831890466, 19.211419416617872 ], [ 72.923945526522559, 19.206903658199135 ], [ 72.928698904151545, 19.206957449681823 ] ] ] } },
{ "type": "Feature", "properties": { "cell_id": "CELL_1753", "bmc_ward_code": "UNKNOWN", "lat": 19.213704, "lon": 72.926237 }, "geometry": { "type": "Polygon", "coordinates": [ [ [ 72.928642339102126, 19.211473221712243 ], [ 72.928585758168111, 19.215988991359612 ], [ 72.923832121337412, 19.215935172652852 ], [ 72.923888831890466, 19.211419416617872 ], [ 72.928642339102126, 19.211473221712243 ] ] ] } },
{ "type": "Feature", "properties": { "cell_id": "CELL_1754", "bmc_ward_code": "UNKNOWN", "lat": 19.019577, "lon": 72.933406 }, "geometry": { "type": "Polygon", "coordinates": [ [ [ 72.935808302466711, 19.01734597764144 ], [ 72.935752530841569, 19.021861862867805 ], [ 72.931004419041372, 19.02180875067992 ], [ 72.931060318727646, 19.017292879004223 ], [ 72.935808302466711, 19.01734597764144 ] ] ] } },
{ "type": "Feature", "properties": { "cell_id": "CELL_1755", "bmc_ward_code": "UNKNOWN", "lat": 19.024093, "lon": 72.933351 }, "geometry": { "type": "Polygon", "coordinates": [ [ [ 72.935752530841569, 19.021861862867805 ], [ 72.935696743451047, 19.026377745732432 ], [ 72.930948503553509, 19.026324619993165 ], [ 72.931004419041372, 19.02180875067992 ], [ 72.935752530841569, 19.021861862867805 ] ] ] } },
{ "type": "Feature", "properties": { "cell_id": "CELL_1756", "bmc_ward_code": "M/E", "lat": 19.028609, "lon": 72.933295 }, "geometry": { "type": "Polygon", "coordinates": [ [ [ 72.935696743451047, 19.026377745732432 ], [ 72.935640940293169, 19.030893626234825 ], [ 72.930892572262124, 19.030840486943486 ], [ 72.930948503553509, 19.026324619993165 ], [ 72.935696743451047, 19.026377745732432 ] ] ] } },
{ "type": "Feature", "properties": { "cell_id": "CELL_1757", "bmc_ward_code": "M/E", "lat": 19.033125, "lon": 72.933239 }, "geometry": { "type": "Polygon", "coordinates": [ [ [ 72.935640940293169, 19.030893626234825 ], [ 72.935585121366017, 19.035409504374499 ], [ 72.930836625165256, 19.035356351530371 ], [ 72.930892572262124, 19.030840486943486 ], [ 72.935640940293169, 19.030893626234825 ] ] ] } },
{ "type": "Feature", "properties": { "cell_id": "CELL_1758", "bmc_ward_code": "M/E", "lat": 19.037641, "lon": 72.933183 }, "geometry": { "type": "Polygon", "coordinates": [ [ [ 72.935585121366017, 19.035409504374499 ], [ 72.935529286667588, 19.039925380150962 ], [ 72.930780662260915, 19.039872213753338 ], [ 72.930836625165256, 19.035356351530371 ], [ 72.935585121366017, 19.035409504374499 ] ] ] } },
{ "type": "Feature", "properties": { "cell_id": "CELL_1759", "bmc_ward_code": "M/E", "lat": 19.042157, "lon": 72.933127 }, "geometry": { "type": "Polygon", "coordinates": [ [ [ 72.935529286667588, 19.039925380150962 ], [ 72.935473436195949, 19.044441253563722 ], [ 72.930724683547169, 19.044388073611898 ], [ 72.930780662260915, 19.039872213753338 ], [ 72.935529286667588, 19.039925380150962 ] ] ] } },
{ "type": "Feature", "properties": { "cell_id": "CELL_1760", "bmc_ward_code": "M/E", "lat": 19.046673, "lon": 72.933071 }, "geometry": { "type": "Polygon", "coordinates": [ [ [ 72.935473436195949, 19.044441253563722 ], [ 72.935417569949109, 19.048957124612286 ], [ 72.930668689022028, 19.048903931105549 ], [ 72.930724683547169, 19.044388073611898 ], [ 72.935473436195949, 19.044441253563722 ] ] ] } },
{ "type": "Feature", "properties": { "cell_id": "CELL_1761", "bmc_ward_code": "M/E", "lat": 19.051188, "lon": 72.933015 }, "geometry": { "type": "Polygon", "coordinates": [ [ [ 72.935417569949109, 19.048957124612286 ], [ 72.935361687925138, 19.053472993296172 ], [ 72.930612678683545, 19.053419786233817 ], [ 72.930668689022028, 19.048903931105549 ], [ 72.935417569949109, 19.048957124612286 ] ] ] } },
{ "type": "Feature", "properties": { "cell_id": "CELL_1762", "bmc_ward_code": "M/E", "lat": 19.055704, "lon": 72.932959 }, "geometry": { "type": "Polygon", "coordinates": [ [ [ 72.935361687925138, 19.053472993296172 ], [ 72.935305790122072, 19.057988859614873 ], [ 72.930556652529745, 19.057935638996192 ], [ 72.930612678683545, 19.053419786233817 ], [ 72.935361687925138, 19.053472993296172 ] ] ] } },
{ "type": "Feature", "properties": { "cell_id": "CELL_1763", "bmc_ward_code": "M/E", "lat": 19.06022, "lon": 72.932903 }, "geometry": { "type": "Polygon", "coordinates": [ [ [ 72.935305790122072, 19.057988859614873 ], [ 72.935249876537924, 19.062504723567908 ], [ 72.930500610558667, 19.062451489392199 ], [ 72.930556652529745, 19.057935638996192 ], [ 72.935305790122072, 19.057988859614873 ] ] ] } },
{ "type": "Feature", "properties": { "cell_id": "CELL_1764", "bmc_ward_code": "M/E", "lat": 19.064736, "lon": 72.932847 }, "geometry": { "type": "Polygon", "coordinates": [ [ [ 72.935249876537924, 19.062504723567908 ], [ 72.93519394717076, 19.067020585154793 ], [ 72.930444552768321, 19.066967337421335 ], [ 72.930500610558667, 19.062451489392199 ], [ 72.935249876537924, 19.062504723567908 ] ] ] } },
{ "type": "Feature", "properties": { "cell_id": "CELL_1765", "bmc_ward_code": "M/E", "lat": 19.069252, "lon": 72.932791 }, "geometry": { "type": "Polygon", "coordinates": [ [ [ 72.93519394717076, 19.067020585154793 ], [ 72.935138002018618, 19.071536444375024 ], [ 72.930388479156775, 19.07148318308311 ], [ 72.930444552768321, 19.066967337421335 ], [ 72.93519394717076, 19.067020585154793 ] ] ] } },
{ "type": "Feature", "properties": { "cell_id": "CELL_1766", "bmc_ward_code": "N", "lat": 19.073768, "lon": 72.932735 }, "geometry": { "type": "Polygon", "coordinates": [ [ [ 72.935138002018618, 19.071536444375024 ], [ 72.935082041079482, 19.07605230122812 ], [ 72.930332389722025, 19.075999026377044 ], [ 72.930388479156775, 19.07148318308311 ], [ 72.935138002018618, 19.071536444375024 ] ] ] } },
{ "type": "Feature", "properties": { "cell_id": "CELL_1767", "bmc_ward_code": "N", "lat": 19.078284, "lon": 72.932679 }, "geometry": { "type": "Polygon", "coordinates": [ [ [ 72.935082041079482, 19.07605230122812 ], [ 72.935026064351447, 19.080568155713582 ], [ 72.930276284462124, 19.080514867302636 ], [ 72.930332389722025, 19.075999026377044 ], [ 72.935082041079482, 19.07605230122812 ] ] ] } },
{ "type": "Feature", "properties": { "cell_id": "CELL_1768", "bmc_ward_code": "N", "lat": 19.082799, "lon": 72.932623 }, "geometry": { "type": "Polygon", "coordinates": [ [ [ 72.935026064351447, 19.080568155713582 ], [ 72.934970071832524, 19.085084007830922 ], [ 72.930220163375083, 19.085030705859396 ], [ 72.930276284462124, 19.080514867302636 ], [ 72.935026064351447, 19.080568155713582 ] ] ] } },
{ "type": "Feature", "properties": { "cell_id": "CELL_1769", "bmc_ward_code": "N", "lat": 19.087315, "lon": 72.932567 }, "geometry": { "type": "Polygon", "coordinates": [ [ [ 72.934970071832524, 19.085084007830922 ], [ 72.934914063520736, 19.089599857579653 ], [ 72.930164026458954, 19.08954654204684 ], [ 72.930220163375083, 19.085030705859396 ], [ 72.934970071832524, 19.085084007830922 ] ] ] } },
{ "type": "Feature", "properties": { "cell_id": "CELL_1770", "bmc_ward_code": "N", "lat": 19.091831, "lon": 72.932511 }, "geometry": { "type": "Polygon", "coordinates": [ [ [ 72.934914063520736, 19.089599857579653 ], [ 72.934858039414124, 19.094115704959282 ], [ 72.930107873711734, 19.094062375864471 ], [ 72.930164026458954, 19.08954654204684 ], [ 72.934914063520736, 19.089599857579653 ] ] ] } },
{ "type": "Feature", "properties": { "cell_id": "CELL_1771", "bmc_ward_code": "N", "lat": 19.096347, "lon": 72.932455 }, "geometry": { "type": "Polygon", "coordinates": [ [ [ 72.934858039414124, 19.094115704959282 ], [ 72.934801999510725, 19.098631549969323 ], [ 72.93005170513149, 19.098578207311792 ], [ 72.930107873711734, 19.094062375864471 ], [ 72.934858039414124, 19.094115704959282 ] ] ] } },
{ "type": "Feature", "properties": { "cell_id": "CELL_1772", "bmc_ward_code": "N", "lat": 19.100863, "lon": 72.932399 }, "geometry": { "type": "Polygon", "coordinates": [ [ [ 72.934801999510725, 19.098631549969323 ], [ 72.934745943808565, 19.103147392609273 ], [ 72.929995520716218, 19.103094036388327 ], [ 72.93005170513149, 19.098578207311792 ], [ 72.934801999510725, 19.098631549969323 ] ] ] } },
{ "type": "Feature", "properties": { "cell_id": "CELL_1773", "bmc_ward_code": "N", "lat": 19.105379, "lon": 72.932343 }, "geometry": { "type": "Polygon", "coordinates": [ [ [ 72.934745943808565, 19.103147392609273 ], [ 72.934689872305682, 19.107663232878654 ], [ 72.929939320463959, 19.107609863093582 ], [ 72.929995520716218, 19.103094036388327 ], [ 72.934745943808565, 19.103147392609273 ] ] ] } },
{ "type": "Feature", "properties": { "cell_id": "CELL_1774", "bmc_ward_code": "S", "lat": 19.109894, "lon": 72.932287 }, "geometry": { "type": "Polygon", "coordinates": [ [ [ 72.934689872305682, 19.107663232878654 ], [ 72.934633785000102, 19.112179070776968 ], [ 72.92988310437272, 19.112125687427056 ], [ 72.929939320463959, 19.107609863093582 ], [ 72.934689872305682, 19.107663232878654 ] ] ] } },
{ "type": "Feature", "properties": { "cell_id": "CELL_1775", "bmc_ward_code": "S", "lat": 19.11441, "lon": 72.93223 }, "geometry": { "type": "Polygon", "coordinates": [ [ [ 72.934633785000102, 19.112179070776968 ], [ 72.934577681889834, 19.116694906303731 ], [ 72.929826872440572, 19.11664150938827 ], [ 72.92988310437272, 19.112125687427056 ], [ 72.934633785000102, 19.112179070776968 ] ] ] } },
{ "type": "Feature", "properties": { "cell_id": "CELL_1776", "bmc_ward_code": "S", "lat": 19.118926, "lon": 72.932174 }, "geometry": { "type": "Polygon", "coordinates": [ [ [ 72.934577681889834, 19.116694906303731 ], [ 72.934521562972932, 19.121210739458455 ], [ 72.92977062466548, 19.121157328976725 ], [ 72.929826872440572, 19.11664150938827 ], [ 72.934577681889834, 19.116694906303731 ] ] ] } },
{ "type": "Feature", "properties": { "cell_id": "CELL_1777", "bmc_ward_code": "S", "lat": 19.123442, "lon": 72.932118 }, "geometry": { "type": "Polygon", "coordinates": [ [ [ 72.934521562972932, 19.121210739458455 ], [ 72.934465428247421, 19.125726570240637 ], [ 72.929714361045498, 19.125673146191929 ], [ 72.92977062466548, 19.121157328976725 ], [ 72.934521562972932, 19.121210739458455 ] ] ] } },
{ "type": "Feature", "properties": { "cell_id": "CELL_1778", "bmc_ward_code": "S", "lat": 19.127958, "lon": 72.932062 }, "geometry": { "type": "Polygon", "coordinates": [ [ [ 72.934465428247421, 19.125726570240637 ], [ 72.934409277711325, 19.130242398649798 ], [ 72.929658081578651, 19.130188961033408 ], [ 72.929714361045498, 19.125673146191929 ], [ 72.934465428247421, 19.125726570240637 ] ] ] } },
{ "type": "Feature", "properties": { "cell_id": "CELL_1779", "bmc_ward_code": "S", "lat": 19.132474, "lon": 72.932006 }, "geometry": { "type": "Polygon", "coordinates": [ [ [ 72.934409277711325, 19.130242398649798 ], [ 72.934353111362668, 19.134758224685442 ], [ 72.92960178626295, 19.134704773500655 ], [ 72.929658081578651, 19.130188961033408 ], [ 72.934409277711325, 19.130242398649798 ] ] ] } },
{ "type": "Feature", "properties": { "cell_id": "CELL_1780", "bmc_ward_code": "S", "lat": 19.136989, "lon": 72.931949 }, "geometry": { "type": "Polygon", "coordinates": [ [ [ 72.934353111362668, 19.134758224685442 ], [ 72.934296929199476, 19.13927404834708 ], [ 72.929545475096418, 19.139220583593183 ], [ 72.92960178626295, 19.134704773500655 ], [ 72.934353111362668, 19.134758224685442 ] ] ] } },
{ "type": "Feature", "properties": { "cell_id": "CELL_1781", "bmc_ward_code": "S", "lat": 19.141505, "lon": 72.931893 }, "geometry": { "type": "Polygon", "coordinates": [ [ [ 72.934296929199476, 19.13927404834708 ], [ 72.934240731219774, 19.143789869634233 ], [ 72.929489148077081, 19.143736391310505 ], [ 72.929545475096418, 19.139220583593183 ], [ 72.934296929199476, 19.13927404834708 ] ] ] } },
{ "type": "Feature", "properties": { "cell_id": "CELL_1782", "bmc_ward_code": "S", "lat": 19.146021, "lon": 72.931837 }, "geometry": { "type": "Polygon", "coordinates": [ [ [ 72.934240731219774, 19.143789869634233 ], [ 72.934184517421599, 19.148305688546387 ], [ 72.92943280520295, 19.148252196652134 ], [ 72.929489148077081, 19.143736391310505 ], [ 72.934240731219774, 19.143789869634233 ] ] ] } },
{ "type": "Feature", "properties": { "cell_id": "CELL_1783", "bmc_ward_code": "S", "lat": 19.150537, "lon": 72.931781 }, "geometry": { "type": "Polygon", "coordinates": [ [ [ 72.934184517421599, 19.148305688546387 ], [ 72.934128287802949, 19.152821505083075 ], [ 72.929376446472062, 19.152767999617566 ], [ 72.92943280520295, 19.148252196652134 ], [ 72.934184517421599, 19.148305688546387 ] ] ] } },
{ "type": "Feature", "properties": { "cell_id": "CELL_1784", "bmc_ward_code": "S", "lat": 19.155053, "lon": 72.931724 }, "geometry": { "type": "Polygon", "coordinates": [ [ [ 72.934128287802949, 19.152821505083075 ], [ 72.934072042361876, 19.157337319243794 ], [ 72.929320071882415, 19.157283800206329 ], [ 72.929376446472062, 19.152767999617566 ], [ 72.934128287802949, 19.152821505083075 ] ] ] } },
{ "type": "Feature", "properties": { "cell_id": "CELL_1785", "bmc_ward_code": "S", "lat": 19.159568, "lon": 72.931668 }, "geometry": { "type": "Polygon", "coordinates": [ [ [ 72.934072042361876, 19.157337319243794 ], [ 72.934015781096392, 19.161853131028067 ], [ 72.929263681432047, 19.161799598417922 ], [ 72.929320071882415, 19.157283800206329 ], [ 72.934072042361876, 19.157337319243794 ] ] ] } },
{ "type": "Feature", "properties": { "cell_id": "CELL_1786", "bmc_ward_code": "S", "lat": 19.164084, "lon": 72.931612 }, "geometry": { "type": "Polygon", "coordinates": [ [ [ 72.934015781096392, 19.161853131028067 ], [ 72.933959504004491, 19.166368940435383 ], [ 72.929207275118955, 19.166315394251857 ], [ 72.929263681432047, 19.161799598417922 ], [ 72.934015781096392, 19.161853131028067 ] ] ] } },
{ "type": "Feature", "properties": { "cell_id": "CELL_1787", "bmc_ward_code": "T", "lat": 19.1686, "lon": 72.931555 }, "geometry": { "type": "Polygon", "coordinates": [ [ [ 72.933959504004491, 19.166368940435383 ], [ 72.933903211084228, 19.170884747465273 ], [ 72.929150852941177, 19.170831187707641 ], [ 72.929207275118955, 19.166315394251857 ], [ 72.933959504004491, 19.166368940435383 ] ] ] } },
{ "type": "Feature", "properties": { "cell_id": "CELL_1788", "bmc_ward_code": "T", "lat": 19.173116, "lon": 72.931499 }, "geometry": { "type": "Polygon", "coordinates": [ [ [ 72.933903211084228, 19.170884747465273 ], [ 72.933846902333627, 19.175400552117235 ], [ 72.929094414896696, 19.175346978784791 ], [ 72.929150852941177, 19.170831187707641 ], [ 72.933903211084228, 19.170884747465273 ] ] ] } },
{ "type": "Feature", "properties": { "cell_id": "CELL_1789", "bmc_ward_code": "T", "lat": 19.177632, "lon": 72.931442 }, "geometry": { "type": "Polygon", "coordinates": [ [ [ 72.933846902333627, 19.175400552117235 ], [ 72.933790577750685, 19.179916354390784 ], [ 72.929037960983564, 19.17986276748281 ], [ 72.929094414896696, 19.175346978784791 ], [ 72.933846902333627, 19.175400552117235 ] ] ] } },
{ "type": "Feature", "properties": { "cell_id": "CELL_1790", "bmc_ward_code": "T", "lat": 19.182147, "lon": 72.931386 }, "geometry": { "type": "Polygon", "coordinates": [ [ [ 72.933790577750685, 19.179916354390784 ], [ 72.933734237333439, 19.184432154285432 ], [ 72.928981491199792, 19.184378553801217 ], [ 72.929037960983564, 19.17986276748281 ], [ 72.933790577750685, 19.179916354390784 ] ] ] } },
{ "type": "Feature", "properties": { "cell_id": "CELL_1791", "bmc_ward_code": "T", "lat": 19.186663, "lon": 72.93133 }, "geometry": { "type": "Polygon", "coordinates": [ [ [ 72.933734237333439, 19.184432154285432 ], [ 72.933677881079888, 19.188947951800689 ], [ 72.928925005543363, 19.188894337739512 ], [ 72.928981491199792, 19.184378553801217 ], [ 72.933734237333439, 19.184432154285432 ] ] ] } },
{ "type": "Feature", "properties": { "cell_id": "CELL_1792", "bmc_ward_code": "T", "lat": 19.191179, "lon": 72.931273 }, "geometry": { "type": "Polygon", "coordinates": [ [ [ 72.933677881079888, 19.188947951800689 ], [ 72.933621508988068, 19.193463746936061 ], [ 72.928868504012314, 19.193410119297212 ], [ 72.928925005543363, 19.188894337739512 ], [ 72.933677881079888, 19.188947951800689 ] ] ] } },
{ "type": "Feature", "properties": { "cell_id": "CELL_1793", "bmc_ward_code": "T", "lat": 19.195695, "lon": 72.931217 }, "geometry": { "type": "Polygon", "coordinates": [ [ [ 72.933621508988068, 19.193463746936061 ], [ 72.933565121055992, 19.197979539691062 ], [ 72.928811986604657, 19.197925898473823 ], [ 72.928868504012314, 19.193410119297212 ], [ 72.933621508988068, 19.193463746936061 ] ] ] } },
{ "type": "Feature", "properties": { "cell_id": "CELL_1794", "bmc_ward_code": "T", "lat": 19.200211, "lon": 72.93116 }, "geometry": { "type": "Polygon", "coordinates": [ [ [ 72.933565121055992, 19.197979539691062 ], [ 72.933508717281669, 19.202495330065197 ], [ 72.928755453318402, 19.202441675268858 ], [ 72.928811986604657, 19.197925898473823 ], [ 72.933565121055992, 19.197979539691062 ] ] ] } },
{ "type": "Feature", "properties": { "cell_id": "CELL_1795", "bmc_ward_code": "T", "lat": 19.204726, "lon": 72.931104 }, "geometry": { "type": "Polygon", "coordinates": [ [ [ 72.933508717281669, 19.202495330065197 ], [ 72.933452297663109, 19.207011118057988 ], [ 72.928698904151545, 19.206957449681823 ], [ 72.928755453318402, 19.202441675268858 ], [ 72.933508717281669, 19.202495330065197 ] ] ] } },
{ "type": "Feature", "properties": { "cell_id": "CELL_1796", "bmc_ward_code": "T", "lat": 19.209242, "lon": 72.931047 }, "geometry": { "type": "Polygon", "coordinates": [ [ [ 72.933452297663109, 19.207011118057988 ], [ 72.933395862198338, 19.211526903668936 ], [ 72.928642339102126, 19.211473221712243 ], [ 72.928698904151545, 19.206957449681823 ], [ 72.933452297663109, 19.207011118057988 ] ] ] } },
{ "type": "Feature", "properties": { "cell_id": "CELL_1797", "bmc_ward_code": "UNKNOWN", "lat": 19.213758, "lon": 72.930991 }, "geometry": { "type": "Polygon", "coordinates": [ [ [ 72.933395862198338, 19.211526903668936 ], [ 72.933339410885381, 19.216042686897556 ], [ 72.928585758168111, 19.215988991359612 ], [ 72.928642339102126, 19.211473221712243 ], [ 72.933395862198338, 19.211526903668936 ] ] ] } },
{ "type": "Feature", "properties": { "cell_id": "CELL_1798", "bmc_ward_code": "UNKNOWN", "lat": 19.024146, "lon": 72.938099 }, "geometry": { "type": "Polygon", "coordinates": [ [ [ 72.94050065840716, 19.021914853222871 ], [ 72.940444999115911, 19.026430749607798 ], [ 72.935696743451047, 19.026377745732432 ], [ 72.935752530841569, 19.021861862867805 ], [ 72.94050065840716, 19.021914853222871 ] ] ] } },
{ "type": "Feature", "properties": { "cell_id": "CELL_1799", "bmc_ward_code": "M/E", "lat": 19.028662, "lon": 72.938043 }, "geometry": { "type": "Polygon", "coordinates": [ [ [ 72.940444999115911, 19.026430749607798 ], [ 72.94038932409353, 19.0309466436312 ], [ 72.935640940293169, 19.030893626234825 ], [ 72.935696743451047, 19.026377745732432 ], [ 72.940444999115911, 19.026430749607798 ] ] ] } },
{ "type": "Feature", "properties": { "cell_id": "CELL_1800", "bmc_ward_code": "M/E", "lat": 19.033178, "lon": 72.937987 }, "geometry": { "type": "Polygon", "coordinates": [ [ [ 72.94038932409353, 19.0309466436312 ], [ 72.940333633338042, 19.035462535292581 ], [ 72.935585121366017, 19.035409504374499 ], [ 72.935640940293169, 19.030893626234825 ], [ 72.94038932409353, 19.0309466436312 ] ] ] } },
{ "type": "Feature", "properties": { "cell_id": "CELL_1801", "bmc_ward_code": "M/E", "lat": 19.037694, "lon": 72.937931 }, "geometry": { "type": "Polygon", "coordinates": [ [ [ 72.940333633338042, 19.035462535292581 ], [ 72.940277926847472, 19.03997842459146 ], [ 72.935529286667588, 19.039925380150962 ], [ 72.935585121366017, 19.035409504374499 ], [ 72.940333633338042, 19.035462535292581 ] ] ] } },
{ "type": "Feature", "properties": { "cell_id": "CELL_1802", "bmc_ward_code": "M/E", "lat": 19.04221, "lon": 72.937876 }, "geometry": { "type": "Polygon", "coordinates": [ [ [ 72.940277926847472, 19.03997842459146 ], [ 72.940222204619886, 19.044494311527338 ], [ 72.935473436195949, 19.044441253563722 ], [ 72.935529286667588, 19.039925380150962 ], [ 72.940277926847472, 19.03997842459146 ] ] ] } },
{ "type": "Feature", "properties": { "cell_id": "CELL_1803", "bmc_ward_code": "M/E", "lat": 19.046726, "lon": 72.93782 }, "geometry": { "type": "Polygon", "coordinates": [ [ [ 72.940222204619886, 19.044494311527338 ], [ 72.940166466653324, 19.049010196099726 ], [ 72.935417569949109, 19.048957124612286 ], [ 72.935473436195949, 19.044441253563722 ], [ 72.940222204619886, 19.044494311527338 ] ] ] } },
{ "type": "Feature", "properties": { "cell_id": "CELL_1804", "bmc_ward_code": "M/E", "lat": 19.051242, "lon": 72.937764 }, "geometry": { "type": "Polygon", "coordinates": [ [ [ 72.940166466653324, 19.049010196099726 ], [ 72.940110712945838, 19.053526078308138 ], [ 72.935361687925138, 19.053472993296172 ], [ 72.935417569949109, 19.048957124612286 ], [ 72.940166466653324, 19.049010196099726 ] ] ] } },
{ "type": "Feature", "properties": { "cell_id": "CELL_1805", "bmc_ward_code": "M/E", "lat": 19.055757, "lon": 72.937708 }, "geometry": { "type": "Polygon", "coordinates": [ [ [ 72.940110712945838, 19.053526078308138 ], [ 72.940054943495454, 19.058041958152081 ], [ 72.935305790122072, 19.057988859614873 ], [ 72.935361687925138, 19.053472993296172 ], [ 72.940110712945838, 19.053526078308138 ] ] ] } },
{ "type": "Feature", "properties": { "cell_id": "CELL_1806", "bmc_ward_code": "M/E", "lat": 19.060273, "lon": 72.937652 }, "geometry": { "type": "Polygon", "coordinates": [ [ [ 72.940054943495454, 19.058041958152081 ], [ 72.939999158300225, 19.062557835631065 ], [ 72.935249876537924, 19.062504723567908 ], [ 72.935305790122072, 19.057988859614873 ], [ 72.940054943495454, 19.058041958152081 ] ] ] } },
{ "type": "Feature", "properties": { "cell_id": "CELL_1807", "bmc_ward_code": "M/E", "lat": 19.064789, "lon": 72.937597 }, "geometry": { "type": "Polygon", "coordinates": [ [ [ 72.939999158300225, 19.062557835631065 ], [ 72.939943357358203, 19.067073710744598 ], [ 72.93519394717076, 19.067020585154793 ], [ 72.935249876537924, 19.062504723567908 ], [ 72.939999158300225, 19.062557835631065 ] ] ] } },
{ "type": "Feature", "properties": { "cell_id": "CELL_1808", "bmc_ward_code": "N", "lat": 19.069305, "lon": 72.937541 }, "geometry": { "type": "Polygon", "coordinates": [ [ [ 72.939943357358203, 19.067073710744598 ], [ 72.939887540667399, 19.071589583492191 ], [ 72.935138002018618, 19.071536444375024 ], [ 72.93519394717076, 19.067020585154793 ], [ 72.939943357358203, 19.067073710744598 ] ] ] } },
{ "type": "Feature", "properties": { "cell_id": "CELL_1809", "bmc_ward_code": "N", "lat": 19.073821, "lon": 72.937485 }, "geometry": { "type": "Polygon", "coordinates": [ [ [ 72.939887540667399, 19.071589583492191 ], [ 72.939831708225881, 19.076105453873353 ], [ 72.935082041079482, 19.07605230122812 ], [ 72.935138002018618, 19.071536444375024 ], [ 72.939887540667399, 19.071589583492191 ] ] ] } },
{ "type": "Feature", "properties": { "cell_id": "CELL_1810", "bmc_ward_code": "N", "lat": 19.078337, "lon": 72.937429 }, "geometry": { "type": "Polygon", "coordinates": [ [ [ 72.939831708225881, 19.076105453873353 ], [ 72.939775860031659, 19.080621321887591 ], [ 72.935026064351447, 19.080568155713582 ], [ 72.935082041079482, 19.07605230122812 ], [ 72.939831708225881, 19.076105453873353 ] ] ] } },
{ "type": "Feature", "properties": { "cell_id": "CELL_1811", "bmc_ward_code": "N", "lat": 19.082853, "lon": 72.937373 }, "geometry": { "type": "Polygon", "coordinates": [ [ [ 72.939775860031659, 19.080621321887591 ], [ 72.939719996082815, 19.085137187534407 ], [ 72.934970071832524, 19.085084007830922 ], [ 72.935026064351447, 19.080568155713582 ], [ 72.939775860031659, 19.080621321887591 ] ] ] } },
{ "type": "Feature", "properties": { "cell_id": "CELL_1812", "bmc_ward_code": "N", "lat": 19.087369, "lon": 72.937317 }, "geometry": { "type": "Polygon", "coordinates": [ [ [ 72.939719996082815, 19.085137187534407 ], [ 72.93966411637733, 19.089653050813329 ], [ 72.934914063520736, 19.089599857579653 ], [ 72.934970071832524, 19.085084007830922 ], [ 72.939719996082815, 19.085137187534407 ] ] ] } },
{ "type": "Feature", "properties": { "cell_id": "CELL_1813", "bmc_ward_code": "N", "lat": 19.091884, "lon": 72.937261 }, "geometry": { "type": "Polygon", "coordinates": [ [ [ 72.93966411637733, 19.089653050813329 ], [ 72.9396082209133, 19.094168911723859 ], [ 72.934858039414124, 19.094115704959282 ], [ 72.934914063520736, 19.089599857579653 ], [ 72.93966411637733, 19.089653050813329 ] ] ] } },
{ "type": "Feature", "properties": { "cell_id": "CELL_1814", "bmc_ward_code": "N", "lat": 19.0964, "lon": 72.937205 }, "geometry": { "type": "Polygon", "coordinates": [ [ [ 72.9396082209133, 19.094168911723859 ], [ 72.939552309688722, 19.0986847702655 ], [ 72.934801999510725, 19.098631549969323 ], [ 72.934858039414124, 19.094115704959282 ], [ 72.9396082209133, 19.094168911723859 ] ] ] } },
{ "type": "Feature", "properties": { "cell_id": "CELL_1815", "bmc_ward_code": "N", "lat": 19.100916, "lon": 72.937149 }, "geometry": { "type": "Polygon", "coordinates": [ [ [ 72.939552309688722, 19.0986847702655 ], [ 72.939496382701634, 19.103200626437772 ], [ 72.934745943808565, 19.103147392609273 ], [ 72.934801999510725, 19.098631549969323 ], [ 72.939552309688722, 19.0986847702655 ] ] ] } },
{ "type": "Feature", "properties": { "cell_id": "CELL_1816", "bmc_ward_code": "N", "lat": 19.105432, "lon": 72.937093 }, "geometry": { "type": "Polygon", "coordinates": [ [ [ 72.939496382701634, 19.103200626437772 ], [ 72.93944043995009, 19.107716480240175 ], [ 72.934689872305682, 19.107663232878654 ], [ 72.934745943808565, 19.103147392609273 ], [ 72.939496382701634, 19.103200626437772 ] ] ] } },
{ "type": "Feature", "properties": { "cell_id": "CELL_1817", "bmc_ward_code": "N", "lat": 19.109948, "lon": 72.937037 }, "geometry": { "type": "Polygon", "coordinates": [ [ [ 72.93944043995009, 19.107716480240175 ], [ 72.939384481432114, 19.112232331672224 ], [ 72.934633785000102, 19.112179070776968 ], [ 72.934689872305682, 19.107663232878654 ], [ 72.93944043995009, 19.107716480240175 ] ] ] } },
{ "type": "Feature", "properties": { "cell_id": "CELL_1818", "bmc_ward_code": "S", "lat": 19.114464, "lon": 72.936981 }, "geometry": { "type": "Polygon", "coordinates": [ [ [ 72.939384481432114, 19.112232331672224 ], [ 72.939328507145746, 19.116748180733428 ], [ 72.934577681889834, 19.116694906303731 ], [ 72.934633785000102, 19.112179070776968 ], [ 72.939384481432114, 19.112232331672224 ] ] ] } },
{ "type": "Feature", "properties": { "cell_id": "CELL_1819", "bmc_ward_code": "S", "lat": 19.118979, "lon": 72.936925 }, "geometry": { "type": "Polygon", "coordinates": [ [ [ 72.939328507145746, 19.116748180733428 ], [ 72.939272517089009, 19.121264027423305 ], [ 72.934521562972932, 19.121210739458455 ], [ 72.934577681889834, 19.116694906303731 ], [ 72.939328507145746, 19.116748180733428 ] ] ] } },
{ "type": "Feature", "properties": { "cell_id": "CELL_1820", "bmc_ward_code": "S", "lat": 19.123495, "lon": 72.936869 }, "geometry": { "type": "Polygon", "coordinates": [ [ [ 72.939272517089009, 19.121264027423305 ], [ 72.939216511259943, 19.125779871741344 ], [ 72.934465428247421, 19.125726570240637 ], [ 72.934521562972932, 19.121210739458455 ], [ 72.939272517089009, 19.121264027423305 ] ] ] } },
{ "type": "Feature", "properties": { "cell_id": "CELL_1821", "bmc_ward_code": "S", "lat": 19.128011, "lon": 72.936813 }, "geometry": { "type": "Polygon", "coordinates": [ [ [ 72.939216511259943, 19.125779871741344 ], [ 72.939160489656572, 19.130295713687083 ], [ 72.934409277711325, 19.130242398649798 ], [ 72.934465428247421, 19.125726570240637 ], [ 72.939216511259943, 19.125779871741344 ] ] ] } },
{ "type": "Feature", "properties": { "cell_id": "CELL_1822", "bmc_ward_code": "S", "lat": 19.132527, "lon": 72.936757 }, "geometry": { "type": "Polygon", "coordinates": [ [ [ 72.939160489656572, 19.130295713687083 ], [ 72.939104452276936, 19.134811553260011 ], [ 72.934353111362668, 19.134758224685442 ], [ 72.934409277711325, 19.130242398649798 ], [ 72.939160489656572, 19.130295713687083 ] ] ] } },
{ "type": "Feature", "properties": { "cell_id": "CELL_1823", "bmc_ward_code": "S", "lat": 19.137043, "lon": 72.936701 }, "geometry": { "type": "Polygon", "coordinates": [ [ [ 72.939104452276936, 19.134811553260011 ], [ 72.939048399119059, 19.139327390459645 ], [ 72.934296929199476, 19.13927404834708 ], [ 72.934353111362668, 19.134758224685442 ], [ 72.939104452276936, 19.134811553260011 ] ] ] } },
{ "type": "Feature", "properties": { "cell_id": "CELL_1824", "bmc_ward_code": "S", "lat": 19.141559, "lon": 72.936645 }, "geometry": { "type": "Polygon", "coordinates": [ [ [ 72.939048399119059, 19.139327390459645 ], [ 72.938992330180966, 19.143843225285494 ], [ 72.934240731219774, 19.143789869634233 ], [ 72.934296929199476, 19.13927404834708 ], [ 72.939048399119059, 19.139327390459645 ] ] ] } },
{ "type": "Feature", "properties": { "cell_id": "CELL_1825", "bmc_ward_code": "S", "lat": 19.146074, "lon": 72.936588 }, "geometry": { "type": "Polygon", "coordinates": [ [ [ 72.938992330180966, 19.143843225285494 ], [ 72.93893624546071, 19.148359057737068 ], [ 72.934184517421599, 19.148305688546387 ], [ 72.934240731219774, 19.143789869634233 ], [ 72.938992330180966, 19.143843225285494 ] ] ] } },
{ "type": "Feature", "properties": { "cell_id": "CELL_1826", "bmc_ward_code": "S", "lat": 19.15059, "lon": 72.936532 }, "geometry": { "type": "Polygon", "coordinates": [ [ [ 72.93893624546071, 19.148359057737068 ], [ 72.938880144956286, 19.15287488781388 ], [ 72.934128287802949, 19.152821505083075 ], [ 72.934184517421599, 19.148305688546387 ], [ 72.93893624546071, 19.148359057737068 ] ] ] } },
{ "type": "Feature", "properties": { "cell_id": "CELL_1827", "bmc_ward_code": "S", "lat": 19.155106, "lon": 72.936476 }, "geometry": { "type": "Polygon", "coordinates": [ [ [ 72.938880144956286, 19.15287488781388 ], [ 72.938824028665749, 19.15739071551544 ], [ 72.934072042361876, 19.157337319243794 ], [ 72.934128287802949, 19.152821505083075 ], [ 72.938880144956286, 19.15287488781388 ] ] ] } },
{ "type": "Feature", "properties": { "cell_id": "CELL_1828", "bmc_ward_code": "S", "lat": 19.159622, "lon": 72.93642 }, "geometry": { "type": "Polygon", "coordinates": [ [ [ 72.938824028665749, 19.15739071551544 ], [ 72.938767896587109, 19.161906540841258 ], [ 72.934015781096392, 19.161853131028067 ], [ 72.934072042361876, 19.157337319243794 ], [ 72.938824028665749, 19.15739071551544 ] ] ] } },
{ "type": "Feature", "properties": { "cell_id": "CELL_1829", "bmc_ward_code": "S", "lat": 19.164138, "lon": 72.936364 }, "geometry": { "type": "Polygon", "coordinates": [ [ [ 72.938767896587109, 19.161906540841258 ], [ 72.938711748718404, 19.166422363790833 ], [ 72.933959504004491, 19.166368940435383 ], [ 72.934015781096392, 19.161853131028067 ], [ 72.938767896587109, 19.161906540841258 ] ] ] } },
{ "type": "Feature", "properties": { "cell_id": "CELL_1830", "bmc_ward_code": "T", "lat": 19.168654, "lon": 72.936308 }, "geometry": { "type": "Polygon", "coordinates": [ [ [ 72.938711748718404, 19.166422363790833 ], [ 72.93865558505766, 19.170938184363692 ], [ 72.933903211084228, 19.170884747465273 ], [ 72.933959504004491, 19.166368940435383 ], [ 72.938711748718404, 19.166422363790833 ] ] ] } },
{ "type": "Feature", "properties": { "cell_id": "CELL_1831", "bmc_ward_code": "T", "lat": 19.173169, "lon": 72.936251 }, "geometry": { "type": "Polygon", "coordinates": [ [ [ 72.93865558505766, 19.170938184363692 ], [ 72.938599405602886, 19.175454002559349 ], [ 72.933846902333627, 19.175400552117235 ], [ 72.933903211084228, 19.170884747465273 ], [ 72.93865558505766, 19.170938184363692 ] ] ] } },
{ "type": "Feature", "properties": { "cell_id": "CELL_1832", "bmc_ward_code": "T", "lat": 19.177685, "lon": 72.936195 }, "geometry": { "type": "Polygon", "coordinates": [ [ [ 72.938599405602886, 19.175454002559349 ], [ 72.938543210352108, 19.179969818377291 ], [ 72.933790577750685, 19.179916354390784 ], [ 72.933846902333627, 19.175400552117235 ], [ 72.938599405602886, 19.175454002559349 ] ] ] } },
{ "type": "Feature", "properties": { "cell_id": "CELL_1833", "bmc_ward_code": "T", "lat": 19.182201, "lon": 72.936139 }, "geometry": { "type": "Polygon", "coordinates": [ [ [ 72.938543210352108, 19.179969818377291 ], [ 72.938486999303365, 19.184485631817054 ], [ 72.933734237333439, 19.184432154285432 ], [ 72.933790577750685, 19.179916354390784 ], [ 72.938543210352108, 19.179969818377291 ] ] ] } },
{ "type": "Feature", "properties": { "cell_id": "CELL_1834", "bmc_ward_code": "T", "lat": 19.186717, "lon": 72.936082 }, "geometry": { "type": "Polygon", "coordinates": [ [ [ 72.938486999303365, 19.184485631817054 ], [ 72.938430772454694, 19.189001442878133 ], [ 72.933677881079888, 19.188947951800689 ], [ 72.933734237333439, 19.184432154285432 ], [ 72.938486999303365, 19.184485631817054 ] ] ] } },
{ "type": "Feature", "properties": { "cell_id": "CELL_1835", "bmc_ward_code": "T", "lat": 19.191233, "lon": 72.936026 }, "geometry": { "type": "Polygon", "coordinates": [ [ [ 72.938430772454694, 19.189001442878133 ], [ 72.938374529804079, 19.193517251560039 ], [ 72.933621508988068, 19.193463746936061 ], [ 72.933677881079888, 19.188947951800689 ], [ 72.938430772454694, 19.189001442878133 ] ] ] } },
{ "type": "Feature", "properties": { "cell_id": "CELL_1836", "bmc_ward_code": "UNKNOWN", "lat": 19.195748, "lon": 72.93597 }, "geometry": { "type": "Polygon", "coordinates": [ [ [ 72.938374529804079, 19.193517251560039 ], [ 72.938318271349559, 19.198033057862286 ], [ 72.933565121055992, 19.197979539691062 ], [ 72.933621508988068, 19.193463746936061 ], [ 72.938374529804079, 19.193517251560039 ] ] ] } },
{ "type": "Feature", "properties": { "cell_id": "CELL_1837", "bmc_ward_code": "UNKNOWN", "lat": 19.200264, "lon": 72.935914 }, "geometry": { "type": "Polygon", "coordinates": [ [ [ 72.938318271349559, 19.198033057862286 ], [ 72.938261997089143, 19.20254886178439 ], [ 72.933508717281669, 19.202495330065197 ], [ 72.933565121055992, 19.197979539691062 ], [ 72.938318271349559, 19.198033057862286 ] ] ] } },
{ "type": "Feature", "properties": { "cell_id": "CELL_1838", "bmc_ward_code": "UNKNOWN", "lat": 19.20478, "lon": 72.935857 }, "geometry": { "type": "Polygon", "coordinates": [ [ [ 72.938261997089143, 19.20254886178439 ], [ 72.93820570702087, 19.207064663325855 ], [ 72.933452297663109, 19.207011118057988 ], [ 72.933508717281669, 19.202495330065197 ], [ 72.938261997089143, 19.20254886178439 ] ] ] } },
{ "type": "Feature", "properties": { "cell_id": "CELL_1839", "bmc_ward_code": "UNKNOWN", "lat": 19.024199, "lon": 72.942847 }, "geometry": { "type": "Polygon", "coordinates": [ [ [ 72.94524880170195, 19.02196772174339 ], [ 72.94519327051195, 19.026483631617538 ], [ 72.940444999115911, 19.026430749607798 ], [ 72.94050065840716, 19.021914853222871 ], [ 72.94524880170195, 19.02196772174339 ] ] ] } },
{ "type": "Feature", "properties": { "cell_id": "CELL_1840", "bmc_ward_code": "M/E", "lat": 19.028715, "lon": 72.942791 }, "geometry": { "type": "Polygon", "coordinates": [ [ [ 72.94519327051195, 19.026483631617538 ], [ 72.945137723626985, 19.030999539130857 ], [ 72.94038932409353, 19.0309466436312 ], [ 72.940444999115911, 19.026430749607798 ], [ 72.94519327051195, 19.026483631617538 ] ] ] } },
{ "type": "Feature", "properties": { "cell_id": "CELL_1841", "bmc_ward_code": "M/E", "lat": 19.033231, "lon": 72.942736 }, "geometry": { "type": "Polygon", "coordinates": [ [ [ 72.945137723626985, 19.030999539130857 ], [ 72.945082161045121, 19.035515444282868 ], [ 72.940333633338042, 19.035462535292581 ], [ 72.94038932409353, 19.0309466436312 ], [ 72.945137723626985, 19.030999539130857 ] ] ] } },
{ "type": "Feature", "properties": { "cell_id": "CELL_1842", "bmc_ward_code": "M/E", "lat": 19.037747, "lon": 72.94268 }, "geometry": { "type": "Polygon", "coordinates": [ [ [ 72.945082161045121, 19.035515444282868 ], [ 72.94502658276437, 19.040031347073072 ], [ 72.940277926847472, 19.03997842459146 ], [ 72.940333633338042, 19.035462535292581 ], [ 72.945082161045121, 19.035515444282868 ] ] ] } },
{ "type": "Feature", "properties": { "cell_id": "CELL_1843", "bmc_ward_code": "M/E", "lat": 19.042263, "lon": 72.942624 }, "geometry": { "type": "Polygon", "coordinates": [ [ [ 72.94502658276437, 19.040031347073072 ], [ 72.944970988782813, 19.04454724750099 ], [ 72.940222204619886, 19.044494311527338 ], [ 72.940277926847472, 19.03997842459146 ], [ 72.94502658276437, 19.040031347073072 ] ] ] } },
{ "type": "Feature", "properties": { "cell_id": "CELL_1844", "bmc_ward_code": "M/E", "lat": 19.046779, "lon": 72.942569 }, "geometry": { "type": "Polygon", "coordinates": [ [ [ 72.944970988782813, 19.04454724750099 ], [ 72.944915379098475, 19.049063145566119 ], [ 72.940166466653324, 19.049010196099726 ], [ 72.940222204619886, 19.044494311527338 ], [ 72.944970988782813, 19.04454724750099 ] ] ] } },
{ "type": "Feature", "properties": { "cell_id": "CELL_1845", "bmc_ward_code": "M/E", "lat": 19.051295, "lon": 72.942513 }, "geometry": { "type": "Polygon", "coordinates": [ [ [ 72.944915379098475, 19.049063145566119 ], [ 72.944859753709423, 19.053579041267984 ], [ 72.940110712945838, 19.053526078308138 ], [ 72.940166466653324, 19.049010196099726 ], [ 72.944915379098475, 19.049063145566119 ] ] ] } },
{ "type": "Feature", "properties": { "cell_id": "CELL_1846", "bmc_ward_code": "M/E", "lat": 19.055811, "lon": 72.942457 }, "geometry": { "type": "Polygon", "coordinates": [ [ [ 72.944859753709423, 19.053579041267984 ], [ 72.944804112613696, 19.058094934606068 ], [ 72.940054943495454, 19.058041958152081 ], [ 72.940110712945838, 19.053526078308138 ], [ 72.944859753709423, 19.053579041267984 ] ] ] } },
{ "type": "Feature", "properties": { "cell_id": "CELL_1847", "bmc_ward_code": "N", "lat": 19.060326, "lon": 72.942402 }, "geometry": { "type": "Polygon", "coordinates": [ [ [ 72.944804112613696, 19.058094934606068 ], [ 72.944748455809332, 19.06261082557991 ], [ 72.939999158300225, 19.062557835631065 ], [ 72.940054943495454, 19.058041958152081 ], [ 72.944804112613696, 19.058094934606068 ] ] ] } },
{ "type": "Feature", "properties": { "cell_id": "CELL_1848", "bmc_ward_code": "N", "lat": 19.064842, "lon": 72.942346 }, "geometry": { "type": "Polygon", "coordinates": [ [ [ 72.944748455809332, 19.06261082557991 ], [ 72.9446927832944, 19.067126714189001 ], [ 72.939943357358203, 19.067073710744598 ], [ 72.939999158300225, 19.062557835631065 ], [ 72.944748455809332, 19.06261082557991 ] ] ] } },
{ "type": "Feature", "properties": { "cell_id": "CELL_1849", "bmc_ward_code": "N", "lat": 19.069358, "lon": 72.94229 }, "geometry": { "type": "Polygon", "coordinates": [ [ [ 72.9446927832944, 19.067126714189001 ], [ 72.944637095066923, 19.071642600432856 ], [ 72.939887540667399, 19.071589583492191 ], [ 72.939943357358203, 19.067073710744598 ], [ 72.9446927832944, 19.067126714189001 ] ] ] } },
{ "type": "Feature", "properties": { "cell_id": "CELL_1850", "bmc_ward_code": "N", "lat": 19.073874, "lon": 72.942234 }, "geometry": { "type": "Polygon", "coordinates": [ [ [ 72.944637095066923, 19.071642600432856 ], [ 72.944581391124942, 19.076158484310991 ], [ 72.939831708225881, 19.076105453873353 ], [ 72.939887540667399, 19.071589583492191 ], [ 72.944637095066923, 19.071642600432856 ] ] ] } },
{ "type": "Feature", "properties": { "cell_id": "CELL_1851", "bmc_ward_code": "N", "lat": 19.07839, "lon": 72.942179 }, "geometry": { "type": "Polygon", "coordinates": [ [ [ 72.944581391124942, 19.076158484310991 ], [ 72.944525671466522, 19.080674365822905 ], [ 72.939775860031659, 19.080621321887591 ], [ 72.939831708225881, 19.076105453873353 ], [ 72.944581391124942, 19.076158484310991 ] ] ] } },
{ "type": "Feature", "properties": { "cell_id": "CELL_1852", "bmc_ward_code": "N", "lat": 19.082906, "lon": 72.942123 }, "geometry": { "type": "Polygon", "coordinates": [ [ [ 72.944525671466522, 19.080674365822905 ], [ 72.944469936089703, 19.085190244968111 ], [ 72.939719996082815, 19.085137187534407 ], [ 72.939775860031659, 19.080621321887591 ], [ 72.944525671466522, 19.080674365822905 ] ] ] } },
{ "type": "Feature", "properties": { "cell_id": "CELL_1853", "bmc_ward_code": "N", "lat": 19.087422, "lon": 72.942067 }, "geometry": { "type": "Polygon", "coordinates": [ [ [ 72.944469936089703, 19.085190244968111 ], [ 72.94441418499251, 19.089706121746122 ], [ 72.93966411637733, 19.089653050813329 ], [ 72.939719996082815, 19.085137187534407 ], [ 72.944469936089703, 19.085190244968111 ] ] ] } },
{ "type": "Feature", "properties": { "cell_id": "CELL_1854", "bmc_ward_code": "N", "lat": 19.091938, "lon": 72.942011 }, "geometry": { "type": "Polygon", "coordinates": [ [ [ 72.94441418499251, 19.089706121746122 ], [ 72.94435841817301, 19.094221996156445 ], [ 72.9396082209133, 19.094168911723859 ], [ 72.93966411637733, 19.089653050813329 ], [ 72.94441418499251, 19.089706121746122 ] ] ] } },
{ "type": "Feature", "properties": { "cell_id": "CELL_1855", "bmc_ward_code": "N", "lat": 19.096453, "lon": 72.941955 }, "geometry": { "type": "Polygon", "coordinates": [ [ [ 72.94435841817301, 19.094221996156445 ], [ 72.944302635629214, 19.09873786819859 ], [ 72.939552309688722, 19.0986847702655 ], [ 72.9396082209133, 19.094168911723859 ], [ 72.94435841817301, 19.094221996156445 ] ] ] } },
{ "type": "Feature", "properties": { "cell_id": "CELL_1856", "bmc_ward_code": "N", "lat": 19.100969, "lon": 72.9419 }, "geometry": { "type": "Polygon", "coordinates": [ [ [ 72.944302635629214, 19.09873786819859 ], [ 72.944246837359174, 19.103253737872073 ], [ 72.939496382701634, 19.103200626437772 ], [ 72.939552309688722, 19.0986847702655 ], [ 72.944302635629214, 19.09873786819859 ] ] ] } },
{ "type": "Feature", "properties": { "cell_id": "CELL_1857", "bmc_ward_code": "N", "lat": 19.105485, "lon": 72.941844 }, "geometry": { "type": "Polygon", "coordinates": [ [ [ 72.944246837359174, 19.103253737872073 ], [ 72.944191023360943, 19.107769605176397 ], [ 72.93944043995009, 19.107716480240175 ], [ 72.939496382701634, 19.103200626437772 ], [ 72.944246837359174, 19.103253737872073 ] ] ] } },
{ "type": "Feature", "properties": { "cell_id": "CELL_1858", "bmc_ward_code": "N", "lat": 19.110001, "lon": 72.941788 }, "geometry": { "type": "Polygon", "coordinates": [ [ [ 72.944191023360943, 19.107769605176397 ], [ 72.944135193632547, 19.112285470111068 ], [ 72.939384481432114, 19.112232331672224 ], [ 72.93944043995009, 19.107716480240175 ], [ 72.944191023360943, 19.107769605176397 ] ] ] } },
{ "type": "Feature", "properties": { "cell_id": "CELL_1859", "bmc_ward_code": "S", "lat": 19.114517, "lon": 72.941732 }, "geometry": { "type": "Polygon", "coordinates": [ [ [ 72.944135193632547, 19.112285470111068 ], [ 72.944079348172011, 19.11680133267561 ], [ 72.939328507145746, 19.116748180733428 ], [ 72.939384481432114, 19.112232331672224 ], [ 72.944135193632547, 19.112285470111068 ] ] ] } },
{ "type": "Feature", "properties": { "cell_id": "CELL_1860", "bmc_ward_code": "S", "lat": 19.119033, "lon": 72.941676 }, "geometry": { "type": "Polygon", "coordinates": [ [ [ 72.944079348172011, 19.11680133267561 ], [ 72.944023486977414, 19.121317192869526 ], [ 72.939272517089009, 19.121264027423305 ], [ 72.939328507145746, 19.116748180733428 ], [ 72.944079348172011, 19.11680133267561 ] ] ] } },
{ "type": "Feature", "properties": { "cell_id": "CELL_1861", "bmc_ward_code": "S", "lat": 19.123549, "lon": 72.94162 }, "geometry": { "type": "Polygon", "coordinates": [ [ [ 72.944023486977414, 19.121317192869526 ], [ 72.943967610046755, 19.125833050692318 ], [ 72.939216511259943, 19.125779871741344 ], [ 72.939272517089009, 19.121264027423305 ], [ 72.944023486977414, 19.121317192869526 ] ] ] } },
{ "type": "Feature", "properties": { "cell_id": "CELL_1862", "bmc_ward_code": "S", "lat": 19.128064, "lon": 72.941564 }, "geometry": { "type": "Polygon", "coordinates": [ [ [ 72.943967610046755, 19.125833050692318 ], [ 72.943911717378072, 19.13034890614351 ], [ 72.939160489656572, 19.130295713687083 ], [ 72.939216511259943, 19.125779871741344 ], [ 72.943967610046755, 19.125833050692318 ] ] ] } },
{ "type": "Feature", "properties": { "cell_id": "CELL_1863", "bmc_ward_code": "S", "lat": 19.13258, "lon": 72.941508 }, "geometry": { "type": "Polygon", "coordinates": [ [ [ 72.943911717378072, 19.13034890614351 ], [ 72.943855808969431, 19.134864759222605 ], [ 72.939104452276936, 19.134811553260011 ], [ 72.939160489656572, 19.130295713687083 ], [ 72.943911717378072, 19.13034890614351 ] ] ] } },
{ "type": "Feature", "properties": { "cell_id": "CELL_1864", "bmc_ward_code": "S", "lat": 19.137096, "lon": 72.941452 }, "geometry": { "type": "Polygon", "coordinates": [ [ [ 72.943855808969431, 19.134864759222605 ], [ 72.943799884818844, 19.139380609929109 ], [ 72.939048399119059, 19.139327390459645 ], [ 72.939104452276936, 19.134811553260011 ], [ 72.943855808969431, 19.134864759222605 ] ] ] } },
{ "type": "Feature", "properties": { "cell_id": "CELL_1865", "bmc_ward_code": "S", "lat": 19.141612, "lon": 72.941396 }, "geometry": { "type": "Polygon", "coordinates": [ [ [ 72.943799884818844, 19.139380609929109 ], [ 72.94374394492435, 19.143896458262549 ], [ 72.938992330180966, 19.143843225285494 ], [ 72.939048399119059, 19.139327390459645 ], [ 72.943799884818844, 19.139380609929109 ] ] ] } },
{ "type": "Feature", "properties": { "cell_id": "CELL_1866", "bmc_ward_code": "S", "lat": 19.146128, "lon": 72.94134 }, "geometry": { "type": "Polygon", "coordinates": [ [ [ 72.94374394492435, 19.143896458262549 ], [ 72.943687989283973, 19.148412304222418 ], [ 72.93893624546071, 19.148359057737068 ], [ 72.938992330180966, 19.143843225285494 ], [ 72.94374394492435, 19.143896458262549 ] ] ] } },
{ "type": "Feature", "properties": { "cell_id": "CELL_1867", "bmc_ward_code": "S", "lat": 19.150644, "lon": 72.941284 }, "geometry": { "type": "Polygon", "coordinates": [ [ [ 72.943687989283973, 19.148412304222418 ], [ 72.943632017895752, 19.152928147808229 ], [ 72.938880144956286, 19.15287488781388 ], [ 72.93893624546071, 19.148359057737068 ], [ 72.943687989283973, 19.148412304222418 ] ] ] } },
{ "type": "Feature", "properties": { "cell_id": "CELL_1868", "bmc_ward_code": "S", "lat": 19.155159, "lon": 72.941228 }, "geometry": { "type": "Polygon", "coordinates": [ [ [ 72.943632017895752, 19.152928147808229 ], [ 72.943576030757711, 19.157443989019502 ], [ 72.938824028665749, 19.15739071551544 ], [ 72.938880144956286, 19.15287488781388 ], [ 72.943632017895752, 19.152928147808229 ] ] ] } },
{ "type": "Feature", "properties": { "cell_id": "CELL_1869", "bmc_ward_code": "S", "lat": 19.159675, "lon": 72.941172 }, "geometry": { "type": "Polygon", "coordinates": [ [ [ 72.943576030757711, 19.157443989019502 ], [ 72.943520027867905, 19.161959827855743 ], [ 72.938767896587109, 19.161906540841258 ], [ 72.938824028665749, 19.15739071551544 ], [ 72.943576030757711, 19.157443989019502 ] ] ] } },
{ "type": "Feature", "properties": { "cell_id": "CELL_1870", "bmc_ward_code": "T", "lat": 19.164191, "lon": 72.941116 }, "geometry": { "type": "Polygon", "coordinates": [ [ [ 72.943520027867905, 19.161959827855743 ], [ 72.943464009224357, 19.166475664316454 ], [ 72.938711748718404, 19.166422363790833 ], [ 72.938767896587109, 19.161906540841258 ], [ 72.943520027867905, 19.161959827855743 ] ] ] } },
{ "type": "Feature", "properties": { "cell_id": "CELL_1871", "bmc_ward_code": "T", "lat": 19.168707, "lon": 72.94106 }, "geometry": { "type": "Polygon", "coordinates": [ [ [ 72.943464009224357, 19.166475664316454 ], [ 72.943407974825092, 19.170991498401161 ], [ 72.93865558505766, 19.170938184363692 ], [ 72.938711748718404, 19.166422363790833 ], [ 72.943464009224357, 19.166475664316454 ] ] ] } },
{ "type": "Feature", "properties": { "cell_id": "CELL_1872", "bmc_ward_code": "T", "lat": 19.173223, "lon": 72.941004 }, "geometry": { "type": "Polygon", "coordinates": [ [ [ 72.943407974825092, 19.170991498401161 ], [ 72.943351924668136, 19.175507330109365 ], [ 72.938599405602886, 19.175454002559349 ], [ 72.93865558505766, 19.170938184363692 ], [ 72.943407974825092, 19.170991498401161 ] ] ] } },
{ "type": "Feature", "properties": { "cell_id": "CELL_1873", "bmc_ward_code": "T", "lat": 19.177739, "lon": 72.940948 }, "geometry": { "type": "Polygon", "coordinates": [ [ [ 72.943351924668136, 19.175507330109365 ], [ 72.943295858751512, 19.180023159440577 ], [ 72.938543210352108, 19.179969818377291 ], [ 72.938599405602886, 19.175454002559349 ], [ 72.943351924668136, 19.175507330109365 ] ] ] } },
{ "type": "Feature", "properties": { "cell_id": "CELL_1874", "bmc_ward_code": "T", "lat": 19.182254, "lon": 72.940891 }, "geometry": { "type": "Polygon", "coordinates": [ [ [ 72.943295858751512, 19.180023159440577 ], [ 72.943239777073259, 19.184538986394312 ], [ 72.938486999303365, 19.184485631817054 ], [ 72.938543210352108, 19.179969818377291 ], [ 72.943295858751512, 19.180023159440577 ] ] ] } },
{ "type": "Feature", "properties": { "cell_id": "CELL_1875", "bmc_ward_code": "T", "lat": 19.18677, "lon": 72.940835 }, "geometry": { "type": "Polygon", "coordinates": [ [ [ 72.943239777073259, 19.184538986394312 ], [ 72.943183679631417, 19.189054810970077 ], [ 72.938430772454694, 19.189001442878133 ], [ 72.938486999303365, 19.184485631817054 ], [ 72.943239777073259, 19.184538986394312 ] ] ] } },
{ "type": "Feature", "properties": { "cell_id": "CELL_1876", "bmc_ward_code": "UNKNOWN", "lat": 19.191286, "lon": 72.940779 }, "geometry": { "type": "Polygon", "coordinates": [ [ [ 72.943183679631417, 19.189054810970077 ], [ 72.943127566423982, 19.193570633167383 ], [ 72.938374529804079, 19.193517251560039 ], [ 72.938430772454694, 19.189001442878133 ], [ 72.943183679631417, 19.189054810970077 ] ] ] } },
{ "type": "Feature", "properties": { "cell_id": "CELL_1877", "bmc_ward_code": "M/E", "lat": 19.028768, "lon": 72.94754 }, "geometry": { "type": "Polygon", "coordinates": [ [ [ 72.949941557602955, 19.026536391759898 ], [ 72.94988613885738, 19.031052312732065 ], [ 72.945137723626985, 19.030999539130857 ], [ 72.94519327051195, 19.026483631617538 ], [ 72.949941557602955, 19.026536391759898 ] ] ] } },
{ "type": "Feature", "properties": { "cell_id": "CELL_1878", "bmc_ward_code": "M/E", "lat": 19.033284, "lon": 72.947484 }, "geometry": { "type": "Polygon", "coordinates": [ [ [ 72.94988613885738, 19.031052312732065 ], [ 72.949830704451074, 19.035568231343621 ], [ 72.945082161045121, 19.035515444282868 ], [ 72.945137723626985, 19.030999539130857 ], [ 72.94988613885738, 19.031052312732065 ] ] ] } },
{ "type": "Feature", "properties": { "cell_id": "CELL_1879", "bmc_ward_code": "M/E", "lat": 19.0378, "lon": 72.947429 }, "geometry": { "type": "Polygon", "coordinates": [ [ [ 72.949830704451074, 19.035568231343621 ], [ 72.949775254382089, 19.040084147594076 ], [ 72.94502658276437, 19.040031347073072 ], [ 72.945082161045121, 19.035515444282868 ], [ 72.949830704451074, 19.035568231343621 ] ] ] } },
{ "type": "Feature", "properties": { "cell_id": "CELL_1880", "bmc_ward_code": "M/E", "lat": 19.042316, "lon": 72.947373 }, "geometry": { "type": "Polygon", "coordinates": [ [ [ 72.949775254382089, 19.040084147594076 ], [ 72.949719788648508, 19.044600061482942 ], [ 72.944970988782813, 19.04454724750099 ], [ 72.94502658276437, 19.040031347073072 ], [ 72.949775254382089, 19.040084147594076 ] ] ] } },
{ "type": "Feature", "properties": { "cell_id": "CELL_1881", "bmc_ward_code": "M/E", "lat": 19.046832, "lon": 72.947318 }, "geometry": { "type": "Polygon", "coordinates": [ [ [ 72.949719788648508, 19.044600061482942 ], [ 72.949664307248355, 19.04911597300973 ], [ 72.944915379098475, 19.049063145566119 ], [ 72.944970988782813, 19.04454724750099 ], [ 72.949719788648508, 19.044600061482942 ] ] ] } },
{ "type": "Feature", "properties": { "cell_id": "CELL_1882", "bmc_ward_code": "M/E", "lat": 19.051348, "lon": 72.947262 }, "geometry": { "type": "Polygon", "coordinates": [ [ [ 72.949664307248355, 19.04911597300973 ], [ 72.949608810179683, 19.053631882173942 ], [ 72.944859753709423, 19.053579041267984 ], [ 72.944915379098475, 19.049063145566119 ], [ 72.949664307248355, 19.04911597300973 ] ] ] } },
{ "type": "Feature", "properties": { "cell_id": "CELL_1883", "bmc_ward_code": "M/E", "lat": 19.055863, "lon": 72.947206 }, "geometry": { "type": "Polygon", "coordinates": [ [ [ 72.949608810179683, 19.053631882173942 ], [ 72.949553297440559, 19.058147788975095 ], [ 72.944804112613696, 19.058094934606068 ], [ 72.944859753709423, 19.053579041267984 ], [ 72.949608810179683, 19.053631882173942 ] ] ] } },
{ "type": "Feature", "properties": { "cell_id": "CELL_1884", "bmc_ward_code": "N", "lat": 19.060379, "lon": 72.947151 }, "geometry": { "type": "Polygon", "coordinates": [ [ [ 72.949553297440559, 19.058147788975095 ], [ 72.949497769029023, 19.062663693412695 ], [ 72.944748455809332, 19.06261082557991 ], [ 72.944804112613696, 19.058094934606068 ], [ 72.949553297440559, 19.058147788975095 ] ] ] } },
{ "type": "Feature", "properties": { "cell_id": "CELL_1885", "bmc_ward_code": "N", "lat": 19.064895, "lon": 72.947095 }, "geometry": { "type": "Polygon", "coordinates": [ [ [ 72.949497769029023, 19.062663693412695 ], [ 72.949442224943141, 19.067179595486262 ], [ 72.9446927832944, 19.067126714189001 ], [ 72.944748455809332, 19.06261082557991 ], [ 72.949497769029023, 19.062663693412695 ] ] ] } },
{ "type": "Feature", "properties": { "cell_id": "CELL_1886", "bmc_ward_code": "N", "lat": 19.069411, "lon": 72.94704 }, "geometry": { "type": "Polygon", "coordinates": [ [ [ 72.949442224943141, 19.067179595486262 ], [ 72.949386665180938, 19.071695495195286 ], [ 72.944637095066923, 19.071642600432856 ], [ 72.9446927832944, 19.067126714189001 ], [ 72.949442224943141, 19.067179595486262 ] ] ] } },
{ "type": "Feature", "properties": { "cell_id": "CELL_1887", "bmc_ward_code": "N", "lat": 19.073927, "lon": 72.946984 }, "geometry": { "type": "Polygon", "coordinates": [ [ [ 72.949386665180938, 19.071695495195286 ], [ 72.949331089740468, 19.076211392539292 ], [ 72.944581391124942, 19.076158484310991 ], [ 72.944637095066923, 19.071642600432856 ], [ 72.949386665180938, 19.071695495195286 ] ] ] } },
{ "type": "Feature", "properties": { "cell_id": "CELL_1888", "bmc_ward_code": "N", "lat": 19.078443, "lon": 72.946928 }, "geometry": { "type": "Polygon", "coordinates": [ [ [ 72.949331089740468, 19.076211392539292 ], [ 72.949275498619812, 19.080727287517792 ], [ 72.944525671466522, 19.080674365822905 ], [ 72.944581391124942, 19.076158484310991 ], [ 72.949331089740468, 19.076211392539292 ] ] ] } },
{ "type": "Feature", "properties": { "cell_id": "CELL_1889", "bmc_ward_code": "N", "lat": 19.082959, "lon": 72.946873 }, "geometry": { "type": "Polygon", "coordinates": [ [ [ 72.949275498619812, 19.080727287517792 ], [ 72.949219891816966, 19.085243180130277 ], [ 72.944469936089703, 19.085190244968111 ], [ 72.944525671466522, 19.080674365822905 ], [ 72.949275498619812, 19.080727287517792 ] ] ] } },
{ "type": "Feature", "properties": { "cell_id": "CELL_1890", "bmc_ward_code": "N", "lat": 19.087475, "lon": 72.946817 }, "geometry": { "type": "Polygon", "coordinates": [ [ [ 72.949219891816966, 19.085243180130277 ], [ 72.949164269330012, 19.089759070376282 ], [ 72.94441418499251, 19.089706121746122 ], [ 72.944469936089703, 19.085190244968111 ], [ 72.949219891816966, 19.085243180130277 ] ] ] } },
{ "type": "Feature", "properties": { "cell_id": "CELL_1891", "bmc_ward_code": "N", "lat": 19.091991, "lon": 72.946761 }, "geometry": { "type": "Polygon", "coordinates": [ [ [ 72.949164269330012, 19.089759070376282 ], [ 72.949108631156989, 19.094274958255305 ], [ 72.94435841817301, 19.094221996156445 ], [ 72.94441418499251, 19.089706121746122 ], [ 72.949164269330012, 19.089759070376282 ] ] ] } },
{ "type": "Feature", "properties": { "cell_id": "CELL_1892", "bmc_ward_code": "N", "lat": 19.096506, "lon": 72.946706 }, "geometry": { "type": "Polygon", "coordinates": [ [ [ 72.949108631156989, 19.094274958255305 ], [ 72.949052977295935, 19.098790843766846 ], [ 72.944302635629214, 19.09873786819859 ], [ 72.94435841817301, 19.094221996156445 ], [ 72.949108631156989, 19.094274958255305 ] ] ] } },
{ "type": "Feature", "properties": { "cell_id": "CELL_1893", "bmc_ward_code": "N", "lat": 19.101022, "lon": 72.94665 }, "geometry": { "type": "Polygon", "coordinates": [ [ [ 72.949052977295935, 19.098790843766846 ], [ 72.948997307744918, 19.103306726910432 ], [ 72.944246837359174, 19.103253737872073 ], [ 72.944302635629214, 19.09873786819859 ], [ 72.949052977295935, 19.098790843766846 ] ] ] } },
{ "type": "Feature", "properties": { "cell_id": "CELL_1894", "bmc_ward_code": "N", "lat": 19.105538, "lon": 72.946594 }, "geometry": { "type": "Polygon", "coordinates": [ [ [ 72.948997307744918, 19.103306726910432 ], [ 72.948941622501948, 19.107822607685574 ], [ 72.944191023360943, 19.107769605176397 ], [ 72.944246837359174, 19.103253737872073 ], [ 72.948997307744918, 19.103306726910432 ] ] ] } },
{ "type": "Feature", "properties": { "cell_id": "CELL_1895", "bmc_ward_code": "UNKNOWN", "lat": 19.110054, "lon": 72.946538 }, "geometry": { "type": "Polygon", "coordinates": [ [ [ 72.948941622501948, 19.107822607685574 ], [ 72.948885921565093, 19.112338486091758 ], [ 72.944135193632547, 19.112285470111068 ], [ 72.944191023360943, 19.107769605176397 ], [ 72.948941622501948, 19.107822607685574 ] ] ] } },
{ "type": "Feature", "properties": { "cell_id": "CELL_1896", "bmc_ward_code": "S", "lat": 19.11457, "lon": 72.946483 }, "geometry": { "type": "Polygon", "coordinates": [ [ [ 72.948885921565093, 19.112338486091758 ], [ 72.948830204932378, 19.116854362128521 ], [ 72.944079348172011, 19.11680133267561 ], [ 72.944135193632547, 19.112285470111068 ], [ 72.948885921565093, 19.112338486091758 ] ] ] } },
{ "type": "Feature", "properties": { "cell_id": "CELL_1897", "bmc_ward_code": "S", "lat": 19.119086, "lon": 72.946427 }, "geometry": { "type": "Polygon", "coordinates": [ [ [ 72.948830204932378, 19.116854362128521 ], [ 72.948774472601869, 19.121370235795368 ], [ 72.944023486977414, 19.121317192869526 ], [ 72.944079348172011, 19.11680133267561 ], [ 72.948830204932378, 19.116854362128521 ] ] ] } },
{ "type": "Feature", "properties": { "cell_id": "CELL_1898", "bmc_ward_code": "S", "lat": 19.123602, "lon": 72.946371 }, "geometry": { "type": "Polygon", "coordinates": [ [ [ 72.948774472601869, 19.121370235795368 ], [ 72.948718724571577, 19.125886107091798 ], [ 72.943967610046755, 19.125833050692318 ], [ 72.944023486977414, 19.121317192869526 ], [ 72.948774472601869, 19.121370235795368 ] ] ] } },
{ "type": "Feature", "properties": { "cell_id": "CELL_1899", "bmc_ward_code": "S", "lat": 19.128118, "lon": 72.946315 }, "geometry": { "type": "Polygon", "coordinates": [ [ [ 72.948718724571577, 19.125886107091798 ], [ 72.94866296083957, 19.130401976017332 ], [ 72.943911717378072, 19.13034890614351 ], [ 72.943967610046755, 19.125833050692318 ], [ 72.948718724571577, 19.125886107091798 ] ] ] } },
{ "type": "Feature", "properties": { "cell_id": "CELL_1900", "bmc_ward_code": "S", "lat": 19.132633, "lon": 72.946259 }, "geometry": { "type": "Polygon", "coordinates": [ [ [ 72.94866296083957, 19.130401976017332 ], [ 72.948607181403872, 19.134917842571475 ], [ 72.943855808969431, 19.134864759222605 ], [ 72.943911717378072, 19.13034890614351 ], [ 72.94866296083957, 19.130401976017332 ] ] ] } },
{ "type": "Feature", "properties": { "cell_id": "CELL_1901", "bmc_ward_code": "S", "lat": 19.137149, "lon": 72.946204 }, "geometry": { "type": "Polygon", "coordinates": [ [ [ 72.948607181403872, 19.134917842571475 ], [ 72.948551386262523, 19.139433706753735 ], [ 72.943799884818844, 19.139380609929109 ], [ 72.943855808969431, 19.134864759222605 ], [ 72.948607181403872, 19.134917842571475 ] ] ] } },
{ "type": "Feature", "properties": { "cell_id": "CELL_1902", "bmc_ward_code": "S", "lat": 19.141665, "lon": 72.946148 }, "geometry": { "type": "Polygon", "coordinates": [ [ [ 72.948551386262523, 19.139433706753735 ], [ 72.948495575413588, 19.143949568563638 ], [ 72.94374394492435, 19.143896458262549 ], [ 72.943799884818844, 19.139380609929109 ], [ 72.948551386262523, 19.139433706753735 ] ] ] } },
{ "type": "Feature", "properties": { "cell_id": "CELL_1903", "bmc_ward_code": "S", "lat": 19.146181, "lon": 72.946092 }, "geometry": { "type": "Polygon", "coordinates": [ [ [ 72.948495575413588, 19.143949568563638 ], [ 72.948439748855066, 19.14846542800068 ], [ 72.943687989283973, 19.148412304222418 ], [ 72.94374394492435, 19.143896458262549 ], [ 72.948495575413588, 19.143949568563638 ] ] ] } },
{ "type": "Feature", "properties": { "cell_id": "CELL_1904", "bmc_ward_code": "S", "lat": 19.150697, "lon": 72.946036 }, "geometry": { "type": "Polygon", "coordinates": [ [ [ 72.948439748855066, 19.14846542800068 ], [ 72.948383906585008, 19.152981285064371 ], [ 72.943632017895752, 19.152928147808229 ], [ 72.943687989283973, 19.148412304222418 ], [ 72.948439748855066, 19.14846542800068 ] ] ] } },
{ "type": "Feature", "properties": { "cell_id": "CELL_1905", "bmc_ward_code": "S", "lat": 19.155213, "lon": 72.94598 }, "geometry": { "type": "Polygon", "coordinates": [ [ [ 72.948383906585008, 19.152981285064371 ], [ 72.948328048601468, 19.157497139754234 ], [ 72.943576030757711, 19.157443989019502 ], [ 72.943632017895752, 19.152928147808229 ], [ 72.948383906585008, 19.152981285064371 ] ] ] } },
{ "type": "Feature", "properties": { "cell_id": "CELL_1906", "bmc_ward_code": "S", "lat": 19.159729, "lon": 72.945924 }, "geometry": { "type": "Polygon", "coordinates": [ [ [ 72.948328048601468, 19.157497139754234 ], [ 72.948272174902456, 19.162012992069773 ], [ 72.943520027867905, 19.161959827855743 ], [ 72.943576030757711, 19.157443989019502 ], [ 72.948328048601468, 19.157497139754234 ] ] ] } },
{ "type": "Feature", "properties": { "cell_id": "CELL_1907", "bmc_ward_code": "T", "lat": 19.164244, "lon": 72.945868 }, "geometry": { "type": "Polygon", "coordinates": [ [ [ 72.948272174902456, 19.162012992069773 ], [ 72.948216285486041, 19.166528842010489 ], [ 72.943464009224357, 19.166475664316454 ], [ 72.943520027867905, 19.161959827855743 ], [ 72.948272174902456, 19.162012992069773 ] ] ] } },
{ "type": "Feature", "properties": { "cell_id": "CELL_1908", "bmc_ward_code": "T", "lat": 19.16876, "lon": 72.945812 }, "geometry": { "type": "Polygon", "coordinates": [ [ [ 72.948216285486041, 19.166528842010489 ], [ 72.948160380350217, 19.171044689575908 ], [ 72.943407974825092, 19.170991498401161 ], [ 72.943464009224357, 19.166475664316454 ], [ 72.948216285486041, 19.166528842010489 ] ] ] } },
{ "type": "Feature", "properties": { "cell_id": "CELL_1909", "bmc_ward_code": "T", "lat": 19.173276, "lon": 72.945756 }, "geometry": { "type": "Polygon", "coordinates": [ [ [ 72.948160380350217, 19.171044689575908 ], [ 72.948104459493038, 19.175560534765534 ], [ 72.943351924668136, 19.175507330109365 ], [ 72.943407974825092, 19.170991498401161 ], [ 72.948160380350217, 19.171044689575908 ] ] ] } },
{ "type": "Feature", "properties": { "cell_id": "CELL_1910", "bmc_ward_code": "T", "lat": 19.177792, "lon": 72.9457 }, "geometry": { "type": "Polygon", "coordinates": [ [ [ 72.948104459493038, 19.175560534765534 ], [ 72.948048522912543, 19.180076377578875 ], [ 72.943295858751512, 19.180023159440577 ], [ 72.943351924668136, 19.175507330109365 ], [ 72.948104459493038, 19.175560534765534 ] ] ] } },
{ "type": "Feature", "properties": { "cell_id": "CELL_1911", "bmc_ward_code": "T", "lat": 19.182308, "lon": 72.945644 }, "geometry": { "type": "Polygon", "coordinates": [ [ [ 72.948048522912543, 19.180076377578875 ], [ 72.947992570606758, 19.184592218015453 ], [ 72.943239777073259, 19.184538986394312 ], [ 72.943295858751512, 19.180023159440577 ], [ 72.948048522912543, 19.180076377578875 ] ] ] } },
{ "type": "Feature", "properties": { "cell_id": "CELL_1912", "bmc_ward_code": "T", "lat": 19.186824, "lon": 72.945588 }, "geometry": { "type": "Polygon", "coordinates": [ [ [ 72.947992570606758, 19.184592218015453 ], [ 72.947936602573719, 19.189108056074769 ], [ 72.943183679631417, 19.189054810970077 ], [ 72.943239777073259, 19.184538986394312 ], [ 72.947992570606758, 19.184592218015453 ] ] ] } },
{ "type": "Feature", "properties": { "cell_id": "CELL_1913", "bmc_ward_code": "UNKNOWN", "lat": 19.028821, "lon": 72.952288 }, "geometry": { "type": "Polygon", "coordinates": [ [ [ 72.95468986035273, 19.026589030033161 ], [ 72.954634569748478, 19.031104964433091 ], [ 72.94988613885738, 19.031052312732065 ], [ 72.949941557602955, 19.026536391759898 ], [ 72.95468986035273, 19.026589030033161 ] ] ] } },
{ "type": "Feature", "properties": { "cell_id": "CELL_1914", "bmc_ward_code": "M/E", "lat": 19.033337, "lon": 72.952233 }, "geometry": { "type": "Polygon", "coordinates": [ [ [ 72.954634569748478, 19.031104964433091 ], [ 72.954579263519705, 19.035620896473112 ], [ 72.949830704451074, 19.035568231343621 ], [ 72.94988613885738, 19.031052312732065 ], [ 72.954634569748478, 19.031104964433091 ] ] ] } },
{ "type": "Feature", "properties": { "cell_id": "CELL_1915", "bmc_ward_code": "M/E", "lat": 19.037853, "lon": 72.952177 }, "geometry": { "type": "Polygon", "coordinates": [ [ [ 72.954579263519705, 19.035620896473112 ], [ 72.954523941664434, 19.040136826152729 ], [ 72.949775254382089, 19.040084147594076 ], [ 72.949830704451074, 19.035568231343621 ], [ 72.954579263519705, 19.035620896473112 ] ] ] } },
{ "type": "Feature", "properties": { "cell_id": "CELL_1916", "bmc_ward_code": "M/E", "lat": 19.042368, "lon": 72.952122 }, "geometry": { "type": "Polygon", "coordinates": [ [ [ 72.954523941664434, 19.040136826152729 ], [ 72.954468604180761, 19.044652753471464 ], [ 72.949719788648508, 19.044600061482942 ], [ 72.949775254382089, 19.040084147594076 ], [ 72.954523941664434, 19.040136826152729 ] ] ] } },
{ "type": "Feature", "properties": { "cell_id": "CELL_1917", "bmc_ward_code": "M/E", "lat": 19.046884, "lon": 72.952066 }, "geometry": { "type": "Polygon", "coordinates": [ [ [ 72.954468604180761, 19.044652753471464 ], [ 72.95441325106674, 19.049168678428813 ], [ 72.949664307248355, 19.04911597300973 ], [ 72.949719788648508, 19.044600061482942 ], [ 72.954468604180761, 19.044652753471464 ] ] ] } },
{ "type": "Feature", "properties": { "cell_id": "CELL_1918", "bmc_ward_code": "M/E", "lat": 19.0514, "lon": 72.952011 }, "geometry": { "type": "Polygon", "coordinates": [ [ [ 72.95441325106674, 19.049168678428813 ], [ 72.954357882320409, 19.053684601024298 ], [ 72.949608810179683, 19.053631882173942 ], [ 72.949664307248355, 19.04911597300973 ], [ 72.95441325106674, 19.049168678428813 ] ] ] } },
{ "type": "Feature", "properties": { "cell_id": "CELL_1919", "bmc_ward_code": "M/E", "lat": 19.055916, "lon": 72.951956 }, "geometry": { "type": "Polygon", "coordinates": [ [ [ 72.954357882320409, 19.053684601024298 ], [ 72.954302497939835, 19.058200521257426 ], [ 72.949553297440559, 19.058147788975095 ], [ 72.949608810179683, 19.053631882173942 ], [ 72.954357882320409, 19.053684601024298 ] ] ] } },
{ "type": "Feature", "properties": { "cell_id": "CELL_1920", "bmc_ward_code": "M/E", "lat": 19.060432, "lon": 72.9519 }, "geometry": { "type": "Polygon", "coordinates": [ [ [ 72.954302497939835, 19.058200521257426 ], [ 72.954247097923073, 19.062716439127698 ], [ 72.949497769029023, 19.062663693412695 ], [ 72.949553297440559, 19.058147788975095 ], [ 72.954302497939835, 19.058200521257426 ] ] ] } },
{ "type": "Feature", "properties": { "cell_id": "CELL_1921", "bmc_ward_code": "N", "lat": 19.064948, "lon": 72.951845 }, "geometry": { "type": "Polygon", "coordinates": [ [ [ 72.954247097923073, 19.062716439127698 ], [ 72.954191682268174, 19.067232354634641 ], [ 72.949442224943141, 19.067179595486262 ], [ 72.949497769029023, 19.062663693412695 ], [ 72.954247097923073, 19.062716439127698 ] ] ] } },
{ "type": "Feature", "properties": { "cell_id": "CELL_1922", "bmc_ward_code": "N", "lat": 19.069464, "lon": 72.951789 }, "geometry": { "type": "Polygon", "coordinates": [ [ [ 72.954191682268174, 19.067232354634641 ], [ 72.954136250973207, 19.071748267777735 ], [ 72.949386665180938, 19.071695495195286 ], [ 72.949442224943141, 19.067179595486262 ], [ 72.954191682268174, 19.067232354634641 ] ] ] } },
{ "type": "Feature", "properties": { "cell_id": "CELL_1923", "bmc_ward_code": "N", "lat": 19.07398, "lon": 72.951734 }, "geometry": { "type": "Polygon", "coordinates": [ [ [ 72.954136250973207, 19.071748267777735 ], [ 72.954080804036209, 19.076264178556528 ], [ 72.949331089740468, 19.076211392539292 ], [ 72.949386665180938, 19.071695495195286 ], [ 72.954136250973207, 19.071748267777735 ] ] ] } },
{ "type": "Feature", "properties": { "cell_id": "CELL_1924", "bmc_ward_code": "UNKNOWN", "lat": 19.078496, "lon": 72.951678 }, "geometry": { "type": "Polygon", "coordinates": [ [ [ 72.954080804036209, 19.076264178556528 ], [ 72.95402534145525, 19.080780086970503 ], [ 72.949275498619812, 19.080727287517792 ], [ 72.949331089740468, 19.076211392539292 ], [ 72.954080804036209, 19.076264178556528 ] ] ] } },
{ "type": "Feature", "properties": { "cell_id": "CELL_1925", "bmc_ward_code": "UNKNOWN", "lat": 19.083012, "lon": 72.951623 }, "geometry": { "type": "Polygon", "coordinates": [ [ [ 72.95402534145525, 19.080780086970503 ], [ 72.953969863228352, 19.085295993019177 ], [ 72.949219891816966, 19.085243180130277 ], [ 72.949275498619812, 19.080727287517792 ], [ 72.95402534145525, 19.080780086970503 ] ] ] } },
{ "type": "Feature", "properties": { "cell_id": "CELL_1926", "bmc_ward_code": "UNKNOWN", "lat": 19.087528, "lon": 72.951567 }, "geometry": { "type": "Polygon", "coordinates": [ [ [ 72.953969863228352, 19.085295993019177 ], [ 72.953914369353583, 19.08981189670207 ], [ 72.949164269330012, 19.089759070376282 ], [ 72.949219891816966, 19.085243180130277 ], [ 72.953969863228352, 19.085295993019177 ] ] ] } },
{ "type": "Feature", "properties": { "cell_id": "CELL_1927", "bmc_ward_code": "UNKNOWN", "lat": 19.110107, "lon": 72.951289 }, "geometry": { "type": "Polygon", "coordinates": [ [ [ 72.953692237336853, 19.107875487765948 ], [ 72.953636665193486, 19.112391379612546 ], [ 72.948885921565093, 19.112338486091758 ], [ 72.948941622501948, 19.107822607685574 ], [ 72.953692237336853, 19.107875487765948 ] ] ] } },
{ "type": "Feature", "properties": { "cell_id": "CELL_1928", "bmc_ward_code": "S", "lat": 19.114623, "lon": 72.951233 }, "geometry": { "type": "Polygon", "coordinates": [ [ [ 72.953636665193486, 19.112391379612546 ], [ 72.953581077390538, 19.116907269090422 ], [ 72.948830204932378, 19.116854362128521 ], [ 72.948885921565093, 19.112338486091758 ], [ 72.953636665193486, 19.112391379612546 ] ] ] } },
{ "type": "Feature", "properties": { "cell_id": "CELL_1929", "bmc_ward_code": "S", "lat": 19.119139, "lon": 72.951178 }, "geometry": { "type": "Polygon", "coordinates": [ [ [ 72.953581077390538, 19.116907269090422 ], [ 72.953525473926078, 19.121423156199082 ], [ 72.948774472601869, 19.121370235795368 ], [ 72.948830204932378, 19.116854362128521 ], [ 72.953581077390538, 19.116907269090422 ] ] ] } },
{ "type": "Feature", "properties": { "cell_id": "CELL_1930", "bmc_ward_code": "S", "lat": 19.123655, "lon": 72.951122 }, "geometry": { "type": "Polygon", "coordinates": [ [ [ 72.953525473926078, 19.121423156199082 ], [ 72.953469854798129, 19.125939040938032 ], [ 72.948718724571577, 19.125886107091798 ], [ 72.948774472601869, 19.121370235795368 ], [ 72.953525473926078, 19.121423156199082 ] ] ] } },
{ "type": "Feature", "properties": { "cell_id": "CELL_1931", "bmc_ward_code": "S", "lat": 19.128171, "lon": 72.951066 }, "geometry": { "type": "Polygon", "coordinates": [ [ [ 72.953469854798129, 19.125939040938032 ], [ 72.953414220004746, 19.130454923306793 ], [ 72.94866296083957, 19.130401976017332 ], [ 72.948718724571577, 19.125886107091798 ], [ 72.953469854798129, 19.125939040938032 ] ] ] } },
{ "type": "Feature", "properties": { "cell_id": "CELL_1932", "bmc_ward_code": "S", "lat": 19.132686, "lon": 72.951011 }, "geometry": { "type": "Polygon", "coordinates": [ [ [ 72.953414220004746, 19.130454923306793 ], [ 72.953358569543965, 19.134970803304874 ], [ 72.948607181403872, 19.134917842571475 ], [ 72.94866296083957, 19.130401976017332 ], [ 72.953414220004746, 19.130454923306793 ] ] ] } },
{ "type": "Feature", "properties": { "cell_id": "CELL_1933", "bmc_ward_code": "S", "lat": 19.137202, "lon": 72.950955 }, "geometry": { "type": "Polygon", "coordinates": [ [ [ 72.953358569543965, 19.134970803304874 ], [ 72.953302903413828, 19.139486680931775 ], [ 72.948551386262523, 19.139433706753735 ], [ 72.948607181403872, 19.134917842571475 ], [ 72.953358569543965, 19.134970803304874 ] ] ] } },
{ "type": "Feature", "properties": { "cell_id": "CELL_1934", "bmc_ward_code": "S", "lat": 19.141718, "lon": 72.950899 }, "geometry": { "type": "Polygon", "coordinates": [ [ [ 72.953302903413828, 19.139486680931775 ], [ 72.953247221612386, 19.144002556187015 ], [ 72.948495575413588, 19.143949568563638 ], [ 72.948551386262523, 19.139433706753735 ], [ 72.953302903413828, 19.139486680931775 ] ] ] } },
{ "type": "Feature", "properties": { "cell_id": "CELL_1935", "bmc_ward_code": "S", "lat": 19.146234, "lon": 72.950844 }, "geometry": { "type": "Polygon", "coordinates": [ [ [ 72.953247221612386, 19.144002556187015 ], [ 72.953191524137708, 19.148518429070108 ], [ 72.948439748855066, 19.14846542800068 ], [ 72.948495575413588, 19.143949568563638 ], [ 72.953247221612386, 19.144002556187015 ] ] ] } },
{ "type": "Feature", "properties": { "cell_id": "CELL_1936", "bmc_ward_code": "S", "lat": 19.15075, "lon": 72.950788 }, "geometry": { "type": "Polygon", "coordinates": [ [ [ 72.953191524137708, 19.148518429070108 ], [ 72.953135810987774, 19.153034299580561 ], [ 72.948383906585008, 19.152981285064371 ], [ 72.948439748855066, 19.14846542800068 ], [ 72.953191524137708, 19.148518429070108 ] ] ] } },
{ "type": "Feature", "properties": { "cell_id": "CELL_1937", "bmc_ward_code": "S", "lat": 19.155266, "lon": 72.950732 }, "geometry": { "type": "Polygon", "coordinates": [ [ [ 72.953135810987774, 19.153034299580561 ], [ 72.953080082160682, 19.157550167717886 ], [ 72.948328048601468, 19.157497139754234 ], [ 72.948383906585008, 19.152981285064371 ], [ 72.953135810987774, 19.153034299580561 ] ] ] } },
{ "type": "Feature", "properties": { "cell_id": "CELL_1938", "bmc_ward_code": "T", "lat": 19.159782, "lon": 72.950676 }, "geometry": { "type": "Polygon", "coordinates": [ [ [ 72.953080082160682, 19.157550167717886 ], [ 72.953024337654426, 19.16206603348159 ], [ 72.948272174902456, 19.162012992069773 ], [ 72.948328048601468, 19.157497139754234 ], [ 72.953080082160682, 19.157550167717886 ] ] ] } },
{ "type": "Feature", "properties": { "cell_id": "CELL_1939", "bmc_ward_code": "T", "lat": 19.164297, "lon": 72.95062 }, "geometry": { "type": "Polygon", "coordinates": [ [ [ 72.953024337654426, 19.16206603348159 ], [ 72.95296857746709, 19.166581896871179 ], [ 72.948216285486041, 19.166528842010489 ], [ 72.948272174902456, 19.162012992069773 ], [ 72.953024337654426, 19.16206603348159 ] ] ] } },
{ "type": "Feature", "properties": { "cell_id": "CELL_1940", "bmc_ward_code": "T", "lat": 19.168813, "lon": 72.950565 }, "geometry": { "type": "Polygon", "coordinates": [ [ [ 72.95296857746709, 19.166581896871179 ], [ 72.952912801596696, 19.17109775788618 ], [ 72.948160380350217, 19.171044689575908 ], [ 72.948216285486041, 19.166528842010489 ], [ 72.95296857746709, 19.166581896871179 ] ] ] } },
{ "type": "Feature", "properties": { "cell_id": "CELL_1941", "bmc_ward_code": "T", "lat": 19.173329, "lon": 72.950509 }, "geometry": { "type": "Polygon", "coordinates": [ [ [ 72.952912801596696, 19.17109775788618 ], [ 72.952857010041271, 19.175613616526103 ], [ 72.948104459493038, 19.175560534765534 ], [ 72.948160380350217, 19.171044689575908 ], [ 72.952912801596696, 19.17109775788618 ] ] ] } },
{ "type": "Feature", "properties": { "cell_id": "CELL_1942", "bmc_ward_code": "T", "lat": 19.177845, "lon": 72.950453 }, "geometry": { "type": "Polygon", "coordinates": [ [ [ 72.952857010041271, 19.175613616526103 ], [ 72.952801202798867, 19.180129472790451 ], [ 72.948048522912543, 19.180076377578875 ], [ 72.948104459493038, 19.175560534765534 ], [ 72.952857010041271, 19.175613616526103 ] ] ] } },
{ "type": "Feature", "properties": { "cell_id": "CELL_1943", "bmc_ward_code": "T", "lat": 19.182361, "lon": 72.950397 }, "geometry": { "type": "Polygon", "coordinates": [ [ [ 72.952801202798867, 19.180129472790451 ], [ 72.952745379867508, 19.184645326678734 ], [ 72.947992570606758, 19.184592218015453 ], [ 72.948048522912543, 19.180076377578875 ], [ 72.952801202798867, 19.180129472790451 ] ] ] } },
{ "type": "Feature", "properties": { "cell_id": "CELL_1944", "bmc_ward_code": "UNKNOWN", "lat": 19.186877, "lon": 72.950341 }, "geometry": { "type": "Polygon", "coordinates": [ [ [ 72.952745379867508, 19.184645326678734 ], [ 72.952689541245249, 19.18916117819046 ], [ 72.947936602573719, 19.189108056074769 ], [ 72.947992570606758, 19.184592218015453 ], [ 72.952745379867508, 19.184645326678734 ] ] ] } },
{ "type": "Feature", "properties": { "cell_id": "CELL_1945", "bmc_ward_code": "UNKNOWN", "lat": 19.037905, "lon": 72.956926 }, "geometry": { "type": "Polygon", "coordinates": [ [ [ 72.959327838214776, 19.035673439669598 ], [ 72.959272644575179, 19.0401893827473 ], [ 72.954523941664434, 19.040136826152729 ], [ 72.954579263519705, 19.035620896473112 ], [ 72.959327838214776, 19.035673439669598 ] ] ] } },
{ "type": "Feature", "properties": { "cell_id": "CELL_1946", "bmc_ward_code": "M/E", "lat": 19.042421, "lon": 72.956871 }, "geometry": { "type": "Polygon", "coordinates": [ [ [ 72.959272644575179, 19.0401893827473 ], [ 72.959217435343376, 19.044705323464814 ], [ 72.954468604180761, 19.044652753471464 ], [ 72.954523941664434, 19.040136826152729 ], [ 72.959272644575179, 19.0401893827473 ] ] ] } },
{ "type": "Feature", "properties": { "cell_id": "CELL_1947", "bmc_ward_code": "M/E", "lat": 19.046937, "lon": 72.956815 }, "geometry": { "type": "Polygon", "coordinates": [ [ [ 72.959217435343376, 19.044705323464814 ], [ 72.95916221051742, 19.04922126182165 ], [ 72.95441325106674, 19.049168678428813 ], [ 72.954468604180761, 19.044652753471464 ], [ 72.959217435343376, 19.044705323464814 ] ] ] } },
{ "type": "Feature", "properties": { "cell_id": "CELL_1948", "bmc_ward_code": "M/E", "lat": 19.051453, "lon": 72.95676 }, "geometry": { "type": "Polygon", "coordinates": [ [ [ 72.95916221051742, 19.04922126182165 ], [ 72.959106970095362, 19.053737197817313 ], [ 72.954357882320409, 19.053684601024298 ], [ 72.95441325106674, 19.049168678428813 ], [ 72.95916221051742, 19.04922126182165 ] ] ] } },
{ "type": "Feature", "properties": { "cell_id": "CELL_1949", "bmc_ward_code": "M/E", "lat": 19.055969, "lon": 72.956705 }, "geometry": { "type": "Polygon", "coordinates": [ [ [ 72.959106970095362, 19.053737197817313 ], [ 72.959051714075287, 19.05825313145132 ], [ 72.954302497939835, 19.058200521257426 ], [ 72.954357882320409, 19.053684601024298 ], [ 72.959106970095362, 19.053737197817313 ] ] ] } },
{ "type": "Feature", "properties": { "cell_id": "CELL_1950", "bmc_ward_code": "M/E", "lat": 19.060485, "lon": 72.956649 }, "geometry": { "type": "Polygon", "coordinates": [ [ [ 72.959051714075287, 19.05825313145132 ], [ 72.958996442455245, 19.062769062723177 ], [ 72.954247097923073, 19.062716439127698 ], [ 72.954302497939835, 19.058200521257426 ], [ 72.959051714075287, 19.05825313145132 ] ] ] } },
{ "type": "Feature", "properties": { "cell_id": "CELL_1951", "bmc_ward_code": "UNKNOWN", "lat": 19.065001, "lon": 72.956594 }, "geometry": { "type": "Polygon", "coordinates": [ [ [ 72.958996442455245, 19.062769062723177 ], [ 72.958941155233305, 19.067284991632395 ], [ 72.954191682268174, 19.067232354634641 ], [ 72.954247097923073, 19.062716439127698 ], [ 72.958996442455245, 19.062769062723177 ] ] ] } },
{ "type": "Feature", "properties": { "cell_id": "CELL_1952", "bmc_ward_code": "UNKNOWN", "lat": 19.069517, "lon": 72.956539 }, "geometry": { "type": "Polygon", "coordinates": [ [ [ 72.958941155233305, 19.067284991632395 ], [ 72.958885852407505, 19.071800918178475 ], [ 72.954136250973207, 19.071748267777735 ], [ 72.954191682268174, 19.067232354634641 ], [ 72.958941155233305, 19.067284991632395 ] ] ] } },
{ "type": "Feature", "properties": { "cell_id": "CELL_1953", "bmc_ward_code": "UNKNOWN", "lat": 19.074033, "lon": 72.956483 }, "geometry": { "type": "Polygon", "coordinates": [ [ [ 72.958885852407505, 19.071800918178475 ], [ 72.958830533975913, 19.076316842360949 ], [ 72.954080804036209, 19.076264178556528 ], [ 72.954136250973207, 19.071748267777735 ], [ 72.958885852407505, 19.071800918178475 ] ] ] } },
{ "type": "Feature", "properties": { "cell_id": "CELL_1954", "bmc_ward_code": "UNKNOWN", "lat": 19.114676, "lon": 72.955984 }, "geometry": { "type": "Polygon", "coordinates": [ [ [ 72.958387424481458, 19.112444150671692 ], [ 72.958331965510254, 19.11696005355957 ], [ 72.953581077390538, 19.116907269090422 ], [ 72.953636665193486, 19.112391379612546 ], [ 72.958387424481458, 19.112444150671692 ] ] ] } },
{ "type": "Feature", "properties": { "cell_id": "CELL_1955", "bmc_ward_code": "S", "lat": 19.119192, "lon": 72.955929 }, "geometry": { "type": "Polygon", "coordinates": [ [ [ 72.958331965510254, 19.11696005355957 ], [ 72.958276490913789, 19.121475954078932 ], [ 72.953525473926078, 19.121423156199082 ], [ 72.953581077390538, 19.116907269090422 ], [ 72.958331965510254, 19.11696005355957 ] ] ] } },
{ "type": "Feature", "properties": { "cell_id": "CELL_1956", "bmc_ward_code": "S", "lat": 19.123708, "lon": 72.955873 }, "geometry": { "type": "Polygon", "coordinates": [ [ [ 72.958276490913789, 19.121475954078932 ], [ 72.958221000690116, 19.125991852229294 ], [ 72.953469854798129, 19.125939040938032 ], [ 72.953525473926078, 19.121423156199082 ], [ 72.958276490913789, 19.121475954078932 ] ] ] } },
{ "type": "Feature", "properties": { "cell_id": "CELL_1957", "bmc_ward_code": "S", "lat": 19.128223, "lon": 72.955818 }, "geometry": { "type": "Polygon", "coordinates": [ [ [ 72.958221000690116, 19.125991852229294 ], [ 72.958165494837317, 19.130507748010167 ], [ 72.953414220004746, 19.130454923306793 ], [ 72.953469854798129, 19.125939040938032 ], [ 72.958221000690116, 19.125991852229294 ] ] ] } },
{ "type": "Feature", "properties": { "cell_id": "CELL_1958", "bmc_ward_code": "S", "lat": 19.132739, "lon": 72.955762 }, "geometry": { "type": "Polygon", "coordinates": [ [ [ 72.958165494837317, 19.130507748010167 ], [ 72.958109973353402, 19.135023641421057 ], [ 72.953358569543965, 19.134970803304874 ], [ 72.953414220004746, 19.130454923306793 ], [ 72.958165494837317, 19.130507748010167 ] ] ] } },
{ "type": "Feature", "properties": { "cell_id": "CELL_1959", "bmc_ward_code": "S", "lat": 19.137255, "lon": 72.955706 }, "geometry": { "type": "Polygon", "coordinates": [ [ [ 72.958109973353402, 19.135023641421057 ], [ 72.958054436236438, 19.13953953246148 ], [ 72.953302903413828, 19.139486680931775 ], [ 72.953358569543965, 19.134970803304874 ], [ 72.958109973353402, 19.135023641421057 ] ] ] } },
{ "type": "Feature", "properties": { "cell_id": "CELL_1960", "bmc_ward_code": "S", "lat": 19.141771, "lon": 72.955651 }, "geometry": { "type": "Polygon", "coordinates": [ [ [ 72.958054436236438, 19.13953953246148 ], [ 72.957998883484464, 19.14405542113095 ], [ 72.953247221612386, 19.144002556187015 ], [ 72.953302903413828, 19.139486680931775 ], [ 72.958054436236438, 19.13953953246148 ] ] ] } },
{ "type": "Feature", "properties": { "cell_id": "CELL_1961", "bmc_ward_code": "S", "lat": 19.146287, "lon": 72.955595 }, "geometry": { "type": "Polygon", "coordinates": [ [ [ 72.957998883484464, 19.14405542113095 ], [ 72.957943315095548, 19.148571307428966 ], [ 72.953191524137708, 19.148518429070108 ], [ 72.953247221612386, 19.144002556187015 ], [ 72.957998883484464, 19.14405542113095 ] ] ] } },
{ "type": "Feature", "properties": { "cell_id": "CELL_1962", "bmc_ward_code": "T", "lat": 19.150803, "lon": 72.95554 }, "geometry": { "type": "Polygon", "coordinates": [ [ [ 72.957943315095548, 19.148571307428966 ], [ 72.957887731067714, 19.153087191355052 ], [ 72.953135810987774, 19.153034299580561 ], [ 72.953191524137708, 19.148518429070108 ], [ 72.957943315095548, 19.148571307428966 ] ] ] } },
{ "type": "Feature", "properties": { "cell_id": "CELL_1963", "bmc_ward_code": "T", "lat": 19.155319, "lon": 72.955484 }, "geometry": { "type": "Polygon", "coordinates": [ [ [ 72.957887731067714, 19.153087191355052 ], [ 72.95783213139903, 19.15760307290871 ], [ 72.953080082160682, 19.157550167717886 ], [ 72.953135810987774, 19.153034299580561 ], [ 72.957887731067714, 19.153087191355052 ] ] ] } },
{ "type": "Feature", "properties": { "cell_id": "CELL_1964", "bmc_ward_code": "T", "lat": 19.159835, "lon": 72.955428 }, "geometry": { "type": "Polygon", "coordinates": [ [ [ 72.95783213139903, 19.15760307290871 ], [ 72.957776516087506, 19.162118952089461 ], [ 72.953024337654426, 19.16206603348159 ], [ 72.953080082160682, 19.157550167717886 ], [ 72.95783213139903, 19.15760307290871 ] ] ] } },
{ "type": "Feature", "properties": { "cell_id": "CELL_1965", "bmc_ward_code": "T", "lat": 19.16435, "lon": 72.955373 }, "geometry": { "type": "Polygon", "coordinates": [ [ [ 72.957776516087506, 19.162118952089461 ], [ 72.957720885131209, 19.166634828896797 ], [ 72.95296857746709, 19.166581896871179 ], [ 72.953024337654426, 19.16206603348159 ], [ 72.957776516087506, 19.162118952089461 ] ] ] } },
{ "type": "Feature", "properties": { "cell_id": "CELL_1966", "bmc_ward_code": "T", "lat": 19.168866, "lon": 72.955317 }, "geometry": { "type": "Polygon", "coordinates": [ [ [ 72.957720885131209, 19.166634828896797 ], [ 72.957665238528193, 19.171150703330255 ], [ 72.952912801596696, 19.17109775788618 ], [ 72.95296857746709, 19.166581896871179 ], [ 72.957720885131209, 19.166634828896797 ] ] ] } },
{ "type": "Feature", "properties": { "cell_id": "CELL_1967", "bmc_ward_code": "T", "lat": 19.173382, "lon": 72.955261 }, "geometry": { "type": "Polygon", "coordinates": [ [ [ 72.957665238528193, 19.171150703330255 ], [ 72.957609576276482, 19.175666575389332 ], [ 72.952857010041271, 19.175613616526103 ], [ 72.952912801596696, 19.17109775788618 ], [ 72.957665238528193, 19.171150703330255 ] ] ] } },
{ "type": "Feature", "properties": { "cell_id": "CELL_1968", "bmc_ward_code": "T", "lat": 19.177898, "lon": 72.955205 }, "geometry": { "type": "Polygon", "coordinates": [ [ [ 72.957609576276482, 19.175666575389332 ], [ 72.95755389837413, 19.18018244507353 ], [ 72.952801202798867, 19.180129472790451 ], [ 72.952857010041271, 19.175613616526103 ], [ 72.957609576276482, 19.175666575389332 ] ] ] } },
{ "type": "Feature", "properties": { "cell_id": "CELL_1969", "bmc_ward_code": "T", "lat": 19.182414, "lon": 72.95515 }, "geometry": { "type": "Polygon", "coordinates": [ [ [ 72.95755389837413, 19.18018244507353 ], [ 72.957498204819174, 19.184698312382388 ], [ 72.952745379867508, 19.184645326678734 ], [ 72.952801202798867, 19.180129472790451 ], [ 72.95755389837413, 19.18018244507353 ] ] ] } },
{ "type": "Feature", "properties": { "cell_id": "CELL_1970", "bmc_ward_code": "UNKNOWN", "lat": 19.18693, "lon": 72.955094 }, "geometry": { "type": "Polygon", "coordinates": [ [ [ 72.957498204819174, 19.184698312382388 ], [ 72.957442495609641, 19.189214177315396 ], [ 72.952689541245249, 19.18916117819046 ], [ 72.952745379867508, 19.184645326678734 ], [ 72.957498204819174, 19.184698312382388 ] ] ] } },
{ "type": "Feature", "properties": { "cell_id": "CELL_1971", "bmc_ward_code": "UNKNOWN", "lat": 19.04699, "lon": 72.961564 }, "geometry": { "type": "Polygon", "coordinates": [ [ [ 72.963966282100131, 19.044757771461267 ], [ 72.963911185564186, 19.049273723186499 ], [ 72.95916221051742, 19.04922126182165 ], [ 72.959217435343376, 19.044705323464814 ], [ 72.963966282100131, 19.044757771461267 ] ] ] } },
{ "type": "Feature", "properties": { "cell_id": "CELL_1972", "bmc_ward_code": "UNKNOWN", "lat": 19.051505, "lon": 72.961509 }, "geometry": { "type": "Polygon", "coordinates": [ [ [ 72.963911185564186, 19.049273723186499 ], [ 72.963856073468349, 19.05378967255125 ], [ 72.959106970095362, 19.053737197817313 ], [ 72.95916221051742, 19.04922126182165 ], [ 72.963911185564186, 19.049273723186499 ] ] ] } },
{ "type": "Feature", "properties": { "cell_id": "CELL_1973", "bmc_ward_code": "UNKNOWN", "lat": 19.056021, "lon": 72.961454 }, "geometry": { "type": "Polygon", "coordinates": [ [ [ 72.963856073468349, 19.05378967255125 ], [ 72.963800945810718, 19.05830561955505 ], [ 72.959051714075287, 19.05825313145132 ], [ 72.959106970095362, 19.053737197817313 ], [ 72.963856073468349, 19.05378967255125 ] ] ] } },
{ "type": "Feature", "properties": { "cell_id": "CELL_1974", "bmc_ward_code": "UNKNOWN", "lat": 19.060537, "lon": 72.961399 }, "geometry": { "type": "Polygon", "coordinates": [ [ [ 72.963800945810718, 19.05830561955505 ], [ 72.963745802589344, 19.062821564197396 ], [ 72.958996442455245, 19.062769062723177 ], [ 72.959051714075287, 19.05825313145132 ], [ 72.963800945810718, 19.05830561955505 ] ] ] } },
{ "type": "Feature", "properties": { "cell_id": "CELL_1975", "bmc_ward_code": "UNKNOWN", "lat": 19.12376, "lon": 72.960624 }, "geometry": { "type": "Polygon", "coordinates": [ [ [ 72.963027523528694, 19.121528629433183 ], [ 72.962972162211258, 19.126044540963832 ], [ 72.958221000690116, 19.125991852229294 ], [ 72.958276490913789, 19.121475954078932 ], [ 72.963027523528694, 19.121528629433183 ] ] ] } },
{ "type": "Feature", "properties": { "cell_id": "CELL_1976", "bmc_ward_code": "S", "lat": 19.128276, "lon": 72.960569 }, "geometry": { "type": "Polygon", "coordinates": [ [ [ 72.962972162211258, 19.126044540963832 ], [ 72.962916785300976, 19.130560450125703 ], [ 72.958165494837317, 19.130507748010167 ], [ 72.958221000690116, 19.125991852229294 ], [ 72.962972162211258, 19.126044540963832 ] ] ] } },
{ "type": "Feature", "properties": { "cell_id": "CELL_1977", "bmc_ward_code": "UNKNOWN", "lat": 19.132792, "lon": 72.960513 }, "geometry": { "type": "Polygon", "coordinates": [ [ [ 72.962916785300976, 19.130560450125703 ], [ 72.962861392795887, 19.135076356918294 ], [ 72.958109973353402, 19.135023641421057 ], [ 72.958165494837317, 19.130507748010167 ], [ 72.962916785300976, 19.130560450125703 ] ] ] } },
{ "type": "Feature", "properties": { "cell_id": "CELL_1978", "bmc_ward_code": "T", "lat": 19.137308, "lon": 72.960458 }, "geometry": { "type": "Polygon", "coordinates": [ [ [ 72.962861392795887, 19.135076356918294 ], [ 72.962805984694043, 19.139592261341107 ], [ 72.958054436236438, 19.13953953246148 ], [ 72.958109973353402, 19.135023641421057 ], [ 72.962861392795887, 19.135076356918294 ] ] ] } },
{ "type": "Feature", "properties": { "cell_id": "CELL_1979", "bmc_ward_code": "T", "lat": 19.141824, "lon": 72.960402 }, "geometry": { "type": "Polygon", "coordinates": [ [ [ 72.962805984694043, 19.139592261341107 ], [ 72.962750560993513, 19.144108163393678 ], [ 72.957998883484464, 19.14405542113095 ], [ 72.958054436236438, 19.13953953246148 ], [ 72.962805984694043, 19.139592261341107 ] ] ] } },
{ "type": "Feature", "properties": { "cell_id": "CELL_1980", "bmc_ward_code": "S", "lat": 19.14634, "lon": 72.960347 }, "geometry": { "type": "Polygon", "coordinates": [ [ [ 72.962750560993513, 19.144108163393678 ], [ 72.96269512169232, 19.148624063075502 ], [ 72.957943315095548, 19.148571307428966 ], [ 72.957998883484464, 19.14405542113095 ], [ 72.962750560993513, 19.144108163393678 ] ] ] } },
{ "type": "Feature", "properties": { "cell_id": "CELL_1981", "bmc_ward_code": "T", "lat": 19.150856, "lon": 72.960291 }, "geometry": { "type": "Polygon", "coordinates": [ [ [ 72.96269512169232, 19.148624063075502 ], [ 72.962639666788519, 19.153139960386095 ], [ 72.957887731067714, 19.153087191355052 ], [ 72.957943315095548, 19.148571307428966 ], [ 72.96269512169232, 19.148624063075502 ] ] ] } },
{ "type": "Feature", "properties": { "cell_id": "CELL_1982", "bmc_ward_code": "T", "lat": 19.155372, "lon": 72.960236 }, "geometry": { "type": "Polygon", "coordinates": [ [ [ 72.962639666788519, 19.153139960386095 ], [ 72.96258419628019, 19.157655855324961 ], [ 72.95783213139903, 19.15760307290871 ], [ 72.957887731067714, 19.153087191355052 ], [ 72.962639666788519, 19.153139960386095 ] ] ] } },
{ "type": "Feature", "properties": { "cell_id": "CELL_1983", "bmc_ward_code": "T", "lat": 19.159887, "lon": 72.96018 }, "geometry": { "type": "Polygon", "coordinates": [ [ [ 72.96258419628019, 19.157655855324961 ], [ 72.962528710165358, 19.162171747891627 ], [ 72.957776516087506, 19.162118952089461 ], [ 72.95783213139903, 19.15760307290871 ], [ 72.96258419628019, 19.157655855324961 ] ] ] } },
{ "type": "Feature", "properties": { "cell_id": "CELL_1984", "bmc_ward_code": "T", "lat": 19.164403, "lon": 72.960125 }, "geometry": { "type": "Polygon", "coordinates": [ [ [ 72.962528710165358, 19.162171747891627 ], [ 72.962473208442063, 19.166687638085588 ], [ 72.957720885131209, 19.166634828896797 ], [ 72.957776516087506, 19.162118952089461 ], [ 72.962528710165358, 19.162171747891627 ] ] ] } },
{ "type": "Feature", "properties": { "cell_id": "CELL_1985", "bmc_ward_code": "T", "lat": 19.168919, "lon": 72.960069 }, "geometry": { "type": "Polygon", "coordinates": [ [ [ 72.962473208442063, 19.166687638085588 ], [ 72.962417691108385, 19.171203525906364 ], [ 72.957665238528193, 19.171150703330255 ], [ 72.957720885131209, 19.166634828896797 ], [ 72.962473208442063, 19.166687638085588 ] ] ] } },
{ "type": "Feature", "properties": { "cell_id": "CELL_1986", "bmc_ward_code": "T", "lat": 19.173435, "lon": 72.960014 }, "geometry": { "type": "Polygon", "coordinates": [ [ [ 72.962417691108385, 19.171203525906364 ], [ 72.96236215816235, 19.175719411353466 ], [ 72.957609576276482, 19.175666575389332 ], [ 72.957665238528193, 19.171150703330255 ], [ 72.962417691108385, 19.171203525906364 ] ] ] } },
{ "type": "Feature", "properties": { "cell_id": "CELL_1987", "bmc_ward_code": "T", "lat": 19.177951, "lon": 72.959958 }, "geometry": { "type": "Polygon", "coordinates": [ [ [ 72.96236215816235, 19.175719411353466 ], [ 72.96230660960201, 19.180235294426399 ], [ 72.95755389837413, 19.18018244507353 ], [ 72.957609576276482, 19.175666575389332 ], [ 72.96236215816235, 19.175719411353466 ] ] ] } },
{ "type": "Feature", "properties": { "cell_id": "CELL_1988", "bmc_ward_code": "UNKNOWN", "lat": 19.182467, "lon": 72.959902 }, "geometry": { "type": "Polygon", "coordinates": [ [ [ 72.96230660960201, 19.180235294426399 ], [ 72.96225104542539, 19.184751175124692 ], [ 72.957498204819174, 19.184698312382388 ], [ 72.95755389837413, 19.18018244507353 ], [ 72.96230660960201, 19.180235294426399 ] ] ] } },
{ "type": "Feature", "properties": { "cell_id": "CELL_1989", "bmc_ward_code": "UNKNOWN", "lat": 19.137361, "lon": 72.965209 }, "geometry": { "type": "Polygon", "coordinates": [ [ [ 72.967612827835126, 19.135128949794844 ], [ 72.967557548750364, 19.139644867568933 ], [ 72.962805984694043, 19.139592261341107 ], [ 72.962861392795887, 19.135076356918294 ], [ 72.967612827835126, 19.135128949794844 ] ] ] } },
{ "type": "Feature", "properties": { "cell_id": "CELL_1990", "bmc_ward_code": "T", "lat": 19.141877, "lon": 72.965154 }, "geometry": { "type": "Polygon", "coordinates": [ [ [ 72.967557548750364, 19.139644867568933 ], [ 72.967502254103195, 19.14416078297349 ], [ 72.962750560993513, 19.144108163393678 ], [ 72.962805984694043, 19.139592261341107 ], [ 72.967557548750364, 19.139644867568933 ] ] ] } },
{ "type": "Feature", "properties": { "cell_id": "CELL_1991", "bmc_ward_code": "T", "lat": 19.146392, "lon": 72.965099 }, "geometry": { "type": "Polygon", "coordinates": [ [ [ 72.967502254103195, 19.14416078297349 ], [ 72.967446943891673, 19.148676696007989 ], [ 72.96269512169232, 19.148624063075502 ], [ 72.962750560993513, 19.144108163393678 ], [ 72.967502254103195, 19.14416078297349 ] ] ] } },
{ "type": "Feature", "properties": { "cell_id": "CELL_1992", "bmc_ward_code": "T", "lat": 19.150908, "lon": 72.965043 }, "geometry": { "type": "Polygon", "coordinates": [ [ [ 72.967446943891673, 19.148676696007989 ], [ 72.967391618113879, 19.153192606671961 ], [ 72.962639666788519, 19.153139960386095 ], [ 72.96269512169232, 19.148624063075502 ], [ 72.967446943891673, 19.148676696007989 ] ] ] } },
{ "type": "Feature", "properties": { "cell_id": "CELL_1993", "bmc_ward_code": "T", "lat": 19.155424, "lon": 72.964988 }, "geometry": { "type": "Polygon", "coordinates": [ [ [ 72.967391618113879, 19.153192606671961 ], [ 72.967336276767853, 19.157708514964916 ], [ 72.96258419628019, 19.157655855324961 ], [ 72.962639666788519, 19.153139960386095 ], [ 72.967391618113879, 19.153192606671961 ] ] ] } },
{ "type": "Feature", "properties": { "cell_id": "CELL_1994", "bmc_ward_code": "T", "lat": 19.15994, "lon": 72.964933 }, "geometry": { "type": "Polygon", "coordinates": [ [ [ 72.967336276767853, 19.157708514964916 ], [ 72.967280919851646, 19.162224420886364 ], [ 72.962528710165358, 19.162171747891627 ], [ 72.96258419628019, 19.157655855324961 ], [ 72.967336276767853, 19.157708514964916 ] ] ] } },
{ "type": "Feature", "properties": { "cell_id": "CELL_1995", "bmc_ward_code": "T", "lat": 19.164456, "lon": 72.964877 }, "geometry": { "type": "Polygon", "coordinates": [ [ [ 72.967280919851646, 19.162224420886364 ], [ 72.967225547363313, 19.166740324435807 ], [ 72.962473208442063, 19.166687638085588 ], [ 72.962528710165358, 19.162171747891627 ], [ 72.967280919851646, 19.162224420886364 ] ] ] } },
{ "type": "Feature", "properties": { "cell_id": "CELL_1996", "bmc_ward_code": "T", "lat": 19.168972, "lon": 72.964822 }, "geometry": { "type": "Polygon", "coordinates": [ [ [ 72.967225547363313, 19.166740324435807 ], [ 72.96717015930092, 19.171256225612783 ], [ 72.962417691108385, 19.171203525906364 ], [ 72.962473208442063, 19.166687638085588 ], [ 72.967225547363313, 19.166740324435807 ] ] ] } },
{ "type": "Feature", "properties": { "cell_id": "CELL_1997", "bmc_ward_code": "T", "lat": 19.173488, "lon": 72.964766 }, "geometry": { "type": "Polygon", "coordinates": [ [ [ 72.96717015930092, 19.171256225612783 ], [ 72.967114755662507, 19.17577212441677 ], [ 72.96236215816235, 19.175719411353466 ], [ 72.962417691108385, 19.171203525906364 ], [ 72.96717015930092, 19.171256225612783 ] ] ] } },
{ "type": "Feature", "properties": { "cell_id": "CELL_1998", "bmc_ward_code": "UNKNOWN", "lat": 19.178004, "lon": 72.964711 }, "geometry": { "type": "Polygon", "coordinates": [ [ [ 72.967114755662507, 19.17577212441677 ], [ 72.967059336446127, 19.180288020847303 ], [ 72.96230660960201, 19.180235294426399 ], [ 72.96236215816235, 19.175719411353466 ], [ 72.967114755662507, 19.17577212441677 ] ] ] } },
{ "type": "Feature", "properties": { "cell_id": "CELL_1999", "bmc_ward_code": "UNKNOWN", "lat": 19.141929, "lon": 72.969906 }, "geometry": { "type": "Polygon", "coordinates": [ [ [ 72.972309128369062, 19.139697351143226 ], [ 72.972253962777216, 19.144213279868634 ], [ 72.967502254103195, 19.14416078297349 ], [ 72.967557548750364, 19.139644867568933 ], [ 72.972309128369062, 19.139697351143226 ] ] ] } },
{ "type": "Feature", "properties": { "cell_id": "CELL_2000", "bmc_ward_code": "T", "lat": 19.146445, "lon": 72.96985 }, "geometry": { "type": "Polygon", "coordinates": [ [ [ 72.972253962777216, 19.144213279868634 ], [ 72.972198781657326, 19.148729206224697 ], [ 72.967446943891673, 19.148676696007989 ], [ 72.967502254103195, 19.14416078297349 ], [ 72.972253962777216, 19.144213279868634 ] ] ] } },
{ "type": "Feature", "properties": { "cell_id": "CELL_2001", "bmc_ward_code": "T", "lat": 19.150961, "lon": 72.969795 }, "geometry": { "type": "Polygon", "coordinates": [ [ [ 72.972198781657326, 19.148729206224697 ], [ 72.972143585007473, 19.153245130210919 ], [ 72.967391618113879, 19.153192606671961 ], [ 72.967446943891673, 19.148676696007989 ], [ 72.972198781657326, 19.148729206224697 ] ] ] } },
{ "type": "Feature", "properties": { "cell_id": "CELL_2002", "bmc_ward_code": "T", "lat": 19.155477, "lon": 72.96974 }, "geometry": { "type": "Polygon", "coordinates": [ [ [ 72.972143585007473, 19.153245130210919 ], [ 72.972088372825695, 19.157761051826835 ], [ 72.967336276767853, 19.157708514964916 ], [ 72.967391618113879, 19.153192606671961 ], [ 72.972143585007473, 19.153245130210919 ] ] ] } },
{ "type": "Feature", "properties": { "cell_id": "CELL_2003", "bmc_ward_code": "T", "lat": 19.159993, "lon": 72.969685 }, "geometry": { "type": "Polygon", "coordinates": [ [ [ 72.972088372825695, 19.157761051826835 ], [ 72.972033145110061, 19.162276971071936 ], [ 72.967280919851646, 19.162224420886364 ], [ 72.967336276767853, 19.157708514964916 ], [ 72.972088372825695, 19.157761051826835 ] ] ] } },
{ "type": "Feature", "properties": { "cell_id": "CELL_2004", "bmc_ward_code": "T", "lat": 19.164509, "lon": 72.969629 }, "geometry": { "type": "Polygon", "coordinates": [ [ [ 72.972033145110061, 19.162276971071936 ], [ 72.971977901858637, 19.166792887945739 ], [ 72.967225547363313, 19.166740324435807 ], [ 72.967280919851646, 19.162224420886364 ], [ 72.972033145110061, 19.162276971071936 ] ] ] } },
{ "type": "Feature", "properties": { "cell_id": "CELL_2005", "bmc_ward_code": "T", "lat": 19.169025, "lon": 72.969574 }, "geometry": { "type": "Polygon", "coordinates": [ [ [ 72.971977901858637, 19.166792887945739 ], [ 72.97192264306949, 19.171308802447765 ], [ 72.96717015930092, 19.171256225612783 ], [ 72.967225547363313, 19.166740324435807 ], [ 72.971977901858637, 19.166792887945739 ] ] ] } },
{ "type": "Feature", "properties": { "cell_id": "CELL_2006", "bmc_ward_code": "T", "lat": 19.17354, "lon": 72.969519 }, "geometry": { "type": "Polygon", "coordinates": [ [ [ 72.97192264306949, 19.171308802447765 ], [ 72.971867368740646, 19.175824714577519 ], [ 72.967114755662507, 19.17577212441677 ], [ 72.96717015930092, 19.171256225612783 ], [ 72.97192264306949, 19.171308802447765 ] ] ] } },
{ "type": "Feature", "properties": { "cell_id": "CELL_2007", "bmc_ward_code": "UNKNOWN", "lat": 19.178056, "lon": 72.969463 }, "geometry": { "type": "Polygon", "coordinates": [ [ [ 72.971867368740646, 19.175824714577519 ], [ 72.971812078870173, 19.180340624334509 ], [ 72.967059336446127, 19.180288020847303 ], [ 72.967114755662507, 19.17577212441677 ], [ 72.971867368740646, 19.175824714577519 ] ] ] } },
{ "type": "Feature", "properties": { "cell_id": "CELL_2008", "bmc_ward_code": "UNKNOWN", "lat": 19.146497, "lon": 72.974602 }, "geometry": { "type": "Polygon", "coordinates": [ [ [ 72.977005686979268, 19.14426565407739 ], [ 72.976950634952942, 19.148781593723889 ], [ 72.972198781657326, 19.148729206224697 ], [ 72.972253962777216, 19.144213279868634 ], [ 72.977005686979268, 19.14426565407739 ] ] ] } },
{ "type": "Feature", "properties": { "cell_id": "CELL_2009", "bmc_ward_code": "UNKNOWN", "lat": 19.151013, "lon": 72.974547 }, "geometry": { "type": "Polygon", "coordinates": [ [ [ 72.976950634952942, 19.148781593723889 ], [ 72.976895567432962, 19.153297531001243 ], [ 72.972143585007473, 19.153245130210919 ], [ 72.972198781657326, 19.148729206224697 ], [ 72.976950634952942, 19.148781593723889 ] ] ] } },
{ "type": "Feature", "properties": { "cell_id": "CELL_2010", "bmc_ward_code": "T", "lat": 19.155529, "lon": 72.974492 }, "geometry": { "type": "Polygon", "coordinates": [ [ [ 72.976895567432962, 19.153297531001243 ], [ 72.97684048441738, 19.15781346590898 ], [ 72.972088372825695, 19.157761051826835 ], [ 72.972143585007473, 19.153245130210919 ], [ 72.976895567432962, 19.153297531001243 ] ] ] } },
{ "type": "Feature", "properties": { "cell_id": "CELL_2011", "bmc_ward_code": "T", "lat": 19.160045, "lon": 72.974437 }, "geometry": { "type": "Polygon", "coordinates": [ [ [ 72.97684048441738, 19.15781346590898 ], [ 72.976785385904279, 19.162329398446612 ], [ 72.972033145110061, 19.162276971071936 ], [ 72.972088372825695, 19.157761051826835 ], [ 72.97684048441738, 19.15781346590898 ] ] ] } },
{ "type": "Feature", "properties": { "cell_id": "CELL_2012", "bmc_ward_code": "T", "lat": 19.164561, "lon": 72.974382 }, "geometry": { "type": "Polygon", "coordinates": [ [ [ 72.976785385904279, 19.162329398446612 ], [ 72.976730271891697, 19.166845328613647 ], [ 72.971977901858637, 19.166792887945739 ], [ 72.972033145110061, 19.162276971071936 ], [ 72.976785385904279, 19.162329398446612 ] ] ] } },
{ "type": "Feature", "properties": { "cell_id": "CELL_2013", "bmc_ward_code": "T", "lat": 19.169077, "lon": 72.974326 }, "geometry": { "type": "Polygon", "coordinates": [ [ [ 72.976730271891697, 19.166845328613647 ], [ 72.976675142377729, 19.171361256409593 ], [ 72.97192264306949, 19.171308802447765 ], [ 72.971977901858637, 19.166792887945739 ], [ 72.976730271891697, 19.166845328613647 ] ] ] } },
{ "type": "Feature", "properties": { "cell_id": "CELL_2014", "bmc_ward_code": "T", "lat": 19.173593, "lon": 72.974271 }, "geometry": { "type": "Polygon", "coordinates": [ [ [ 72.976675142377729, 19.171361256409593 ], [ 72.976619997360402, 19.175877181833972 ], [ 72.971867368740646, 19.175824714577519 ], [ 72.97192264306949, 19.171308802447765 ], [ 72.976675142377729, 19.171361256409593 ] ] ] } },
{ "type": "Feature", "properties": { "cell_id": "CELL_2015", "bmc_ward_code": "UNKNOWN", "lat": 19.178109, "lon": 72.974216 }, "geometry": { "type": "Polygon", "coordinates": [ [ [ 72.976619997360402, 19.175877181833972 ], [ 72.976564836837795, 19.180393104886285 ], [ 72.971812078870173, 19.180340624334509 ], [ 72.971867368740646, 19.175824714577519 ], [ 72.976619997360402, 19.175877181833972 ] ] ] } },
{ "type": "Feature", "properties": { "cell_id": "CELL_2016", "bmc_ward_code": "UNKNOWN", "lat": 19.160098, "lon": 72.979189 }, "geometry": { "type": "Polygon", "coordinates": [ [ [ 72.981592611506613, 19.157865757209642 ], [ 72.981537642197964, 19.162381703008673 ], [ 72.976785385904279, 19.162329398446612 ], [ 72.97684048441738, 19.15781346590898 ], [ 72.981592611506613, 19.157865757209642 ] ] ] } },
{ "type": "Feature", "properties": { "cell_id": "CELL_2017", "bmc_ward_code": "UNKNOWN", "lat": 19.164614, "lon": 72.979134 }, "geometry": { "type": "Polygon", "coordinates": [ [ [ 72.981537642197964, 19.162381703008673 ], [ 72.98148265742617, 19.1668976464378 ], [ 72.976730271891697, 19.166845328613647 ], [ 72.976785385904279, 19.162329398446612 ], [ 72.981537642197964, 19.162381703008673 ] ] ] } },
{ "type": "Feature", "properties": { "cell_id": "CELL_2018", "bmc_ward_code": "T", "lat": 19.169129, "lon": 72.979079 }, "geometry": { "type": "Polygon", "coordinates": [ [ [ 72.98148265742617, 19.1668976464378 ], [ 72.981427657189315, 19.171413587496538 ], [ 72.976675142377729, 19.171361256409593 ], [ 72.976730271891697, 19.166845328613647 ], [ 72.98148265742617, 19.1668976464378 ] ] ] } },
{ "type": "Feature", "properties": { "cell_id": "CELL_2019", "bmc_ward_code": "UNKNOWN", "lat": 19.173645, "lon": 72.979024 }, "geometry": { "type": "Polygon", "coordinates": [ [ [ 72.981427657189315, 19.171413587496538 ], [ 72.98137264148545, 19.175929526184408 ], [ 72.976619997360402, 19.175877181833972 ], [ 72.976675142377729, 19.171361256409593 ], [ 72.981427657189315, 19.171413587496538 ] ] ] } }
]
}
