event_id,original_uei,start_date,end_date,duration_days,main_cause,location,districts,state,latitude,longitude,severity,area_affected,human_fatality,human_injured,human_displaced,animal_fatality,casualty_description,damage_description,event_source,event_source_id,rainfall_19.00_72.75_mm,rainfall_19.00_73.00_mm,rainfall_19.25_72.75_mm,rainfall_19.25_73.00_mm,rainfall_event_day_mm,rainfall_1day_before_mm,rainfall_3day_accumulation_mm,rainfall_7day_accumulation_mm,maximum_daily_rainfall_in_event_mm,total_event_rainfall_mm,rainfall_source,rainfall_match_status,rainfall_match_reason
MUM_FL_001,UEI-IMD-FL-1969-0008,1969-09-15,1969-09-22,8.0,floods,,"Gondia, Bhandara, Jalgaon, Wardha, Buldhana, Akola, Nashik, Gadchiroli, Washim, Chandrapur, Yavatmal, Jalna, Ahmednagar, Hingoli, Nanded, Parbhani, Pune, Beed, Mumbai, Latur, Dharashiv, Solapur, Satara, Ratnagiri, Sangli, Kolhapur, Sindhudurg, Thane, Palghar, Nandurbar, Amravati, Dhule, Nagpur, Aurangabad, Raigarh, Mumbai Suburban, Adilabad, Hyderabad, Jagitial, Jangoan, Mulugu, Jogulamba Gadwal, Kamareddy, Karimnagar, Khammam, Kumuram Bheem Asifabad, Mahabubabad, Mahabubnagar, Mancherial, Medak, Medchal Malkajgiri, Nagarkurnool, Nalgonda, Nirmal, Nizamabad, Peddapalli, Rajanna Sircilla, Ranga Reddy, Sangareddy, Siddipet, Suryapet, Vikarabad, Wanaparthy, Warangal, Warangal, Warangal, Warangal, Warangal, Warangal, Warangal, Warangal, Yadadri Yadadri Bhuvanagiri Yadadri Bhuvanagiri, Bhadradri Bhadradri Kothagudem Bhadradri Kothagudem, Jayashankar Bhupalapally, Narayanpet","Maharashtra, Telangana",,,,,,,,,,,IMD,,0.5,3.3939,3.0413,2.2746,2.3024,3.3551,4.6915,174.1213,17.1506,23.4462,IMD 0.25° gridded regional mean rainfall over the selected Mumbai-area cells (CRS Pune),COMPLETE,All event days and full 7-day preceding window observed
MUM_FL_002,UEI-IMD-FL-1971-0011,1971-09-22,1971-09-28,7.0,floods,,"Pashchim Champaran, Purbi Champaran, Sitamarhi, Sheohar, Gopalganj, Samastipur, Katihar, Khagaria, Bhojpur, Buxar, Darbhanga, Saharsa, Kaimur (Bhabua), Rohtas, Jamui, Banka, Nawada, Gaya, Munger, Vaishali, Begusarai, Bhagalpur, Lakhisarai, Sheikhpura, Arwal, Jehanabad, Nalanda, Patna, Saran, Siwan, Muzaffarpur, Madhepura, Araria, Supaul, Madhubani, Purnia, Kishanganj, Aurangabad, Gondia, Bhandara, Jalgaon, Wardha, Buldhana, Akola, Nashik, Gadchiroli, Washim, Chandrapur, Yavatmal, Jalna, Ahmednagar, Hingoli, Nanded, Parbhani, Pune, Beed, Mumbai, Latur, Dharashiv, Solapur, Satara, Ratnagiri, Sangli, Kolhapur, Sindhudurg, Thane, Palghar, Nandurbar, Amravati, Dhule, Nagpur, Aurangabad, Raigarh, Mumbai Suburban","Bihar, Maharashtra",,,,,,,,,,,IMD,,0.0,0.0,0.0,0.0,0.0,2.2952,3.8282,3.8282,49.5718,117.3774,IMD 0.25° gridded regional mean rainfall over the selected Mumbai-area cells (CRS Pune),COMPLETE,All event days and full 7-day preceding window observed
MUM_FL_003,UEI-IMD-FL-1973-0007,1973-07-01,1973-07-14,14.0,heavy rains,,"Churu, Jhunjhunu, Jaisalmer, Sikar, Alwar, Jaipur, Jodhpur, Bharatpur, Nagaur, Dausa, Karauli, Dholpur, Barmer, Sawai Madhopur, Tonk, Pali, Bhilwara, Jalore, Bundi, Kota, Sirohi, Baran, Udaipur, Jhalawar, Dungarpur, Banswara, Ajmer, Rajsamand, Chittorgarh, Ganganagar, Hanumangarh, Bikaner, Pratapgarh, Pashchim Champaran, Purbi Champaran, Sitamarhi, Sheohar, Gopalganj, Samastipur, Katihar, Khagaria, Bhojpur, Buxar, Darbhanga, Saharsa, Kaimur (Bhabua), Rohtas, Jamui, Banka, Nawada, Gaya, Munger, Vaishali, Begusarai, Bhagalpur, Lakhisarai, Sheikhpura, Arwal, Jehanabad, Nalanda, Patna, Saran, Siwan, Muzaffarpur, Madhepura, Araria, Supaul, Madhubani, Purnia, Kishanganj, Aurangabad, Burhanpur, Morena, Bhind, Gwalior, Sheopur, Shivpuri, Tikamgarh, Neemuch, Rewa, Satna, Guna, Ashoknagar, Mandsaur, Singrauli, Sidhi, Sagar, Damoh, Shajapur, Vidisha, Rajgarh, Shahdol, Katni, Umaria, Ratlam, Bhopal, Ujjain, Raisen, Sehore, Jabalpur, Dewas, Anuppur, Jhabua, Dindori, Narsimhapur, Dhar, Indore, Mandla, Narmadapuram, Seoni, Alirajpur, Chhindwara, Harda, Khargone (Khargone (West Nimar)), East Nimar, Balaghat, Barwani, Agar-Malwa, Datia, Chhatarpur, Panna, Betul, Niwari, Valsad, Amreli, Dangs, Banas Kantha, Patan, Mahesana, Gandhinagar, Ahmedabad, Panch Mahals, Dahod, Vadodara, Bharuch, Porbandar, Narmada, Surat, Tapi, Arvalli, Botad, Chota Udaipur, Mahisagar, Gir Somnath, Sabar Kantha, Kachchh, Surendranagar, Rajkot, Kheda, Anand, Bhavnagar, Junagadh, Jamnagar, Devbhumi Dwarka Dwarka, Morbi, Navsari, Gondia, Bhandara, Jalgaon, Wardha, Buldhana, Akola, Nashik, Gadchiroli, Washim, Chandrapur, Yavatmal, Jalna, Ahmednagar, Hingoli, Nanded, Parbhani, Pune, Beed, Mumbai, Latur, Dharashiv, Solapur, Satara, Ratnagiri, Sangli, Kolhapur, Sindhudurg, Thane, Palghar, Nandurbar, Amravati, Dhule, Nagpur, Aurangabad, Raigarh, Mumbai Suburban, Amroha, Hapur, Bareilly, Pilibhit, Bulandshahr, Gautam Buddha Nagar, Kheri, Budaun, Bahraich, Shahjahanpur, Aligarh, Kasganj, Mathura, SShrawasti, Sitapur, Hathras, Etah, Hardoi, Farrukhabad, Firozabad, Siddharthnagar, Mainpuri, Mahrajganj, Agra, Gonda, Bara Banki, Kushinagar, Kannauj, Lucknow, Basti, Gorakhpur, Sant Kabir Nagar, Unnao, Etawah, Kanpur nagar Nagar, Auraiya, Ayodhya, Kanpur nagar Dehat, Deoria, Sultanpur, Ambedkar Nagar, Rae Bareli, Jalaun, Azamgarh, Mau, Fatehpur, Ballia, Jaunpur, Jhansi, Banda, Ghazipurr, Kaushambi, Prayagraj, Varanasi, Chitrakoot, Chandauli, Bhadohi, Mirzapur, Lalitpur, Sonbhadra, Amethi, Ghaziabad, Sambhal, Mahoba, Saharanpur, Bijnor, Muzaffarnagar, Baghpat, Meerut, Moradabad, Rampur, Shamli, Balrampur, Hamirpur, Pratapgarh","Rajasthan, Bihar, Madhya Pradesh, Gujarat, Maharashtra, Uttar Pradesh",,,,,90.0,,,,90 persons were reported washed away,"Caused damage in life,property. Crops worth several crores of rupees were damaged or destroyed",IMD,,22.885,0.8511,0.8455,17.4449,10.5066,4.4343,26.0605,26.0605,119.4982,491.804,IMD 0.25° gridded regional mean rainfall over the selected Mumbai-area cells (CRS Pune),COMPLETE,All event days and full 7-day preceding window observed
MUM_FL_004,UEI-IMD-FL-1974-0003,1974-07-01,1974-08-07,38.0,heavy rains,,Mumbai (Colaba),Maharashtra,,,,,50.0,,,,50 lifes were lost,"Recorded,exceptionally heavy rainfall of 58cm in Twenty Four hours on 5th July, which was the highest on record. Low level areas in Mumbai were heavily flooded,city life was completely paralysed. Damage to Railway,public property was estimated at Rs. 6 crores.",IMD,,21.8422,16.7707,9.3528,31.7675,19.9333,12.4996,62.5225,101.427,255.7833,1321.7871,IMD 0.25° gridded regional mean rainfall over the selected Mumbai-area cells (CRS Pune),COMPLETE,All event days and full 7-day preceding window observed
MUM_FL_005,UEI-IMD-FL-1975-0018,1975-06-20,1975-09-06,79.0,heavy rains,,Mumbai,Maharashtra,,,,,,,,,,"Flooded many low lying areas. Road traffic,telecommunicaton network were seriously affected. A number of lives were lost due to house collapses",IMD,,92.363,165.2303,88.2851,108.6413,113.6299,58.4146,101.3882,118.9004,180.6158,2423.0199,IMD 0.25° gridded regional mean rainfall over the selected Mumbai-area cells (CRS Pune),COMPLETE,All event days and full 7-day preceding window observed
MUM_FL_006,UEI-IMD-FL-1978-0042,1978-06-08,1978-06-14,7.0,"moderate to severe, moderate",,"Beed, Mumbai",Maharashtra,,,,,9.0,6.0,,,"9 people died,injured to 6 persons , Floods between Kurla,V.T. disrupted road/rail traffic,telecommunications",Torrential rains,IMD,,2.9092,3.0483,14.2595,0.1362,5.0883,9.435,14.0464,45.9279,52.588,153.6182,IMD 0.25° gridded regional mean rainfall over the selected Mumbai-area cells (CRS Pune),COMPLETE,All event days and full 7-day preceding window observed
MUM_FL_007,UEI-IMD-FL-1978-0044,1978-07-08,1978-07-14,7.0,moderate,,Mumbai,Maharashtra,,,,,1.0,,,,1 child killed in a landslide,Road traffic dislocated,IMD,,26.9697,89.3956,28.5204,77.5712,55.6142,9.535,18.0153,105.8191,116.125,284.4222,IMD 0.25° gridded regional mean rainfall over the selected Mumbai-area cells (CRS Pune),COMPLETE,All event days and full 7-day preceding window observed
MUM_FL_008,UEI-IMD-FL-1979-0033,1979-06-24,1979-06-24,1.0,flash floods,,Mumbai,Maharashtra,,,,,2.0,,,,2 children died in house collapse,i)Several areas flooded ii)train services/telephone ervices/road transportation disrupted,IMD,,96.7401,18.1129,127.9476,90.2704,83.2677,52.3073,137.3776,176.3777,83.2677,83.2677,IMD 0.25° gridded regional mean rainfall over the selected Mumbai-area cells (CRS Pune),COMPLETE,All event days and full 7-day preceding window observed
MUM_FL_009,UEI-IMD-FL-1980-0031,1980-06-15,1980-06-15,1.0,heavy rains,,Mumbai,Maharashtra,,,,,1.0,2.0,,,"1 girl died,2 persons injured in wall collapse","i)City life paralysed ii)Rail tracks,low lying areas flooded iii)Transport services disrupted iv)Telephone services went away",IMD,,55.7881,11.7435,126.1942,51.0124,61.1846,28.7718,53.5788,128.9537,61.1846,61.1846,IMD 0.25° gridded regional mean rainfall over the selected Mumbai-area cells (CRS Pune),COMPLETE,All event days and full 7-day preceding window observed
MUM_FL_010,UEI-IMD-FL-1980-0032,1980-07-01,1980-07-07,7.0,heavy rains,,Mumbai,Maharashtra,,,,,2.0,5.0,,,"2 persons died,5 injured in houses collapse","i)Low lying areas flooded ii)Vehicular traffic disrupted iii)Rail track on the Ambernath, Badlapur, section washed away iv)A fishing trawler sank in rough seas narrowly escaped from death",IMD,,21.1311,122.0687,170.7413,54.8197,92.1902,15.0817,86.3463,126.3284,135.3488,349.0857,IMD 0.25° gridded regional mean rainfall over the selected Mumbai-area cells (CRS Pune),COMPLETE,All event days and full 7-day preceding window observed
MUM_FL_011,UEI-IMD-FL-1980-0033,1980-08-04,1980-08-04,1.0,heavy rains,,Mumbai,Maharashtra,,,,,1.0,,,1.0,"1 woman,and a cow died on the spot due to electrocution",i)Low lying areas flooded ii)Rail tracks submerged dislocating train services iii)Vehicular traffic came to a standstill iv)Loading/unloading operations in the docks suspended,IMD,,56.1688,136.0602,59.329,95.5742,86.7831,115.6091,275.3324,360.1664,86.7831,86.7831,IMD 0.25° gridded regional mean rainfall over the selected Mumbai-area cells (CRS Pune),COMPLETE,All event days and full 7-day preceding window observed
MUM_FL_012,UEI-IMD-FL-1980-0034,1980-08-21,1980-08-22,2.0,heavy rains,,Mumbai,Maharashtra,,,,,45.0,,,,45 persons lost their lives due to drowning/house collapse/electrocution,"i)The tiny streams of Dahisar,Paoisor inundated surrounding residential areas,many slums flooded ii)600 people rescued from trees/roof tops by fire-brigade iii)Suburbanan train services suspended iv)300 huts washed away",IMD,,9.8681,73.6051,162.1476,80.5533,81.5435,10.807,43.2995,73.7598,110.4762,192.0197,IMD 0.25° gridded regional mean rainfall over the selected Mumbai-area cells (CRS Pune),COMPLETE,All event days and full 7-day preceding window observed
MUM_FL_013,UEI-IMD-FL-1981-0046,1981-06-22,1981-06-28,7.0,heavy rains,,Mumbai,Maharashtra,,,,,,,,,,(i)City transport system thrown out of gear (ii)Telephone sysrtem disrupted (iii)Sub urban rail services disrupted ,IMD,,0.1193,1.5474,0.0,0.1951,0.4655,0.5711,2.6284,6.1849,60.4886,176.319,IMD 0.25° gridded regional mean rainfall over the selected Mumbai-area cells (CRS Pune),COMPLETE,All event days and full 7-day preceding window observed
MUM_FL_014,UEI-IMD-FL-1981-0053,1981-08-22,1981-08-28,7.0,heavy rains,,Mumbai,Maharashtra,,,,,12.0,,,,12 persons died,7 building collapsed,IMD,,7.8989,16.7392,6.3516,14.6853,11.4188,6.5646,37.0044,64.311,11.4188,51.7433,IMD 0.25° gridded regional mean rainfall over the selected Mumbai-area cells (CRS Pune),COMPLETE,All event days and full 7-day preceding window observed
MUM_FL_015,UEI-IMD-FL-1981-0057,1981-09-15,1981-09-21,7.0,heavy rains,,Mumbai,Maharashtra,,,,,20.0,,,,20 persons feared dead in house collapse/landslip,"(i)Rail tracks,low lying areas remained submerged (ii)Many hutments colonies /Slum dwellers badly hit (iii)7 buildings collapsed (iv)Hundreds of residents of a new housing colony worst suffered",IMD,,0.4055,1.3677,16.6123,23.7978,10.5458,30.5454,55.1274,82.0101,15.5171,75.9957,IMD 0.25° gridded regional mean rainfall over the selected Mumbai-area cells (CRS Pune),COMPLETE,All event days and full 7-day preceding window observed
MUM_FL_016,UEI-IMD-FL-1983-0060,1983-06-24,1983-06-24,1.0,heavy rains,,Mumbai,Maharashtra,,,,,,3.0,,,3 persons injured when a compound wall of a house collapsed ,"(i)Commercial life of the city, came to a  standstill, as the flood water submeerged low lying areas,hutment colonies (ii)Vehicular,railway traffic disrupted",IMD,,123.2628,74.3397,58.9778,38.2265,73.7017,5.7954,72.2427,139.1917,73.7017,73.7017,IMD 0.25° gridded regional mean rainfall over the selected Mumbai-area cells (CRS Pune),COMPLETE,All event days and full 7-day preceding window observed
MUM_FL_017,UEI-IMD-FL-1984-0057,1984-06-15,1984-06-15,1.0,heavy rains,,Mumbai,Maharashtra,,,,,,,,,,i)Low lying areas flooded ii)Vehicular traffic disrupted iii)Airflights delayed or diverted to Delhi,IMD,,11.9549,38.2946,19.8604,15.6338,21.4359,57.5054,188.972,197.8887,21.4359,21.4359,IMD 0.25° gridded regional mean rainfall over the selected Mumbai-area cells (CRS Pune),COMPLETE,All event days and full 7-day preceding window observed
MUM_FL_018,UEI-IMD-FL-1984-0058,1984-06-30,1984-07-02,3.0,"heavy rains, moderate, severe",,"Amravati, Mumbai, Kolhapur, Mumbai, Mumbai Suburban, Raigad, Ratnagiri, Sindhudurg, Thane, Palghar, Nashik",Maharashtra,,,,,13.0,,,,"A Twenty Four year old woman,11 year old girl washed away while crossing nullah at Sukali village, 8 km from Amravati, 1 person electrucated at Sion, 3 persons swept away in Shirol,Ajara talukas, 5 persons died, 2 persons died in a wall collapse at Mahasrul village","i)Low lying areas in the city remained submerged under water for two days , ii)Century's second highest rainfall 54.0 cm in a day recorded by Colaba observatory on 2nd July iii)All low lying areas on both sides of railway lines,a large number of roads submerged under water disrupting railway,vehicular traffic iv)Telecommunication system disrupted v)All principal markets closed vi)Vehicular traffic on Ichalkaranji - Nipani, Kolhapur - Sadoli Khalsa,Gadhinglaj - Nesari, routes,suspended vii)Area under Sangameshwar, Chiplun,Rajapur Police Stations inundated. Sangameshwar market submerged under water viii)Kubadwadi villages encircled by water ix)Heavy damage to crops reported x)Vehicular traffic on Gargoti-Ratnagiri,Gargoti-Chandgad suspended as the connecting roads badly damaged xi)Mumbai-Goa National Highway blocked for 3 dyas due to landslide near Dhamani xii)Vehicular traffic on Poladpurmasla road suspended due to breaches at three places xiii)State Transportation bus service patially or totally suspended",IMD,,123.5688,235.0668,58.3822,110.3789,131.8492,48.1867,63.974,69.4388,228.51,393.4851,IMD 0.25° gridded regional mean rainfall over the selected Mumbai-area cells (CRS Pune),COMPLETE,All event days and full 7-day preceding window observed
MUM_FL_019,UEI-IMD-FL-1984-0060,1984-07-03,1984-07-04,2.0,heavy rains,,Mumbai,Maharashtra,,,,,6.0,,,,"6 slum-dwellers died,many other injured when,overhead H.T. cable fell on their huts at Antop hill in north Mumbai on 3rd","i)All low lying areas inundated ii)Long distance train from Mumbai ran indefinitely late,some trains cancelled. Thousands of passengers stranded iii)9000 telephones reported dead due to 36 cable faults",IMD,,62.1491,116.0087,105.5302,172.9067,114.1487,228.51,393.4851,462.0722,184.4216,298.5703,IMD 0.25° gridded regional mean rainfall over the selected Mumbai-area cells (CRS Pune),COMPLETE,All event days and full 7-day preceding window observed
MUM_FL_020,UEI-IMD-FL-1984-0062,1984-07-17,1984-07-18,2.0,heavy rains,,Mumbai,Maharashtra,,,,,11.0,,,,11 fishermen reported missing feared to be drowned,"i)2 fishing trawlers 'Almadani','Wageshwari' capsized across Mumbai harbour ii)Several low lying areas flooded iii)Vehicular traffic disrupted",IMD,,0.967,16.1185,9.8714,27.3755,13.5831,41.9093,82.9581,98.2222,84.5528,98.1359,IMD 0.25° gridded regional mean rainfall over the selected Mumbai-area cells (CRS Pune),COMPLETE,All event days and full 7-day preceding window observed
MUM_FL_021,UEI-IMD-FL-1984-0063,1984-07-17,1984-07-19,3.0,severe,,"Mumbai, Mumbai Suburban, Raigad, Ratnagiri, Sindhudurg, Thane, Palghar",Maharashtra,,,,,312.0,,,,"i)12 persons swept away in flood water ii)300 people,a large number of cattle reported missing","i)2 fishing vessels capsized off Raigarh coast ii)Sassoon dock in Colaba remained chocked with about 500 trawlers iii)Mumbai - Goa National Highway closed for traffic due to landslide near Nadgao, 6 km from Mahad",IMD,,0.967,16.1185,9.8714,27.3755,13.5831,41.9093,82.9581,98.2222,84.5528,179.5509,IMD 0.25° gridded regional mean rainfall over the selected Mumbai-area cells (CRS Pune),COMPLETE,All event days and full 7-day preceding window observed
MUM_FL_022,UEI-IMD-FL-1984-0071,1984-09-12,1984-09-12,1.0,heavy rains,,Mumbai,Maharashtra,,,,,,1.0,,,1 person injured,i)Several low lying areas flooded ii)50 drams containing chemicals cought fire at Haji Bunder iii)Several cases of Short-circuits reported,IMD,,114.6213,45.9624,10.921,11.0869,45.6479,3.7687,20.2107,31.7701,45.6479,45.6479,IMD 0.25° gridded regional mean rainfall over the selected Mumbai-area cells (CRS Pune),COMPLETE,All event days and full 7-day preceding window observed
MUM_FL_023,UEI-IMD-FL-1985-0042,1985-06-11,1985-06-11,1.0,heavy rains,,Mumbai,Maharashtra,,,,,,,,,,"i)City life completely paralysed ii)Rail,road communication completely disrupted iii)Low lying areas submerged",IMD,,92.1723,11.1026,53.7102,22.0991,44.771,7.236,108.4875,116.8318,44.771,44.771,IMD 0.25° gridded regional mean rainfall over the selected Mumbai-area cells (CRS Pune),COMPLETE,All event days and full 7-day preceding window observed
MUM_FL_024,UEI-IMD-FL-1985-0044,1985-06-16,1985-06-16,1.0,"heavy rains, flash flood",,"Mumbai, Jalgaon, Ratnagiri, Thane",Maharashtra,,,,,9.0,17.0,,,"5 persons (including 2 children) died,8 other injured in a house collapse, 4 women (including a minor girl) died,3 men injured at Phokari,Morgaon villages, 6 people injured in a wall collapse at Gautamnagar colony","i)Normal life completely paralysed ii)Suburbanan transport service disrupted iii)Loading/unloading operations at the port affected iv)Domestic/International flights delayed v)Fire brigade attended 30 calls of electric short-circuit , i)Low lyong areas of Sangameshwar,Dapoli, Chiplun,Khed submerged under flood water ii)Road communication between Ratnagiri,other parts of the state completely suspended",IMD,,44.5967,1.1272,102.227,8.4706,39.1054,4.3367,40.9468,165.1573,39.1054,39.1054,IMD 0.25° gridded regional mean rainfall over the selected Mumbai-area cells (CRS Pune),COMPLETE,All event days and full 7-day preceding window observed
MUM_FL_025,UEI-IMD-FL-1985-0045,1985-06-25,1985-06-25,1.0,heavy rains,,Mumbai,Maharashtra,,,,,24.0,33.0,,,"24 people died,33 injured in separate wall collapse incidents at Tardeo,Byculla","i)41.4 cm of rainfall recorded at Colaba observatory during Twenty Four hours period ending 1730 hrs of 25th June ii)Road traffic disrupted due to flooding Konkan bound State Transportation Service from Mumbai suspended iii)Thousands of people affected iv)Long distance outgoing trains on the Western Railway cancelled, while incoming trains terminated outside the city at various points v)Suburbanan train services on Western,Central railways completely paralysed",IMD,,239.3928,13.4281,6.3056,15.8976,68.756,5.3956,8.9708,31.4237,68.756,68.756,IMD 0.25° gridded regional mean rainfall over the selected Mumbai-area cells (CRS Pune),COMPLETE,All event days and full 7-day preceding window observed
MUM_FL_026,UEI-IMD-FL-1986-0056,1986-06-28,1986-06-28,1.0,heavy rains,,"Mumbai,Thane",Maharashtra,,,,,4.0,,,,4 people died,,IMD,,16.0477,6.5965,13.026,27.5865,15.8142,16.3166,30.8347,272.1734,15.8142,15.8142,IMD 0.25° gridded regional mean rainfall over the selected Mumbai-area cells (CRS Pune),COMPLETE,All event days and full 7-day preceding window observed
MUM_FL_027,UEI-IMD-FL-1986-0061,1986-08-07,1986-08-07,1.0,"heavy rains, severe",,"Mumbai, Ratnagiri, Sindhudurg,Thane",Maharashtra,,,,,2.0,,,,2 persons died,"i)Railway service along central railway (main,harbour lines) totally disrupted ii)Railway track between Kurla-Vidyavihar, Bhandup-Kanjurmarg,Chunabhatti-Kurla stations submerged under knee-drop water iii)Fire brigade attended 5 minor landslide incidents iv)All south-bound long distance trains cancelled due tolandslides in Khandala ghat ssection v)Bus services from Mumbai ran 2-3 hours late vi)IA flights from Mumbai delayed , All the rivers flowing through these districts in spate , disrupting road traffic , In Thane city, more than 250 huts washed away rendering many people homeless i)Firemen rescued 250 persons from Shrirang Society Housing Complex ii)Low lying areas flooded with Chest-deep water iii)Property worth Rs. 18.72 lakhs damaged",IMD,,21.474,12.7612,224.4879,78.0407,84.191,30.011,54.813,73.7461,84.191,84.191,IMD 0.25° gridded regional mean rainfall over the selected Mumbai-area cells (CRS Pune),COMPLETE,All event days and full 7-day preceding window observed
MUM_FL_028,UEI-IMD-FL-1988-0053,1988-06-14,1988-06-14,1.0,heavy rains,,"Mumbai, Nashik",Maharashtra,,,,,2.0,9.0,,,"1 person died when a portion of a small hillock collapsed, One person died,9 other injured",,IMD,,9.0426,16.183,58.7618,19.3272,25.8287,16.9018,25.6248,29.9444,25.8287,25.8287,IMD 0.25° gridded regional mean rainfall over the selected Mumbai-area cells (CRS Pune),COMPLETE,All event days and full 7-day preceding window observed
MUM_FL_029,UEI-IMD-FL-1988-0054,1988-06-15,1988-06-15,1.0,heavy rains,,Mumbai,Maharashtra,,,,,,,,,,"i)160 local trains cancelled ii)Railway tracks at Mumbai central, Musjid, Grand Road,Mahalaxmi flooded",IMD,,91.634,55.6076,70.6159,62.8606,70.1795,25.8287,50.7681,55.7731,70.1795,70.1795,IMD 0.25° gridded regional mean rainfall over the selected Mumbai-area cells (CRS Pune),COMPLETE,All event days and full 7-day preceding window observed
MUM_FL_030,UEI-IMD-FL-1988-0058,1988-07-16,1988-07-16,1.0,heavy rains,,"Mumbai,Thane",Maharashtra,,,,,1.0,10.0,,,"i)1 girl died,5 other injured when  a portion of a compound wall collapsed at Ghatkopar ii)4 persons, 2 each at Bandra,Mumbai central injured in hut collapse , 1 person drowned in flooded Nala at Ulhasnagar area ","i)Normal city life completely disrupted ii)119 local trains cancelled iii)Movement of the incoming long distance trains badly affected iv)Vehicular traffic badly affected , i)Bail Bazar,Shivaji Chowk area of Kalyan town innundated by flood water ii)Hundreds of families of hutmens dwellers shifted to safer places iii)Vehicular traffic on Thane-Belapur road suspended",IMD,,74.8811,133.4807,141.9137,241.4629,147.9346,93.797,286.6812,324.8417,147.9346,147.9346,IMD 0.25° gridded regional mean rainfall over the selected Mumbai-area cells (CRS Pune),COMPLETE,All event days and full 7-day preceding window observed
MUM_FL_031,UEI-IMD-FL-1988-0062,1988-07-23,1988-07-23,1.0,heavy rains,,Mumbai,Maharashtra,,,,,8.0,,,,8 persons died when a portion of a hillock slipped on the hutments at Ghatkopar,,IMD,,48.4462,51.2246,132.1144,68.0528,74.9595,52.6599,93.6691,552.155,74.9595,74.9595,IMD 0.25° gridded regional mean rainfall over the selected Mumbai-area cells (CRS Pune),COMPLETE,All event days and full 7-day preceding window observed
MUM_FL_032,UEI-IMD-FL-1988-0073,1988-09-22,1988-09-22,1.0,heavy rains,,Mumbai,Maharashtra,,,,,1.0,,,,1 fisherman died when the boat capsized off the coast,,IMD,,13.5617,6.0705,6.9392,2.0977,7.1673,17.3754,67.8943,148.7043,7.1673,7.1673,IMD 0.25° gridded regional mean rainfall over the selected Mumbai-area cells (CRS Pune),COMPLETE,All event days and full 7-day preceding window observed
MUM_FL_033,UEI-IMD-FL-1988-0075,1988-09-28,1988-09-28,1.0,heavy rains,,"Mumbai, Buldhana",Maharashtra,,,,,2.0,,,,"1 women,her one year old son crushed to death in a landslide at Utkarshnagar colony, Bhandup (east)","i)City life completely paralysed ii)On central railway, local,through train services completely disrupted due to flooding of tracks between Byculla,V.T. iii)Loading,unloading of the dock-yard suspended iv)Fire bridge attended 132 calls , Property worth Rs. 1.60 crore damaged",IMD,,124.3773,12.9599,150.4332,30.0074,79.4445,13.2343,74.0308,176.2642,79.4445,79.4445,IMD 0.25° gridded regional mean rainfall over the selected Mumbai-area cells (CRS Pune),COMPLETE,All event days and full 7-day preceding window observed
MUM_FL_034,UEI-IMD-FL-1988-0077,1988-10-03,1988-10-03,1.0,heavy rains,,"Ahmednagar, Mumbai",Maharashtra,,,,,12.0,18.0,,,"12 persons killed,18 other injured in a compound wall collapse","i)70 bunds washed away in Sangamner taluka ii)Paddy crop suffered heavy loss , i)City life completely paralysed ii)19 hutmens damaged iii)Road, railway,air traffic completely disrupted",IMD,,107.5477,34.3089,41.8579,13.5962,49.3277,18.4508,21.2188,229.4746,49.3277,49.3277,IMD 0.25° gridded regional mean rainfall over the selected Mumbai-area cells (CRS Pune),COMPLETE,All event days and full 7-day preceding window observed
MUM_FL_035,UEI-IMD-FL-1989-0039,1989-07-23,1989-07-25,3.0,severe,,"Aurangabad, Beed, Mumbai, Jalna, Kolhapur, Nanded, Dharashiv, Parbhani, Pune, Raigarh, Ratnagiri,Sangli",Maharashtra,,,,,917.0,,,14000.0,"i)917 people died ii)14,000 cattleheads perished","i)1.1 lakh houses eitherfully or partially damaged ii)2 lakh families rendered homeless iii)50 villages in Bid, Nanded,Raigarh marooned iv)Damage to building,road,power stations estimated to be worth rs. 91 crores v)In Raigarh district, entire hutmen colony on the bank of Patalganga river completely wiped out. 72cms. of rain in Twenty Four hours period reported vi)In Mumbai, local train services as well as long distance trains cancelled. Mumbai recorded highest rainfall since 1984 vii)In Beed district, Beed town razed to ground. viii)In Pune district, Bhaje village completely wiped out due to landslide. Pune-Mumbai train services suspended.",IMD,,78.7245,14.635,123.2634,69.2383,71.4653,57.1298,96.2219,194.8734,149.7916,321.3694,IMD 0.25° gridded regional mean rainfall over the selected Mumbai-area cells (CRS Pune),COMPLETE,All event days and full 7-day preceding window observed
MUM_FL_036,UEI-IMD-FL-1990-0038,1990-06-15,1990-06-16,2.0,heavy rains,,"Mumbai,Thane",Maharashtra,,,,,22.0,,,,22 persons died,"i)Highest rainfall recorded in the last 104 year ii)Normal life completely paralysed iii)Shops, educational institutions, main market, business,commercial establishment remained close iv)Local train services completely disrupted v)Power services broke down",IMD,,0.4284,7.3553,8.4944,25.8307,10.5272,0.5666,17.5291,50.8808,166.1595,176.6867,IMD 0.25° gridded regional mean rainfall over the selected Mumbai-area cells (CRS Pune),COMPLETE,All event days and full 7-day preceding window observed
MUM_FL_037,UEI-IMD-FL-1990-0039,1990-06-16,1990-06-17,2.0,heavy rains,,"Mumbai,Nanded",Maharashtra,,,,,7.0,2.0,,,7 persons including 2 children died,,IMD,,356.5639,146.9214,132.538,28.6148,166.1595,10.5272,20.4509,40.8706,166.1595,207.7128,IMD 0.25° gridded regional mean rainfall over the selected Mumbai-area cells (CRS Pune),COMPLETE,All event days and full 7-day preceding window observed
MUM_FL_038,UEI-IMD-FL-1990-0040,1990-06-17,1990-06-17,1.0,heavy rains,,"Mumbai,Thane",Maharashtra,,,,,21.0,,,,"8 persons drowned,6 other electrocuted in Mumbai while 7 other died in Thane",,IMD,,55.8081,56.0994,53.0015,1.3043,41.5533,166.1595,177.2533,200.0616,41.5533,41.5533,IMD 0.25° gridded regional mean rainfall over the selected Mumbai-area cells (CRS Pune),COMPLETE,All event days and full 7-day preceding window observed
MUM_FL_039,UEI-IMD-FL-1990-0041,1990-06-26,1990-06-27,2.0,heavy rains,,Mumbai,Maharashtra,,,,,10.0,53.0,,3.0,"i)10 persons died,53 other injured in a building collapse at Pydonie ii)3 cattleheads perished","i)Normal life completely paralysed ii)A section of a Military Barrack,two compound walls at Walkeswara,Jogeswari collpased iii)Vehicular traffic disrupted",IMD,,93.8315,46.1679,24.5419,28.9524,48.3734,6.4957,9.9671,15.5881,120.4539,168.8273,IMD 0.25° gridded regional mean rainfall over the selected Mumbai-area cells (CRS Pune),COMPLETE,All event days and full 7-day preceding window observed
MUM_FL_040,UEI-IMD-FL-1990-0043,1990-08-15,1990-08-15,1.0,heavy rains,,Mumbai,Maharashtra,,,,,2.0,,,,2 women died due to landslide at east Kurla,,IMD,,214.9711,161.6649,80.1768,116.5058,143.3296,66.66,195.3533,345.6479,143.3296,143.3296,IMD 0.25° gridded regional mean rainfall over the selected Mumbai-area cells (CRS Pune),COMPLETE,All event days and full 7-day preceding window observed
MUM_FL_041,UEI-IMD-FL-1990-0045,1990-08-17,1990-08-17,1.0,heavy rains,,"Mumbai, Wardha",Maharashtra,,,,,8.0,9.0,,,"6 perosns died,9 other injured in a house collapse , 1 person drowned,another missing when a track washed away at Hinganghat",,IMD,,65.8769,209.1804,41.0801,44.201,90.0846,99.7396,309.7292,530.9691,90.0846,90.0846,IMD 0.25° gridded regional mean rainfall over the selected Mumbai-area cells (CRS Pune),COMPLETE,All event days and full 7-day preceding window observed
MUM_FL_042,UEI-IMD-FL-1990-0050,1990-08-21,1990-08-21,1.0,heavy rains,,Mumbai,Maharashtra,,,,,10.0,4.0,,,"10 persons died,4 other injured when a compound wall collapsed at Sion",,IMD,,19.4181,25.3135,35.5484,54.7472,33.7568,25.2812,111.5862,511.4,33.7568,33.7568,IMD 0.25° gridded regional mean rainfall over the selected Mumbai-area cells (CRS Pune),COMPLETE,All event days and full 7-day preceding window observed
MUM_FL_043,UEI-IMD-FL-1990-0053,1990-09-24,1990-09-24,1.0,heavy rains,,Mumbai,Maharashtra,,,,,,,,,,"i)Normal life completely paralysed ii)Local train services suspended iii)City Stock Exchange,oil seed market remained close iv)Power supply disrupted at many parts of the city v)Indian Airline flights delayed",IMD,,25.0039,7.6155,45.9609,13.0881,22.9171,0.6342,11.6898,26.4322,22.9171,22.9171,IMD 0.25° gridded regional mean rainfall over the selected Mumbai-area cells (CRS Pune),COMPLETE,All event days and full 7-day preceding window observed
MUM_FL_044,UEI-IMD-FL-1991-0058,1991-06-07,1991-06-10,4.0,heavy rains,,"Mumbai,Thane",Maharashtra,,,,,74.0,100.0,,2550.0,"i)74 persons died,100 other injured ii)2,500 cattleheads perished","i)City life completely paralysed ii)66 trees uprooted iii)Train services for suburban,long distance disrupted both on central,western railway iv)Electric supply switched off in several areas due to short circuit v)Mumbai International Airport closed for 16 hours on 9th",IMD,,23.6597,88.1157,26.132,63.5417,50.3623,17.6465,17.7522,21.9875,280.268,696.8416,IMD 0.25° gridded regional mean rainfall over the selected Mumbai-area cells (CRS Pune),COMPLETE,All event days and full 7-day preceding window observed
MUM_FL_045,UEI-IMD-FL-1991-0062,1991-07-13,1991-07-13,1.0,heavy rains,,"Mumbai, Buldhana, Nagpur",Maharashtra,,,,,5.0,,,,"4 women died at Mokodi village in Malkapur tehsil , A child washed away at Nanabhau Peth",All the huts in low lying areas submerged under water,IMD,,156.8808,137.4101,121.1621,103.9251,129.8445,65.6347,81.2057,95.7463,129.8445,129.8445,IMD 0.25° gridded regional mean rainfall over the selected Mumbai-area cells (CRS Pune),COMPLETE,All event days and full 7-day preceding window observed
MUM_FL_046,UEI-IMD-FL-1991-0063,1991-07-16,1991-07-17,2.0,heavy rains,,Mumbai,Maharashtra,,,,,,,,,,i)Hutmen's dweller worst affected ii)Entire eastern portion of a five storeyed vacant building in Kohinoor mill compound collapsed iii)14 trains on Western railway cancelled,IMD,,49.1584,111.6203,59.3798,59.8887,70.0118,52.971,247.7157,331.4779,91.3938,161.4056,IMD 0.25° gridded regional mean rainfall over the selected Mumbai-area cells (CRS Pune),COMPLETE,All event days and full 7-day preceding window observed
MUM_FL_047,UEI-IMD-FL-1991-0066,1991-07-27,1991-07-27,1.0,heavy rains,,Mumbai,Maharashtra,,,,,4.0,,,,4 fishermen drowned when a trawler capsized,"i)7,000 people given a temporary accommodation at municipal primary school,1,200 slum dwellers shifted to safer places ii)Suburbanan,long distance train services on western,central railway disrupted",IMD,,155.1263,99.3244,76.5115,68.5505,99.8782,40.8348,69.0156,125.7302,99.8782,99.8782,IMD 0.25° gridded regional mean rainfall over the selected Mumbai-area cells (CRS Pune),COMPLETE,All event days and full 7-day preceding window observed
MUM_FL_048,UEI-IMD-FL-1992-0038,1992-07-18,1992-07-19,2.0,heavy rains,,Mumbai,Maharashtra,,,,,7.0,,,,7 persons died due to house collapse,"i)Low lying areas flooded ii)Suburbanan train services both on western,central railway disrupted",IMD,,159.5144,93.4178,87.2971,60.5279,100.1893,74.4721,102.1073,131.4173,100.1893,153.323,IMD 0.25° gridded regional mean rainfall over the selected Mumbai-area cells (CRS Pune),COMPLETE,All event days and full 7-day preceding window observed
MUM_FL_049,UEI-IMD-FL-1992-0039,1992-07-22,1992-07-28,7.0,heavy rains,,Mumbai,Maharashtra,,,,,9.0,,,,9 persons died,,IMD,,15.8609,17.7398,9.3718,34.569,19.3854,15.4801,102.1741,304.4707,24.8914,109.7177,IMD 0.25° gridded regional mean rainfall over the selected Mumbai-area cells (CRS Pune),COMPLETE,All event days and full 7-day preceding window observed
MUM_FL_050,UEI-IMD-FL-1992-0040,1992-08-04,1992-08-04,1.0,heavy rains,,Mumbai,Maharashtra,,,,,2.0,,,,2 persons injured,i)Normal life completely paralysed ii)Low lying areas flooded iii)Suburbanan train services delayed,IMD,,23.9543,6.8832,35.8245,50.6275,29.3224,35.1628,66.6734,104.1205,29.3224,29.3224,IMD 0.25° gridded regional mean rainfall over the selected Mumbai-area cells (CRS Pune),COMPLETE,All event days and full 7-day preceding window observed
MUM_FL_051,UEI-IMD-FL-1992-0041,1992-08-12,1992-08-12,1.0,heavy rains,,Mumbai,Maharashtra,,,,,,,,,,"i)Low lying areas flooded ii)120 trains on mainline,60 on harbour cancelled due to flooding of tracks,signal failures iii)Electric supply snapped at many places",IMD,,184.5596,202.53,142.2396,171.6356,175.2412,110.6009,148.0638,203.8144,175.2412,175.2412,IMD 0.25° gridded regional mean rainfall over the selected Mumbai-area cells (CRS Pune),COMPLETE,All event days and full 7-day preceding window observed
MUM_FL_052,UEI-IMD-FL-1992-0044,1992-08-16,1992-08-16,1.0,heavy rains,,Mumbai,Maharashtra,,,,,3.0,,,,3 persons of a family including a girl drowned at Aksa bridge near Malad,,IMD,,25.4954,42.0326,54.2942,125.4892,61.8278,69.3859,259.693,582.998,61.8278,61.8278,IMD 0.25° gridded regional mean rainfall over the selected Mumbai-area cells (CRS Pune),COMPLETE,All event days and full 7-day preceding window observed
MUM_FL_053,UEI-IMD-FL-1992-0047,1992-09-02,1992-09-02,1.0,heavy rains,,"Akola, Mumbai, Yavatmal",Maharashtra,,,,,2.0,2.0,,,"2 persons died,2 other injured , Several animals swept away in Pusad",i)Normal life paralysed ii)Low lying areas flooded iii)Local train on central railway were running behind schedule,IMD,,18.523,23.2625,84.6582,194.0722,80.129,16.3605,32.4328,95.2694,80.129,80.129,IMD 0.25° gridded regional mean rainfall over the selected Mumbai-area cells (CRS Pune),COMPLETE,All event days and full 7-day preceding window observed
MUM_FL_054,UEI-IMD-FL-1993-0041,1993-06-18,1993-06-18,1.0,heavy rains,,Mumbai,Maharashtra,,,,,3.0,6.0,,,"3 persons died,6 others injured when a cluster of butments crashed at Mabakali Nagar in Worli Koliwada.",,IMD,,84.3812,91.0656,33.3834,46.6629,63.8733,30.1324,123.247,189.6574,63.8733,63.8733,IMD 0.25° gridded regional mean rainfall over the selected Mumbai-area cells (CRS Pune),COMPLETE,All event days and full 7-day preceding window observed
MUM_FL_055,UEI-IMD-FL-1993-0044,1993-07-13,1993-07-15,3.0,heavy rains,,Mumbai,Maharashtra,,,,,,1.0,,,A 12-year old boy injured due to wall collapse at Bhandup.,(1) Normal life paralysed. (ii) Low lying areas flooded.,IMD,,4.7311,11.0817,8.0067,17.7086,10.382,7.2047,121.1727,185.4772,27.1049,45.2116,IMD 0.25° gridded regional mean rainfall over the selected Mumbai-area cells (CRS Pune),COMPLETE,All event days and full 7-day preceding window observed
MUM_FL_056,UEI-IMD-FL-1993-0051,1993-09-22,1993-09-23,2.0,heavy rains,,Mumbai,Maharashtra,,,,,,,,,"35 persons died,50 others injured in a landslide at Sakinaka.",,IMD,,5.9799,53.8607,3.5558,53.5883,29.2462,7.6211,10.0155,60.4655,103.5563,132.8025,IMD 0.25° gridded regional mean rainfall over the selected Mumbai-area cells (CRS Pune),COMPLETE,All event days and full 7-day preceding window observed
MUM_FL_057,UEI-IMD-FL-1993-0052,1993-09-27,1993-09-27,1.0,heavy rains,,Mumbai,Maharashtra,,,,,,4.0,,,4 persons including a 12-year girl injured at Antop Hill.,,IMD,,33.2341,26.128,79.5321,49.1493,47.0109,40.9714,105.0882,247.5606,47.0109,47.0109,IMD 0.25° gridded regional mean rainfall over the selected Mumbai-area cells (CRS Pune),COMPLETE,All event days and full 7-day preceding window observed
MUM_FL_058,UEI-IMD-FL-1993-0054,1993-10-18,1993-10-18,1.0,heavy rains,,"Mumbai, Buldhana, Dharashiv ",Maharashtra,,,,,23.0,,,,2 persons died at Vashi. 4 persons died at Dewulgaonraj village.  17 persons feared killed when a truck plunged into Ullappa river at Parananda village. ,,IMD,,4.6963,33.8204,23.3025,28.138,22.4893,10.3751,31.9762,77.3178,22.4893,22.4893,IMD 0.25° gridded regional mean rainfall over the selected Mumbai-area cells (CRS Pune),COMPLETE,All event days and full 7-day preceding window observed
MUM_FL_059,UEI-IMD-FL-1994-0065,1994-06-27,1994-06-27,1.0,heavy rains,,Mumbai,Maharashtra,,,,,,20.0,,,20 people injured in a landslide at salpha village in Ghatkopar,"i)On central railway 68 trains running on main line,48 running on harbour line cancelled ii)BEST buses diverted their routes due to waterlogging",IMD,,3.056,8.6771,1.6811,4.9818,4.599,3.9208,15.3178,35.5723,4.599,4.599,IMD 0.25° gridded regional mean rainfall over the selected Mumbai-area cells (CRS Pune),COMPLETE,All event days and full 7-day preceding window observed
MUM_FL_060,UEI-IMD-FL-1994-0070,1994-07-11,1994-07-12,2.0,heavy rains,,Mumbai,Maharashtra,,,,,,,,,,i)Large number of trees uprooted ii)Several incidents of short-circuits reported iii)30 trains on western railway cancelled due to flooding of the railway tracks,IMD,,8.8112,44.8978,5.3822,17.188,19.0698,30.2727,49.1011,223.887,142.3615,161.4313,IMD 0.25° gridded regional mean rainfall over the selected Mumbai-area cells (CRS Pune),COMPLETE,All event days and full 7-day preceding window observed
MUM_FL_061,UEI-IMD-FL-1994-0073,1994-07-12,1994-07-12,1.0,heavy rains,,Mumbai,Maharashtra,,,,,2.0,5.0,,,"2 persons died,5 other injured due to falling of trees",15 trees uprooted,IMD,,137.5093,207.4765,106.2766,118.1838,142.3615,19.0698,57.3266,177.3012,142.3615,142.3615,IMD 0.25° gridded regional mean rainfall over the selected Mumbai-area cells (CRS Pune),COMPLETE,All event days and full 7-day preceding window observed
MUM_FL_062,UEI-IMD-FL-1994-0074,1994-07-13,1994-07-13,1.0,heavy rains,,"Mumbai, Pune",Maharashtra,,,,,51.0,8.0,,,"i)1 persons died at Sakinaka due to wall collapase ii)5 persons injured at Chembur due to landslide iii)3 persons injured at Nalasopara when a boulder fell on a house , 50 persons feared buried in a landslide near Bhimashankar in Ambegaon tehsil",i)20 huts ituated to the east of Dimbe dam swept away ii)Machinery worth Rs. 10 lakhs installed at the dam site damaged iii)Road link between several small villages snapped,IMD,,138.6958,151.7289,156.3586,158.8229,151.4016,142.3615,191.704,262.9984,151.4016,151.4016,IMD 0.25° gridded regional mean rainfall over the selected Mumbai-area cells (CRS Pune),COMPLETE,All event days and full 7-day preceding window observed
MUM_FL_063,UEI-IMD-FL-1994-0075,1994-07-14,1994-07-14,1.0,heavy rains,,Mumbai,Maharashtra,,,,,2.0,5.0,,,"i)2 persons died,2 other injured at Kurla when a portion of a 70-year old building collapsed ii)3 persons injured at Navynagar due to wall collapsed",,IMD,,67.3695,180.0539,116.9516,190.1469,138.6305,151.4016,312.8329,384.4339,138.6305,138.6305,IMD 0.25° gridded regional mean rainfall over the selected Mumbai-area cells (CRS Pune),COMPLETE,All event days and full 7-day preceding window observed
MUM_FL_064,UEI-IMD-FL-1994-0076,1994-07-18,1994-07-18,1.0,heavy rains,,Mumbai,Maharashtra,,,,,,,,,,"Suburbanan,long distance train services on central,western railways disrupted",IMD,,5.067,24.5913,5.7644,7.2488,10.6679,40.9963,74.5447,526.0081,10.6679,10.6679,IMD 0.25° gridded regional mean rainfall over the selected Mumbai-area cells (CRS Pune),COMPLETE,All event days and full 7-day preceding window observed
MUM_FL_065,UEI-IMD-FL-1994-0081,1994-08-29,1994-08-31,3.0,heavy rains,,Mumbai,Maharashtra,,,,,4.0,,,,4 persons died,Suburbanan rail service completely disrupted,IMD,,3.3549,18.2689,9.6843,21.6673,13.2439,55.8265,108.5516,252.2903,81.1822,120.7691,IMD 0.25° gridded regional mean rainfall over the selected Mumbai-area cells (CRS Pune),COMPLETE,All event days and full 7-day preceding window observed
MUM_FL_066,UEI-IMD-FL-1994-0083,1994-08-31,1994-08-31,1.0,heavy rains,,Mumbai,Maharashtra,,,,,2.0,8.0,,,"2 persons died,8 other injured at Vikroli when a 20 feet wall collapsed,fell over 4 huts",,IMD,,68.0883,103.9122,85.668,67.0601,81.1822,26.343,95.4134,249.0321,81.1822,81.1822,IMD 0.25° gridded regional mean rainfall over the selected Mumbai-area cells (CRS Pune),COMPLETE,All event days and full 7-day preceding window observed
MUM_FL_067,UEI-IMD-FL-1994-0086,1994-09-03,1994-09-03,1.0,heavy rains,,"Mumbai, Thane",Maharashtra,,,,,10.0,,,,"8 persons died in different wall/house collapse incidents, 2 persons died",,IMD,,9.2052,17.9836,20.08,31.5043,19.6933,97.6839,243.3922,381.5221,19.6933,19.6933,IMD 0.25° gridded regional mean rainfall over the selected Mumbai-area cells (CRS Pune),COMPLETE,All event days and full 7-day preceding window observed
MUM_FL_068,UEI-IMD-FL-1995-0068,1995-08-01,1995-08-01,1.0,heavy rains,,Mumbai,Maharashtra,,,,,2.0,1.0,,,2 persons including 1 woman injured,i)Low lying areas submerged ii)Vehicular traffic completely disrupted iii)Local train services completely disrupted due to flooding of rilway tracks iv)Several long distance trains terminated at Karjat,IMD,,64.9388,99.2085,117.2443,47.2055,82.1493,24.7031,88.8435,140.6515,82.1493,82.1493,IMD 0.25° gridded regional mean rainfall over the selected Mumbai-area cells (CRS Pune),COMPLETE,All event days and full 7-day preceding window observed
MUM_FL_069,UEI-IMD-FL-1995-0071,1995-09-01,1995-09-02,2.0,heavy rains,,"Mumbai,Thane",Maharashtra,,,,,5.0,,,,5 persons including 2 children drowned,"i)Low lying areas flooded ii)Normal life paralysed iii)Local train services disrupted iv)Long distance trains delayed v)The basement of General Post Office C.S. Terminus flood,500 bundles of mail destroyed vi)Mumbai-Pune Express train/Air line services delayed",IMD,,149.3958,6.2962,52.1036,7.5385,53.8335,35.3209,96.6298,151.3227,99.4066,153.2401,IMD 0.25° gridded regional mean rainfall over the selected Mumbai-area cells (CRS Pune),COMPLETE,All event days and full 7-day preceding window observed
MUM_FL_070,UEI-IMD-FL-1996-0071,1996-06-17,1996-06-17,1.0,heavy rains,,Mumbai,Maharashtra,,,,,,,,,,A portion of a building collpased in South Mumbai,IMD,,0.0,0.0,0.539,9.7126,2.5629,36.8391,87.7922,124.9653,2.5629,2.5629,IMD 0.25° gridded regional mean rainfall over the selected Mumbai-area cells (CRS Pune),COMPLETE,All event days and full 7-day preceding window observed
MUM_FL_071,UEI-IMD-FL-1996-0072,1996-06-18,1996-06-19,2.0,heavy rains,,"Kolhapur, Mumbai, Thane, Pune",Maharashtra,,,,,6.0,9.0,,,i)6 fishermen reported missing when a trawler capsized in high sea ii)9 persons injured due to wall collapsed in Dahisar,"i)Normal life completely paralysed ii)Vehicular traffic on Pune-Bengaluru Rural national highway disrupted , i)Normal life paralysed ii)Low lying areas flooded iii)Several houses collapsed iv)Several trees/electric poles uprooted disrupted vehicular/electric supply/railway services v)32 trees uprooted in Kalyan town vi)Large number of land slides reported in different parts of the city",IMD,,56.9858,19.9463,37.0494,13.497,31.8696,2.5629,65.3375,125.29,36.3606,68.2302,IMD 0.25° gridded regional mean rainfall over the selected Mumbai-area cells (CRS Pune),COMPLETE,All event days and full 7-day preceding window observed
MUM_FL_072,UEI-IMD-FL-1996-0074,1996-07-02,1996-07-02,1.0,heavy rains,,Mumbai,Maharashtra,,,,,,,,,,"Overhead equipments of trains damaged,the tracks submerged under 8 inches of water",IMD,,4.3239,3.7322,17.7188,54.3013,20.0191,15.735,36.0918,45.019,20.0191,20.0191,IMD 0.25° gridded regional mean rainfall over the selected Mumbai-area cells (CRS Pune),COMPLETE,All event days and full 7-day preceding window observed
MUM_FL_073,UEI-IMD-FL-1996-0075,1996-07-11,1996-07-11,1.0,heavy rains,,Mumbai,Maharashtra,,,,,1.0,11.0,,,"1 child died,11 other injured in Dharavi area",,IMD,,4.656,2.5762,8.6708,12.3839,7.0717,0.5619,52.3896,103.7514,7.0717,7.0717,IMD 0.25° gridded regional mean rainfall over the selected Mumbai-area cells (CRS Pune),COMPLETE,All event days and full 7-day preceding window observed
MUM_FL_074,UEI-IMD-FL-1996-0076,1996-07-15,1996-07-21,7.0,heavy rains,,"Mumbai, Thane",Maharashtra,,,,,16.0,6.0,,,"i)15 persons died,6 other injured ii)1 child died due to wall collapse in Borivali","i)Normal life completely paralysed ii)10 houses damaged in Thane iii)Suburbanan railway services completely disrupted iv)One multi storeyed building collapsed,several houses in Mumbai damaged v)3,000 people shifted to safer places in Ulhasnagar vi)Low lying areas flooded vii)Public transport completely disrupted",IMD,,119.5941,12.4805,46.4106,55.8501,58.5838,15.1931,72.8207,132.282,104.495,358.96,IMD 0.25° gridded regional mean rainfall over the selected Mumbai-area cells (CRS Pune),COMPLETE,All event days and full 7-day preceding window observed
MUM_FL_075,UEI-IMD-FL-1996-0077,1996-08-25,1996-08-25,1.0,heavy rains,,Mumbai,Maharashtra,,,,,,,,,,i)Railway train schedule collapsed ii)Vehicular traffic blocked,IMD,,54.4305,11.3543,10.6827,0.0,19.1169,6.5774,23.8703,74.0695,19.1169,19.1169,IMD 0.25° gridded regional mean rainfall over the selected Mumbai-area cells (CRS Pune),COMPLETE,All event days and full 7-day preceding window observed
MUM_FL_076,UEI-IMD-FL-1996-0082,1996-09-26,1996-10-05,10.0,heavy rains,,"Gondia, Bhandara, Jalgaon, Wardha, Buldhana, Akola, Nashik, Gadchiroli, Washim, Chandrapur, Yavatmal, Jalna, Ahmednagar, Hingoli, Nanded, Parbhani, Pune, Beed, Mumbai, Latur, Dharashiv, Solapur, Satara, Ratnagiri, Sangli, Kolhapur, Sindhudurg, Thane, Palghar, Nandurbar, Amravati, Dhule, Nagpur, Aurangabad, Raigarh, Mumbai Suburban",Maharashtra,,,,,34.0,,,2003.0,"i)26 persons died,8 other missing ii)3 cattleheads,2000 birds perished","i)13 district affected ii)2,021 houses damaged. Loss estimated to worth Rs. 47,46,000/- iii)12 cowsheds worth Rs. 34,000/- damaged iv)Property worth Rs. 1,18,00,000/- in 30 taluks of 13 districts damaged v)Crops in 170 hectares of land destroyed while 116 hectares of agriculture land inundated. Loss estimated to worth Rs. 44,19,000/-",IMD,,0.4807,4.343,0.0,7.4104,3.0585,0.0,31.4037,46.731,64.5422,118.1787,IMD 0.25° gridded regional mean rainfall over the selected Mumbai-area cells (CRS Pune),COMPLETE,All event days and full 7-day preceding window observed
MUM_FL_077,UEI-IMD-FL-1997-0059,1997-06-18,1997-06-23,6.0,heavy rains,,"Mumbai, Mumbai Suburban,Thane",Maharashtra,,,,,16.0,24.0,,,"16 persons died,24 injured at different places due to landslide/uprooting of trees/blown off roof-tops of houses",i)150 houses badly damaged ii)Telephone services disrupted,IMD,,45.4659,10.4499,32.4345,1.999,22.5873,14.1258,44.1398,77.6956,87.6461,281.467,IMD 0.25° gridded regional mean rainfall over the selected Mumbai-area cells (CRS Pune),COMPLETE,All event days and full 7-day preceding window observed
MUM_FL_078,UEI-IMD-FL-1997-0060,1997-06-21,1997-06-21,1.0,heavy rains,,Mumbai Suburban,Maharashtra,,,,,1.0,6.0,,,"1 person died,6 other injured due to landslide at Ghatkopar",,IMD,,113.2239,65.6066,84.9667,27.3941,72.7978,44.7345,154.9679,214.3333,72.7978,72.7978,IMD 0.25° gridded regional mean rainfall over the selected Mumbai-area cells (CRS Pune),COMPLETE,All event days and full 7-day preceding window observed
MUM_FL_079,UEI-IMD-FL-1997-0061,1997-06-29,1997-06-29,1.0,heavy rains,,"Mumbai, Pune",Maharashtra,,,,,1.0,8.0,,,"1 persosn died,8 other injured due to building collapse","15 poles uprooted wires snapped off, disrupting telephone services in Purandar, Neera, Walhe, Vir,Parinche areas",IMD,,8.753,29.1964,4.1868,15.7372,14.4683,19.1906,29.2992,130.5121,14.4683,14.4683,IMD 0.25° gridded regional mean rainfall over the selected Mumbai-area cells (CRS Pune),COMPLETE,All event days and full 7-day preceding window observed
MUM_FL_080,UEI-IMD-FL-1997-0062,1997-07-05,1997-07-07,3.0,heavy rains,,"Mumbai, Mumbai Suburban, Raigarh, Ratnagiri, Sindhudurg,Thane",Maharashtra,,,,,1.0,1.0,,,"i)1 person died,1 injured at Worli ii)A few passengers-b injured when a building near Metro cinema collapsed",i)Normal life disrupted ii)Railway communication disrupted iii)Waterlogging at many places reported iv)Business in flower/vegetable/fruit markey affected v)3 cars crushed under a wall collpased at Worli vi)A few trees uprooted,IMD,,52.0543,38.059,70.5693,45.8037,51.6216,16.1339,61.3348,130.3242,95.0945,220.5797,IMD 0.25° gridded regional mean rainfall over the selected Mumbai-area cells (CRS Pune),COMPLETE,All event days and full 7-day preceding window observed
MUM_FL_081,UEI-IMD-FL-1997-0067,1997-08-02,1997-08-02,1.0,heavy rains,,"Mumbai, Kolhapur",Maharashtra,,,,,8.0,21.0,,,"6 persons died,21 other injured, 2 persons washed away",One building collapsed in South Mumbai,IMD,,10.7905,25.5253,13.8187,10.1743,15.0772,20.327,112.3879,311.0874,15.0772,15.0772,IMD 0.25° gridded regional mean rainfall over the selected Mumbai-area cells (CRS Pune),COMPLETE,All event days and full 7-day preceding window observed
MUM_FL_082,UEI-IMD-FL-1997-0071,1997-08-22,1997-08-24,3.0,heavy rains,,"Gondia, Bhandara, Jalgaon, Wardha, Buldhana, Akola, Nashik, Gadchiroli, Washim, Chandrapur, Yavatmal, Jalna, Ahmednagar, Hingoli, Nanded, Parbhani, Pune, Beed, Mumbai, Latur, Dharashiv, Solapur, Satara, Ratnagiri, Sangli, Kolhapur, Sindhudurg, Thane, Palghar, Nandurbar, Amravati, Dhule, Nagpur, Aurangabad, Raigarh, Mumbai Suburban",Maharashtra,,,,,40.0,,,,"i)40 persons died of which 25 from Mumbai,Thane alone ii)Dozens of people injured",i)Several thousand people rendered homeless ii)Normal life disrupted iii)Road/ Railway traffic paralysed,IMD,,93.9639,22.3312,29.0744,7.3321,38.1754,21.8009,35.5811,55.926,184.1218,275.9887,IMD 0.25° gridded regional mean rainfall over the selected Mumbai-area cells (CRS Pune),COMPLETE,All event days and full 7-day preceding window observed
MUM_FL_083,UEI-IMD-FL-1997-0087,1997-12-06,1997-12-08,3.0,heavy rains,,Mumbai,Maharashtra,,,,,,,,,,i)Train services delayed ii)Normal life affected,IMD,,0.0,0.0,0.0,0.0,0.0,0.0,0.0,0.8361,25.6727,25.6727,IMD 0.25° gridded regional mean rainfall over the selected Mumbai-area cells (CRS Pune),COMPLETE,All event days and full 7-day preceding window observed
MUM_FL_084,UEI-IMD-FL-1998-0071,1998-06-27,1998-06-28,2.0,heavy rains,,Mumbai,Maharashtra,,,,,5.0,,,,5 persons died,Rail/road traffic disrupted,IMD,,52.8296,44.6636,23.2685,8.2677,32.2574,2.4399,14.7826,85.522,77.8935,110.1509,IMD 0.25° gridded regional mean rainfall over the selected Mumbai-area cells (CRS Pune),COMPLETE,All event days and full 7-day preceding window observed
MUM_FL_085,UEI-IMD-FL-1998-0072,1998-07-01,1998-07-02,2.0,heavy rains,,"Buldhana, Mumbai,Thane",Maharashtra,,,,,14.0,,,,"13 persons died, 1 person died",Traffic disrupted due to waterlogging,IMD,,45.8049,10.405,50.8257,53.6647,40.1751,60.5909,209.7196,256.7596,67.0609,107.236,IMD 0.25° gridded regional mean rainfall over the selected Mumbai-area cells (CRS Pune),COMPLETE,All event days and full 7-day preceding window observed
MUM_FL_086,UEI-IMD-FL-1998-0074,1998-07-12,1998-07-12,1.0,heavy rains,,Mumbai,Maharashtra,,,,,2.0,,,,2 persons died,"Low lying areas submerged,traffic disrupted",IMD,,0.1907,1.9647,13.4406,2.9994,4.6489,0.5352,16.3282,147.9555,4.6489,4.6489,IMD 0.25° gridded regional mean rainfall over the selected Mumbai-area cells (CRS Pune),COMPLETE,All event days and full 7-day preceding window observed
MUM_FL_087,UEI-IMD-FL-1999-0058,1999-06-17,1999-06-17,1.0,heavy rains,,"Mumbai, Jalgaon",Maharashtra,,,,,2.0,5.0,,,"2 persons died, 5 persons drowned in a stream at Mohgarh","Thousand of commuters stranded at various suburbs due to water logging,local trains running behind schedule",IMD,,92.518,46.4381,111.7633,24.222,68.7353,2.4246,20.2164,50.1962,68.7353,68.7353,IMD 0.25° gridded regional mean rainfall over the selected Mumbai-area cells (CRS Pune),COMPLETE,All event days and full 7-day preceding window observed
MUM_FL_088,UEI-IMD-FL-1999-0060,1999-06-23,1999-06-24,2.0,heavy rains,,"Gondia, Bhandara, Jalgaon, Wardha, Buldhana, Akola, Nashik, Gadchiroli, Washim, Chandrapur, Yavatmal, Jalna, Ahmednagar, Hingoli, Nanded, Parbhani, Pune, Beed, Mumbai, Latur, Dharashiv, Solapur, Satara, Ratnagiri, Sangli, Kolhapur, Sindhudurg, Thane, Palghar, Nandurbar, Amravati, Dhule, Nagpur, Aurangabad, Raigarh, Mumbai Suburban",Maharashtra,,,,,21.0,,,,"21 persons died,several injured","i)Railway services, road links disrupted ii)Substantial damage to property,agriculture reported",IMD,,205.476,26.0615,111.2461,137.0786,119.9655,41.4361,116.5438,242.554,119.9655,133.5221,IMD 0.25° gridded regional mean rainfall over the selected Mumbai-area cells (CRS Pune),COMPLETE,All event days and full 7-day preceding window observed
MUM_FL_089,UEI-IMD-FL-1999-0061,1999-07-15,1999-07-21,7.0,heavy rains,,"Mumbai, Nashik, Pune, Raigarh, Ratnagiri,Thane",Maharashtra,,,,,22.0,10.0,,,"i)22 persons died,6 injured due to landslide in Mumbai ii)4 persons washed away in the river at Nashik","i)Multiple landslides due to torrential rains caused the worst traffic-jam in 20 years on Pune - Mumbai road,landslides also reported on Mumbai- Goa highway,Ratnagiri ii)Konkan railway services disrupted as the portion of rail track between Pen,Jite damaged iii)Extensive damage to property,agriculture reported",IMD,,35.003,43.272,65.0987,117.9097,65.3208,43.0479,59.449,177.5516,80.8165,396.5287,IMD 0.25° gridded regional mean rainfall over the selected Mumbai-area cells (CRS Pune),COMPLETE,All event days and full 7-day preceding window observed
MUM_FL_090,UEI-IMD-FL-2000-0081,2000-07-08,2000-07-08,1.0,heavy rains,,"Mumbai,Mumbai Suburban",Maharashtra,,,,,20.0,14.0,,,"5 persons died,15 people injured in building collapse, another 14 dead when boat sank",,IMD,,156.9303,121.0975,182.849,97.7881,139.6662,91.4935,170.5627,384.0916,139.6662,139.6662,IMD 0.25° gridded regional mean rainfall over the selected Mumbai-area cells (CRS Pune),COMPLETE,All event days and full 7-day preceding window observed
MUM_FL_091,UEI-IMD-FL-2000-0083,2000-07-12,2000-07-12,1.0,heavy rains,,"Mumbai,Mumbai Suburban",Maharashtra,,,,,66.0,52.0,,,"(i)65 died,50 injured seriouslyin Ghatkopar (ii)2 children drowned in Wakola,1 person died in Deonar","(i) Due to landslides in Ghatkopa, people residing at the footof the hill were buried alive, hutments crushed (ii)Long dsitance as well as local trains completely stopped, flights fromm Mumbai cancelled (iii) Commuters stranded everywhere as elevated areas were also flooded, water entered upto first floor in low lying areas (iv) Electric supply to several substations,feeders was switched off as a safety measure (v) fire brigade reported 25 major tree falls",IMD,,143.2138,104.4096,100.8468,90.4618,109.733,32.8947,225.5501,535.779,109.733,109.733,IMD 0.25° gridded regional mean rainfall over the selected Mumbai-area cells (CRS Pune),COMPLETE,All event days and full 7-day preceding window observed
MUM_FL_092,UEI-IMD-FL-2000-0085,2000-07-12,2000-07-12,1.0,heavy rains,,"Mumbai, Mumbai Suburban, Raigad, Ratnagiri, Sindhudurg, Thane, Palghar",Maharashtra,,,,,,,,,,"(i) 35 landslides reported fom different places from Khed to Kundal on the Konkan railway tracks damaged completely (ii) The worst landslide  between Aravali-Aasurde reported at the opening of the tunnel 12. Waterflooded the 5km long  tunnel, destroying tunnel,the tracks completely",IMD,,143.2138,104.4096,100.8468,90.4618,109.733,32.8947,225.5501,535.779,109.733,109.733,IMD 0.25° gridded regional mean rainfall over the selected Mumbai-area cells (CRS Pune),COMPLETE,All event days and full 7-day preceding window observed
MUM_FL_093,UEI-IMD-FL-2001-0064,2001-06-16,2001-06-18,3.0,heavy rains,,"Mumbai,Thane",Maharashtra,,,,,8.0,6.0,,,"8 persons died,6 fishermen reported missing","(i)Central harbor,western railway services dispruted (ii)Thousand of huts flooded (iii) Many trees uprooted, walls collapsed,electric wires snapped off",IMD,,10.9266,27.6314,43.378,84.1872,41.5308,134.6305,191.5135,294.7369,108.0579,225.8329,IMD 0.25° gridded regional mean rainfall over the selected Mumbai-area cells (CRS Pune),COMPLETE,All event days and full 7-day preceding window observed
MUM_FL_094,UEI-IMD-FL-2001-0070,2001-07-09,2001-07-10,2.0,heavy rains,,Mumbai,Maharashtra,,,,,2.0,,,,2 persons died,Many trees uprooted,IMD,,103.5075,272.0009,141.8683,90.2474,151.906,76.5848,128.8239,304.0203,151.906,245.5247,IMD 0.25° gridded regional mean rainfall over the selected Mumbai-area cells (CRS Pune),COMPLETE,All event days and full 7-day preceding window observed
MUM_FL_095,UEI-IMD-FL-2001-0077,2001-09-19,2001-09-19,1.0,heavy rains,,Mumbai ,Maharashtra,,,,,,2.0,,,2 persons drowned,,IMD,,13.6888,14.208,33.0469,22.2464,20.7975,16.4621,20.0792,25.8284,20.7975,20.7975,IMD 0.25° gridded regional mean rainfall over the selected Mumbai-area cells (CRS Pune),COMPLETE,All event days and full 7-day preceding window observed
MUM_FL_096,UEI-IMD-FL-2002-0038,2002-06-22,2002-06-28,7.0,heavy rains,,"Amravati, Bhandara, Buldhana, Dhule, Jalgaon, Mumbai, Nagpur, Nashik, Pune,Thane",Maharashtra,,,,,94.0,,,,(i)94 persons died (ii)500 animals perished,"(i)Bhiwandi, Dahanu,Palghar tehsils in Thane dist. worst affected (ii) Many houses collapsed (iii)Long distance trains departing from Mumbai Central,Western ailways cancelled, routes of many trains like Amritsar-Mumbai, Jaipur-Mumbai,etc. diverted (v)Railway bridge between Palghar,Bhoisar (Thane) Damaged completely (vi)Tomato crop in various tehsils like Junnar, Umbraj,Narayangaon infested with fungal growths causing heavy losses",IMD,,22.1838,7.8949,16.3775,21.6252,17.0204,47.9446,99.7013,194.8356,131.4647,288.908,IMD 0.25° gridded regional mean rainfall over the selected Mumbai-area cells (CRS Pune),COMPLETE,All event days and full 7-day preceding window observed
MUM_FL_097,UEI-IMD-FL-2002-0039,2002-08-05,2002-08-07,3.0,heavy rains,,Mumbai,Maharashtra,,,,,10.0,,,,"(i)8 persons died,many injured due to landslide from hill in Kurla (ii)2 persons also died in different incidents","(i)Road traffic, train services,domestic rand international flights affected badly (ii)Around 40 trees uprooted in Mumbai",IMD,,129.5706,62.3838,96.277,105.1682,98.3499,30.908,36.4257,48.4604,144.6453,270.0275,IMD 0.25° gridded regional mean rainfall over the selected Mumbai-area cells (CRS Pune),COMPLETE,All event days and full 7-day preceding window observed
MUM_FL_098,UEI-IMD-FL-2002-0042,2002-08-11,2002-08-11,1.0,heavy rains,,Mumbai,Maharashtra,,,,,,,,,,"Tidal waves upto height of 20 ft. reported, due to whih snackstalls washed away",IMD,,24.6215,32.2215,20.6781,46.8297,31.0877,85.4301,265.0344,565.9699,31.0877,31.0877,IMD 0.25° gridded regional mean rainfall over the selected Mumbai-area cells (CRS Pune),COMPLETE,All event days and full 7-day preceding window observed
MUM_FL_099,UEI-IMD-FL-2002-0043,2002-08-22,2002-08-24,3.0,heavy rains,,"Gondia, Bhandara, Jalgaon, Wardha, Buldhana, Akola, Nashik, Gadchiroli, Washim, Chandrapur, Yavatmal, Jalna, Ahmednagar, Hingoli, Nanded, Parbhani, Pune, Beed, Mumbai, Latur, Dharashiv, Solapur, Satara, Ratnagiri, Sangli, Kolhapur, Sindhudurg, Thane, Palghar, Nandurbar, Amravati, Dhule, Nagpur, Aurangabad, Raigarh, Mumbai Suburban",Maharashtra,,,,,15.0,4.0,,,"15 persons died,4 injured","(i)Moong, tur, blackgram,chillies destroyed (ii)Bridge on the river Khadakpurna(Buldana dist.) submerged under 5 ft. of water",IMD,,0.1523,3.4628,0.1269,2.7504,1.6231,0.7489,7.6786,38.7321,4.4911,8.9104,IMD 0.25° gridded regional mean rainfall over the selected Mumbai-area cells (CRS Pune),COMPLETE,All event days and full 7-day preceding window observed
MUM_FL_100,UEI-IMD-FL-2003-0061,2003-06-19,2003-06-21,3.0,heavy rains,,Mumbai,Maharashtra,,,,,1.0,1.0,,,"1 person died,another injured at Ghatkopar due to lanslide",(i)Landslide reported (ii)Low lying areas submerged disrupting road traffic (iii)Rail tracks also submerged. Many trains delayed/cancelled (iv) More than 50 trees uprooted,IMD,,137.4918,194.8802,101.8476,91.5464,131.4415,36.5189,85.5033,136.8108,131.4415,290.6857,IMD 0.25° gridded regional mean rainfall over the selected Mumbai-area cells (CRS Pune),COMPLETE,All event days and full 7-day preceding window observed
MUM_FL_101,UEI-IMD-FL-2003-0065,2003-06-28,2003-06-29,2.0,heavy rains,,Mumbai,Maharashtra,,,,,4.0,,,,"4 persons died,many injured undr debris",(i) A 6 Storeyed constructions collapsd near Grant Road railway station (ii)Railway tracks submerged at many points. Many trains delayed/cancelled (iii)Several roads waterloggd. Road traffic disrupted. (iv) Many trees uprooted,IMD,,132.1779,98.7952,122.6873,102.4461,114.0266,6.0707,74.8657,133.2384,114.0266,169.947,IMD 0.25° gridded regional mean rainfall over the selected Mumbai-area cells (CRS Pune),COMPLETE,All event days and full 7-day preceding window observed
MUM_FL_102,UEI-IMD-FL-2003-0066,2003-07-07,2003-07-07,1.0,heavy rains,,Mumbai,Maharashtra,,,,,,2.0,,,"1 youth drowned in falls in Sanjay Gandhi National Park at Borivali,another injured due to wall collapse at Bhandup",(i) Low lying areas inundated (ii)Around 50 trees uprooted,IMD,,91.5138,84.001,85.2184,75.8139,84.1368,9.0531,69.233,168.1678,84.1368,84.1368,IMD 0.25° gridded regional mean rainfall over the selected Mumbai-area cells (CRS Pune),COMPLETE,All event days and full 7-day preceding window observed
MUM_FL_103,UEI-IMD-FL-2004-0042,2004-06-18,2004-06-18,1.0,heavy rains,,Mumbai,Maharashtra,,,,,1.0,10.0,,,"1 person died,10 other injured in separate incidents of house collapse",(i)A few houses collapsed (ii)More than 200 trees uprooted,IMD,,70.5821,47.909,69.5724,43.0109,57.7686,29.9039,122.9819,146.141,57.7686,57.7686,IMD 0.25° gridded regional mean rainfall over the selected Mumbai-area cells (CRS Pune),COMPLETE,All event days and full 7-day preceding window observed
MUM_FL_104,UEI-IMD-FL-2004-0044,2004-07-26,2004-08-05,11.0,heavy rains,,"Mumbai, Pune,Thane",Maharashtra,,,,,33.0,50.0,,,"33 persons died,more than 50 injured in separate incidents of landslide/ house collapse/ drowning","(i)Landslide reported (ii)Lowlying areas inundated (iii)Most of the roads washed away at many points (iv) Rail/road communication affected (v) Trees uprooted in some areas (vi)Many houses damaged (vii)Most oof the paddy fields in Mulshi,Paud tehsils of Pune dist damaged",IMD,,60.8827,34.5294,69.3723,6.2188,42.7508,21.1179,72.4526,130.5,148.7655,805.8796,IMD 0.25° gridded regional mean rainfall over the selected Mumbai-area cells (CRS Pune),COMPLETE,All event days and full 7-day preceding window observed
MUM_FL_105,UEI-IMD-FL-2004-0045,2004-08-11,2004-08-12,2.0,heavy rains,,"Mumbai, Pune,Satara",Maharashtra,,,,,3.0,1.0,,,"3 persons died,1 injured due to landslide in Mumbai","(i) Landslide reported (ii)Loss of agriculture nad property reported in many villages of Patan tehsil in Stara dist., Along the banks of Koyna river (iii)400 year old construction of archaeological importance razed to ground at Shivneri Fort in Pune dist.",IMD,,16.1616,21.5849,26.2163,31.9555,23.9796,18.0633,46.0667,322.9423,93.7931,117.7727,IMD 0.25° gridded regional mean rainfall over the selected Mumbai-area cells (CRS Pune),COMPLETE,All event days and full 7-day preceding window observed
MUM_FL_106,UEI-IMD-FL-2005-0100,2005-06-22,2005-06-28,7.0,heavy rains,,"Mumbai,Thane",Maharashtra,,,,,,,,,"24 persons including 4 women died,4 other drowned. ",103 trees uprooted.,IMD,,52.4521,46.1646,54.6004,49.1652,50.5956,28.896,84.947,100.102,152.3401,420.5803,IMD 0.25° gridded regional mean rainfall over the selected Mumbai-area cells (CRS Pune),COMPLETE,All event days and full 7-day preceding window observed
MUM_FL_107,UEI-IMD-FL-2005-0107,2005-07-26,2005-07-27,2.0,heavy rains,,Mumbai,Maharashtra,,,,,273.0,,,1000.0,i) 273 persons died. ii) 1000 cattleheads perished. ,5000 people evacuated to safer places.,IMD,,6.8773,10.2009,10.588,9.7584,9.3562,10.0886,32.4677,262.4839,546.4302,555.7864,IMD 0.25° gridded regional mean rainfall over the selected Mumbai-area cells (CRS Pune),COMPLETE,All event days and full 7-day preceding window observed
MUM_FL_108,UEI-IMD-FL-2005-0115,2005-09-08,2005-09-14,7.0,heavy rains,,"Aurangabad, Bhandara, Gondia, Jalna, Mumbai, Solapur,Wardha ",Maharashtra,,,,,11.0,19.0,,,"11 persons died,19 other injured.","i) 151 houses completely,40 houses partially damaged. ii) Damage to maize, coriander, pulses, onion,fruit gardens reported. iii) 5000 people shifted to safer places. iv) Many trees uprooted. ",IMD,,10.0387,9.593,6.6912,9.011,8.8335,0.8337,35.9506,78.7713,206.9878,377.9288,IMD 0.25° gridded regional mean rainfall over the selected Mumbai-area cells (CRS Pune),COMPLETE,All event days and full 7-day preceding window observed
MUM_FL_109,UEI-IMD-FL-2005-0116,2005-09-21,2005-09-21,1.0,heavy rains,,Mumbai,Maharashtra,,,,,,3.0,,,3 persons injured in Vikroli.,Landslide reported.,IMD,,18.8752,20.1222,23.0144,19.3829,20.3487,12.5652,29.005,79.7483,20.3487,20.3487,IMD 0.25° gridded regional mean rainfall over the selected Mumbai-area cells (CRS Pune),COMPLETE,All event days and full 7-day preceding window observed
MUM_FL_110,UEI-IMD-FL-2006-0073,2006-05-30,2006-06-02,4.0,heavy rains,,"Aurangabad, Dhule, Mumbai, Nagpur, Kolhapur,Sindhudurg ",Maharashtra,,,,,38.0,9.0,,,"38 persons died,9 injured.","i) Some areas,rail track inundated. ii) 100 trees uprooted. iii) Normal life paralysed.",IMD,,0.0,0.0,0.0,0.0,0.0,0.0,0.0,0.0,110.155,192.5192,IMD 0.25° gridded regional mean rainfall over the selected Mumbai-area cells (CRS Pune),COMPLETE,All event days and full 7-day preceding window observed
MUM_FL_111,UEI-IMD-FL-2006-0077,2006-07-01,2006-07-07,7.0,heavy rains,,"Amravati, Chandrapur, Dhule,  Gadchiroli, Jalgaon, Kolhapur, Mumbai, Nagpur, Nashik, Pune, Raigarh, Satara, Thane,Washim",Maharashtra,,,,,131.0,9.0,,,"i) 131 persons died,9 injured. ii) Many cattleheads perished. ","i) Low lying areas, bridges inundated. About 185 villages cut off. ii) Road/rail /air traffic disrupted. iii) Extensive damage to agriculture & vegetable crop reported iv) Many houses,trees collapsed. ",IMD,,82.2091,108.3186,61.128,56.3145,76.9926,55.6371,148.026,220.2035,153.5699,641.4302,IMD 0.25° gridded regional mean rainfall over the selected Mumbai-area cells (CRS Pune),COMPLETE,All event days and full 7-day preceding window observed
MUM_FL_112,UEI-IMD-FL-2006-0082,2006-08-15,2006-08-15,1.0,heavy rains,,Mumbai,Maharashtra,,,,,1.0,,,,One woman died.,,IMD,,16.9753,32.6551,17.4263,15.7425,20.6998,9.1704,33.5917,288.8118,20.6998,20.6998,IMD 0.25° gridded regional mean rainfall over the selected Mumbai-area cells (CRS Pune),COMPLETE,All event days and full 7-day preceding window observed
MUM_FL_113,UEI-IMD-FL-2006-0084,2006-09-12,2006-09-17,6.0,heavy rains,,"Ahmednagar, Beed, Jalna, Mumbai, Nashik, Dharashiv, Pune,Satara",Maharashtra,,,,,12.0,,,,12 persons died.,i) Landslide reported. ii) Few houses inundated. iii) 7 embankment breached. iv) Low lying areas flooded. V) Road traffic disrupted. vi) Sugarcane in about 300 acres damaged. vii) Extensive damage to agriculture reported.,IMD,,0.5015,2.5638,2.5019,8.9386,3.6264,0.5144,0.7611,50.7209,39.6742,101.7756,IMD 0.25° gridded regional mean rainfall over the selected Mumbai-area cells (CRS Pune),COMPLETE,All event days and full 7-day preceding window observed
MUM_FL_114,UEI-IMD-FL-2007-0095,2007-06-24,2007-06-24,1.0,heavy rains,,"Amravati, Mumbai ",Maharashtra,,,,,7.0,4.0,,,"a)One woman died,4 other injured due to wall collapse at Gonapur. b)6 persons died due to landslide. ","Wall collapse, house crash reported.",IMD,,93.9626,78.3452,85.4801,75.2774,83.2663,23.2986,47.613,101.87,83.2663,83.2663,IMD 0.25° gridded regional mean rainfall over the selected Mumbai-area cells (CRS Pune),COMPLETE,All event days and full 7-day preceding window observed
MUM_FL_115,UEI-IMD-FL-2007-0096,2007-06-30,2007-06-30,1.0,heavy rains,,"Mumbai, Ratnagiri,Satara",Maharashtra,,,,,16.0,,,,16 persons died.,"1500 people evacuated from Mumbai,550 from Ratnagiri.",IMD,,144.7751,90.2142,85.0723,41.472,90.3834,70.6857,118.9574,343.4931,90.3834,90.3834,IMD 0.25° gridded regional mean rainfall over the selected Mumbai-area cells (CRS Pune),COMPLETE,All event days and full 7-day preceding window observed
MUM_FL_116,UEI-IMD-FL-2007-0100,2007-08-01,2007-08-09,9.0,flood (cloud burst),,"Amravati, Bhandara, Chandrapur, Gadchiroli, Gondia, Aurangabad,Beed,Hingoli, Jalna, Latur, Nanded,Dharashiv,Parbhani, Mumbai, Nagpur, Nashik, Sindhudurg, Thane, Wardha,Washim",Maharashtra,,,,,32.0,22.0,,100.0,"i) 32 persons died,3 other injured. ii) 19 persons washed away. iii) More than 100 cattle heads perished. ","i) Standing crops at Nilanga damaged. ii) Low lying areas of Pathari inundated. iii) Walls of houses,hotels collapsed in Kudala taluka. iv) More than 500 villages marooned. v) 715 houses damaged. ",IMD,,1.0721,3.492,1.6124,1.2208,1.8493,4.177,170.2824,304.6791,113.1982,422.1127,IMD 0.25° gridded regional mean rainfall over the selected Mumbai-area cells (CRS Pune),COMPLETE,All event days and full 7-day preceding window observed
MUM_FL_117,UEI-IMD-FL-2008-0075,2008-06-07,2008-06-09,3.0,heavy rains,,"Raigarh, Mumbai, Raigarh,Thane ",Maharashtra,,,,,10.0,19.0,,,"10 persons including 2 children died,19 others injured.",i) Landslide reported. ii) Many trees uprooted. iii) Low lying areas flooded. iv) Few houses collapsed.,IMD,,18.2172,17.1437,17.1597,16.6319,17.2881,2.3098,14.3205,14.3205,17.2881,22.1814,IMD 0.25° gridded regional mean rainfall over the selected Mumbai-area cells (CRS Pune),COMPLETE,All event days and full 7-day preceding window observed
MUM_FL_118,UEI-IMD-FL-2008-0077,2008-07-01,2008-07-02,2.0,heavy rains,,"Mumbai,Thane",Maharashtra,,,,,5.0,,,,5 persons died including 2 others electrocuted.,i) Low lying houses flooded. ii) Many trees uprooted.,IMD,,77.0731,75.1393,74.5373,73.5784,75.082,19.8363,21.2882,42.2418,121.353,196.435,IMD 0.25° gridded regional mean rainfall over the selected Mumbai-area cells (CRS Pune),COMPLETE,All event days and full 7-day preceding window observed
MUM_FL_119,UEI-IMD-FL-2008-0078,2008-07-26,2008-07-31,6.0,flash flood,,"Bhandara, Mumbai, Raigarh,Wardha",Maharashtra,,,,,6.0,,,,6 persons died.,1) Landslide reported. ii) Low lying areas inundated. ii) Few houses collapsed. iv) Many trees uprooted.,IMD,,8.1155,8.2496,8.9152,8.8888,8.5423,9.7323,18.0697,43.2481,145.0579,300.1428,IMD 0.25° gridded regional mean rainfall over the selected Mumbai-area cells (CRS Pune),COMPLETE,All event days and full 7-day preceding window observed
MUM_FL_120,UEI-IMD-FL-2008-0081,2008-08-09,2008-08-14,6.0,"flood (indrayani, mula, panchganga, pavana)",,"Kolhapur, Mumbai, Pune, Ratnagiri, Satara,Sindhudurg ",Maharashtra,,,,,35.0,35.0,,,"35 persons died,35 others injured.","i) Landslide reported. ii) Road / rail traffic,power supply disrupted. iii) About 120 villages marooned, iv) Ratnagiri - Kolhapur highway disrupted. v) 1500 houses damaged. vi) About 900 people evacuated. vii) Extensive damage to grain stock reported. ",IMD,,28.0362,28.7385,30.0599,30.3243,29.2897,12.7369,90.5673,272.2355,260.681,630.5837,IMD 0.25° gridded regional mean rainfall over the selected Mumbai-area cells (CRS Pune),COMPLETE,All event days and full 7-day preceding window observed
MUM_FL_121,UEI-IMD-FL-2009-0047,2009-06-24,2009-06-29,6.0,heavy rains,,"Mumbai, Nagpur,Yavatmal ",Maharashtra,,,,,3.0,7.0,,,"3 persons died,7 other injured. ","Damage to the crops,property reported.",IMD,,10.2502,11.5561,9.4185,11.1476,10.5931,5.1414,7.9668,11.6095,101.0317,224.3817,IMD 0.25° gridded regional mean rainfall over the selected Mumbai-area cells (CRS Pune),COMPLETE,All event days and full 7-day preceding window observed
MUM_FL_122,UEI-IMD-FL-2009-0048,2009-07-03,2009-07-08,6.0,heavy rains,,"Amravati, Mumbai,Nashik",Maharashtra,,,,,12.0,,,,12 persons died.,,IMD,,51.3695,57.4859,53.5399,55.6645,54.515,8.8466,25.7897,226.2355,181.2246,315.5416,IMD 0.25° gridded regional mean rainfall over the selected Mumbai-area cells (CRS Pune),COMPLETE,All event days and full 7-day preceding window observed
MUM_FL_123,UEI-IMD-FL-2009-0049,2009-07-14,2009-07-15,2.0,heavy rains,,"Mumbai, Gadchiroli,Nagpur",Maharashtra,,,,,10.0,8.0,,,"10 persons died,8 other injured.",14 & 15 July,IMD,,133.3405,129.6594,137.6286,126.6391,131.8169,8.9936,39.9373,172.7096,191.4236,323.2405,IMD 0.25° gridded regional mean rainfall over the selected Mumbai-area cells (CRS Pune),COMPLETE,All event days and full 7-day preceding window observed
MUM_FL_124,UEI-IMD-FL-2009-0051,2009-09-05,2009-09-05,1.0,heavy rains,,Mumbai,Maharashtra,,,,,11.0,,,,11 persons died.,Landslide reported.,IMD,,24.5564,36.4764,17.1244,27.2642,26.3553,169.3123,230.4563,269.9655,26.3553,26.3553,IMD 0.25° gridded regional mean rainfall over the selected Mumbai-area cells (CRS Pune),COMPLETE,All event days and full 7-day preceding window observed
MUM_FL_125,UEI-IMD-FL-2010-0085,2010-06-16,2010-06-16,1.0,heavy rains,,"Beed,Mumbai",Maharashtra,,,,,9.0,7.0,,,"9 persons died,7 others injured.",i) About 100 trees uprooted. ii) Rail/road traffic disrupted. ,IMD,,79.883,61.1883,76.9564,51.4652,67.3732,44.3256,50.5576,113.7406,67.3732,67.3732,IMD 0.25° gridded regional mean rainfall over the selected Mumbai-area cells (CRS Pune),COMPLETE,All event days and full 7-day preceding window observed
MUM_FL_126,UEI-IMD-FL-2010-0086,2010-06-18,2010-06-20,3.0,heavy rains,,"Beed,Bhandara, Mumbai,Yavatmal",Maharashtra,,,,,8.0,,,,About 8 persons died.,,IMD,,1.9778,4.0006,0.0,0.0,1.4946,75.3971,187.0959,227.7358,56.882,63.4309,IMD 0.25° gridded regional mean rainfall over the selected Mumbai-area cells (CRS Pune),COMPLETE,All event days and full 7-day preceding window observed
MUM_FL_127,UEI-IMD-FL-2010-0087,2010-06-24,2010-06-26,3.0,heavy rains,,"Mumbai, Nandurbar, Ratnagiri,Yavatmal",Maharashtra,,,,,8.0,7.0,,,"8 persons died,7 others injured. ",i)Landslide reported. ii) A wall collapsed. ,IMD,,63.1119,87.4696,64.3319,27.1523,60.5164,76.6148,82.7112,221.5392,85.6539,154.2869,IMD 0.25° gridded regional mean rainfall over the selected Mumbai-area cells (CRS Pune),COMPLETE,All event days and full 7-day preceding window observed
MUM_FL_128,UEI-IMD-FL-2010-0089,2010-07-03,2010-07-03,1.0,heavy rains,,"Mumbai, Nanded, Parbhani",Maharashtra,,,,,4.0,,,,4 persons died. ,Air/rail/road traffic disrupted.,IMD,,0.2952,0.0,0.5554,0.9726,0.4558,36.2052,42.5643,75.9968,0.4558,0.4558,IMD 0.25° gridded regional mean rainfall over the selected Mumbai-area cells (CRS Pune),COMPLETE,All event days and full 7-day preceding window observed
MUM_FL_129,UEI-IMD-FL-2010-0091,2010-07-23,2010-07-25,3.0,heavy rains,,"Mumbai,Ratnagiri",Maharashtra,,,,,12.0,,,,12 persons died.,i) About 85 houses collapsed. ii) Air/rail traffic disrupted.,IMD,,51.74,134.4563,84.9398,96.5832,91.9298,96.1452,131.8439,234.7883,136.0689,274.7862,IMD 0.25° gridded regional mean rainfall over the selected Mumbai-area cells (CRS Pune),COMPLETE,All event days and full 7-day preceding window observed
MUM_FL_130,UEI-IMD-FL-2010-0093,2010-08-05,2010-08-06,2.0,heavy rains,,"Gadchiroli,Mumbai",Maharashtra,,,,,1.0,3.0,,,"One person died,3 others drowned.",i) Many villages affected. ii) Road communication disrupted. ,IMD,,5.3257,7.0575,1.732,2.085,4.05,28.9354,97.5959,277.5902,4.05,7.0906,IMD 0.25° gridded regional mean rainfall over the selected Mumbai-area cells (CRS Pune),COMPLETE,All event days and full 7-day preceding window observed
MUM_FL_131,UEI-IMD-FL-2010-0095,2010-08-17,2010-08-20,4.0,heavy rains,,"Buldhana, Mumbai,Yavatmal",Maharashtra,,,,,11.0,4.0,,,"11 persons died,4 others injured.",i) Landslide reported. ii) Few houses collapsed. iii) Rail service disrupted. ,IMD,,83.2405,11.8629,91.0215,0.431,46.639,8.9763,26.2289,70.7671,69.1205,192.1153,IMD 0.25° gridded regional mean rainfall over the selected Mumbai-area cells (CRS Pune),COMPLETE,All event days and full 7-day preceding window observed
MUM_FL_132,UEI-IMD-FL-2010-0101,2010-09-19,2010-09-19,1.0,heavy rains,,Mumbai,Maharashtra,,,,,,1.0,,,One boy swept away.,"Damage to houses,shops reported.",IMD,,5.7898,64.155,10.3787,2.2539,20.6443,17.8357,55.5082,59.9818,20.6443,20.6443,IMD 0.25° gridded regional mean rainfall over the selected Mumbai-area cells (CRS Pune),COMPLETE,All event days and full 7-day preceding window observed
MUM_FL_133,UEI-IMD-FL-2011-0068,2011-07-08,2011-07-08,1.0,heavy rains,,Mumbai,Maharashtra,,,,,10.0,,,,"About 10 persons died,few injured due to wall collapse",i)Low lying areas flooded. ii)Road traffic / electric supply disrupted. iii) Trees uprooted.,IMD,,140.9312,113.2466,102.988,31.1239,97.0724,18.9709,26.0622,62.4273,97.0724,97.0724,IMD 0.25° gridded regional mean rainfall over the selected Mumbai-area cells (CRS Pune),COMPLETE,All event days and full 7-day preceding window observed
MUM_FL_134,UEI-IMD-FL-2011-0072,2011-08-27,2011-08-29,3.0,heavy rains,,"Mumbai, Ratnagiri,Thane ",Maharashtra,,,,,4.0,15.0,,,"i) One person died,3 others injured in Haji Ali ii)One person swept away in Vasai. iii) 3 persons injured in Mulund due to fall of a tree. iv) One woman died due to wall collapse in Ratnagiri. v) 2 persons died,7 others injured due to landslide in Thane. vi) One boy swept away in Mithi river. ",i) Low lying areas submerged. ii) Damage to many houses due to landslide reported.,IMD,,52.2787,17.2624,69.9087,59.7567,49.8016,21.5553,67.2999,128.6732,177.1273,386.2665,IMD 0.25° gridded regional mean rainfall over the selected Mumbai-area cells (CRS Pune),COMPLETE,All event days and full 7-day preceding window observed
MUM_FL_135,UEI-IMD-FL-2011-0074,2011-09-03,2011-09-03,1.0,heavy rains,,"Dhule, Jalgaon, Mumbai,Nandurbar",Maharashtra,,,,,8.0,,,,"5 children died due to wall collapse in Mumbai,3 others in North Maharashtra.",,IMD,,31.0963,34.371,42.6798,63.0321,42.7948,25.9093,35.6542,495.2645,42.7948,42.7948,IMD 0.25° gridded regional mean rainfall over the selected Mumbai-area cells (CRS Pune),COMPLETE,All event days and full 7-day preceding window observed
MUM_FL_136,UEI-IMD-FL-2012-0061,2012-06-09,2012-06-09,1.0,heavy rains,,Mumbai,Maharashtra,,,,,,,,,,A building collapsed.,IMD,,5.2602,30.2891,16.3518,19.3955,17.8241,15.2997,19.9301,19.9301,17.8241,17.8241,IMD 0.25° gridded regional mean rainfall over the selected Mumbai-area cells (CRS Pune),COMPLETE,All event days and full 7-day preceding window observed
MUM_FL_137,UEI-IMD-FL-2012-0062,2012-06-29,2012-06-29,1.0,heavy rains,,Mumbai,Maharashtra,,,,,,,,,,"i) Few check dams collapsed. ii) Water logging,damaged roads disrupted road,rail traffic. ",IMD,,42.3392,16.6854,19.4919,4.9189,20.8589,10.0159,21.576,67.6733,20.8589,20.8589,IMD 0.25° gridded regional mean rainfall over the selected Mumbai-area cells (CRS Pune),COMPLETE,All event days and full 7-day preceding window observed
MUM_FL_138,UEI-IMD-FL-2013-0099,2013-06-09,2013-06-09,1.0,heavy rains ,,Mumbai ,Maharashtra,,,,,2.0,9.0,,,"2 persons died in Bhandup,9 others injured. ","i) Low lying areas flooded. ii) Trees/poles uprooted causing vehicular,traffic disruption. ",IMD,,42.9056,27.3644,34.1822,0.4116,26.216,59.7099,60.5471,72.2517,26.216,26.216,IMD 0.25° gridded regional mean rainfall over the selected Mumbai-area cells (CRS Pune),COMPLETE,All event days and full 7-day preceding window observed
MUM_FL_139,UEI-IMD-FL-2014-0060,2014-07-13,2014-07-13,1.0,heavy rains ,,Mumbai ,Maharashtra,,,,,4.0,,,,"One person died due to roof fell in Colaba, 3 others due to wall collapse in Shiwadi,Malad. ",,IMD,,79.8729,58.0804,63.9822,27.3018,57.3093,108.2834,202.6808,279.7692,57.3093,57.3093,IMD 0.25° gridded regional mean rainfall over the selected Mumbai-area cells (CRS Pune),COMPLETE,All event days and full 7-day preceding window observed
MUM_FL_140,UEI-IMD-FL-2014-0062,2014-07-31,2014-07-31,1.0,heavy rains,,Mumbai,Maharashtra,,,,,1.0,,,,One died due to landslide in Chembur. ,,IMD,,47.7639,73.6466,43.3329,55.2004,54.986,141.0949,350.6004,394.8378,54.986,54.986,IMD 0.25° gridded regional mean rainfall over the selected Mumbai-area cells (CRS Pune),COMPLETE,All event days and full 7-day preceding window observed
MUM_FL_141,UEI-IMD-FL-2015-0070,2015-07-28,2015-07-28,1.0,heavy rains,,Mumbai,Maharashtra,,,,,4.0,,,,4 persons died at Vakola Santacruz,,IMD,,24.3142,27.8532,33.5047,48.4414,33.5284,12.4261,53.8724,334.9724,33.5284,33.5284,IMD 0.25° gridded regional mean rainfall over the selected Mumbai-area cells (CRS Pune),COMPLETE,All event days and full 7-day preceding window observed
MUM_FL_142,UEI-IMD-FL-2015-0071,2015-07-29,2015-07-29,1.0,heavy rains,,"Mumbai,Mumbai Suburban, Thane",Maharashtra,,,,,9.0,10.0,,,"9 persons died,10 injured",,IMD,,29.8306,53.9669,39.0382,62.0962,46.233,33.5284,55.9514,266.9115,46.233,46.233,IMD 0.25° gridded regional mean rainfall over the selected Mumbai-area cells (CRS Pune),COMPLETE,All event days and full 7-day preceding window observed
MUM_FL_143,UEI-IMD-FL-2016-0093,2016-06-20,2016-06-20,1.0,heavy rains,,Mumbai,Maharashtra,,,,,1.0,,,,One person died.,22 trees uprooted causing disruption in vehicular traffic.,IMD,,36.2099,22.8111,18.8779,0.3128,19.5529,0.4273,1.6768,7.3349,19.5529,19.5529,IMD 0.25° gridded regional mean rainfall over the selected Mumbai-area cells (CRS Pune),COMPLETE,All event days and full 7-day preceding window observed
MUM_FL_144,UEI-IMD-FL-2016-0094,2016-06-25,2016-06-25,1.0,heavy rains,,Mumbai,Maharashtra,,,,,2.0,,,,2 persons died.,,IMD,,86.9669,79.8314,109.5399,42.3849,79.6808,38.0532,80.1319,152.2362,79.6808,79.6808,IMD 0.25° gridded regional mean rainfall over the selected Mumbai-area cells (CRS Pune),COMPLETE,All event days and full 7-day preceding window observed
MUM_FL_145,UEI-IMD-FL-2016-0095,2016-07-01,2016-07-03,3.0,heavy rains,,"Ahmednagar, Dhule, Jalgaon, Mumbai, Nandurbar, Nashik, Pune",Maharashtra,,,,,11.0,,,,11 persons died.,,IMD,,61.2938,20.7079,85.8965,59.1451,56.7608,7.8272,105.7258,371.0302,117.8799,277.8139,IMD 0.25° gridded regional mean rainfall over the selected Mumbai-area cells (CRS Pune),COMPLETE,All event days and full 7-day preceding window observed
MUM_FL_146,UEI-IMD-FL-2016-0097,2016-07-11,2016-07-12,2.0,heavy rains,,"Kolhapur, Mumbai, Mumbai Suburban, Raigad, Ratnagiri, Sindhudurg, Thane, Palghar",Maharashtra,,,,,1.0,,,,One person died in Konkan region.,"i) 31 roads including 22 main roads,9 highways are completely under water in Kolhapur Dist. ii) Around 80 villages lost contact from rest of the state in Konkan region.",IMD,,6.0669,18.6184,16.6069,63.7071,26.2498,19.2416,35.8938,167.4781,26.2498,46.1367,IMD 0.25° gridded regional mean rainfall over the selected Mumbai-area cells (CRS Pune),COMPLETE,All event days and full 7-day preceding window observed
MUM_FL_147,UEI-IMD-FL-2016-0100,2016-07-30,2016-07-31,2.0,heavy rains,,Mumbai,Maharashtra,,,,,1.0,4.0,,,One person died as tree fell on him & 4 others injured.,i) Damage to Ground-plus-three structure building & security cabin reported ii) A car & an auto-rickshaw damaged as tree fell on it.,IMD,,93.1128,59.8583,105.3093,81.6358,84.9791,59.3662,100.5142,138.603,84.9791,122.1836,IMD 0.25° gridded regional mean rainfall over the selected Mumbai-area cells (CRS Pune),COMPLETE,All event days and full 7-day preceding window observed
MUM_FL_148,UEI-IMD-FL-2017-0080,2017-06-26,2017-06-26,1.0,Heavy Rains,,Mumbai,Maharashtra,,,,,,2.0,,,2 women injured due to wall collapsed in Mulund (W),i) Damage to houses reported. ii) 48 trees uprooted.,IMD,,80.852,53.3647,66.2009,34.7516,58.7923,97.7611,126.7863,151.6479,58.7923,58.7923,IMD 0.25° gridded regional mean rainfall over the selected Mumbai-area cells (CRS Pune),COMPLETE,All event days and full 7-day preceding window observed
MUM_FL_149,UEI-IMD-FL-2017-0089,2017-08-30,2017-08-30,1.0,Heavy Rains,,"Palghar, Thane, Mumbai",Maharashtra,,,,,15.0,,,,"Total 15 persons died. Palghar �������� 5, Thane �������� 3, Mumbai - 7",,IMD,,178.2625,95.5408,264.451,95.1463,158.3502,121.9788,256.9015,364.8203,158.3502,158.3502,IMD 0.25° gridded regional mean rainfall over the selected Mumbai-area cells (CRS Pune),COMPLETE,All event days and full 7-day preceding window observed
MUM_FL_150,UEI-IMD-FL-2018-0054,2018-03-07,2018-03-07,1.0,Floods & Heavy rains,,Mumbai,Maharashtra,,,,,1.0,5.0,,,One youth washed away from Bandra & 5 others injured due to part of Ghokhale bridge collapsed in Andheri.,i) Damage to Ghokhale bridge reported. ii) Rail & Air services disrupted. Flight cancelled.,IMD,,0.0,0.0,0.0,0.0,0.0,0.0,0.0,0.0,0.0,0.0,IMD 0.25° gridded regional mean rainfall over the selected Mumbai-area cells (CRS Pune),COMPLETE,All event days and full 7-day preceding window observed
MUM_FL_151,UEI-IMD-FL-2018-0053,2018-06-25,2018-06-25,1.0,Heavy rains,,"Mumbai, Mumbai Suburban, Palghar, Raigarh, Sindhudurg, Thane",Maharashtra,,,,,8.0,,,,8 people died including one girl who washed away from Sindhudurg Dist.,"i) Damage to more than 10 vehicles reported. ii) Damage to building, roads reported.",IMD,,144.3432,156.9795,211.3974,157.1641,167.471,47.7393,90.9873,151.8459,167.471,167.471,IMD 0.25° gridded regional mean rainfall over the selected Mumbai-area cells (CRS Pune),COMPLETE,All event days and full 7-day preceding window observed
MUM_FL_152,UEI-IMD-FL-2018-0057,2018-10-07,2018-10-07,1.0,Floods & Heavy rains,,"Amravati, Mumbai",Maharashtra,,,,,1.0,,,,"One person died in Amravati, Dist.","i) Damage to Standing crops reported. ii) Damage to 35 houses partially,40 houses completely reported. iii) Water logging in Mumbai.",IMD,,0.0,0.0,0.0,0.0,0.0,0.0,0.0,0.0284,0.0,0.0,IMD 0.25° gridded regional mean rainfall over the selected Mumbai-area cells (CRS Pune),COMPLETE,All event days and full 7-day preceding window observed
MUM_FL_153,UEI-IMD-FL-2019-0090,2019-01-07,2019-01-07,1.0,Heavy rains,,"Mumbai, Nashik, Palghar, Pune",Maharashtra,,,,,12.0,3.0,,,"Total 12 persons died & 3 others injured. Viz. Mumbai - One electrocuted at Nehru Nagar in Vile Parle. Nashik - 3, Palghar �������� 2 in Jawahar city, Pune - 6 labourers died & 3 others injured due to wall collapsed in Ambegaon area.",,IMD,,0.0,0.0,0.0,0.0,0.0,0.0,0.0,0.0,0.0,0.0,IMD 0.25° gridded regional mean rainfall over the selected Mumbai-area cells (CRS Pune),COMPLETE,All event days and full 7-day preceding window observed
MUM_FL_154,UEI-IMD-FL-2019-0091,2019-02-07,2019-02-07,1.0,"Heavy rains , Incessant rains leading to flood-like situation.",," Mumbai,Thane,Ratnagiri",Maharashtra,,,,,45.0,4.0,,,Total 23 persons died. Mumbai - 21 persons died & more than 50 others injured due to wall collapsed in Mumbai's \ northern suburb of Malad & 2 other died in another incident in Malad. 3 persons died due to wall collapse in Kalyan. At least 19 persons died & 4 others missing from Bhendewadi village of Chiplun block,"i) A wall collapsed on hutments in Pimpripada area of Malad East. ii) About 1,000 people shifted to temporary shelters by joint evacuation operation in suburban Kurla with the NDRF, Navy,fire brigade shifting. iii) Many parts of the financial capital Mumbai waterlogged. iv) Rail, Air,Road traffic disrupted with several trains,flights cancelled. Altogether 54 flights diverted,52 cancelled at Mumbai's Chhatrapati Shivaji Maharaj International Airport, where a SpiceJet plane overshot the runway.  The wall of an Urdu school behind Durgai Fort collapsed near the hutments adjacent in Kalyan.  i) Tiware Dam in Chiplun block of Ratnagiri District in the Vashishthi Basin of coastal Maharashtra breached. ii) At least 7 villages including Bhendewadi, Ovali, Riktoli, Aakle, Daadar, Nandivase, Kalkavne, with about 3000 population badly affected. iii) Several houses including at least 12 houses & 20 vehicles from Bhendewadi village near the dam washed away. iv) NDRF teams, Additional rescue teams consisting of government officials, police,volunteers carrying out search,rescue operations.",IMD,,0.0,0.0,0.0,0.0,0.0,0.0,0.0,0.0,0.0,0.0,IMD 0.25° gridded regional mean rainfall over the selected Mumbai-area cells (CRS Pune),COMPLETE,All event days and full 7-day preceding window observed
MUM_FL_155,UEI-IMD-FL-2019-0096,2019-02-08,2019-02-08,1.0,Heavy Rains,,Mumbai,Maharashtra,,,,,1.0,,,,One person died.,A tree uprooted & fell on a wall in Chandivli.,IMD,,0.0,0.0,0.0,0.0,0.0,0.0,0.0,0.0,0.0,0.0,IMD 0.25° gridded regional mean rainfall over the selected Mumbai-area cells (CRS Pune),COMPLETE,All event days and full 7-day preceding window observed
MUM_FL_156,UEI-IMD-FL-2019-0097,2019-03-08,2019-03-08,1.0,Heavy Rains & Flood,,"Mumbai, Palghar",Maharashtra,,,,,5.0,,,4.0,"Total 5 persons died. Mumbai �������� 4 girls washed away at Pandavakada Waterfalls at Khargahr Palghar �������� 1 person washed away in Tiwas river. While, 4 livestock perished.",,IMD,,0.0,0.0,0.0,0.0,0.0,0.0,0.0,0.0,0.0,0.0,IMD 0.25° gridded regional mean rainfall over the selected Mumbai-area cells (CRS Pune),COMPLETE,All event days and full 7-day preceding window observed
MUM_FL_157,UEI-IMD-FL-2019-0104,2019-05-09,2019-05-09,1.0,Heavy Rains & Flood,,Mumbai,Maharashtra,,,,,4.0,,,,4 persons died & other missing.,"Around 1300 people from Kurla west evacuated with the help of Navy,NDRF personnel.",IMD,,0.0,0.0,0.0,0.0,0.0,0.0,0.0,0.0,0.0,0.0,IMD 0.25° gridded regional mean rainfall over the selected Mumbai-area cells (CRS Pune),COMPLETE,All event days and full 7-day preceding window observed
MUM_FL_158,UEI-IMD-FL-2019-0105,2019-06-09,2019-06-09,1.0,Heavy Rains & Flood,,Mumbai,Maharashtra,,,,,1.0,,,,One person washed away.,,IMD,,0.0,0.0,0.0,0.0,0.0,0.0,0.0,0.0,0.0,0.0,IMD 0.25° gridded regional mean rainfall over the selected Mumbai-area cells (CRS Pune),COMPLETE,All event days and full 7-day preceding window observed
MUM_FL_159,UEI-IMD-FL-2020-0085,2020-04-08,2020-06-08,3.0,Heavy Rains & Landslide,,"Kolhapur, Mumbai, Nagpur, Palghar, Pune, Raigarh, Ratnagiri, Sindhudurg, Thane",Maharashtra,,,,,2.0,,,3.0,"Total 2 persons died on 4th. Ratnagiri - One woman died due to tree collapsed in Rajapur, Thane - One 15 year old boy died. While 3 cowes perished in Kalyan area of Mumbai.","i) Damage to crops reported in Nagpur dist. i) Damage to structures, houses, roads reported. ii) Speed boat drowned in Varsova, Mumbai. iii) Damage to many vehicles reported. iv) Roof of D.Y.Patil stadium blown away in Mumbai. v) Normal life paralysed. vi) In Kolhapur , People shifted to safer places. vii) Rail traffic disrupted due to Landslide at Kandiwali, Mumbai. viii) Roads from Radhanagari, Gaganbawada, Panhala towards Konkan were blocked. Several trees/electric poles uprooted causing disruption in vehicular traffic & power supply.",IMD,,0.0,0.0,0.0,0.0,0.0,0.0,0.0,0.0,51.2132,171.0848,IMD 0.25° gridded regional mean rainfall over the selected Mumbai-area cells (CRS Pune),COMPLETE,All event days and full 7-day preceding window observed
MUM_FL_160,UEI-IMD-FL-2020-0077,2020-06-18,2020-06-18,1.0,Heavy Rains,,Mumbai,Maharashtra,,,,,1.0,,,,One person died.,,IMD,,1.2943,0.0,0.4413,0.0,0.4339,1.9891,22.306,74.2013,0.4339,0.4339,IMD 0.25° gridded regional mean rainfall over the selected Mumbai-area cells (CRS Pune),COMPLETE,All event days and full 7-day preceding window observed
MUM_FL_161,UEI-IMD-FL-2020-0081,2020-07-16,2020-07-16,1.0,Heavy Rains,,Mumbai,Maharashtra,,,,,4.0,6.0,,,4 persons died & 6 others injured due to wall collapsed in Fort & Malawanai area.,Damaage to 2 hundred year old MHADA SES building reported.,IMD,,162.7167,91.4788,120.2307,13.4135,96.9599,47.9376,93.7973,147.1288,96.9599,96.9599,IMD 0.25° gridded regional mean rainfall over the selected Mumbai-area cells (CRS Pune),COMPLETE,All event days and full 7-day preceding window observed
MUM_FL_162,UEI-IMD-FL-2021-0156,2021-06-09,2021-06-09,1.0,Heavy rains,,Mumbai Suburban,Maharashtra,,,,,11.0,17.0,,,,,IMD,,63.7299,111.3623,59.2391,62.3856,74.1792,9.8892,48.1823,65.8828,74.1792,74.1792,IMD 0.25° gridded regional mean rainfall over the selected Mumbai-area cells (CRS Pune),COMPLETE,All event days and full 7-day preceding window observed
MUM_FL_163,UEI-IMD-FL-2021-0167,2021-07-17,2021-07-17,1.0,"Heavy rains,  Floods & Landslides",,Mumbai ,Maharashtra,,,,,10.0,,,,,,IMD,,28.9735,56.3708,51.4145,17.1061,38.4662,67.5807,178.8501,283.4343,38.4662,38.4662,IMD 0.25° gridded regional mean rainfall over the selected Mumbai-area cells (CRS Pune),COMPLETE,All event days and full 7-day preceding window observed
MUM_FL_164,UEI-IMD-FL-2021-0168,2021-07-17,2021-07-17,1.0,"Heavy rains,  Floods & Landslides",,Mumbai Suburban ,Maharashtra,,,,,22.0,7.0,,,,,IMD,,28.9735,56.3708,51.4145,17.1061,38.4662,67.5807,178.8501,283.4343,38.4662,38.4662,IMD 0.25° gridded regional mean rainfall over the selected Mumbai-area cells (CRS Pune),COMPLETE,All event days and full 7-day preceding window observed
MUM_FL_165,UEI-IMD-FL-2021-0171,2021-07-17,2021-07-17,1.0,"Heavy rains,  Floods & Landslides",,"Mumbai, Mumbai Suburban, Palghar, Raigarh, Sindhudurg, Thane, Washim",Maharashtra,,,,,,,,,,,IMD,,28.9735,56.3708,51.4145,17.1061,38.4662,67.5807,178.8501,283.4343,38.4662,38.4662,IMD 0.25° gridded regional mean rainfall over the selected Mumbai-area cells (CRS Pune),COMPLETE,All event days and full 7-day preceding window observed
MUM_FL_166,UEI-IMD-FL-2021-0190,2021-07-23,2021-07-23,1.0,Heavy rains,,Mumbai Suburban,Maharashtra,,,,,4.0,,,,,,IMD,,18.194,53.2598,20.2286,20.7219,28.1011,125.7439,342.0713,771.6223,28.1011,28.1011,IMD 0.25° gridded regional mean rainfall over the selected Mumbai-area cells (CRS Pune),COMPLETE,All event days and full 7-day preceding window observed
MUM_FL_167,UEI-IMD-FL-2022-0627,2022-06-20,2022-06-20,1.0,Landslide,,Mumbai Suburban,Maharashtra,,,,,,2.0,,,,,IMD,,40.3206,23.2486,12.6817,5.7577,20.5022,7.6043,18.3126,25.4711,20.5022,20.5022,IMD 0.25° gridded regional mean rainfall over the selected Mumbai-area cells (CRS Pune),COMPLETE,All event days and full 7-day preceding window observed
MUM_FL_168,UEI-IMD-FL-2022-0631,2022-07-06,2022-07-06,1.0,Landslide,,Mumbai,Maharashtra,,,,,,3.0,,,,,IMD,,130.2203,150.9696,167.0808,134.4949,145.6914,158.3895,204.169,445.6323,145.6914,145.6914,IMD 0.25° gridded regional mean rainfall over the selected Mumbai-area cells (CRS Pune),COMPLETE,All event days and full 7-day preceding window observed
MUM_FL_169,UEI-IMD-FL-2022-0632,2022-07-06,2022-07-06,1.0,Heavy Rains,,Mumbai,Maharashtra,,,,,,,,,,,IMD,,130.2203,150.9696,167.0808,134.4949,145.6914,158.3895,204.169,445.6323,145.6914,145.6914,IMD 0.25° gridded regional mean rainfall over the selected Mumbai-area cells (CRS Pune),COMPLETE,All event days and full 7-day preceding window observed
MUM_FL_170,UEI-IMD-FL-2022-0645,2022-07-11,2022-07-11,1.0,Heavy Rains & Floods,,Mumbai Suburban,Maharashtra,,,,,2.0,,,,,,IMD,,12.972,56.9482,24.0716,46.6099,35.1504,24.1374,129.5328,583.7153,35.1504,35.1504,IMD 0.25° gridded regional mean rainfall over the selected Mumbai-area cells (CRS Pune),COMPLETE,All event days and full 7-day preceding window observed
MUM_FL_171,UEI-IMD-FL-2022-0650,2022-07-12,2022-07-12,1.0,Heavy Rains & Floods,,Mumbai,Maharashtra,,,,,3.0,1.0,,,,,IMD,,38.6755,88.7076,88.7371,148.8976,91.2545,35.1504,73.7281,591.794,91.2545,91.2545,IMD 0.25° gridded regional mean rainfall over the selected Mumbai-area cells (CRS Pune),COMPLETE,All event days and full 7-day preceding window observed
MUM_FL_172,UEI-IMD-FL-2022-0664,2022-07-14,2022-07-14,1.0,Heavy Rains & Floods,,Mumbai,Maharashtra,,,,,,1.0,,,,,IMD,,76.3072,168.7168,112.9706,136.649,123.6609,58.3163,184.7212,437.2839,123.6609,123.6609,IMD 0.25° gridded regional mean rainfall over the selected Mumbai-area cells (CRS Pune),COMPLETE,All event days and full 7-day preceding window observed
MUM_FL_173,UEI-IMD-FL-2022-0669,2022-07-15,2022-07-15,1.0,Heavy Rains & Floods,,Mumbai,Maharashtra,,,,,,,,,,,IMD,,59.3371,107.3996,81.4225,99.7947,86.9885,123.6609,273.2317,437.9149,86.9885,86.9885,IMD 0.25° gridded regional mean rainfall over the selected Mumbai-area cells (CRS Pune),COMPLETE,All event days and full 7-day preceding window observed
MUM_FL_174,UEI-IMD-FL-2022-0699,2022-08-12,2022-08-12,1.0,Heavy Rains & Floods,,Mumbai,Maharashtra,,,,,,1.0,,,,,IMD,,19.023,44.9631,35.4508,41.4635,35.2251,45.9677,156.2651,264.8936,35.2251,35.2251,IMD 0.25° gridded regional mean rainfall over the selected Mumbai-area cells (CRS Pune),COMPLETE,All event days and full 7-day preceding window observed
MUM_FL_175,UEI-IMD-FL-2023-0438,2023-06-25,2023-06-26,2.0,Heavy Rains,,Mumbai,Maharashtra,,,,,,4.0,,,,,IMD,,105.1719,124.8141,104.4683,46.5876,95.2605,8.9597,9.2521,9.5651,95.2605,157.2364,IMD 0.25° gridded regional mean rainfall over the selected Mumbai-area cells (CRS Pune),COMPLETE,All event days and full 7-day preceding window observed
MUM_FL_176,UEI-IMD-FL-2023-0439,2023-06-25,2023-06-26,2.0,Heavy Rains,,Mumbai Suburban,Maharashtra,,,,,,,,,,,IMD,,105.1719,124.8141,104.4683,46.5876,95.2605,8.9597,9.2521,9.5651,95.2605,157.2364,IMD 0.25° gridded regional mean rainfall over the selected Mumbai-area cells (CRS Pune),COMPLETE,All event days and full 7-day preceding window observed
MUM_FL_177,UEI-IMD-FL-2023-0440,2023-06-28,2023-06-28,1.0,Heavy Rains & Floods,,Mumbai,Maharashtra,,,,,2.0,,,,,,IMD,,29.8099,39.6682,52.8884,26.0694,37.109,69.5168,226.7532,236.0328,37.109,37.109,IMD 0.25° gridded regional mean rainfall over the selected Mumbai-area cells (CRS Pune),COMPLETE,All event days and full 7-day preceding window observed
MUM_FL_178,UEI-IMD-FL-2023-0441,2023-06-28,2023-06-28,1.0,Heavy Rains & Floods,,Mumbai Suburban,Maharashtra,,,,,2.0,,,,,,IMD,,29.8099,39.6682,52.8884,26.0694,37.109,69.5168,226.7532,236.0328,37.109,37.109,IMD 0.25° gridded regional mean rainfall over the selected Mumbai-area cells (CRS Pune),COMPLETE,All event days and full 7-day preceding window observed
MUM_FL_179,UEI-IMD-FL-2023-0444,2023-06-29,2023-06-29,1.0,Heavy Rains,,Mumbai,Maharashtra,,,,,1.0,5.0,,,,,IMD,,140.3448,90.6491,129.7011,121.8025,120.6244,37.109,168.6017,273.1143,120.6244,120.6244,IMD 0.25° gridded regional mean rainfall over the selected Mumbai-area cells (CRS Pune),COMPLETE,All event days and full 7-day preceding window observed
MUM_FL_180,UEI-IMD-FL-2023-0454,2023-07-19,2023-07-19,1.0,Heavy Rains & Floods,,Mumbai,Maharashtra,,,,,,,,,,,IMD,,95.3235,114.9991,75.3701,156.9939,110.6716,88.4668,134.5894,226.7574,110.6716,110.6716,IMD 0.25° gridded regional mean rainfall over the selected Mumbai-area cells (CRS Pune),COMPLETE,All event days and full 7-day preceding window observed
MUM_FL_181,UEI-IMD-FL-2023-0460,2023-07-20,2023-07-20,1.0,Heavy Rains & Floods,,Mumbai,Maharashtra,,,,,,,,,,,IMD,,115.6424,288.1433,140.8687,161.3092,176.4909,110.6716,236.2549,335.1964,176.4909,176.4909,IMD 0.25° gridded regional mean rainfall over the selected Mumbai-area cells (CRS Pune),COMPLETE,All event days and full 7-day preceding window observed
MUM_FL_182,UEI-IMD-FL-2023-0461,2023-07-20,2023-07-20,1.0,Heavy Rains & Floods,,Mumbai Suburban,Maharashtra,,,,,1.0,,,,,,IMD,,115.6424,288.1433,140.8687,161.3092,176.4909,110.6716,236.2549,335.1964,176.4909,176.4909,IMD 0.25° gridded regional mean rainfall over the selected Mumbai-area cells (CRS Pune),COMPLETE,All event days and full 7-day preceding window observed
