date,rainfall_19.00_72.75_mm,rainfall_19.00_73.00_mm,rainfall_19.25_72.75_mm,rainfall_19.25_73.00_mm,rainfall_mumbai_mean_mm
1969-01-01,0.0,0.0,0.0,0.0,0.0
1969-01-02,0.0,0.0,0.0,0.0,0.0
1969-01-03,0.0,0.0,0.0,0.0,0.0
1969-01-04,0.0,0.0,0.0,0.0,0.0
1969-01-05,0.0,0.0,0.0,0.0,0.0
1969-01-06,0.0,0.0,0.0,0.0,0.0
1969-01-07,0.0,0.0,0.0,0.0,0.0
1969-01-08,0.0,0.0,0.0,0.0,0.0
1969-01-09,0.0,0.0,0.0,0.0,0.0
1969-01-10,0.0,0.0,0.0,0.0,0.0
1969-01-11,0.0,0.0,0.0,0.0,0.0
1969-01-12,0.0,0.0,0.0,0.0,0.0
1969-01-13,0.0,0.0,0.0,0.0,0.0
1969-01-14,0.0,0.0,0.0,0.0,0.0
1969-01-15,0.0,0.0,0.0,0.0,0.0
1969-01-16,0.0,0.0,0.0,0.0,0.0
1969-01-17,0.0,0.0,0.0,0.0,0.0
1969-01-18,0.0,0.0,0.0,0.0,0.0
1969-01-19,0.0,0.0,0.0,0.0,0.0
1969-01-20,0.0,0.0,0.0,0.0,0.0
1969-01-21,0.0,0.0,0.0,0.0,0.0
1969-01-22,0.0,0.0,0.0,0.0,0.0
1969-01-23,0.0,0.0,0.0,0.0,0.0
1969-01-24,0.0,0.0,0.0,0.0,0.0
1969-01-25,0.0,0.0,0.0,0.0,0.0
1969-01-26,0.0,0.0,0.0,0.0,0.0
1969-01-27,0.0,0.0,0.0,0.0,0.0
1969-01-28,0.0,0.0,0.0,0.0,0.0
1969-01-29,0.0,0.0,0.0,0.0,0.0
1969-01-30,0.0,0.0,0.0,0.0,0.0
1969-01-31,0.0,0.0,0.0,0.0,0.0
1969-02-01,0.0,0.0,0.0,0.0,0.0
1969-02-02,0.0,0.0,0.0,0.0,0.0
1969-02-03,0.0,0.0,0.0,0.0,0.0
1969-02-04,0.0,0.0,0.0,0.0,0.0
1969-02-05,0.0,0.0,0.0,0.0,0.0
1969-02-06,0.0,0.0,0.0,0.0,0.0
1969-02-07,0.0,0.0,0.0,0.0,0.0
1969-02-08,0.0,0.0,0.0,0.0,0.0
1969-02-09,0.0,0.0,0.0,0.0,0.0
1969-02-10,0.0,0.0,0.0,0.0,0.0
1969-02-11,0.0,0.0,0.0,0.0,0.0
1969-02-12,0.0,0.0,0.0,0.0,0.0
1969-02-13,0.0,0.0,0.0,0.0,0.0
1969-02-14,0.0,0.0,0.0,0.0,0.0
1969-02-15,0.0,0.0,0.0,0.0,0.0
1969-02-16,0.0,0.0,0.0,0.0,0.0
1969-02-17,0.0,0.0,0.0,0.0,0.0
1969-02-18,0.0,0.0,0.0,0.0,0.0
1969-02-19,0.0,0.0,0.0,0.0,0.0
1969-02-20,0.0,0.0,0.0,0.0,0.0
1969-02-21,0.0,0.0,0.0,0.0,0.0
1969-02-22,0.0,0.0,0.0,0.0,0.0
1969-02-23,0.0,0.0,0.0,0.0,0.0
1969-02-24,0.0,0.0,0.0,0.0,0.0
1969-02-25,0.0,0.0,0.0,0.0,0.0
1969-02-26,0.0,0.0,0.0,0.0,0.0
1969-02-27,0.0,0.0,0.0,0.0,0.0
1969-02-28,0.0,0.0,0.0,0.0,0.0
1969-03-01,0.0,0.0,0.0,0.0,0.0
1969-03-02,0.0,0.0,0.0,0.0,0.0
1969-03-03,0.0,0.0,0.0,0.0,0.0
1969-03-04,0.0,0.0,0.0,0.0,0.0
1969-03-05,0.0,0.0,0.0,0.0,0.0
1969-03-06,0.0,0.0,0.0,0.0,0.0
1969-03-07,0.0,0.0,0.0,0.0,0.0
1969-03-08,0.0,0.0,0.0,0.0,0.0
1969-03-09,0.0,0.0,0.0,0.0,0.0
1969-03-10,0.0,0.0,0.0,0.0,0.0
1969-03-11,0.0,0.0,0.0,0.0,0.0
1969-03-12,0.0,0.0,0.0,0.0,0.0
1969-03-13,0.0,0.0,0.0,0.0,0.0
1969-03-14,0.0,0.0,0.0,0.0,0.0
1969-03-15,0.0,0.0,0.0,0.0,0.0
1969-03-16,0.0,0.0,0.0,0.0,0.0
1969-03-17,0.0,0.0,0.0,0.0,0.0
1969-03-18,0.0,0.0,0.0,0.0,0.0
1969-03-19,0.0,0.0,0.0,0.0,0.0
1969-03-20,0.0,0.0,0.0,0.0,0.0
1969-03-21,0.0,0.0,0.0,0.0,0.0
1969-03-22,0.0,0.0,0.0,0.0,0.0
1969-03-23,0.0,0.0,0.0,0.0,0.0
1969-03-24,0.0,0.0,0.0,0.0,0.0
1969-03-25,0.0,0.0,0.0,0.0,0.0
1969-03-26,0.0,0.0,0.0,0.0,0.0
1969-03-27,0.0,0.0,0.0,0.0,0.0
1969-03-28,0.0,0.0,0.0,0.0,0.0
1969-03-29,0.0,0.0,0.0,0.0,0.0
1969-03-30,0.0,0.0,0.0,0.0,0.0
1969-03-31,0.0,0.0,0.0,0.0,0.0
1969-04-01,0.0,0.0,0.0,0.0,0.0
1969-04-02,0.0,0.0,0.0,0.0,0.0
1969-04-03,0.0,0.0,0.0,0.0,0.0
1969-04-04,0.0,0.0,0.0,0.0,0.0
1969-04-05,0.1523,0.0,0.0,0.0,0.0381
1969-04-06,0.0,0.0,0.0,0.0,0.0
1969-04-07,0.0,0.0,0.0,0.0,0.0
1969-04-08,0.0,0.0,0.0,0.0,0.0
1969-04-09,0.0,0.0,0.0,0.0,0.0
1969-04-10,0.0,0.0,0.0,0.0,0.0
1969-04-11,0.0,0.0,0.0,0.0,0.0
1969-04-12,0.0,0.0,0.0,0.0,0.0
1969-04-13,0.0,0.0,0.0,0.0,0.0
1969-04-14,0.0,0.0,0.0,0.0,0.0
1969-04-15,0.0,0.0,0.0,0.0,0.0
1969-04-16,0.0,0.0,0.0,0.0,0.0
1969-04-17,0.0,0.0,0.0,0.0,0.0
1969-04-18,0.0,0.0,0.0,0.0,0.0
1969-04-19,0.0,0.0,0.0,0.0,0.0
1969-04-20,0.0,0.0,0.0,0.0,0.0
1969-04-21,0.0,0.0,0.0,0.0,0.0
1969-04-22,0.0,0.0,0.0,0.0,0.0
1969-04-23,0.0,0.0,0.0,0.0,0.0
1969-04-24,0.0,0.0,0.0,0.0,0.0
1969-04-25,0.0,0.0,0.0,0.0,0.0
1969-04-26,0.0,0.0,0.0,0.0,0.0
1969-04-27,0.0,0.0,0.0,0.0,0.0
1969-04-28,0.0,0.0,0.0,0.0,0.0
1969-04-29,0.0,0.0,0.0,0.0,0.0
1969-04-30,0.0,0.0,0.0,0.0,0.0
1969-05-01,0.0,0.0,0.0,0.0,0.0
1969-05-02,0.0,0.0,0.0,0.0,0.0
1969-05-03,0.0,0.0,0.0,0.0,0.0
1969-05-04,0.0,0.0,0.0,0.0,0.0
1969-05-05,0.0,0.0,0.0,0.0,0.0
1969-05-06,0.0,0.0,0.0,0.0,0.0
1969-05-07,0.0,0.0,0.0,0.0,0.0
1969-05-08,0.0,0.0,0.0,0.0,0.0
1969-05-09,0.0,0.0,0.0,0.0,0.0
1969-05-10,0.0,0.0,0.0,0.0,0.0
1969-05-11,0.0,0.0,0.0,0.0,0.0
1969-05-12,0.0,0.0,0.0,0.0,0.0
1969-05-13,0.0,0.0,0.0,0.0,0.0
1969-05-14,0.0,0.0,0.0,0.0,0.0
1969-05-15,0.0,0.0,0.0,0.0,0.0
1969-05-16,0.0,0.0,0.0,0.0,0.0
1969-05-17,0.0,0.0,0.0,0.0,0.0
1969-05-18,0.0,0.0,0.0,0.0,0.0
1969-05-19,0.0,0.0,0.0,0.0,0.0
1969-05-20,0.0,0.0,0.0,0.0,0.0
1969-05-21,0.0,0.0,0.0,0.0,0.0
1969-05-22,0.0,0.0,0.0,0.0,0.0
1969-05-23,0.0,0.0,0.0,0.0,0.0
1969-05-24,0.0,0.0,0.0,0.0,0.0
1969-05-25,0.0,0.0,0.0,0.0,0.0
1969-05-26,0.0,0.0,0.0,0.0,0.0
1969-05-27,0.0,0.0,0.0,0.0,0.0
1969-05-28,0.0,0.0,0.0,0.0,0.0
1969-05-29,0.0,0.0,0.0,0.0,0.0
1969-05-30,0.0,0.0,0.0,0.0,0.0
1969-05-31,0.0,0.0,0.0,0.0,0.0
1969-06-01,0.0,0.0,0.0,0.0,0.0
1969-06-02,12.8184,2.6118,3.5707,4.2044,5.8013
1969-06-03,0.0,11.3706,0.0,0.531,2.9754
1969-06-04,0.0,0.0,0.0,0.0,0.0
1969-06-05,1.3184,0.0,1.1968,0.0,0.6288
1969-06-06,14.0805,11.0724,31.402,24.4486,20.2509
1969-06-07,21.4877,38.4717,33.7216,58.4073,38.0221
1969-06-08,0.6761,21.8909,12.054,13.1042,11.9313
1969-06-09,11.2845,12.3624,28.8778,7.074,14.8997
1969-06-10,0.3816,0.9058,0.8369,0.0,0.5311
1969-06-11,4.9175,1.0518,0.9437,0.0,1.7283
1969-06-12,3.3506,0.0,0.8357,0.0,1.0466
1969-06-13,0.0,0.0,0.0,0.0,0.0
1969-06-14,45.3642,5.9168,32.4454,29.7312,28.3644
1969-06-15,23.8701,24.5242,31.998,6.8164,21.8022
1969-06-16,4.4055,21.7765,11.4443,10.9521,12.1446
1969-06-17,1.4468,7.8744,4.8042,2.7639,4.2223
1969-06-18,27.7737,66.364,41.6544,23.8937,39.9215
1969-06-19,91.1219,41.4227,75.6137,32.6669,60.2063
1969-06-20,86.365,41.4743,66.9367,45.589,60.0913
1969-06-21,34.9477,168.8101,27.0259,21.4539,63.0594
1969-06-22,0.0,0.7775,0.3343,0.0,0.2779
1969-06-23,0.0,0.3001,0.2674,0.0,0.1419
1969-06-24,0.0,0.2916,0.0,0.0,0.0729
1969-06-25,0.0,0.4859,0.2006,0.0,0.1716
1969-06-26,0.7624,0.2846,0.398,0.0,0.3612
1969-06-27,0.0,1.9443,6.021,0.0,1.9913
1969-06-28,18.9994,13.7922,16.2097,2.9723,12.9934
1969-06-29,55.9861,93.8575,36.3861,35.1361,55.3415
1969-06-30,21.0919,91.0037,55.2534,10.9883,44.5843
1969-07-01,4.2368,19.6177,19.8504,8.2419,12.9867
1969-07-02,116.5645,142.9168,93.896,16.5628,92.485
1969-07-03,129.6676,187.712,91.7618,76.5881,121.4324
1969-07-04,43.0052,13.9938,36.8014,2.183,23.9958
1969-07-05,10.4098,11.3304,7.6912,2.9025,8.0835
1969-07-06,19.4201,39.128,21.8678,21.7276,25.5359
1969-07-07,17.6571,45.7611,18.9229,33.8587,29.0499
1969-07-08,4.8276,41.9995,14.854,13.3343,18.7538
1969-07-09,0.9532,13.6971,7.6295,4.8641,6.786
1969-07-10,6.1262,27.4903,10.7082,10.4877,13.7031
1969-07-11,7.1506,16.2746,7.6498,10.3653,10.3601
1969-07-12,6.3908,26.6897,11.5475,17.1937,15.4554
1969-07-13,6.8753,17.3249,12.7302,2.2508,9.7953
1969-07-14,16.1606,1.3665,30.778,4.6073,13.2281
1969-07-15,36.4206,66.2604,38.0844,45.3056,46.5177
1969-07-16,12.2604,36.868,39.0935,27.6807,28.9757
1969-07-17,4.9952,27.426,34.1884,45.0031,27.9032
1969-07-18,3.6661,16.9181,3.812,10.7976,8.7984
1969-07-19,29.277,98.1037,18.7919,17.6257,40.9496
1969-07-20,21.2422,33.7087,15.2224,36.2436,26.6042
1969-07-21,11.2794,48.6818,20.97,25.0953,26.5066
1969-07-22,5.5593,18.1172,25.2818,18.6234,16.8954
1969-07-23,1.6687,20.0449,3.7998,11.2696,9.1958
1969-07-24,4.4615,15.5358,3.8456,9.0907,8.2334
1969-07-25,2.5799,20.0735,6.8918,5.0767,8.6555
1969-07-26,20.4045,32.5422,22.3706,31.5856,26.7257
1969-07-27,16.6599,63.1014,20.7481,36.4741,34.2459
1969-07-28,9.5144,30.1532,14.1645,21.1828,18.7537
1969-07-29,7.477,67.3645,29.2862,29.1687,33.3241
1969-07-30,13.0604,36.8349,30.1199,65.26,36.3188
1969-07-31,18.986,51.0495,13.496,42.0671,31.3997
1969-08-01,32.7986,103.8481,46.0314,70.0609,63.1848
1969-08-02,1.9201,24.9198,19.7421,44.243,22.7063
1969-08-03,8.579,21.9735,6.4952,10.9902,12.0095
1969-08-04,17.9434,24.3179,6.8666,6.6561,13.946
1969-08-05,7.2109,24.0401,11.7295,12.1948,13.7938
1969-08-06,1.5477,20.8798,4.14,7.3392,8.4767
1969-08-07,7.5624,18.8407,4.1699,14.9456,11.3796
1969-08-08,3.2247,9.6782,4.2685,4.9759,5.5368
1969-08-09,1.9046,3.3754,4.7386,6.1784,4.0492
1969-08-10,8.6503,6.5135,6.7814,6.4169,7.0905
1969-08-11,2.677,13.0825,4.7993,13.6406,8.5498
1969-08-12,2.4707,18.579,8.0976,6.6579,8.9513
1969-08-13,5.9549,14.4129,11.4416,28.2179,15.0068
1969-08-14,15.5597,23.1736,11.7341,15.8634,16.5827
1969-08-15,8.3773,24.0052,16.809,16.499,16.4226
1969-08-16,2.2035,4.5843,16.7087,11.7908,8.8218
1969-08-17,3.2184,10.3136,2.6201,16.7516,8.2259
1969-08-18,1.1422,2.0363,0.0,0.0,0.7946
1969-08-19,0.0,0.0,0.0,0.0,0.0
1969-08-20,0.2862,0.0,0.0,0.0,0.0716
1969-08-21,2.1908,10.496,1.5365,3.12,4.3358
1969-08-22,1.121,6.2431,0.6551,2.4859,2.6263
1969-08-23,23.3778,2.6781,4.7802,0.8562,7.9231
1969-08-24,3.8376,3.3128,11.7545,2.6178,5.3807
1969-08-25,0.0,0.262,4.6902,16.0233,5.2439
1969-08-26,2.6917,22.9412,25.899,11.6937,15.8064
1969-08-27,26.9384,45.302,19.3667,52.0553,35.9156
1969-08-28,0.9138,0.0,0.6685,0.0,0.3956
1969-08-29,4.9302,4.0367,5.7636,4.4056,4.784
1969-08-30,4.1046,15.3748,6.9847,44.921,17.8463
1969-08-31,7.1422,18.6603,15.8263,6.7475,12.0941
1969-09-01,16.6925,38.4538,20.0876,13.4412,22.1688
1969-09-02,18.6729,36.6831,10.7726,7.9225,18.5128
1969-09-03,17.6338,17.0147,41.5726,7.0443,20.8163
1969-09-04,80.8139,18.0811,47.0456,9.1689,38.7774
1969-09-05,13.9181,51.2677,26.7347,17.3982,27.3297
1969-09-06,87.9844,29.0831,111.1421,32.5706,65.195
1969-09-07,55.9565,14.9859,48.4442,18.6959,34.5206
1969-09-08,11.2845,16.3787,10.7301,35.943,18.5841
1969-09-09,40.1242,102.664,92.1665,191.8483,106.7007
1969-09-10,9.838,19.1245,25.5763,42.1161,24.1637
1969-09-11,5.565,25.7359,15.0979,33.5264,19.9813
1969-09-12,0.3908,2.2353,0.2462,1.735,1.1518
1969-09-13,0.0,0.0,0.0,0.7384,0.1846
1969-09-14,1.8604,0.0,4.5949,6.965,3.3551
1969-09-15,0.5,3.3939,3.0413,2.2746,2.3024
1969-09-16,12.8656,17.7848,9.5135,28.4385,17.1506
1969-09-17,1.1293,0.0,3.3736,0.4226,1.2314
1969-09-18,0.3431,7.5482,1.1238,1.1184,2.5334
1969-09-19,0.0,0.0,0.0,0.0,0.0
1969-09-20,0.9138,0.0,0.0,0.0,0.2284
1969-09-21,0.0,0.0,0.0,0.0,0.0
1969-09-22,0.0,0.0,0.0,0.0,0.0
1969-09-23,2.242,0.0,0.2037,0.0,0.6114
1969-09-24,0.0,0.0,0.0,0.0,0.0
1969-09-25,0.0,0.0,0.0,0.0,0.0
1969-09-26,0.0,0.0,0.0,0.0,0.0
1969-09-27,0.0,0.0,0.0,0.0,0.0
1969-09-28,0.6853,0.0,0.0,0.0,0.1713
1969-09-29,0.0,32.6541,0.0,0.8814,8.3839
1969-09-30,0.0,0.0,0.0,0.0,0.0
1969-10-01,0.0,0.0,0.0,0.0,0.0
1969-10-02,0.0,0.0,0.0,0.0,0.0
1969-10-03,0.0,0.0,0.0,0.0,0.0
1969-10-04,0.0,0.0,0.0,0.0,0.0
1969-10-05,0.0,0.0,0.0,0.0,0.0
1969-10-06,0.0,0.0,0.0,0.0,0.0
1969-10-07,0.0,0.0,0.0,0.0,0.0
1969-10-08,0.0,0.0,0.0,0.0,0.0
1969-10-09,0.0,0.0,0.0,0.0,0.0
1969-10-10,0.0,0.0,0.0,0.0,0.0
1969-10-11,0.0,0.0,0.0,0.0,0.0
1969-10-12,0.0,0.0,0.0,0.0,0.0
1969-10-13,0.0,0.0,0.0,0.0,0.0
1969-10-14,0.0,0.0,0.0,0.0,0.0
1969-10-15,0.0,0.0,0.0,0.0,0.0
1969-10-16,0.0,0.0,2.2129,0.2312,0.611
1969-10-17,0.0,0.0,3.3194,0.3468,0.9165
1969-10-18,0.0,0.0,1.1065,0.1156,0.3055
1969-10-19,0.0,0.0,0.0,0.1517,0.0379
1969-10-20,1.3118,0.0,0.1192,0.0,0.3578
1969-10-21,0.0,0.0,0.0,0.0,0.0
1969-10-22,0.0,0.0,0.0,0.0,0.0
1969-10-23,0.0,0.0,0.0,0.0,0.0
1969-10-24,0.0,0.0,0.0,0.0,0.0
1969-10-25,0.0,0.0,0.0,0.0,0.0
1969-10-26,0.0,0.0,0.0,0.0,0.0
1969-10-27,0.0,0.0,0.0,0.0,0.0
1969-10-28,0.0,0.0,0.0,0.0,0.0
1969-10-29,0.0,0.0,0.0,0.0,0.0
1969-10-30,0.0,0.0,0.0,0.0,0.0
1969-10-31,0.0,0.0,0.0,0.0,0.0
1969-11-01,0.0,0.0,0.0,0.0,0.0
1969-11-02,0.0,0.0,0.0,0.0,0.0
1969-11-03,0.0,0.0,0.0,0.0,0.0
1969-11-04,0.0,0.0,0.0,0.0,0.0
1969-11-05,0.0,0.0,0.0,0.0,0.0
1969-11-06,0.0,0.0,0.0,0.0,0.0
1969-11-07,0.0,0.0,0.0,0.0,0.0
1969-11-08,0.0,0.0,0.0,0.0,0.0
1969-11-09,0.0,0.0,0.0,0.0,0.0
1969-11-10,3.196,0.0,3.6621,0.6069,1.8662
1969-11-11,0.8871,0.0,2.3446,0.0,0.8079
1969-11-12,0.0,0.0,0.0,0.0,0.0
1969-11-13,0.0,0.0,0.0,0.0,0.0
1969-11-14,0.0,0.0,0.0,0.0,0.0
1969-11-15,0.0,0.0,0.0,0.0,0.0
1969-11-16,0.0,0.0,0.0,0.0,0.0
1969-11-17,0.0,0.0,0.0,0.0,0.0
1969-11-18,0.0,0.0,0.0,0.0,0.0
1969-11-19,0.0,0.0,0.0,0.0,0.0
1969-11-20,0.0,0.0,0.0,0.0,0.0
1969-11-21,0.0,0.0,0.0,0.0,0.0
1969-11-22,0.0,0.0,0.0,0.0,0.0
1969-11-23,0.0,0.0,0.0,0.0,0.0
1969-11-24,0.0,0.0,0.0,0.0,0.0
1969-11-25,0.0,0.0,0.0,0.0,0.0
1969-11-26,0.0,0.0,0.0,0.0,0.0
1969-11-27,0.0,0.0,0.0,0.0,0.0
1969-11-28,0.0,0.0,0.0,0.0,0.0
1969-11-29,0.0,0.0,0.0,4.5519,1.138
1969-11-30,0.4569,0.0,1.337,0.0,0.4485
1969-12-01,0.1761,0.0,0.0,0.0,0.044
1969-12-02,0.0,0.0,0.0,0.0,0.0
1969-12-03,0.0,0.0,0.0,0.0,0.0
1969-12-04,0.0,0.0,0.0,0.0,0.0
1969-12-05,0.0,0.0,0.0,0.0,0.0
1969-12-06,0.0,0.0,0.0,0.0,0.0
1969-12-07,0.0,0.0,0.0,0.0,0.0
1969-12-08,0.0,0.0,0.0,0.0,0.0
1969-12-09,0.0,0.0,0.0,0.0,0.0
1969-12-10,0.0,0.0,0.0,0.0,0.0
1969-12-11,0.0,0.0,0.0,0.0,0.0
1969-12-12,0.0,0.0,0.0,0.0,0.0
1969-12-13,0.0,0.0,0.0,0.0,0.0
1969-12-14,0.0,0.0,0.0,0.0,0.0
1969-12-15,0.0,0.0,0.0,0.0,0.0
1969-12-16,0.0,0.0,0.0,0.0,0.0
1969-12-17,0.0,0.0,0.0,0.0,0.0
1969-12-18,0.0,0.0,0.0,0.0,0.0
1969-12-19,0.0,0.0,0.0,0.0,0.0
1969-12-20,0.0,0.0,0.0,0.0,0.0
1969-12-21,0.0,0.0,0.0,0.0,0.0
1969-12-22,0.0,0.0,0.0,0.0,0.0
1969-12-23,0.0,0.0,0.0,0.0,0.0
1969-12-24,0.0,0.0,0.0,0.0,0.0
1969-12-25,0.0,0.0,0.0,0.0,0.0
1969-12-26,0.0,0.0,0.0,0.0,0.0
1969-12-27,0.0,0.0,0.0,0.0,0.0
1969-12-28,0.0,0.0,0.0,0.0,0.0
1969-12-29,0.0,0.0,0.0,0.0,0.0
1969-12-30,0.0,0.0,0.0,0.0,0.0
1969-12-31,0.0,0.0,0.0,0.0,0.0
1971-01-01,0.0,0.0,0.0,0.0,0.0
1971-01-02,0.0,0.0,0.0,0.0,0.0
1971-01-03,0.0,0.0,0.0,0.0,0.0
1971-01-04,0.0,0.0,0.0,0.0,0.0
1971-01-05,0.0,0.0,0.0,0.0,0.0
1971-01-06,0.0,0.0,0.0,0.0,0.0
1971-01-07,0.0,0.0,0.0,0.0,0.0
1971-01-08,0.0,0.0,0.0,0.0,0.0
1971-01-09,0.0,0.0,0.0,0.0,0.0
1971-01-10,0.0,0.0,0.0,0.0,0.0
1971-01-11,0.0,0.0,0.0,0.0,0.0
1971-01-12,0.0,0.0,0.0,0.0,0.0
1971-01-13,0.0,0.0,0.0,0.0,0.0
1971-01-14,0.0,0.0,0.0,0.0,0.0
1971-01-15,0.0,0.0,0.0,0.0,0.0
1971-01-16,0.0,0.0,0.0,0.0,0.0
1971-01-17,0.0,0.0,0.0,0.0,0.0
1971-01-18,0.0,0.0,0.0,0.0,0.0
1971-01-19,0.0,0.0,0.0,0.0,0.0
1971-01-20,0.0,0.0,0.0,0.0,0.0
1971-01-21,0.0,0.0,0.0,0.0,0.0
1971-01-22,0.0,0.0,0.0,0.0,0.0
1971-01-23,0.0,0.0,0.0,0.0,0.0
1971-01-24,0.0,0.0,0.0,0.0,0.0
1971-01-25,0.0,0.0,0.0,0.0,0.0
1971-01-26,0.0,0.0,0.0,0.0,0.0
1971-01-27,0.0,0.0,0.0,0.0,0.0
1971-01-28,0.0,0.0,0.0,0.0,0.0
1971-01-29,0.0,0.0,0.0,0.0,0.0
1971-01-30,0.0,0.0,0.0,0.0,0.0
1971-01-31,0.0,0.0,0.0,0.0,0.0
1971-02-01,0.0,0.0,0.0,0.0,0.0
1971-02-02,0.0,0.0,0.0,0.0,0.0
1971-02-03,0.0,0.0,0.0,0.0,0.0
1971-02-04,0.0,0.0,0.0,0.0,0.0
1971-02-05,0.0,0.0,0.0,0.0,0.0
1971-02-06,0.0,0.0,0.0,0.0,0.0
1971-02-07,0.0,0.0,0.0,0.0,0.0
1971-02-08,0.0,0.0,0.0,0.0,0.0
1971-02-09,0.0,0.0,0.0,0.0,0.0
1971-02-10,0.0,0.0,0.0,0.0,0.0
1971-02-11,0.0,0.0,0.0,0.0,0.0
1971-02-12,0.0,0.0,0.0,0.0,0.0
1971-02-13,0.0,0.0,0.0,0.0,0.0
1971-02-14,0.0,0.0,0.0,0.0,0.0
1971-02-15,0.0,0.0,0.0,0.0,0.0
1971-02-16,0.0,0.0,0.0,0.0,0.0
1971-02-17,0.0,0.0,0.0,0.0,0.0
1971-02-18,0.0,0.0,0.0,0.0,0.0
1971-02-19,0.0,0.0,0.0,0.0,0.0
1971-02-20,0.0,0.0,0.0,0.0,0.0
1971-02-21,0.0,0.0,0.0,0.0,0.0
1971-02-22,0.0,0.0,0.0,0.0,0.0
1971-02-23,0.0,0.0,0.0,0.0,0.0
1971-02-24,0.0,0.0,0.0,0.0,0.0
1971-02-25,0.0,0.0,0.0,0.0,0.0
1971-02-26,0.0,0.0,0.0,0.0,0.0
1971-02-27,0.0,0.0,0.0,0.0,0.0
1971-02-28,0.6092,0.0,0.0,0.0,0.1523
1971-03-01,0.0,0.0,0.0,0.0,0.0
1971-03-02,0.0,0.0,0.0,0.0,0.0
1971-03-03,0.0,0.0,0.0,0.0,0.0
1971-03-04,0.0,0.0,0.0,0.0,0.0
1971-03-05,0.0,0.0,0.0,0.0,0.0
1971-03-06,0.0,0.0,0.0,0.0,0.0
1971-03-07,0.0,0.0,0.0,0.0,0.0
1971-03-08,0.0,0.0,0.0,0.0,0.0
1971-03-09,0.0,0.0,0.0,0.0,0.0
1971-03-10,0.0,0.0,0.0,0.0,0.0
1971-03-11,0.0,0.0,0.0,0.0,0.0
1971-03-12,0.0,0.0,0.0,0.0,0.0
1971-03-13,0.0,0.0,0.0,0.0,0.0
1971-03-14,0.0,0.0,0.0,0.0,0.0
1971-03-15,0.0,0.0,0.0,0.0,0.0
1971-03-16,0.0,0.0,0.0,0.0,0.0
1971-03-17,0.0,0.0,0.0,0.0,0.0
1971-03-18,0.0,0.0,0.0,0.0,0.0
1971-03-19,0.0,0.0,0.0,0.0,0.0
1971-03-20,0.0,0.0,0.0,0.0,0.0
1971-03-21,0.0,0.0,0.0,0.0,0.0
1971-03-22,0.0,0.0,0.0,0.0,0.0
1971-03-23,0.0,0.0,0.0,0.0,0.0
1971-03-24,0.0,0.0,0.0,0.0,0.0
1971-03-25,0.0,0.0,0.0,0.0,0.0
1971-03-26,0.0,0.0,0.0,0.0,0.0
1971-03-27,0.0,0.0,0.0,0.0,0.0
1971-03-28,0.0,0.0,0.0,0.0,0.0
1971-03-29,0.0,0.0,0.0,0.0,0.0
1971-03-30,0.0,0.0,0.0,0.0,0.0
1971-03-31,0.0,0.0,0.0,0.0,0.0
1971-04-01,0.0,0.0,0.0,0.0,0.0
1971-04-02,0.0,0.0,0.0,0.0,0.0
1971-04-03,0.0,0.0,0.0,0.0,0.0
1971-04-04,0.0,0.0,0.0,0.0,0.0
1971-04-05,0.0,0.0,0.0,0.0,0.0
1971-04-06,0.0,0.0,0.0,0.0,0.0
1971-04-07,0.0,0.0,0.0,0.0,0.0
1971-04-08,0.0,0.0,0.0,0.0,0.0
1971-04-09,0.0,0.0,0.0,0.0,0.0
1971-04-10,0.0,0.0,0.0,0.0,0.0
1971-04-11,0.0,0.0,0.0,0.0,0.0
1971-04-12,0.0,0.0,0.0,0.0,0.0
1971-04-13,0.0,0.0,0.0,0.0,0.0
1971-04-14,0.0,0.0,0.0,0.0,0.0
1971-04-15,0.0,0.0,0.0,0.0,0.0
1971-04-16,0.0,0.0,0.0,0.0,0.0
1971-04-17,0.0,0.0,0.0,0.0,0.0
1971-04-18,0.0,0.0,0.0,0.0,0.0
1971-04-19,0.0,0.0,0.0,0.0,0.0
1971-04-20,0.0,0.0,0.0,0.0,0.0
1971-04-21,0.0,0.0,0.0,0.0,0.0
1971-04-22,0.0,0.0,0.0,0.0,0.0
1971-04-23,0.0,0.0,0.0,0.0,0.0
1971-04-24,0.0,0.0,0.0,0.0,0.0
1971-04-25,0.0,0.0,0.0,0.0,0.0
1971-04-26,0.0,0.0,0.0,0.0,0.0
1971-04-27,0.0,0.0,0.0,0.0,0.0
1971-04-28,0.0,0.0,0.0,0.0,0.0
1971-04-29,0.0,0.0,0.0,0.0,0.0
1971-04-30,0.0,0.0,0.0,0.0,0.0
1971-05-01,0.0,0.0,0.0,0.0,0.0
1971-05-02,0.0,0.0,0.0,0.0,0.0
1971-05-03,0.0,0.0,0.0,0.0,0.0
1971-05-04,0.0,0.0,0.0,0.0,0.0
1971-05-05,0.0,0.0,0.0,0.0,0.0
1971-05-06,0.0,0.0,0.0,0.0,0.0
1971-05-07,0.0,0.0,0.0,0.0,0.0
1971-05-08,0.0,0.0,0.0,0.0,0.0
1971-05-09,0.0,0.0,0.0,0.0,0.0
1971-05-10,0.0,0.0,0.0,0.0,0.0
1971-05-11,0.0,0.0,0.0,0.0,0.0
1971-05-12,0.0,0.0,0.0,0.0,0.0
1971-05-13,0.0,0.0,0.0,0.0,0.0
1971-05-14,0.0,0.0,0.0,0.0,0.0
1971-05-15,0.0,0.0,0.0,0.0,0.0
1971-05-16,0.0,0.0,0.0,0.0,0.0
1971-05-17,0.0,0.0,0.0,0.0,0.0
1971-05-18,0.0,0.0,0.0,0.0,0.0
1971-05-19,0.0,0.0,0.0,0.0,0.0
1971-05-20,0.0,0.0,0.0,0.0,0.0
1971-05-21,0.1523,0.0,0.0,0.0,0.0381
1971-05-22,0.0,0.0,0.0,0.0,0.0
1971-05-23,0.0,0.0,0.0,0.0,0.0
1971-05-24,0.0,0.0,0.0,0.0,0.0
1971-05-25,0.0,0.0,0.0,0.0,0.0
1971-05-26,0.0,0.0,0.0,0.0,0.0
1971-05-27,0.0,0.0,0.7079,0.0,0.177
1971-05-28,0.0,3.4094,0.0,0.0,0.8524
1971-05-29,0.0,0.1423,2.0152,0.1315,0.5723
1971-05-30,15.3385,16.3982,19.1235,2.115,13.2438
1971-05-31,51.3967,6.9357,57.8304,25.2109,35.3434
1971-06-01,133.5647,26.6998,89.7176,40.6378,72.655
1971-06-02,57.2092,44.0345,62.6736,41.1555,51.2682
1971-06-03,61.0147,66.1456,60.8982,43.7254,57.946
1971-06-04,59.9549,56.3238,29.8656,126.6025,68.1867
1971-06-05,45.1764,86.8675,31.6239,71.5554,58.8058
1971-06-06,8.9006,8.5693,10.8618,38.8868,16.8046
1971-06-07,6.5339,10.9347,5.7438,7.3647,7.6443
1971-06-08,0.9293,35.6052,1.5843,34.8757,18.2486
1971-06-09,1.488,0.9056,1.9292,1.9481,1.5677
1971-06-10,0.0,2.1523,3.1856,0.0,1.3345
1971-06-11,0.1523,0.3485,0.354,0.6743,0.3823
1971-06-12,4.8586,0.32,20.6943,30.1286,14.0004
1971-06-13,11.5754,5.9994,5.9111,49.3341,18.205
1971-06-14,0.0,0.0,0.0,0.0,0.0
1971-06-15,0.0,1.2634,0.3893,0.188,0.4602
1971-06-16,0.0,0.0,0.0,1.9691,0.4923
1971-06-17,0.4293,0.4859,3.1191,0.1072,1.0354
1971-06-18,0.0,0.4859,4.4663,0.0,1.2381
1971-06-19,0.0,0.0,0.0,0.0,0.0
1971-06-20,1.9807,1.8195,2.6848,6.1907,3.1689
1971-06-21,27.5614,11.5129,10.7205,14.7016,16.1241
1971-06-22,58.1132,65.6076,91.4425,65.1055,70.0672
1971-06-23,234.1289,63.3253,170.6182,70.9656,134.7595
1971-06-24,280.0854,217.8467,253.8764,255.4787,251.8218
1971-06-25,52.1702,86.0917,33.5037,122.3502,73.529
1971-06-26,14.7535,18.112,12.6945,48.6605,23.5551
1971-06-27,11.0573,48.632,17.824,78.9324,39.1114
1971-06-28,2.5532,0.5286,1.795,3.2446,2.0303
1971-06-29,5.8368,20.7288,3.9528,6.903,9.3553
1971-06-30,0.5816,1.6056,0.7371,2.025,1.2373
1971-07-01,0.9908,1.9722,0.1258,0.0,0.7722
1971-07-02,4.8552,6.9144,0.9876,2.0273,3.6961
1971-07-03,0.0,1.9437,0.0,0.0,0.4859
1971-07-04,0.9624,2.4296,4.2174,2.0425,2.413
1971-07-05,0.0,7.4003,1.0983,0.0,2.1246
1971-07-06,0.6678,0.0,0.7511,0.1399,0.3897
1971-07-07,1.5991,8.6166,1.6428,1.6297,3.372
1971-07-08,3.6595,5.9832,3.274,23.8879,9.2011
1971-07-09,4.0385,14.004,2.164,12.7466,8.2383
1971-07-10,2.2477,1.7913,5.2213,0.0,2.3151
1971-07-11,3.5477,2.7923,6.6926,4.1428,4.2938
1971-07-12,2.1834,9.5926,1.3379,6.8265,4.9851
1971-07-13,0.9908,11.9976,3.1876,8.1511,6.0818
1971-07-14,6.4411,15.5883,19.155,11.3704,13.1387
1971-07-15,51.6212,70.8831,69.2822,80.5598,68.0866
1971-07-16,95.2899,122.5555,81.5683,120.7597,105.0433
1971-07-17,37.2621,46.8471,18.5679,116.1029,54.695
1971-07-18,15.2586,33.9821,24.2588,42.4082,28.9769
1971-07-19,12.0779,33.6137,14.5607,21.9714,20.5559
1971-07-20,18.5296,31.6989,11.5668,32.137,23.4831
1971-07-21,3.7411,10.2697,6.6781,8.2231,7.228
1971-07-22,5.7081,32.1777,3.6078,8.8044,12.5745
1971-07-23,4.0477,11.1378,2.7123,1.1221,4.755
1971-07-24,1.2624,4.013,1.0584,0.9696,1.8258
1971-07-25,0.2193,7.8388,1.0206,0.0,2.2697
1971-07-26,0.5385,1.6001,1.9647,6.2492,2.5881
1971-07-27,21.1627,48.0623,20.2093,31.8968,30.3328
1971-07-28,20.7945,45.4428,17.4633,37.0858,30.1966
1971-07-29,2.856,14.6773,2.1107,4.0337,5.9194
1971-07-30,2.9072,19.4939,4.4641,4.0697,7.7337
1971-07-31,5.8302,3.0294,6.2567,6.2875,5.351
1971-08-01,12.4871,33.5479,5.3482,16.8382,17.0553
1971-08-02,2.8816,9.3806,5.7609,10.4301,7.1133
1971-08-03,3.533,49.5948,3.6714,13.2327,17.508
1971-08-04,15.0451,49.2018,8.1804,57.7913,32.5547
1971-08-05,7.1773,26.7904,3.9584,40.8895,19.7039
1971-08-06,0.3477,4.7076,2.4213,3.2319,2.6771
1971-08-07,0.4569,4.2379,0.0,1.0968,1.4479
1971-08-08,1.4945,1.043,1.8584,3.0733,1.8673
1971-08-09,3.6293,10.963,8.8062,5.2165,7.1537
1971-08-10,7.4945,21.0481,6.1084,14.8553,12.3766
1971-08-11,2.4092,5.6122,2.8619,9.8221,5.1764
1971-08-12,4.7422,11.2451,4.4006,3.3987,5.9466
1971-08-13,3.8083,10.2604,14.7443,18.2005,11.7534
1971-08-14,56.8073,86.8692,63.9723,81.19,72.2097
1971-08-15,18.235,28.2265,17.5161,14.621,19.6497
1971-08-16,5.1368,3.5138,1.5522,4.8899,3.7732
1971-08-17,0.2954,1.2776,6.2999,0.9704,2.2108
1971-08-18,0.0,1.2919,2.343,0.0,0.9087
1971-08-19,0.0,1.4578,0.0,0.0,0.3644
1971-08-20,0.2862,0.0,1.732,1.9423,0.9901
1971-08-21,0.0,0.0,0.0,0.0,0.0
1971-08-22,0.2385,0.1281,0.0,0.0,0.0916
1971-08-23,0.0,2.7475,5.6711,0.2957,2.1786
1971-08-24,38.6703,10.0104,24.3255,0.5219,18.382
1971-08-25,31.2089,18.8421,46.4927,45.1771,35.4302
1971-08-26,115.4195,81.7046,53.2858,18.2727,67.1706
1971-08-27,42.7655,41.7834,51.2233,34.0206,42.4482
1971-08-28,66.2247,120.4789,84.8279,154.6551,106.5466
1971-08-29,84.3189,214.474,129.4703,168.6973,149.2401
1971-08-30,62.2928,127.3648,65.5685,80.0848,83.8277
1971-08-31,65.7593,88.5879,48.5338,116.763,79.911
1971-09-01,29.7774,89.3136,37.7355,56.4014,53.307
1971-09-02,8.3365,22.9741,11.3345,30.1302,18.1938
1971-09-03,15.9545,30.077,6.5247,4.1727,14.1822
1971-09-04,2.5129,10.1334,4.5141,5.8544,5.7537
1971-09-05,1.3724,3.8726,6.218,8.8088,5.0679
1971-09-06,4.5322,8.2696,8.6214,12.6198,8.5107
1971-09-07,3.6871,6.5273,8.4668,8.4041,6.7713
1971-09-08,9.9969,7.3932,5.7904,50.7042,18.4712
1971-09-09,0.1431,1.2634,0.4938,2.9069,1.2018
1971-09-10,0.0,0.0,0.3958,7.7578,2.0384
1971-09-11,0.0,0.0,1.6376,0.0,0.4094
1971-09-12,0.8009,0.4859,0.1888,0.0,0.3689
1971-09-13,1.765,0.0,0.582,0.0,0.5867
1971-09-14,7.2342,0.0,0.0,0.0,1.8086
1971-09-15,0.0,0.0,0.0,0.0,0.0
1971-09-16,0.0,0.0,0.0,0.0,0.0
1971-09-17,0.0,0.0,0.0,0.0,0.0
1971-09-18,0.0,0.0,0.0,0.0,0.0
1971-09-19,0.0,0.0,0.0,0.0,0.0
1971-09-20,1.2239,0.7159,1.2932,2.8988,1.533
1971-09-21,0.0,0.4859,0.0,8.6949,2.2952
1971-09-22,0.0,0.0,0.0,0.0,0.0
1971-09-23,0.0,0.0,0.0,0.0,0.0
1971-09-24,0.0,0.0,0.0,0.0,0.0
1971-09-25,0.0,0.4483,3.1856,0.1736,0.9519
1971-09-26,74.2945,54.2718,38.8113,10.4367,44.4536
1971-09-27,37.7366,13.2682,20.9929,17.6025,22.4001
1971-09-28,45.4944,57.9002,32.3169,62.5756,49.5718
1971-09-29,93.3058,65.6869,64.5932,62.2237,71.4524
1971-09-30,7.2245,108.8662,3.614,238.4513,89.539
1971-10-01,0.0,58.7968,0.0,9.7366,17.1334
1971-10-02,0.0,0.0,0.0,0.0,0.0
1971-10-03,0.0,0.0,0.0,0.0,0.0
1971-10-04,0.0,0.0,0.0,0.0,0.0
1971-10-05,0.0,0.0,0.0,0.0,0.0
1971-10-06,0.477,0.0,0.1573,0.0,0.1586
1971-10-07,0.0,0.0,0.0,0.0,0.0
1971-10-08,0.0,0.0,0.0,3.8642,0.966
1971-10-09,0.0,0.0,0.0,0.0,0.0
1971-10-10,0.0,0.0,0.0,0.0,0.0
1971-10-11,0.0,0.0,0.0,0.0,0.0
1971-10-12,0.0,0.0,0.0,0.0,0.0
1971-10-13,0.0,0.0,0.0,0.0,0.0
1971-10-14,0.0,0.0,0.0,0.0,0.0
1971-10-15,0.0,0.0,0.0,0.0,0.0
1971-10-16,0.0,3.9846,0.0,0.0,0.9961
1971-10-17,1.3707,0.0,0.9677,0.0,0.5846
1971-10-18,0.0,0.0,0.0,0.0,0.0
1971-10-19,0.0,0.0,0.0,0.0,0.0
1971-10-20,0.0,0.0,0.0,0.0,0.0
1971-10-21,0.0,4.651,0.0,0.3241,1.2438
1971-10-22,0.6385,13.4584,0.9076,3.07,4.5186
1971-10-23,20.8512,5.5135,9.5987,0.0,8.9909
1971-10-24,1.2945,0.0,0.0,12.5766,3.4678
1971-10-25,0.0,0.0,0.0,0.0,0.0
1971-10-26,0.0,0.0,0.0,0.0,0.0
1971-10-27,0.0,0.0,0.0,0.0,0.0
1971-10-28,0.0,0.0,0.0,0.0,0.0
1971-10-29,0.0,0.0,0.0,0.0,0.0
1971-10-30,0.0,0.0,0.0,0.0,0.0
1971-10-31,0.0,0.0,0.0,0.0,0.0
1971-11-01,0.0,0.0,0.0,0.0,0.0
1971-11-02,0.0,0.0,0.0,0.0,0.0
1971-11-03,0.0,0.0,0.0,0.0,0.0
1971-11-04,0.0,0.0,0.0,0.0,0.0
1971-11-05,0.0,0.0,0.0,0.0,0.0
1971-11-06,0.0,0.0,0.0,0.0,0.0
1971-11-07,0.0,0.0,0.0,0.0,0.0
1971-11-08,0.0,0.0,0.0,0.0,0.0
1971-11-09,0.0,0.0,0.0,0.0,0.0
1971-11-10,0.0,0.0,0.0,0.0,0.0
1971-11-11,0.0,0.0,0.0,0.0,0.0
1971-11-12,0.0,0.0,0.0,0.0,0.0
1971-11-13,0.0,0.0,0.0,0.0,0.0
1971-11-14,0.0,0.0,0.0,0.0,0.0
1971-11-15,0.0,0.0,0.0,0.0,0.0
1971-11-16,0.0,0.0,0.0,0.0,0.0
1971-11-17,0.0,0.0,0.0,0.0,0.0
1971-11-18,0.0,0.0,0.0,0.0,0.0
1971-11-19,0.0,0.0,0.0,0.0,0.0
1971-11-20,0.0,0.0,0.0,0.0,0.0
1971-11-21,0.0,0.0,0.0,0.0,0.0
1971-11-22,0.0,0.0,0.0,0.0,0.0
1971-11-23,0.0,0.0,0.0,0.0,0.0
1971-11-24,0.0,0.0,0.0,0.0,0.0
1971-11-25,0.0,0.0,0.0,0.0,0.0
1971-11-26,0.0,0.0,0.0,0.0,0.0
1971-11-27,0.0,0.0,0.0,0.0,0.0
1971-11-28,0.0,0.0,0.0,0.0,0.0
1971-11-29,0.0,0.0,0.0,0.0,0.0
1971-11-30,0.0,0.0,0.0,0.0,0.0
1971-12-01,0.0,0.0,0.0,0.0,0.0
1971-12-02,0.0,0.0,0.0,0.0,0.0
1971-12-03,0.0,0.0,0.0,0.0,0.0
1971-12-04,0.0,0.0,0.0,0.0,0.0
1971-12-05,0.0,0.0,0.0,0.0,0.0
1971-12-06,0.0,0.0,0.0,0.0,0.0
1971-12-07,0.0,0.0,0.0,0.0,0.0
1971-12-08,0.0,0.0,0.0,0.0,0.0
1971-12-09,0.0,0.0,0.0,0.0,0.0
1971-12-10,0.0,0.0,0.0,0.0,0.0
1971-12-11,0.0,0.0,0.0,0.0,0.0
1971-12-12,0.0,0.0,0.0,0.0,0.0
1971-12-13,0.0,0.0,0.0,0.0,0.0
1971-12-14,0.0,0.0,0.0,0.0,0.0
1971-12-15,0.0,0.0,0.0,0.0,0.0
1971-12-16,0.0,0.0,0.0,0.0,0.0
1971-12-17,0.0,0.0,0.0,0.0,0.0
1971-12-18,0.0,0.0,0.0,0.0,0.0
1971-12-19,0.0,0.0,0.0,0.0,0.0
1971-12-20,0.0,0.0,0.0,0.0,0.0
1971-12-21,0.0,0.0,0.0,0.0,0.0
1971-12-22,0.0,0.0,0.0,0.0,0.0
1971-12-23,0.0,0.0,0.0,0.0,0.0
1971-12-24,0.0,0.0,0.0,0.0,0.0
1971-12-25,0.0,0.0,0.0,0.0,0.0
1971-12-26,0.0,0.0,0.0,0.0,0.0
1971-12-27,0.0,0.0,0.0,0.0,0.0
1971-12-28,0.0,0.0,0.0,0.0,0.0
1971-12-29,0.0,0.0,0.0,0.0,0.0
1971-12-30,0.0,0.0,0.0,0.0,0.0
1971-12-31,0.0,0.0,0.0,0.0,0.0
1973-01-01,0.0,0.0,0.0,0.0,0.0
1973-01-02,0.0,0.0,0.0,0.0,0.0
1973-01-03,0.0,0.0,0.0,0.0,0.0
1973-01-04,0.0,0.0,0.0,0.0,0.0
1973-01-05,0.0,0.0,0.0,0.0,0.0
1973-01-06,0.0,0.0,0.0,0.0,0.0
1973-01-07,0.0,0.0,0.0,0.0,0.0
1973-01-08,0.0,0.0,0.0,0.0,0.0
1973-01-09,0.0,0.0,0.0,0.0,0.0
1973-01-10,0.0,0.0,0.0,0.0,0.0
1973-01-11,0.0,0.0,0.0,0.0,0.0
1973-01-12,0.0,0.0,0.0,0.0,0.0
1973-01-13,0.0,0.0,0.0,0.0,0.0
1973-01-14,0.0,0.0,0.0,0.0,0.0
1973-01-15,0.0,0.0,0.0,0.0,0.0
1973-01-16,0.0,0.0,0.0,0.0,0.0
1973-01-17,0.0,0.0,0.0,0.0,0.0
1973-01-18,0.0,0.0,0.0,0.0,0.0
1973-01-19,0.0,0.0,0.0,0.0,0.0
1973-01-20,0.0,0.0,0.0,0.0,0.0
1973-01-21,0.0,0.0,0.0,0.0,0.0
1973-01-22,0.0,0.0,0.0,0.0,0.0
1973-01-23,0.0,0.0,0.0,0.0,0.0
1973-01-24,0.0,0.0,0.0,0.0,0.0
1973-01-25,0.0,0.0,0.0,0.0,0.0
1973-01-26,0.0,0.0,0.0,0.0,0.0
1973-01-27,0.0,0.0,0.0,0.0,0.0
1973-01-28,0.0,0.0,0.0,0.0,0.0
1973-01-29,0.0,0.0,0.0,0.0,0.0
1973-01-30,0.0,0.0,0.0,0.0,0.0
1973-01-31,0.0,0.0,0.0,0.0,0.0
1973-02-01,0.0,0.0,0.0,0.0,0.0
1973-02-02,0.0,0.0,0.0,0.0,0.0
1973-02-03,0.0,0.0,0.0,0.0,0.0
1973-02-04,0.0,0.0,0.0,0.0,0.0
1973-02-05,0.0,0.0,0.0,0.0,0.0
1973-02-06,0.0,0.0,0.0,0.0,0.0
1973-02-07,0.0,0.0,0.0,0.0,0.0
1973-02-08,0.0,0.0,0.0,0.0,0.0
1973-02-09,0.0,0.0,0.0,0.0,0.0
1973-02-10,0.0,0.0,0.0,0.0,0.0
1973-02-11,0.0,0.0,0.0,0.0,0.0
1973-02-12,0.0,0.0,0.0,0.0,0.0
1973-02-13,0.0,0.0,0.0,0.0,0.0
1973-02-14,0.0,0.0,0.0,0.0,0.0
1973-02-15,0.0,0.0,0.0,0.0,0.0
1973-02-16,0.0,0.0,0.0,0.0,0.0
1973-02-17,0.0,0.0,0.0,0.0,0.0
1973-02-18,0.0,0.0,0.0,0.0,0.0
1973-02-19,0.0,0.0,0.0,0.0,0.0
1973-02-20,0.0,0.0,0.0,0.0,0.0
1973-02-21,0.167,0.0,0.0,0.0,0.0418
1973-02-22,0.3046,0.0,0.0,0.0,0.0761
1973-02-23,0.0,0.0,0.0,0.0,0.0
1973-02-24,0.0,0.0,0.0,0.0,0.0
1973-02-25,0.0,0.0,0.0,0.0,0.0
1973-02-26,0.0,0.0,0.0,0.0,0.0
1973-02-27,0.0,0.0,0.0,0.0,0.0
1973-02-28,0.0,0.0,0.0,0.0,0.0
1973-03-01,0.3101,0.0,0.1022,0.0,0.1031
1973-03-02,0.0,0.0,0.0,0.0,0.0
1973-03-03,0.0,0.0,0.0,0.0,0.0
1973-03-04,0.0,0.0,0.0,0.0,0.0
1973-03-05,0.0,0.0,0.0,0.0,0.0
1973-03-06,0.0,0.0,0.0,0.0,0.0
1973-03-07,0.0,0.0,0.0,0.0,0.0
1973-03-08,0.0,0.0,0.0,0.0,0.0
1973-03-09,0.0,0.0,0.0,0.0,0.0
1973-03-10,0.0,0.0,0.0,0.0,0.0
1973-03-11,0.0,0.0,0.0,0.0,0.0
1973-03-12,0.0,0.0,0.0,0.0,0.0
1973-03-13,0.0,0.0,0.0,0.0,0.0
1973-03-14,0.0,0.0,0.0,0.0,0.0
1973-03-15,0.0,0.0,0.0,0.0,0.0
1973-03-16,0.0,0.0,0.0,0.0,0.0
1973-03-17,0.0,0.0,0.0,0.0,0.0
1973-03-18,0.0,0.0,0.0,0.0,0.0
1973-03-19,0.0,0.0,0.0,0.0,0.0
1973-03-20,0.0,0.0,0.0,0.0,0.0
1973-03-21,0.0,0.0,0.0,0.0,0.0
1973-03-22,0.0,0.0,0.0,0.0,0.0
1973-03-23,0.0,0.0,0.0,0.0,0.0
1973-03-24,0.0,0.0,0.0,0.0,0.0
1973-03-25,0.0,0.0,0.0,0.0,0.0
1973-03-26,0.0,0.0,0.0,0.0,0.0
1973-03-27,0.0,0.0,0.0,0.0,0.0
1973-03-28,0.0,0.0,0.0,0.0,0.0
1973-03-29,0.0,0.0,0.0,0.0,0.0
1973-03-30,0.0,0.0,0.0,0.0,0.0
1973-03-31,0.0,0.0,0.0,0.0,0.0
1973-04-01,0.0,0.0,0.0,0.0,0.0
1973-04-02,0.0,0.0,0.0,0.0,0.0
1973-04-03,0.7615,0.0,0.0,0.0,0.1904
1973-04-04,0.0,0.0,0.0,0.0,0.0
1973-04-05,0.0,0.0,0.0,0.0,0.0
1973-04-06,0.0,0.0,0.0,0.0,0.0
1973-04-07,0.0,0.0,0.0,0.0,0.0
1973-04-08,0.0,0.0,0.0,0.0,0.0
1973-04-09,0.0,0.0,0.0,0.0,0.0
1973-04-10,0.0,0.0,0.0,0.0,0.0
1973-04-11,0.0,0.0,0.0,0.0,0.0
1973-04-12,0.0,0.0,0.0,0.0,0.0
1973-04-13,0.0,0.0,0.0,0.0,0.0
1973-04-14,0.0,0.0,0.0,0.0,0.0
1973-04-15,0.0,0.0,0.0,0.0,0.0
1973-04-16,0.0,0.0,0.0,0.0,0.0
1973-04-17,0.0,0.0,0.0,0.0,0.0
1973-04-18,0.0,0.0,0.0,0.0,0.0
1973-04-19,0.0,0.0,0.0,0.0,0.0
1973-04-20,0.0,0.0,0.0,0.0,0.0
1973-04-21,0.0,0.0,0.0,0.0,0.0
1973-04-22,0.0,0.0,0.0,0.0,0.0
1973-04-23,0.0,0.0,0.0,0.0,0.0
1973-04-24,0.0,0.0,0.0,0.0,0.0
1973-04-25,0.0,0.0,0.0,0.0,0.0
1973-04-26,0.0,0.0,0.0,0.0,0.0
1973-04-27,0.0,0.0,0.0,0.0,0.0
1973-04-28,0.0,0.0,0.0,0.0,0.0
1973-04-29,0.0,0.0,0.0,0.0,0.0
1973-04-30,0.0,0.0,0.0,0.0,0.0
1973-05-01,0.0,0.0,0.0,0.0,0.0
1973-05-02,0.0,0.0,0.0,0.0,0.0
1973-05-03,0.0,0.0,0.0,0.0,0.0
1973-05-04,0.0,0.0,0.0,0.0,0.0
1973-05-05,0.0,0.0,0.0,0.0,0.0
1973-05-06,0.0,0.0,0.0,0.0,0.0
1973-05-07,0.0,0.0,0.0,0.0,0.0
1973-05-08,0.0,0.0,0.0,0.0,0.0
1973-05-09,0.0,0.0,0.0,0.0,0.0
1973-05-10,0.0,0.0,0.0,0.0,0.0
1973-05-11,0.0,0.0,0.0,0.0,0.0
1973-05-12,0.0,0.0,0.0,0.0,0.0
1973-05-13,0.0,0.0,0.0,0.0,0.0
1973-05-14,0.0,0.0,0.0,0.0,0.0
1973-05-15,0.0,0.0,0.0,0.0,0.0
1973-05-16,0.0,0.0,0.0,0.0,0.0
1973-05-17,0.0,0.0,0.0,0.0,0.0
1973-05-18,0.0,0.0,0.0,0.0,0.0
1973-05-19,0.0,0.0,0.0,0.0,0.0
1973-05-20,0.0,0.0,0.0,0.0,0.0
1973-05-21,0.0,0.0,0.0,0.0,0.0
1973-05-22,0.0,0.0,0.0,0.0,0.0
1973-05-23,0.0,0.0,0.0,0.0,0.0
1973-05-24,0.0,0.0,0.0,0.0,0.0
1973-05-25,0.0,0.0,0.0,0.0,0.0
1973-05-26,0.0,0.0,0.0,0.0,0.0
1973-05-27,0.0,0.0,0.0,0.0,0.0
1973-05-28,0.0,0.0,0.0,0.0,0.0
1973-05-29,0.0,0.0,0.0,0.0,0.0
1973-05-30,0.0,0.0,0.0,0.0,0.0
1973-05-31,0.0,0.0,0.0,0.0,0.0
1973-06-01,0.0,0.0,0.0,0.0,0.0
1973-06-02,0.0,0.0,0.0,0.0,0.0
1973-06-03,0.2761,0.2775,0.0,2.8982,0.863
1973-06-04,0.5239,10.6503,2.2594,11.2232,6.1642
1973-06-05,12.0578,46.2381,2.6309,0.0,15.2317
1973-06-06,1.9081,0.0,0.6292,0.0,0.6343
1973-06-07,0.1523,0.0,0.0,3.2784,0.8577
1973-06-08,16.7641,9.7609,6.2904,4.9,9.4288
1973-06-09,25.264,0.1935,2.167,3.8749,7.8748
1973-06-10,32.0315,25.749,5.1125,17.3318,20.0562
1973-06-11,17.2048,13.9914,10.0561,46.503,21.9388
1973-06-12,169.5965,38.81,27.1704,32.8693,67.1115
1973-06-13,48.085,30.5357,9.7295,10.7327,24.7707
1973-06-14,5.3575,10.1207,11.7826,18.8827,11.5359
1973-06-15,2.3761,8.6021,2.163,28.5336,10.4187
1973-06-16,8.1807,28.0839,0.9674,1.9756,9.8019
1973-06-17,4.1816,0.0,0.4247,0.0,1.1516
1973-06-18,0.0,0.5286,0.5624,3.8647,1.2389
1973-06-19,0.9385,1.069,0.1337,0.0,0.5353
1973-06-20,0.1193,0.0,0.0,0.9692,0.2721
1973-06-21,0.5761,2.9298,0.9242,0.0,1.1075
1973-06-22,0.7615,6.4427,0.177,0.0,1.8453
1973-06-23,0.0,0.5073,0.0,0.0,0.1268
1973-06-24,0.0,0.0,0.0,0.0,0.0
1973-06-25,0.0,0.0,0.0,0.0,0.0
1973-06-26,0.0,0.0,0.0,0.0,0.0
1973-06-27,0.0,0.0,0.0,0.0,0.0
1973-06-28,0.0,1.017,0.0,39.6197,10.1592
1973-06-29,4.5621,37.862,1.9624,1.4815,11.467
1973-06-30,2.6945,0.0,8.251,6.7918,4.4343
1973-07-01,22.885,0.8511,0.8455,17.4449,10.5066
1973-07-02,3.1486,5.7891,1.9782,11.7021,5.6545
1973-07-03,30.3243,6.1682,1.2623,2.0181,9.9432
1973-07-04,54.8589,25.8908,11.1334,42.5614,33.6111
1973-07-05,67.9304,77.4456,23.5059,110.3977,69.8199
1973-07-06,82.7287,113.9766,12.3838,33.4384,60.6319
1973-07-07,18.2407,45.3994,9.8202,123.6238,49.271
1973-07-08,138.8961,176.7219,26.5101,135.8647,119.4982
1973-07-09,18.1409,70.3683,18.6216,49.6103,39.1853
1973-07-10,22.0081,35.734,8.7581,54.2464,30.1867
1973-07-11,22.5374,53.8355,5.1911,18.816,25.095
1973-07-12,8.0142,14.7313,5.1754,19.0725,11.7484
1973-07-13,14.2175,34.0963,1.9584,6.2437,14.129
1973-07-14,0.8101,6.3061,4.2174,38.7593,12.5232
1973-07-15,25.3888,38.1782,17.9965,61.3092,35.7182
1973-07-16,15.9903,28.0155,26.308,34.8279,26.2854
1973-07-17,6.4552,10.4084,7.4565,10.8147,8.7837
1973-07-18,1.9742,5.4377,2.1882,77.3818,21.7455
1973-07-19,14.177,21.0813,26.8904,10.1399,18.0722
1973-07-20,2.0219,7.817,2.9399,4.1574,4.234
1973-07-21,1.9641,4.0368,7.6923,15.5816,7.3187
1973-07-22,4.8742,31.9606,7.6861,8.7018,13.3057
1973-07-23,2.7411,42.9154,7.4646,0.211,13.333
1973-07-24,1.4477,0.0,0.4517,0.0,0.4748
1973-07-25,2.5733,11.712,0.9466,0.0,3.808
1973-07-26,0.0,0.0,0.0,0.0,0.0
1973-07-27,0.4862,2.5073,4.0933,4.1213,2.802
1973-07-28,5.0851,12.8061,5.8023,9.9272,8.4052
1973-07-29,3.6707,7.7178,2.0433,21.7928,8.8062
1973-07-30,1.7339,5.363,3.2934,8.0498,4.61
1973-07-31,2.0339,4.6632,4.7214,4.0757,3.8735
1973-08-01,1.9871,3.4579,1.0056,2.2202,2.1677
1973-08-02,1.9138,8.1052,2.0421,2.9363,3.7493
1973-08-03,4.033,5.5289,7.3286,8.7521,6.4107
1973-08-04,16.2002,22.4675,4.2224,3.9501,11.71
1973-08-05,2.2184,3.1278,0.2556,76.3832,20.4962
1973-08-06,64.0397,26.2796,47.1976,22.4073,39.981
1973-08-07,5.3759,4.979,15.9494,1.3191,6.9059
1973-08-08,5.3345,45.1003,8.4955,49.3523,27.0707
1973-08-09,56.5104,160.9156,88.131,94.5082,100.0163
1973-08-10,77.4024,102.8016,81.6431,72.5204,83.5919
1973-08-11,16.4002,54.3008,23.5698,75.683,42.4885
1973-08-12,9.6727,24.2045,15.1072,28.1346,19.2797
1973-08-13,19.4138,43.7478,13.2837,28.6493,26.2736
1973-08-14,8.3328,23.0575,8.8786,28.4859,17.1887
1973-08-15,9.8597,37.8135,17.217,15.6363,20.1316
1973-08-16,15.6762,24.8037,8.2073,17.5937,16.5702
1973-08-17,5.9337,8.0003,4.2932,5.1051,5.8331
1973-08-18,4.0586,9.7979,4.9927,9.7722,7.1554
1973-08-19,5.9753,13.8258,12.5657,4.9796,9.3366
1973-08-20,1.523,1.7369,1.0983,1.1865,1.3862
1973-08-21,0.6761,4.9111,1.8899,5.2453,3.1806
1973-08-22,2.6138,2.1927,1.8275,8.9984,3.9081
1973-08-23,13.3359,10.1479,7.8691,9.8959,10.3122
1973-08-24,10.2652,29.5627,6.6651,3.2383,12.4328
1973-08-25,9.8735,19.472,6.5199,6.8171,10.6706
1973-08-26,5.1109,42.2245,5.3893,9.4884,15.5533
1973-08-27,10.5166,38.2764,17.7188,13.1169,19.9072
1973-08-28,22.4724,35.1667,16.636,13.137,21.853
1973-08-29,7.479,16.0131,7.1382,8.2998,9.7325
1973-08-30,3.1954,7.3864,10.8939,10.2942,7.9425
1973-08-31,48.3287,70.4537,36.0148,25.3826,45.045
1973-09-01,12.3851,26.6286,24.5649,30.1058,23.4211
1973-09-02,31.4221,51.1907,22.0351,44.2203,37.2171
1973-09-03,7.2963,20.2721,9.6872,30.1944,16.8625
1973-09-04,2.0026,4.078,1.8944,7.8681,3.9608
1973-09-05,6.5842,25.214,10.4179,1.6861,10.9756
1973-09-06,24.7836,23.2148,17.6735,28.7214,23.5983
1973-09-07,5.9676,21.6457,7.7674,29.1675,16.1371
1973-09-08,1.6586,10.9298,4.7113,5.9865,5.8216
1973-09-09,3.5615,9.9415,3.0686,0.596,4.2919
1973-09-10,8.128,12.4492,9.9327,12.7751,10.8212
1973-09-11,1.3641,2.5849,3.2731,1.9661,2.2971
1973-09-12,4.3227,6.6139,3.1623,5.9862,5.0213
1973-09-13,5.3414,8.6317,5.1485,7.7422,6.716
1973-09-14,1.6311,0.1683,2.9175,0.0,1.1792
1973-09-15,1.4661,0.0,0.2084,0.0,0.4186
1973-09-16,0.0,0.0,1.9467,0.0,0.4867
1973-09-17,0.0,0.0,0.0,0.1006,0.0251
1973-09-18,0.0,0.0,0.0,0.0,0.0
1973-09-19,19.279,2.7127,31.0098,29.2379,20.5599
1973-09-20,27.4701,11.2924,27.524,5.0525,17.8347
1973-09-21,0.1523,0.0,0.1489,1.652,0.4883
1973-09-22,28.7493,10.8903,43.0209,99.9507,45.6528
1973-09-23,65.2579,72.4441,66.0472,97.7307,75.37
1973-09-24,10.2494,17.6842,39.7007,103.7133,42.8369
1973-09-25,15.8803,27.9373,13.7411,71.2157,32.1936
1973-09-26,15.5822,31.9499,13.0975,37.946,24.6439
1973-09-27,11.5956,7.598,4.6962,9.7282,8.4045
1973-09-28,2.9475,2.211,7.1774,27.1594,9.8738
1973-09-29,36.8487,0.6406,47.2507,0.0,21.185
1973-09-30,11.9247,2.1884,2.8394,0.0,4.2381
1973-10-01,0.1523,0.0,1.0619,0.0,0.3035
1973-10-02,3.5029,11.565,0.0,0.0,3.767
1973-10-03,0.1523,0.0,0.0,0.0,0.0381
1973-10-04,10.7396,0.0,0.3775,0.0,2.7793
1973-10-05,2.6845,5.3807,0.0,0.0,2.0163
1973-10-06,0.0,10.1072,0.0,0.0,2.5268
1973-10-07,0.0,0.0,0.0,0.0,0.0
1973-10-08,0.0,0.0,0.0,0.0,0.0
1973-10-09,0.0,0.0,0.0,0.0,0.0
1973-10-10,0.0,0.0,0.0,0.0,0.0
1973-10-11,0.0,0.0,0.0,0.0,0.0
1973-10-12,0.0,0.0,0.0,0.0,0.0
1973-10-13,0.0,0.0,0.0,0.0,0.0
1973-10-14,0.0,0.0,0.0,0.0,0.0
1973-10-15,0.0,0.0,0.0,0.0,0.0
1973-10-16,0.0,0.0,0.0,0.0,0.0
1973-10-17,0.0,0.0,0.0,0.0,0.0
1973-10-18,0.0,0.0,0.0,0.0,0.0
1973-10-19,0.0,0.0,0.0,0.0,0.0
1973-10-20,0.0,0.0,0.0,0.0,0.0
1973-10-21,0.0,0.0,0.0,0.0,0.0
1973-10-22,0.0,0.0,0.0,0.0,0.0
1973-10-23,10.737,0.0,0.0,0.0,2.6843
1973-10-24,13.8022,47.7637,0.0,0.0,15.3915
1973-10-25,0.1523,0.8582,0.0,0.0,0.2526
1973-10-26,0.4569,48.2689,0.0,0.0,12.1814
1973-10-27,10.0267,6.2391,11.5837,0.0,6.9624
1973-10-28,0.4954,0.0,2.6135,0.0,0.7772
1973-10-29,0.0,0.0,0.0,0.0,0.0
1973-10-30,0.0,0.0,0.0,0.0,0.0
1973-10-31,0.0,0.0,0.0,0.0,0.0
1973-11-01,0.0,0.0,0.0,0.0,0.0
1973-11-02,0.0,0.0,0.0,0.0,0.0
1973-11-03,0.0,0.0,0.0,0.0,0.0
1973-11-04,0.0,0.0,0.0,0.0,0.0
1973-11-05,0.0,0.0,0.0,0.0,0.0
1973-11-06,0.0,0.0,0.0,0.0,0.0
1973-11-07,0.0,0.0,0.0,0.0,0.0
1973-11-08,0.0,0.0,0.0,0.0,0.0
1973-11-09,0.0,0.0,0.0,0.0,0.0
1973-11-10,0.0,0.0,0.0,0.0,0.0
1973-11-11,0.0,0.0,0.0,0.0,0.0
1973-11-12,0.0,0.0,0.0,0.0,0.0
1973-11-13,0.0,0.0,0.0,0.0,0.0
1973-11-14,0.0,0.0,0.0,0.0,0.0
1973-11-15,0.0,0.0,0.0,0.0,0.0
1973-11-16,0.0,0.0,0.0,0.0,0.0
1973-11-17,0.0,0.0,0.0,0.0,0.0
1973-11-18,0.0,0.0,0.0,0.0,0.0
1973-11-19,0.0,0.0,0.0,0.0,0.0
1973-11-20,0.0,0.0,0.0,0.0,0.0
1973-11-21,0.0,0.0,0.0,0.0,0.0
1973-11-22,0.0,0.0,0.0,0.0,0.0
1973-11-23,0.0,0.0,0.0,0.0,0.0
1973-11-24,0.0,0.0,0.0,0.0,0.0
1973-11-25,0.0,0.0,0.0,0.0,0.0
1973-11-26,0.0,0.0,0.0,0.0,0.0
1973-11-27,0.0,0.0,0.0,0.0,0.0
1973-11-28,0.0,0.0,0.0,0.0,0.0
1973-11-29,0.0,0.0,0.0,0.0,0.0
1973-11-30,0.0,0.0,0.0,0.0,0.0
1973-12-01,0.0,0.0,0.0,0.0,0.0
1973-12-02,0.0,0.0,0.0,0.0,0.0
1973-12-03,0.0,0.0,0.0,0.0,0.0
1973-12-04,0.0,0.0,0.0,0.0,0.0
1973-12-05,0.0,0.0,0.0,0.0,0.0
1973-12-06,0.0,0.0,0.0,0.0,0.0
1973-12-07,0.0,0.0,0.0,0.0,0.0
1973-12-08,0.0,0.0,0.0,0.0,0.0
1973-12-09,0.0,0.0,0.0,0.0,0.0
1973-12-10,0.0,0.0,0.0,0.0,0.0
1973-12-11,0.0,0.0,0.0,0.0,0.0
1973-12-12,0.0,0.0,0.0,0.0,0.0
1973-12-13,0.0,0.0,0.0,0.0,0.0
1973-12-14,0.0,0.0,0.0,0.0,0.0
1973-12-15,0.0,0.0,0.0,0.0,0.0
1973-12-16,0.0,0.0,0.0,0.0,0.0
1973-12-17,0.0,0.0,0.0,0.0,0.0
1973-12-18,0.0,0.0,0.0,0.0,0.0
1973-12-19,0.0,0.0,0.0,0.0,0.0
1973-12-20,0.0,0.0,0.0,0.0,0.0
1973-12-21,0.0,0.0,0.0,0.0,0.0
1973-12-22,0.0,0.0,0.0,0.0,0.0
1973-12-23,0.0,0.0,0.0,0.0,0.0
1973-12-24,0.0,0.0,0.0,0.0,0.0
1973-12-25,0.0,0.0,0.0,0.0,0.0
1973-12-26,0.0,0.0,0.0,0.0,0.0
1973-12-27,0.0,0.0,0.0,0.0,0.0
1973-12-28,0.0,0.0,0.0,0.0,0.0
1973-12-29,0.0,0.0,0.0,0.0,0.0
1973-12-30,0.0,0.0,0.0,0.0,0.0
1973-12-31,0.0,0.0,0.0,0.0,0.0
1974-01-01,0.0,0.0,0.0,0.0,0.0
1974-01-02,0.0,0.0,0.0,0.0,0.0
1974-01-03,0.0,0.0,0.0,0.0,0.0
1974-01-04,0.0,0.0,0.0,0.0,0.0
1974-01-05,0.0,0.0,0.0,0.0,0.0
1974-01-06,0.0,0.0,0.0,0.0,0.0
1974-01-07,0.0,0.0,0.0,0.0,0.0
1974-01-08,0.0,0.0,0.0,0.0,0.0
1974-01-09,0.0,0.0,0.0,0.0,0.0
1974-01-10,0.0,0.0,0.0,0.0,0.0
1974-01-11,0.0,0.0,0.0,0.0,0.0
1974-01-12,0.0,0.0,0.0,0.0,0.0
1974-01-13,0.0,0.0,0.0,0.0,0.0
1974-01-14,0.0,0.0,0.0,0.0,0.0
1974-01-15,0.0,0.0,0.0,0.0,0.0
1974-01-16,0.0,0.0,0.0,0.0,0.0
1974-01-17,0.0,0.0,0.0,0.0,0.0
1974-01-18,0.0,0.0,0.0,0.0,0.0
1974-01-19,0.0,0.0,0.0,0.0,0.0
1974-01-20,0.0,0.0,0.0,0.0,0.0
1974-01-21,0.0,0.0,0.0,0.0,0.0
1974-01-22,0.0,0.0,0.0,0.1162,0.029
1974-01-23,0.0,0.0,0.0,0.0,0.0
1974-01-24,0.0,0.0,0.0,0.0,0.0
1974-01-25,0.0,0.0,0.0,0.0,0.0
1974-01-26,0.0,0.0,0.0,0.0,0.0
1974-01-27,0.0,0.0,0.0,0.0,0.0
1974-01-28,0.0,0.0,0.0,0.0,0.0
1974-01-29,0.0,0.0,0.0,0.0,0.0
1974-01-30,0.0,0.0,0.0,0.0,0.0
1974-01-31,0.0,0.0,0.0,0.0,0.0
1974-02-01,0.0,0.0,0.0,0.0,0.0
1974-02-02,0.0,0.0,0.0,0.0,0.0
1974-02-03,0.0,0.0,0.0,0.0,0.0
1974-02-04,0.0,0.0,0.0,0.0,0.0
1974-02-05,0.0,0.0,0.0,0.0,0.0
1974-02-06,0.0,0.0,0.0,0.0,0.0
1974-02-07,0.0,0.0,0.0,0.0,0.0
1974-02-08,0.0,0.0,0.0,0.0,0.0
1974-02-09,0.0,0.0,0.0,0.0,0.0
1974-02-10,0.0,0.0,0.0,0.0,0.0
1974-02-11,0.0,0.0,0.0,0.0,0.0
1974-02-12,0.0,0.0,0.0,0.0,0.0
1974-02-13,0.0,0.0,0.0,0.0,0.0
1974-02-14,0.0,0.0,0.0,0.0,0.0
1974-02-15,0.0,0.0,0.0,0.0,0.0
1974-02-16,0.0,0.0,0.0,0.0,0.0
1974-02-17,0.0,0.0,0.0,0.0,0.0
1974-02-18,0.0,0.0,0.0,0.0,0.0
1974-02-19,0.0,0.0,0.0,0.0,0.0
1974-02-20,0.0,0.0,0.0,0.0,0.0
1974-02-21,0.0,0.0,0.0,0.0,0.0
1974-02-22,0.0,0.0,0.0,0.0,0.0
1974-02-23,0.0,0.0,0.0,0.0,0.0
1974-02-24,0.0,0.0,0.0,0.0,0.0
1974-02-25,0.0,0.0,0.0,0.0,0.0
1974-02-26,0.0,0.0,0.0,0.0,0.0
1974-02-27,0.0,0.0,0.0,0.0,0.0
1974-02-28,0.0,0.0,0.0,0.0,0.0
1974-03-01,0.0,0.0,0.0,0.0,0.0
1974-03-02,0.0,0.0,0.0,0.0,0.0
1974-03-03,0.0,0.0,0.0,0.0,0.0
1974-03-04,0.0,0.0,0.0,0.0,0.0
1974-03-05,0.0,0.0,0.0,0.0,0.0
1974-03-06,0.0,0.0,0.0,0.0,0.0
1974-03-07,0.0,0.0,0.0,0.0,0.0
1974-03-08,0.0,0.0,0.0,0.0,0.0
1974-03-09,0.0,0.0,0.0,0.0,0.0
1974-03-10,0.0,0.0,0.0,0.0,0.0
1974-03-11,0.0,0.0,0.0,0.0,0.0
1974-03-12,0.0,0.0,0.0,0.0,0.0
1974-03-13,0.0,0.0,0.0,0.0,0.0
1974-03-14,0.0,0.0,0.0,0.0,0.0
1974-03-15,0.0,0.0,0.0,0.0,0.0
1974-03-16,0.0,0.0,0.0,0.0,0.0
1974-03-17,0.0,0.0,0.0,0.0,0.0
1974-03-18,0.0,0.0,0.0,0.0,0.0
1974-03-19,0.0,0.0,0.0,0.0,0.0
1974-03-20,0.0,0.0,0.0,0.0,0.0
1974-03-21,0.0,0.0,0.0,0.0,0.0
1974-03-22,0.0,0.0,0.0,0.0,0.0
1974-03-23,0.0,0.0,0.0,0.0,0.0
1974-03-24,0.0,0.0,0.0,0.0,0.0
1974-03-25,0.0,0.0,0.0,0.0,0.0
1974-03-26,0.0,0.0,0.0,0.0,0.0
1974-03-27,0.0,0.0,0.0,0.0,0.0
1974-03-28,0.0,0.0,0.0,0.0,0.0
1974-03-29,0.0,0.0,0.0,0.0,0.0
1974-03-30,0.0,0.0,0.0,0.0,0.0
1974-03-31,0.0,0.0,0.0,0.0,0.0
1974-04-01,0.0,0.0,0.0,0.0,0.0
1974-04-02,0.0,0.0,0.0,0.0,0.0
1974-04-03,0.0,0.0,0.0,0.0,0.0
1974-04-04,0.0,0.0,0.0,0.0,0.0
1974-04-05,0.0,0.0,0.0,0.0,0.0
1974-04-06,0.0,0.0,0.0,0.0,0.0
1974-04-07,0.0,0.0,0.0,0.0,0.0
1974-04-08,0.0,0.0,0.0,0.0,0.0
1974-04-09,0.0,0.0,0.0,0.0,0.0
1974-04-10,0.0,0.0,0.0,0.0,0.0
1974-04-11,0.0,0.0,0.0,0.0,0.0
1974-04-12,0.0,0.0,0.0,0.0,0.0
1974-04-13,0.0,0.0,0.0,0.0,0.0
1974-04-14,0.0,0.0,0.0,0.0,0.0
1974-04-15,0.0,0.0,0.0,0.0,0.0
1974-04-16,0.0,0.0,0.0,0.0,0.0
1974-04-17,0.0,0.0,0.0,0.0,0.0
1974-04-18,0.0,0.0,0.0,0.0,0.0
1974-04-19,0.0,0.0,0.0,0.0,0.0
1974-04-20,0.0,0.0,0.0,0.0,0.0
1974-04-21,0.0,0.0,0.0,0.0,0.0
1974-04-22,20.7545,10.7224,9.5382,0.0,10.2538
1974-04-23,2.9138,2.9155,0.1573,0.0,1.4967
1974-04-24,0.0,0.0,0.0,0.0,0.0
1974-04-25,0.0,0.0,0.0,0.0,0.0
1974-04-26,0.0,4.4705,0.0,0.0,1.1176
1974-04-27,0.0,0.0,0.0,0.0,0.0
1974-04-28,0.0,0.0,0.0,0.0,0.0
1974-04-29,0.0,0.0,0.0,0.0,0.0
1974-04-30,0.0,0.0,0.0,0.0,0.0
1974-05-01,0.0,0.0,0.0,0.0,0.0
1974-05-02,0.0,0.0,0.0,0.0,0.0
1974-05-03,0.0,0.0,0.0,0.0,0.0
1974-05-04,0.0,0.0,0.0,0.0,0.0
1974-05-05,0.0,0.0,0.0,0.0,0.0
1974-05-06,0.0,0.0,0.0,0.0,0.0
1974-05-07,0.0,0.0,0.0,0.0,0.0
1974-05-08,0.0,0.0,0.0,0.0,0.0
1974-05-09,0.0,0.0,0.0,0.0,0.0
1974-05-10,0.0,0.0,0.0,0.0,0.0
1974-05-11,0.0,0.0,0.0,0.0,0.0
1974-05-12,0.0,0.0,0.0,0.0,0.0
1974-05-13,0.0,0.0,0.0,0.0,0.0
1974-05-14,0.0,0.0,0.0,0.0,0.0
1974-05-15,0.0,0.0,0.0,0.0,0.0
1974-05-16,0.0,0.0,0.0,0.0,0.0
1974-05-17,0.0,0.0,0.0,0.0,0.0
1974-05-18,0.0,0.1686,0.0,0.0,0.0421
1974-05-19,0.8569,1.7607,2.7856,0.0,1.3508
1974-05-20,11.9508,0.0,5.4704,35.8417,13.3157
1974-05-21,0.6569,0.0,1.9511,0.0,0.652
1974-05-22,0.0,0.1558,0.0,0.0,0.0389
1974-05-23,0.0,0.0,0.0,0.0,0.0
1974-05-24,0.0,0.0,0.0,0.0,0.0
1974-05-25,0.533,0.1352,0.0,0.0,0.1671
1974-05-26,4.9193,9.1354,2.0096,0.0,4.0161
1974-05-27,5.0078,5.4424,5.3965,11.7341,6.8952
1974-05-28,1.6503,0.0,0.668,8.7488,2.7668
1974-05-29,1.9799,0.0,4.6151,1.9321,2.1318
1974-05-30,0.3,5.8311,0.0,3.8694,2.5001
1974-05-31,1.1147,8.3579,3.8634,0.0,3.334
1974-06-01,20.4735,16.5614,64.5733,17.66,29.8171
1974-06-02,5.412,3.8874,2.3354,0.0,2.9087
1974-06-03,0.0,0.0,0.0,0.0,0.0
1974-06-04,0.0,0.0,0.0,0.0,0.0
1974-06-05,1.0,0.0,1.0463,0.0,0.5116
1974-06-06,8.0534,0.1893,3.2208,0.0,2.8659
1974-06-07,0.0,3.4015,0.0,0.0,0.8504
1974-06-08,0.3807,0.0,0.0,0.0,0.0952
1974-06-09,0.0,0.0,0.0,0.0,0.0
1974-06-10,0.0,0.0,0.0,0.0,0.0
1974-06-11,0.0,0.0,0.0,0.0,0.0
1974-06-12,0.0,0.0,0.0,0.0,0.0
1974-06-13,0.0,0.0,0.0,0.0,0.0
1974-06-14,0.0,0.0,0.0,0.0,0.0
1974-06-15,0.3908,0.0,0.0,0.0,0.0977
1974-06-16,0.0,0.0,0.0,0.0,0.0
1974-06-17,0.0,0.0,0.0,0.0,0.0
1974-06-18,0.9138,0.121,0.0,0.1068,0.2854
1974-06-19,1.2862,3.3138,2.2967,4.8999,2.9491
1974-06-20,9.7937,40.7317,4.5258,4.9461,14.9993
1974-06-21,1.7193,2.6829,2.2775,0.0,1.6699
1974-06-22,5.8494,4.3733,0.9005,0.1128,2.809
1974-06-23,10.0534,1.5982,15.7628,11.0124,9.6067
1974-06-24,31.3491,17.8483,20.1857,0.9909,17.5935
1974-06-25,14.3994,10.1736,17.4638,0.1746,10.5528
1974-06-26,3.5083,0.0,3.0797,0.0,1.647
1974-06-27,1.4788,0.1708,8.9825,25.8125,9.1112
1974-06-28,27.0261,17.4442,15.9483,61.3821,30.4502
1974-06-29,11.4661,35.4312,26.8239,4.5696,19.5727
1974-06-30,14.3998,7.7959,12.4427,15.3601,12.4996
1974-07-01,21.8422,16.7707,9.3528,31.7675,19.9333
1974-07-02,56.6048,48.332,70.3523,133.8411,77.2826
1974-07-03,82.8499,71.2864,75.804,173.1311,100.7679
1974-07-04,195.1696,186.3111,223.1876,58.9626,165.9077
1974-07-05,527.8027,99.9593,365.9055,29.4657,255.7833
1974-07-06,42.9884,22.6392,30.5428,11.8859,27.0141
1974-07-07,26.9655,51.01,22.6378,1.4034,25.5042
1974-07-08,10.525,3.2363,5.0905,104.1074,30.7398
1974-07-09,40.5926,29.8293,44.3178,33.1869,36.9817
1974-07-10,69.8371,22.2679,81.2021,108.8322,70.5348
1974-07-11,49.2862,112.3538,55.7442,37.1613,63.6364
1974-07-12,100.3447,127.0903,62.1329,11.8311,75.3498
1974-07-13,45.8246,124.4224,41.1559,5.2591,54.1655
1974-07-14,1.3678,1.6001,2.8259,7.8595,3.4133
1974-07-15,5.6678,6.1185,2.9955,1.2003,3.9955
1974-07-16,1.4017,1.8489,0.5107,1.0701,1.2079
1974-07-17,0.3908,1.0074,0.6096,1.9419,0.9874
1974-07-18,0.7908,1.4791,1.5989,0.0,0.9672
1974-07-19,0.533,6.9072,0.0,0.0,1.86
1974-07-20,4.8698,5.4424,1.6382,1.1128,3.2658
1974-07-21,0.1431,0.32,0.0,14.8626,3.8314
1974-07-22,1.6155,14.5615,0.9303,14.925,8.0081
1974-07-23,7.4768,19.451,14.8945,6.0394,11.9654
1974-07-24,1.4687,3.7133,15.3563,0.0,5.1346
1974-07-25,1.5661,2.7496,1.1939,0.0,1.3774
1974-07-26,0.8917,6.7422,1.7326,1.0711,2.6094
1974-07-27,0.477,3.3494,2.9495,11.1795,4.4889
1974-07-28,6.0276,11.43,3.6056,0.0,5.2658
1974-07-29,4.6871,0.0,9.4539,0.0,3.5353
1974-07-30,33.9887,0.5259,33.6418,6.5382,18.6737
1974-07-31,7.623,10.547,6.1947,2.0577,6.6056
1974-08-01,22.6681,6.9493,18.5284,2.0139,12.5399
1974-08-02,3.2256,2.7278,10.0004,6.4372,5.5978
1974-08-03,10.8015,22.7875,10.9309,25.2353,17.4388
1974-08-04,152.7452,5.96,142.2818,8.3082,77.3238
1974-08-05,71.8027,110.2948,98.1392,56.6582,84.2237
1974-08-06,5.9357,6.5269,5.412,29.3833,11.8145
1974-08-07,4.8201,33.8631,10.6742,38.8619,22.0548
1974-08-08,39.7287,46.4362,37.8921,34.3833,39.6101
1974-08-09,15.9748,52.9001,26.8637,14.5805,27.5798
1974-08-10,3.277,3.1004,7.004,1.9553,3.8342
1974-08-11,5.0284,3.5514,5.282,1.0093,3.7178
1974-08-12,4.8836,7.2339,5.0196,2.5455,4.9207
1974-08-13,3.4943,17.4794,20.9353,34.5182,19.1068
1974-08-14,18.9132,59.8568,177.9533,38.4945,73.8045
1974-08-15,20.161,15.8931,13.3004,30.4145,19.9423
1974-08-16,7.5262,14.7971,3.9287,21.5705,11.9556
1974-08-17,5.6624,13.004,1.3961,8.0307,7.0233
1974-08-18,18.6984,28.8886,30.0027,4.8647,20.6136
1974-08-19,1.3615,8.6666,4.8393,6.1358,5.2508
1974-08-20,3.0621,6.3052,1.4904,13.9465,6.2011
1974-08-21,2.5724,11.4175,22.1327,14.8678,12.7476
1974-08-22,14.7414,30.7539,21.5424,29.7893,24.2067
1974-08-23,28.6212,50.3348,15.1326,20.9045,28.7483
1974-08-24,6.2552,24.0101,2.0107,3.917,9.0483
1974-08-25,1.3101,1.0715,1.1486,1.9362,1.3666
1974-08-26,0.1523,0.0,0.0,1.9321,0.5211
1974-08-27,2.6606,1.8335,0.768,3.8721,2.2835
1974-08-28,0.7871,3.5973,1.5994,4.3787,2.5906
1974-08-29,15.6856,3.7232,3.6887,17.8924,10.2475
1974-08-30,31.4276,46.0397,25.1202,3.9917,26.6448
1974-08-31,9.3886,28.8646,6.141,15.5864,14.9951
1974-09-01,4.1925,5.5977,5.7471,14.1506,7.422
1974-09-02,9.8595,3.6249,2.0017,0.9755,4.1154
1974-09-03,0.2284,3.4987,0.0,1.9352,1.4156
1974-09-04,2.7357,14.0948,1.0815,0.3806,4.5732
1974-09-05,0.0,0.4859,0.1927,0.0,0.1696
1974-09-06,0.0,0.0,0.2006,0.0,0.0502
1974-09-07,2.2658,0.0,0.7472,0.0,0.7532
1974-09-08,0.0,0.0,0.0,0.0,0.0
1974-09-09,0.0,0.4859,0.2978,0.0,0.1959
1974-09-10,4.5555,0.5259,3.9798,7.7914,4.2131
1974-09-11,26.379,4.3001,3.5797,0.0,8.5647
1974-09-12,3.7107,0.0,2.637,24.5679,7.7289
1974-09-13,0.2385,1.9864,0.4326,0.0,0.6644
1974-09-14,0.0,0.0,0.0,4.0182,1.0046
1974-09-15,1.1247,1.9437,0.2202,3.9678,1.8141
1974-09-16,16.2278,37.6945,6.6117,4.0422,16.144
1974-09-17,0.0,0.3129,1.7776,87.2512,22.3354
1974-09-18,13.1612,3.726,20.1528,13.7339,12.6935
1974-09-19,4.2092,5.3073,5.5978,52.9215,17.0089
1974-09-20,2.7239,4.0587,11.6107,5.0428,5.859
1974-09-21,14.014,38.6749,14.851,0.0,16.885
1974-09-22,0.1523,0.9466,0.0,0.0,0.2747
1974-09-23,0.0,0.2819,0.0,0.0,0.0705
1974-09-24,6.7247,0.5713,0.6606,0.0,1.9891
1974-09-25,5.9558,99.5085,5.9681,19.8355,32.817
1974-09-26,15.079,18.4141,12.7786,6.8223,13.2735
1974-09-27,0.2385,22.3398,0.0,30.0908,13.1673
1974-09-28,7.4842,65.2579,11.5392,6.5452,22.7066
1974-09-29,10.8567,48.008,22.4514,51.9066,33.3057
1974-09-30,12.4357,126.1395,11.7377,4.0811,38.5985
1974-10-01,3.4267,2.2777,0.0,0.0,1.4261
1974-10-02,1.9799,0.0,2.382,0.0,1.0905
1974-10-03,0.0,0.5337,10.4691,0.6258,2.9071
1974-10-04,19.3138,56.649,74.051,12.0478,40.5154
1974-10-05,4.1256,18.0379,1.1775,3.8799,6.8052
1974-10-06,0.0,0.0,0.0,0.0,0.0
1974-10-07,0.0,0.9718,0.0,0.0,0.2429
1974-10-08,0.0,0.0,0.0,0.0,0.0
1974-10-09,0.0,0.0,0.0,13.8803,3.4701
1974-10-10,5.8258,26.7066,10.8023,5.9976,12.3331
1974-10-11,4.0227,2.323,2.7848,1.9338,2.7661
1974-10-12,8.0774,35.8011,43.658,0.0,21.8841
1974-10-13,0.0,0.0,0.0,0.0,0.0
1974-10-14,0.0,0.0,0.0,0.0,0.0
1974-10-15,0.0,0.0,0.0,0.0,0.0
1974-10-16,1.867,3.5556,2.1522,58.1803,16.4388
1974-10-17,20.2969,46.4904,21.2972,0.0,22.0211
1974-10-18,8.5129,0.0,10.5422,0.2751,4.8325
1974-10-19,3.0899,0.0,3.1427,0.729,1.7404
1974-10-20,0.4293,0.0,0.8495,2.1829,0.8654
1974-10-21,8.8405,25.015,1.7697,29.4985,16.2809
1974-10-22,1.4,1.0786,2.0652,0.0,1.136
1974-10-23,7.1488,0.0,2.2803,13.7421,5.7928
1974-10-24,8.3829,7.0156,19.5489,24.8353,14.9457
1974-10-25,13.4258,3.95,7.2787,16.9655,10.405
1974-10-26,3.3466,2.5292,27.0141,0.0,8.2225
1974-10-27,0.0,0.0,0.0,0.0,0.0
1974-10-28,0.0,0.0,0.0,0.0,0.0
1974-10-29,0.0,0.0,0.0,0.0,0.0
1974-10-30,0.0,0.0,0.0,0.0,0.0
1974-10-31,0.0,0.0,0.0,0.0,0.0
1974-11-01,0.0,0.0,0.0,0.0,0.0
1974-11-02,0.0,0.0,0.0,0.0,0.0
1974-11-03,0.0,0.0,0.0,0.0,0.0
1974-11-04,0.0,0.0,0.0,0.0,0.0
1974-11-05,0.0,0.0,0.0,0.0,0.0
1974-11-06,0.0,0.0,0.0,0.0,0.0
1974-11-07,0.0,0.0,0.0,0.0,0.0
1974-11-08,0.0,0.0,0.0,0.0,0.0
1974-11-09,0.0,0.0,0.0,0.0,0.0
1974-11-10,0.0,0.0,0.0,0.0,0.0
1974-11-11,0.0,0.0,0.0,0.0,0.0
1974-11-12,0.0,0.0,0.0,0.0,0.0
1974-11-13,0.0,0.0,0.0,0.0,0.0
1974-11-14,0.0,0.0,0.0,0.0,0.0
1974-11-15,0.0,0.0,0.0,0.0,0.0
1974-11-16,0.0,0.0,0.0,0.0,0.0
1974-11-17,0.0,0.0,0.0,0.0,0.0
1974-11-18,0.0,0.0,0.0,0.0,0.0
1974-11-19,0.0,0.0,0.0,0.0,0.0
1974-11-20,0.0,0.0,0.0,0.0,0.0
1974-11-21,0.0,0.0,0.0,0.0,0.0
1974-11-22,0.0,0.0,0.0,0.0,0.0
1974-11-23,0.0,0.0,0.0,0.0,0.0
1974-11-24,0.0,0.0,0.0,0.0,0.0
1974-11-25,0.0,0.0,0.0,0.0,0.0
1974-11-26,0.0,0.0,0.0,0.0,0.0
1974-11-27,0.0,0.0,0.0,0.0,0.0
1974-11-28,0.0,0.0,0.0,0.0,0.0
1974-11-29,0.0,0.0,0.0,0.0,0.0
1974-11-30,0.0,0.0,0.0,0.0,0.0
1974-12-01,0.0,0.0,0.0,0.0,0.0
1974-12-02,0.0,0.0,0.0,0.0,0.0
1974-12-03,0.0,0.0,0.0,0.0,0.0
1974-12-04,0.0,0.0,0.0,0.0,0.0
1974-12-05,0.0,0.0,0.0,0.0,0.0
1974-12-06,0.0,0.0,0.0,0.0,0.0
1974-12-07,0.0,0.0,0.0,0.0,0.0
1974-12-08,0.0,0.0,0.0,0.0,0.0
1974-12-09,0.0,0.0,0.0,0.0,0.0
1974-12-10,0.0,0.0,0.0,0.0,0.0
1974-12-11,0.0,0.0,0.0,0.0,0.0
1974-12-12,0.0,0.0,0.0,0.0,0.0
1974-12-13,0.0,0.0,0.0,0.0,0.0
1974-12-14,0.0,0.0,0.0,0.0,0.0
1974-12-15,0.0,0.0,0.0,0.0,0.0
1974-12-16,0.0,0.0,0.0,0.0,0.0
1974-12-17,0.0,0.0,0.0,0.0,0.0
1974-12-18,0.0,0.0,0.0,0.0,0.0
1974-12-19,0.0,0.0,0.0,0.0,0.0
1974-12-20,0.0,0.0,0.0,0.0,0.0
1974-12-21,0.0,0.0,0.0,0.0,0.0
1974-12-22,0.0,0.0,0.0,0.0,0.0
1974-12-23,0.0,0.0,0.0,0.0,0.0
1974-12-24,0.0,0.0,0.0,0.0,0.0
1974-12-25,0.0,0.0,0.0,0.0,0.0
1974-12-26,0.0,0.0,0.0,0.0,0.0
1974-12-27,0.0,0.0,0.0,0.0,0.0
1974-12-28,0.0,0.0,0.0,0.0,0.0
1974-12-29,0.0,0.0,0.0,0.0,0.0
1974-12-30,0.0,0.0,0.0,0.0,0.0
1974-12-31,0.0,0.0,0.0,0.0,0.0
1975-01-01,0.0,0.0,0.0,0.0,0.0
1975-01-02,0.0,0.0,0.0,0.0,0.0
1975-01-03,0.0,0.0,0.0,0.0,0.0
1975-01-04,0.0,0.0,0.0,0.0,0.0
1975-01-05,0.0,0.0,0.0,0.0,0.0
1975-01-06,0.0,0.0,0.0,0.0,0.0
1975-01-07,0.0,0.0,0.0,0.0,0.0
1975-01-08,0.0,0.0,0.0,0.0,0.0
1975-01-09,0.0,0.0,0.0,0.0,0.0
1975-01-10,0.0,0.0,0.0,0.0,0.0
1975-01-11,0.0,0.0,0.0,0.0,0.0
1975-01-12,0.0,0.0,0.0,0.0,0.0
1975-01-13,0.0,0.0,0.0,0.0,0.0
1975-01-14,0.0,0.0,0.0,0.0,0.0
1975-01-15,0.0,0.0,0.0,0.0,0.0
1975-01-16,0.0,0.0,0.0,0.0,0.0
1975-01-17,0.0,0.0,0.0,0.0,0.0
1975-01-18,0.0,0.0,0.0,0.0,0.0
1975-01-19,0.0,0.0,0.0,0.0,0.0
1975-01-20,0.0,0.0,0.0,0.0,0.0
1975-01-21,0.0,0.0,0.0,0.0,0.0
1975-01-22,0.0,0.0,0.0,0.0,0.0
1975-01-23,0.0,0.0,0.0,0.0,0.0
1975-01-24,0.0,0.0,0.0,0.0,0.0
1975-01-25,0.0,0.0,0.0,0.0,0.0
1975-01-26,0.0,0.0,0.0,0.0,0.0
1975-01-27,0.0,0.0,0.0,0.0,0.0
1975-01-28,0.0,0.0,0.0,0.0,0.0
1975-01-29,0.0,0.0,0.0,0.0,0.0
1975-01-30,0.0,0.0,0.0,0.0,0.0
1975-01-31,0.0,0.0,0.0,0.0,0.0
1975-02-01,0.0,0.0,0.0,0.0,0.0
1975-02-02,0.0,0.0,0.0,0.0,0.0
1975-02-03,0.0,0.0,0.0,0.0,0.0
1975-02-04,0.0,0.0,0.0,0.0,0.0
1975-02-05,0.0,0.0,0.0,0.0,0.0
1975-02-06,0.0,0.0,0.0,0.0,0.0
1975-02-07,0.0,0.0,0.0,0.0,0.0
1975-02-08,0.0,0.0,0.0,0.0,0.0
1975-02-09,0.0,0.0,0.0,0.0,0.0
1975-02-10,0.0,0.0,0.0,0.0,0.0
1975-02-11,0.0,0.0,0.0,0.0,0.0
1975-02-12,0.0,0.0,0.0,0.0,0.0
1975-02-13,0.0,0.0,0.5309,0.0,0.1327
1975-02-14,0.0,0.0,0.0,0.0,0.0
1975-02-15,0.0,0.0,0.0,0.0,0.0
1975-02-16,0.0,0.0,0.0,0.0,0.0
1975-02-17,0.0,0.0,0.0,0.0,0.0
1975-02-18,0.0,0.0,0.0,0.0,0.0
1975-02-19,0.0,0.0,0.0,0.0,0.0
1975-02-20,0.0,0.0,0.0,0.0,0.0
1975-02-21,0.0,0.0,0.0,0.0,0.0
1975-02-22,0.0,0.0,0.0,0.0,0.0
1975-02-23,0.0,0.0,0.0,0.0,0.0
1975-02-24,0.0,0.0,0.0,0.0,0.0
1975-02-25,0.0,0.0,0.0,0.0,0.0
1975-02-26,0.0,0.0,0.0,0.0,0.0
1975-02-27,0.0,0.0,0.0,0.0,0.0
1975-02-28,0.0,0.0,0.0,0.0,0.0
1975-03-01,0.0,0.0,0.0,0.0,0.0
1975-03-02,0.0,0.0,0.0,0.0,0.0
1975-03-03,0.0,0.0,0.0,0.0,0.0
1975-03-04,0.0,0.0,0.0,0.0,0.0
1975-03-05,0.0,0.0,0.0,0.0,0.0
1975-03-06,0.0,0.0,0.0,0.0,0.0
1975-03-07,0.0,0.0,0.0,0.0,0.0
1975-03-08,0.0,0.0,0.0,0.0,0.0
1975-03-09,0.0,0.0,0.0,0.0,0.0
1975-03-10,0.0,0.0,0.0,0.0,0.0
1975-03-11,0.0,0.0,0.0,0.0,0.0
1975-03-12,0.0,0.0,0.0,0.0,0.0
1975-03-13,0.0,0.0,0.0,0.0,0.0
1975-03-14,0.0,0.0,0.0,0.0,0.0
1975-03-15,0.0,0.0,0.0,0.0,0.0
1975-03-16,0.0,0.0,0.0,0.0,0.0
1975-03-17,0.0,0.0,0.0,0.0,0.0
1975-03-18,0.0,0.0,0.0,0.0,0.0
1975-03-19,0.0,0.0,0.0,0.0,0.0
1975-03-20,0.0,0.0,0.0,0.0,0.0
1975-03-21,0.0,0.0,0.0,0.0,0.0
1975-03-22,0.0,0.0,0.0,0.0,0.0
1975-03-23,0.0,0.0,0.0,0.0,0.0
1975-03-24,0.0,0.0,0.0,0.0,0.0
1975-03-25,0.0,0.0,0.0,0.0,0.0
1975-03-26,0.0,0.0,0.0,0.0,0.0
1975-03-27,0.0,0.0,0.0,0.0,0.0
1975-03-28,0.0,0.0,0.0,0.0,0.0
1975-03-29,0.0,0.0,0.0,0.0,0.0
1975-03-30,0.0,0.0,0.0,0.0,0.0
1975-03-31,0.0,0.0,0.0,0.0,0.0
1975-04-01,0.0,0.0,0.0,0.0,0.0
1975-04-02,0.0,0.0,0.0,0.0,0.0
1975-04-03,0.0,0.0,0.0,0.0,0.0
1975-04-04,0.0,0.0,0.0,0.0,0.0
1975-04-05,0.0,0.0,0.0,0.0,0.0
1975-04-06,0.0,0.0,0.0,0.0,0.0
1975-04-07,0.0,0.0,0.0,0.0,0.0
1975-04-08,0.0,0.0,0.0,0.0,0.0
1975-04-09,0.0,0.0,0.0,0.0,0.0
1975-04-10,0.0,0.0,0.0,0.0,0.0
1975-04-11,0.0,0.0,0.0,0.0,0.0
1975-04-12,0.0,0.0,0.0,0.0,0.0
1975-04-13,0.0,0.0,0.0,0.0,0.0
1975-04-14,0.0,0.0,0.0,0.0,0.0
1975-04-15,0.0,0.0,0.0,0.0,0.0
1975-04-16,0.0,0.0,0.0,0.0,0.0
1975-04-17,0.0,0.0,0.0,0.0,0.0
1975-04-18,0.0,0.0,0.0,0.0,0.0
1975-04-19,0.0,0.0,0.0,0.0,0.0
1975-04-20,0.0,0.0,0.0,0.0,0.0
1975-04-21,0.0,0.0,0.0,0.0,0.0
1975-04-22,0.0,0.0,0.0,0.0,0.0
1975-04-23,0.0,0.0,0.0,0.0,0.0
1975-04-24,0.0,0.0,0.0,0.0,0.0
1975-04-25,0.0,0.0,0.0,0.0,0.0
1975-04-26,0.0,0.0,0.0,0.0,0.0
1975-04-27,0.0,0.0,0.0,0.0,0.0
1975-04-28,0.0,0.0,0.0,0.0,0.0
1975-04-29,0.0,0.0,0.0,0.0,0.0
1975-04-30,0.0,0.0,0.0,0.0,0.0
1975-05-01,0.0,0.0,0.0,0.0,0.0
1975-05-02,0.0,0.0,0.0,0.0,0.0
1975-05-03,0.0,0.0,0.0,0.0,0.0
1975-05-04,0.0,0.0,0.0,0.0,0.0
1975-05-05,0.0,0.0,0.0,0.0,0.0
1975-05-06,0.0,0.0,0.0,0.0,0.0
1975-05-07,0.0,0.0,0.0,0.0,0.0
1975-05-08,0.0,0.0,0.0,0.0,0.0
1975-05-09,0.0,0.0,0.0,0.0,0.0
1975-05-10,0.0,0.0,0.0,0.0,0.0
1975-05-11,0.0,0.0,0.0,0.0,0.0
1975-05-12,0.0,0.0,0.0,0.0,0.0
1975-05-13,0.0,0.0,0.0,0.0,0.0
1975-05-14,0.0,0.0,0.0,0.0,0.0
1975-05-15,0.0,0.0,0.0,0.0,0.0
1975-05-16,0.3807,0.0,0.0,0.0,0.0952
1975-05-17,0.0,0.0,0.0,0.0,0.0
1975-05-18,0.0,0.0,0.0,0.0,0.0
1975-05-19,0.0,0.0,0.0,0.0,0.0
1975-05-20,0.0,0.0,0.0,0.0,0.0
1975-05-21,0.0,0.0,0.0,0.0,0.0
1975-05-22,0.0,0.0,0.0,0.0,0.0
1975-05-23,0.0,0.0,0.0,0.0,0.0
1975-05-24,0.0,0.0,0.0,0.0,0.0
1975-05-25,0.0,0.0,0.0,0.0,0.0
1975-05-26,0.0,0.0,0.0,0.0,0.0
1975-05-27,0.0,0.0,0.0,0.0,0.0
1975-05-28,0.0,0.0,0.0,0.0,0.0
1975-05-29,0.4339,0.0,0.118,0.0,0.138
1975-05-30,0.0,0.0,0.0,0.0,0.0
1975-05-31,0.0,0.0,0.0,3.2401,0.81
1975-06-01,52.385,116.7432,23.3854,78.7772,67.8227
1975-06-02,0.9615,0.1281,0.909,0.0,0.4996
1975-06-03,0.0,0.0,0.0,0.0,0.0
1975-06-04,0.0,8.7893,0.0,3.8986,3.172
1975-06-05,1.5147,15.002,1.6618,0.136,4.5786
1975-06-06,0.2284,0.0,0.0,0.0,0.0571
1975-06-07,0.1431,0.0,2.1709,10.4601,3.1935
1975-06-08,1.3707,0.0,0.0,0.0,0.3427
1975-06-09,0.1523,0.0,0.0,0.0,0.0381
1975-06-10,0.3807,0.0,0.0,0.0,0.0952
1975-06-11,0.0,0.0,0.0,0.0,0.0
1975-06-12,0.0,0.1921,0.0,0.0,0.048
1975-06-13,0.9716,0.0,0.541,0.0,0.3781
1975-06-14,0.3807,0.0,9.8258,1.9401,3.0366
1975-06-15,4.1882,5.0347,0.0,6.8005,4.0058
1975-06-16,0.5486,31.1549,5.5912,3.0721,10.0917
1975-06-17,34.5081,1.4815,33.4883,1.1743,17.6631
1975-06-18,35.5014,19.5143,9.1813,37.0452,25.3105
1975-06-19,59.179,78.8949,62.8181,32.7665,58.4146
1975-06-20,92.363,165.2303,88.2851,108.6413,113.6299
1975-06-21,12.3262,74.2391,18.2874,76.929,45.4454
1975-06-22,47.2274,30.9173,11.4276,7.1425,24.1787
1975-06-23,18.1976,6.7526,9.6822,76.5897,27.8055
1975-06-24,36.435,69.1546,35.5187,30.1127,42.8053
1975-06-25,34.251,38.5679,10.6557,142.8695,56.586
1975-06-26,75.4603,66.7059,40.9677,66.0524,62.2966
1975-06-27,51.8087,66.7529,46.9708,51.9778,54.3775
1975-06-28,6.6604,46.9946,16.1236,9.3962,19.7937
1975-06-29,6.7245,16.8919,7.0861,8.9089,9.9029
1975-06-30,2.2624,7.2689,2.1624,11.8806,5.8936
1975-07-01,0.8339,6.6342,0.6804,2.9172,2.7664
1975-07-02,0.8477,3.1049,2.1629,0.0,1.5289
1975-07-03,0.4293,1.4862,0.3185,2.1392,1.0933
1975-07-04,1.0825,1.0715,1.9444,6.5945,2.6732
1975-07-05,58.8194,19.505,18.22,4.0645,25.1522
1975-07-06,11.7437,18.8678,5.918,50.7971,21.8316
1975-07-07,5.4405,3.9655,9.3198,29.9026,12.1571
1975-07-08,18.0779,48.404,16.0777,120.1712,50.6827
1975-07-09,178.1675,211.147,188.8398,144.3091,180.6158
1975-07-10,20.6446,31.2188,77.8985,35.5981,41.34
1975-07-11,3.5129,13.0206,0.8792,10.9182,7.0827
1975-07-12,42.6174,37.1046,39.0767,26.6656,36.3661
1975-07-13,7.0678,15.0571,4.8921,33.3821,15.0998
1975-07-14,24.5063,66.1774,31.7369,68.9977,47.8546
1975-07-15,19.519,46.5332,26.1055,14.0985,26.5641
1975-07-16,3.5853,11.8626,9.0906,35.3814,14.98
1975-07-17,5.144,9.9163,8.1338,9.1597,8.0884
1975-07-18,8.156,12.5946,4.2776,6.065,7.7733
1975-07-19,3.1799,9.0152,3.0354,1.0876,4.0795
1975-07-20,1.7431,8.7245,1.6618,15.6425,6.943
1975-07-21,20.1821,2.6128,2.4534,6.0173,7.8164
1975-07-22,1.3807,9.027,0.4326,11.6164,5.6142
1975-07-23,3.2842,1.5141,0.9084,13.5942,4.8252
1975-07-24,3.8127,23.8367,1.2016,15.5472,11.0996
1975-07-25,4.1193,8.1108,6.1433,1.939,5.0781
1975-07-26,0.0,10.0743,0.0,0.0,2.5186
1975-07-27,0.3624,1.563,0.0,0.0,0.4814
1975-07-28,2.3606,5.6101,0.0,6.5379,3.6271
1975-07-29,6.246,54.9567,0.2517,140.9809,50.6088
1975-07-30,64.6783,237.1806,36.1522,31.5208,92.383
1975-07-31,370.5714,13.1509,186.941,19.4423,147.5264
1975-08-01,103.316,48.8381,154.1236,2.337,77.1537
1975-08-02,14.9138,4.336,22.1403,3.1376,11.1319
1975-08-03,79.0919,33.1841,55.2249,96.2627,65.9409
1975-08-04,56.0692,63.8376,54.3733,35.3438,52.406
1975-08-05,13.6773,44.7211,10.1466,36.7917,26.3342
1975-08-06,55.074,101.969,14.146,49.6026,55.1979
1975-08-07,10.9811,60.9098,41.5855,44.639,39.5289
1975-08-08,24.9256,44.6894,16.0633,50.7203,34.0996
1975-08-09,29.1307,18.8056,32.1462,15.6465,23.9323
1975-08-10,5.2494,16.9257,4.5304,91.2282,29.4834
1975-08-11,73.4704,99.0331,97.6185,15.1589,71.3202
1975-08-12,6.1917,11.2122,10.2174,99.3249,31.7366
1975-08-13,31.4154,34.3873,23.8509,99.233,47.2216
1975-08-14,54.4461,89.7432,61.0114,25.1013,57.5755
1975-08-15,29.0766,33.1073,8.2701,16.1131,21.6418
1975-08-16,5.5632,10.1458,9.2783,4.1918,7.2948
1975-08-17,3.4578,9.1138,5.6764,2.011,5.0648
1975-08-18,11.4525,9.6551,9.9128,12.7621,10.9456
1975-08-19,20.4845,16.9019,13.9877,9.9462,15.3301
1975-08-20,10.0761,33.9653,3.2528,4.9425,13.0592
1975-08-21,3.4394,16.2536,3.2848,5.8232,7.2002
1975-08-22,3.3862,12.4435,7.1135,9.8558,8.1997
1975-08-23,3.7678,30.4017,5.228,6.4195,11.4543
1975-08-24,0.2147,3.592,3.0483,0.1271,1.7455
1975-08-25,1.6586,8.5452,2.5792,5.0072,4.4475
1975-08-26,5.3212,3.0507,0.0,24.5892,8.2403
1975-08-27,24.0626,1.0453,31.0806,87.3028,35.8728
1975-08-28,6.6934,46.4416,5.1201,32.5591,22.7035
1975-08-29,40.8014,56.2496,17.5235,0.144,28.6796
1975-08-30,0.733,0.0,2.482,0.0,0.8038
1975-08-31,0.5724,3.7902,0.7197,0.0,1.2706
1975-09-01,0.7523,1.9378,3.1485,1.972,1.9526
1975-09-02,139.285,57.6087,161.6093,75.804,108.5768
1975-09-03,37.8568,99.3835,20.7907,33.5625,47.8984
1975-09-04,12.5066,57.489,18.9854,69.6513,39.6581
1975-09-05,28.3208,77.0261,20.491,80.1365,51.4936
1975-09-06,29.4422,38.095,15.9222,66.3686,37.457
1975-09-07,11.5219,14.6199,21.9742,5.1004,13.3041
1975-09-08,2.0293,6.2715,1.4584,17.6855,6.8612
1975-09-09,4.8744,10.9944,8.1567,8.076,8.0254
1975-09-10,0.5761,3.9808,0.0,5.9062,2.6158
1975-09-11,0.0,5.0678,4.4663,0.0,2.3835
1975-09-12,0.0,0.0,0.0,1.9855,0.4964
1975-09-13,1.3302,1.7363,7.0376,10.2586,5.0907
1975-09-14,5.5144,3.5129,9.2556,0.0,4.5707
1975-09-15,0.2477,0.3887,8.9472,0.0,2.3959
1975-09-16,0.0,0.0,0.0,0.0,0.0
1975-09-17,0.0,0.0,0.0,0.0,0.0
1975-09-18,0.0,0.0,0.0,2.4128,0.6032
1975-09-19,0.0,3.7902,0.0,0.0,0.9476
1975-09-20,0.0,2.5268,0.0,0.0,0.6317
1975-09-21,0.0,9.0382,0.0,5.8577,3.724
1975-09-22,61.4472,17.5122,51.4083,0.2733,32.6603
1975-09-23,4.3971,0.5809,6.3826,24.7366,9.0243
1975-09-24,5.9199,24.7705,7.3642,17.8023,13.9642
1975-09-25,2.2954,10.5744,4.55,8.7275,6.5368
1975-09-26,40.0424,11.5654,18.3851,2.8047,18.1994
1975-09-27,45.5621,14.7563,33.0356,6.3026,24.9141
1975-09-28,0.1523,14.0255,0.0,5.8887,5.0166
1975-09-29,1.4807,18.9281,0.9714,82.3701,25.9376
1975-09-30,24.2326,8.9879,15.5261,34.3487,20.7738
1975-10-01,6.1698,43.1928,4.6647,1.1181,13.7863
1975-10-02,4.1891,2.1801,0.4236,2.9001,2.4232
1975-10-03,1.1853,0.7775,0.5703,0.0,0.6333
1975-10-04,1.0853,0.0,0.5624,0.0,0.4119
1975-10-05,2.0834,5.6367,0.6601,0.0,2.0951
1975-10-06,39.6837,0.4859,28.6657,0.0,17.2088
1975-10-07,0.1523,0.0,0.0,0.0,0.0381
1975-10-08,3.8713,0.0,9.8713,0.0,3.4356
1975-10-09,7.3296,0.1921,13.5343,0.0,5.264
1975-10-10,0.2284,6.0255,0.0,3.9859,2.5599
1975-10-11,0.0,36.7098,0.0,0.0,9.1775
1975-10-12,1.144,0.0,3.6014,0.0,1.1864
1975-10-13,0.0,0.0,0.0,0.8279,0.207
1975-10-14,4.8116,16.351,1.3606,0.0,5.6308
1975-10-15,0.0,0.0,0.0,0.0,0.0
1975-10-16,0.0,0.0,0.0,0.2138,0.0534
1975-10-17,0.0,0.0,0.0,0.0,0.0
1975-10-18,0.0,0.0,0.0,0.0,0.0
1975-10-19,1.3046,4.7633,0.9719,18.5724,6.403
1975-10-20,24.8417,41.3487,45.0854,0.1001,27.844
1975-10-21,0.0,0.0,0.0,0.0,0.0
1975-10-22,0.0,0.0,0.0,0.0,0.0
1975-10-23,4.5078,0.3787,18.2842,0.1051,5.8189
1975-10-24,23.5324,2.5268,10.4656,0.0,9.1312
1975-10-25,0.0,0.0,0.0,0.0,0.0
1975-10-26,0.0,0.0,0.0,0.0,0.0
1975-10-27,0.0,0.1683,0.0,0.0,0.0421
1975-10-28,0.1908,7.901,0.0,12.619,5.1777
1975-10-29,0.4,0.8747,0.0,49.6922,12.7417
1975-10-30,0.6385,5.4641,4.1525,14.3836,6.1597
1975-10-31,34.7734,0.5686,3.2449,0.0,9.6467
1975-11-01,0.0,5.784,0.0,0.0,1.446
1975-11-02,0.0,0.0,0.0,0.0,0.0
1975-11-03,0.0,0.0,0.0,0.0,0.0
1975-11-04,0.0,0.0,0.0,0.0,0.0
1975-11-05,0.0,0.0,0.0,0.0,0.0
1975-11-06,0.0,0.0,0.0,0.0,0.0
1975-11-07,0.0,0.0,0.0,0.0,0.0
1975-11-08,0.0,0.0,0.0,0.0,0.0
1975-11-09,0.0,0.0,0.0,0.0,0.0
1975-11-10,0.0,0.0,0.0,0.0,0.0
1975-11-11,0.0,0.0,0.0,0.0,0.0
1975-11-12,0.0,0.0,0.0,0.0,0.0
1975-11-13,0.0,0.0,0.0,0.0,0.0
1975-11-14,0.0,0.0,0.0,0.0,0.0
1975-11-15,0.0,0.0,0.0,0.0,0.0
1975-11-16,0.0,0.0,0.0,0.0,0.0
1975-11-17,0.0,0.0,0.0,0.0,0.0
1975-11-18,0.0,0.0,0.0,0.0,0.0
1975-11-19,0.0,0.0,0.0,0.0,0.0
1975-11-20,0.0,0.0,0.0,0.0,0.0
1975-11-21,0.0,0.0,0.0,0.0,0.0
1975-11-22,0.0,0.0,0.0,0.0,0.0
1975-11-23,0.0,0.0,0.0,0.0,0.0
1975-11-24,0.0,0.0,0.0,0.0,0.0
1975-11-25,0.0,0.0,0.0,0.0,0.0
1975-11-26,0.0,0.0,0.0,0.0,0.0
1975-11-27,0.0,0.0,0.0,0.0,0.0
1975-11-28,0.0,0.0,0.0,0.0,0.0
1975-11-29,0.0,0.0,0.0,0.0,0.0
1975-11-30,0.0,0.0,0.0,0.0,0.0
1975-12-01,0.0,0.0,0.0,0.0,0.0
1975-12-02,0.0,0.0,0.0,0.0,0.0
1975-12-03,0.0,0.0,0.0,0.0,0.0
1975-12-04,0.0,0.0,0.0,0.0,0.0
1975-12-05,0.0,0.0,0.0,0.0,0.0
1975-12-06,0.0,0.0,0.0,0.0,0.0
1975-12-07,0.0,0.0,0.0,0.0,0.0
1975-12-08,0.0,0.0,0.0,0.0,0.0
1975-12-09,0.0,0.0,0.0,0.0,0.0
1975-12-10,0.0,0.0,0.0,0.0,0.0
1975-12-11,0.0,0.0,0.0,0.0,0.0
1975-12-12,0.0,0.0,0.0,0.0,0.0
1975-12-13,0.0,0.0,0.0,0.0,0.0
1975-12-14,0.0,0.0,0.0,0.0,0.0
1975-12-15,0.0,0.0,0.0,0.0,0.0
1975-12-16,0.0,0.0,0.0,0.0,0.0
1975-12-17,0.0,0.0,0.0,0.0,0.0
1975-12-18,0.0,0.0,0.0,0.0,0.0
1975-12-19,0.0,0.0,0.0,0.0,0.0
1975-12-20,0.0,0.0,0.0,0.0,0.0
1975-12-21,0.0,0.0,0.0,0.0,0.0
1975-12-22,0.0,0.0,0.0,0.0,0.0
1975-12-23,0.0,0.0,0.0,0.0,0.0
1975-12-24,0.0,0.0,0.0,0.0,0.0
1975-12-25,0.0,0.0,0.0,0.0,0.0
1975-12-26,0.0,0.0,0.0,0.0,0.0
1975-12-27,0.0,0.0,0.0,0.0,0.0
1975-12-28,0.0,0.0,0.0,0.0,0.0
1975-12-29,0.0,0.0,0.0,0.0,0.0
1975-12-30,0.0,0.0,0.0,0.0,0.0
1975-12-31,0.0,0.0,0.0,0.0,0.0
1978-01-01,0.0,0.0,0.0,0.0,0.0
1978-01-02,0.0,0.0,0.0,0.0,0.0
1978-01-03,0.0,0.0,0.0,0.0,0.0
1978-01-04,0.0,0.0,0.0,0.0,0.0
1978-01-05,0.0,0.0,0.0,0.0,0.0
1978-01-06,0.0,0.0,0.0,0.0,0.0
1978-01-07,0.0,0.0,0.0,0.0,0.0
1978-01-08,0.0,0.0,0.0,0.0,0.0
1978-01-09,0.0,0.0,0.0,0.0,0.0
1978-01-10,0.0,0.0,0.0,0.0,0.0
1978-01-11,0.0,0.0,0.0,0.0,0.0
1978-01-12,0.0,0.0,0.0,0.0,0.0
1978-01-13,0.0,0.0,0.0,0.0,0.0
1978-01-14,0.0,0.0,0.0,0.0,0.0
1978-01-15,0.0,0.0,0.0,0.0,0.0
1978-01-16,0.0,0.0,0.0,0.0,0.0
1978-01-17,0.0,0.0,0.0,0.0,0.0
1978-01-18,0.0,0.0,0.0,0.0,0.0
1978-01-19,0.0,0.0,0.0,0.0,0.0
1978-01-20,0.0,0.0,0.0,0.0,0.0
1978-01-21,0.0,0.0,0.0,0.0,0.0
1978-01-22,0.0,0.0,0.0,0.0,0.0
1978-01-23,0.0,0.0,0.0,0.0,0.0
1978-01-24,0.0,0.0,0.0,0.0,0.0
1978-01-25,0.0,0.0,0.0,0.0,0.0
1978-01-26,0.0,0.0,0.0,0.0,0.0
1978-01-27,0.0,0.0,0.0,0.0,0.0
1978-01-28,0.0,0.0,0.0,0.0,0.0
1978-01-29,0.0,0.0,0.0,0.0,0.0
1978-01-30,0.0,0.0,0.0,0.0,0.0
1978-01-31,0.0,0.0,0.0,0.0,0.0
1978-02-01,0.0,0.0,0.0,0.0,0.0
1978-02-02,0.0,0.0,0.0,0.0,0.0
1978-02-03,0.0,0.0,0.0,0.0,0.0
1978-02-04,0.533,0.4859,0.0,0.0,0.2547
1978-02-05,0.0,0.0,0.0,0.0,0.0
1978-02-06,0.0,0.0,0.0,0.0,0.0
1978-02-07,0.0,0.0,0.0,0.0,0.0
1978-02-08,0.0,0.0,0.0,0.0,0.0
1978-02-09,0.0,0.0,0.0,0.0,0.0
1978-02-10,0.0,0.0,0.0,0.0,0.0
1978-02-11,0.0,0.0,0.0,0.0,0.0
1978-02-12,0.0,0.0,0.0,0.0,0.0
1978-02-13,0.0,0.0,0.0,0.0,0.0
1978-02-14,0.0,0.0,0.0,0.0,0.0
1978-02-15,0.0,0.0,0.0,0.0,0.0
1978-02-16,0.0,0.0,0.0,0.0,0.0
1978-02-17,0.0,0.0,0.0,0.0,0.0
1978-02-18,0.0,0.0,0.0,0.0,0.0
1978-02-19,0.0,0.0,0.0,0.0,0.0
1978-02-20,0.0,0.0,0.0,0.0,0.0
1978-02-21,0.0,0.0,0.0,0.0,0.0
1978-02-22,0.0,0.0,0.0,0.0,0.0
1978-02-23,0.0,0.0,0.0,0.0,0.0
1978-02-24,0.0,0.0,0.0,0.0,0.0
1978-02-25,0.0,0.0,0.0,0.0,0.0
1978-02-26,0.0,0.0,0.0,0.0,0.0
1978-02-27,0.0,0.0,0.0,0.0,0.0
1978-02-28,0.0,0.0,0.0,0.0,0.0
1978-03-01,0.0,0.0,0.0,0.0,0.0
1978-03-02,0.0,0.0,0.0,0.0,0.0
1978-03-03,0.0,0.0,0.0,0.0,0.0
1978-03-04,0.0,0.0,0.0,0.0,0.0
1978-03-05,0.0,0.0,0.0,0.0,0.0
1978-03-06,0.0,0.0,0.0,0.0,0.0
1978-03-07,0.0,0.0,0.0,0.0,0.0
1978-03-08,0.0,0.0,0.0,0.0,0.0
1978-03-09,0.0,0.0,0.0,0.0,0.0
1978-03-10,0.1193,0.0,0.0,0.0,0.0298
1978-03-11,0.3523,0.0,0.0,0.0,0.0881
1978-03-12,0.0,0.0,0.0,0.0,0.0
1978-03-13,0.0,0.0,0.0,0.0,0.0
1978-03-14,0.0,0.0,0.0,0.0,0.0
1978-03-15,0.0,0.0,0.0,0.0,0.0
1978-03-16,0.0,0.0,0.0,0.0,0.0
1978-03-17,0.0,0.0,0.0,0.0,0.0
1978-03-18,0.0,0.0,0.0,0.0,0.0
1978-03-19,0.0,0.0,0.0,0.0,0.0
1978-03-20,0.0,0.0,0.0,0.0,0.0
1978-03-21,0.0,0.0,0.0,0.0,0.0
1978-03-22,0.0,0.0,0.0,0.0,0.0
1978-03-23,0.0,0.0,0.0,0.0,0.0
1978-03-24,0.0,0.0,0.0,0.0,0.0
1978-03-25,0.0,0.0,0.0,0.0,0.0
1978-03-26,0.0,0.0,0.0,0.0,0.0
1978-03-27,0.0,0.0,0.0,0.0,0.0
1978-03-28,0.0,0.0,0.0,0.0,0.0
1978-03-29,0.0,0.0,0.0,0.0,0.0
1978-03-30,0.0,0.0,0.0,0.0,0.0
1978-03-31,0.0,0.0,0.0,0.0,0.0
1978-04-01,0.0,0.0,0.0,0.0,0.0
1978-04-02,0.0,0.0,0.0,0.0,0.0
1978-04-03,0.0,0.0,0.0,0.0,0.0
1978-04-04,0.0,0.0,0.0,0.0,0.0
1978-04-05,0.0,0.0,0.0,0.0,0.0
1978-04-06,0.0,0.0,0.0,0.0,0.0
1978-04-07,0.0,0.0,0.0,0.0,0.0
1978-04-08,0.0,0.0,0.0,0.0,0.0
1978-04-09,0.0,0.0,0.0,0.0,0.0
1978-04-10,0.0,0.0,0.0,0.0,0.0
1978-04-11,0.0,0.0,0.0,0.0,0.0
1978-04-12,0.0,0.0,0.0,0.0,0.0
1978-04-13,0.0,0.0,0.0,0.0,0.0
1978-04-14,0.0,0.0,0.0,0.0,0.0
1978-04-15,0.0,0.0,0.0,0.0,0.0
1978-04-16,0.0,0.0,0.0,0.0,0.0
1978-04-17,0.0,0.0,0.0,0.0,0.0
1978-04-18,0.0,0.0,0.0,0.0,0.0
1978-04-19,0.0,0.0,0.0,0.0,0.0
1978-04-20,0.0,0.0,0.0,0.0,0.0
1978-04-21,0.0,0.0,0.0,0.0,0.0
1978-04-22,0.0,0.0,0.0,0.0,0.0
1978-04-23,0.0,0.0,0.0,0.0,0.0
1978-04-24,0.0,0.0,0.0,0.0,0.0
1978-04-25,0.0,0.0,0.0,0.0,0.0
1978-04-26,0.0,0.0,0.0,0.0,0.0
1978-04-27,0.0,2.5268,0.0,0.0,0.6317
1978-04-28,0.0,12.4397,0.0,0.0,3.1099
1978-04-29,0.0,0.0,0.0,0.0,0.0
1978-04-30,0.0,0.0,5.3093,0.0,1.3273
1978-05-01,0.0,0.0,0.0,0.0,0.0
1978-05-02,0.0,3.1099,0.0,0.0,0.7775
1978-05-03,0.0,0.0,0.0,0.0,0.0
1978-05-04,0.0,0.0,0.0,0.0,0.0
1978-05-05,0.0,0.0,0.0,0.0,0.0
1978-05-06,0.0,0.0,0.0,0.0,0.0
1978-05-07,0.0,0.0,0.0,0.0,0.0
1978-05-08,0.0,0.0,0.0,0.0,0.0
1978-05-09,0.0,0.0,0.0,0.0,0.0
1978-05-10,0.0,0.0,0.0,0.0,0.0
1978-05-11,0.0,0.0,0.0,0.0,0.0
1978-05-12,0.0,0.0,0.0,0.0,0.0
1978-05-13,0.0,0.0,0.0,0.0,0.0
1978-05-14,0.0,0.0,0.0,0.0,0.0
1978-05-15,0.0,0.0,0.0,0.0,0.0
1978-05-16,0.0,0.0,0.0,0.0,0.0
1978-05-17,0.0,0.0,0.0,0.0,0.0
1978-05-18,0.0,0.0,0.0,0.0,0.0
1978-05-19,0.0,0.0,0.0,0.0,0.0
1978-05-20,0.0,0.0,0.0,0.0,0.0
1978-05-21,0.0,0.0,0.0,0.0,0.0
1978-05-22,0.0,0.0,0.0,0.0,0.0
1978-05-23,0.0,0.0,0.0,0.0,0.0
1978-05-24,0.1523,0.0,0.0,0.0,0.0381
1978-05-25,0.0,0.0,0.0,0.0,0.0
1978-05-26,0.0,0.0,0.0,0.0,0.0
1978-05-27,0.0,0.0,0.0,0.0,0.0
1978-05-28,0.6853,0.0,0.7079,0.0,0.3483
1978-05-29,0.3046,1.7493,0.0,0.0,0.5135
1978-05-30,0.0,0.0,0.0,0.0,0.0
1978-05-31,4.4928,2.9155,0.0,0.0,1.8521
1978-06-01,20.6057,69.947,3.1539,32.0243,31.4327
1978-06-02,0.0,0.0,0.0,0.0,0.0
1978-06-03,0.0,0.7775,0.0,1.0178,0.4488
1978-06-04,0.0,0.0,0.0,0.0,0.0
1978-06-05,0.4284,0.0,1.8022,0.0,0.5576
1978-06-06,2.033,6.5055,6.2219,1.4547,4.0538
1978-06-07,9.6853,0.0,27.282,0.7728,9.435
1978-06-08,2.9092,3.0483,14.2595,0.1362,5.0883
1978-06-09,32.3478,5.0859,52.5696,1.3434,22.8367
1978-06-10,7.9612,35.5519,10.4523,9.9053,15.9677
1978-06-11,28.4134,11.4406,18.1672,3.9568,15.4945
1978-06-12,25.9261,9.1283,58.09,1.3446,23.6223
1978-06-13,18.9086,123.6725,22.6242,45.1468,52.588
1978-06-14,28.3903,4.7902,24.3673,14.535,18.0207
1978-06-15,114.9832,14.9413,113.0926,37.2547,70.0679
1978-06-16,151.8729,18.335,98.5481,3.7797,68.1339
1978-06-17,46.127,42.8601,39.2618,11.6728,34.9804
1978-06-18,8.6917,63.9562,19.2114,24.0251,28.9711
1978-06-19,131.4662,135.1192,134.3906,104.7195,126.4239
1978-06-20,49.5947,108.2387,64.5471,76.0945,74.6187
1978-06-21,69.9798,126.4476,77.257,125.875,99.8898
1978-06-22,54.5908,74.5441,58.8297,77.3563,66.3302
1978-06-23,37.4273,55.6072,27.4215,42.8216,40.8194
1978-06-24,2.0632,11.72,9.5842,10.6623,8.5074
1978-06-25,0.3046,0.9458,0.0,0.0,0.3126
1978-06-26,0.2954,0.0,0.0,0.0,0.0738
1978-06-27,0.1523,2.3535,0.0,0.0,0.6264
1978-06-28,0.0,1.3816,0.0,0.0,0.3454
1978-06-29,0.0,0.0,0.0,0.1858,0.0464
1978-06-30,3.5256,4.6193,4.8522,3.7293,4.1816
1978-07-01,22.8106,47.3515,16.8331,27.8005,28.6989
1978-07-02,9.2494,41.4436,16.5392,50.4046,29.4092
1978-07-03,31.7766,12.4985,29.1516,15.5207,22.2369
1978-07-04,2.8383,9.8057,17.1914,0.0,7.4588
1978-07-05,0.7193,4.0451,2.3872,9.6905,4.2105
1978-07-06,4.5267,7.8264,4.1061,0.6198,4.2698
1978-07-07,3.6239,18.9566,2.5439,13.0157,9.535
1978-07-08,26.9697,89.3956,28.5204,77.5712,55.6142
1978-07-09,38.7378,26.6839,34.1341,27.9267,31.8706
1978-07-10,12.4971,8.1059,8.9634,29.0716,14.6595
1978-07-11,90.8939,151.4931,54.2423,167.8706,116.125
1978-07-12,9.9965,16.6865,6.6764,0.7638,8.5308
1978-07-13,1.7595,21.3934,3.9236,17.0717,11.0371
1978-07-14,56.5998,53.9892,32.3012,43.45,46.585
1978-07-15,23.854,45.9429,38.4388,52.4202,40.164
1978-07-16,1.2293,2.8933,0.9124,5.8788,2.7285
1978-07-17,1.3422,2.3766,0.5467,0.0,1.0664
1978-07-18,0.0,0.0,0.354,0.3065,0.1651
1978-07-19,67.363,16.9899,19.1528,3.1585,26.6661
1978-07-20,12.2258,35.1704,11.0049,18.6961,19.2743
1978-07-21,1.9632,9.3761,3.8545,2.9724,4.5415
1978-07-22,1.0239,5.9443,0.9798,3.0409,2.7472
1978-07-23,2.3101,14.9843,1.1809,5.0685,5.886
1978-07-24,1.9871,12.7951,8.3848,6.9642,7.5328
1978-07-25,2.5899,5.3909,1.8478,9.8294,4.9145
1978-07-26,2.6678,3.4533,0.9084,7.87,3.7249
1978-07-27,4.756,83.3121,3.1435,3.0312,23.5607
1978-07-28,3.167,7.3117,3.027,0.1132,3.4047
1978-07-29,1.1376,1.8842,1.7174,8.9073,3.4116
1978-07-30,2.7486,42.2366,8.2724,1.1536,13.6028
1978-07-31,5.2127,20.8101,6.4494,21.796,13.567
1978-08-01,13.7276,17.3507,10.846,4.1131,11.5094
1978-08-02,4.6606,3.246,3.9309,7.9029,4.9351
1978-08-03,5.0807,16.8889,3.8781,7.0062,8.2135
1978-08-04,1.0578,16.9899,4.5747,9.752,8.0936
1978-08-05,3.7468,7.3761,3.0657,4.0441,4.5582
1978-08-06,1.1963,6.0347,1.3421,12.7247,5.3245
1978-08-07,2.521,7.2223,1.55,6.0794,4.3432
1978-08-08,1.5284,2.7988,0.9955,1.9409,1.8159
1978-08-09,1.9486,1.7522,0.291,0.1478,1.0349
1978-08-10,4.8193,15.6318,2.9398,8.9665,8.0893
1978-08-11,7.2974,16.4659,1.5365,3.3832,7.1707
1978-08-12,9.019,37.8187,10.3921,29.2654,21.6238
1978-08-13,6.6348,23.6347,17.0605,73.0948,30.1062
1978-08-14,8.8113,14.0037,12.3504,26.9635,15.5322
1978-08-15,16.6744,21.4338,4.0412,14.8763,14.2564
1978-08-16,3.2,6.6054,4.5888,14.0494,7.1109
1978-08-17,4.477,4.4339,2.9298,28.2329,10.0184
1978-08-18,12.712,20.2255,5.609,10.0155,12.1405
1978-08-19,9.7689,11.7914,8.0297,8.7813,9.5928
1978-08-20,0.2284,11.9911,0.0,3.8748,4.0236
1978-08-21,0.1523,0.0,0.0,4.8686,1.2552
1978-08-22,0.4239,0.7775,1.1658,0.9923,0.8399
1978-08-23,1.3707,4.0491,1.4523,2.2027,2.2687
1978-08-24,2.8578,1.9858,6.5673,7.9833,4.8486
1978-08-25,1.6486,16.6881,9.051,19.7895,11.7943
1978-08-26,19.5138,33.4113,9.4573,20.6628,20.7613
1978-08-27,34.746,48.5539,21.8164,4.3437,27.365
1978-08-28,4.9868,16.7968,4.8718,8.331,8.7466
1978-08-29,5.0422,22.1947,8.068,17.0475,13.0881
1978-08-30,19.5943,32.4809,7.0808,18.2706,19.3566
1978-08-31,7.4339,45.6396,14.3315,24.1425,22.8869
1978-09-01,14.642,31.4262,19.5795,56.7221,30.5924
1978-09-02,23.3482,21.1469,12.7504,6.8847,16.0325
1978-09-03,1.8753,1.2605,0.909,0.1077,1.0381
1978-09-04,4.9578,10.6782,1.5219,14.5855,7.9358
1978-09-05,1.2101,0.3041,0.173,2.9783,1.1664
1978-09-06,9.6604,34.0083,7.4797,8.3455,14.8735
1978-09-07,1.0971,25.5045,0.3618,7.9442,8.7269
1978-09-08,0.6816,5.2349,0.4472,0.0,1.5909
1978-09-09,9.7471,4.8241,1.0421,6.7727,5.5965
1978-09-10,11.0543,22.1123,1.3494,0.1761,8.673
1978-09-11,0.0,0.0,0.0,0.0,0.0
1978-09-12,0.0,0.1705,0.0,0.0,0.0426
1978-09-13,2.7521,0.0,1.3039,0.0,1.014
1978-09-14,1.9477,6.8041,0.1652,5.0487,3.4914
1978-09-15,2.3155,0.2543,4.0837,3.1652,2.4547
1978-09-16,0.0,0.0,0.9011,1.9321,0.7083
1978-09-17,12.2149,0.155,2.1483,0.2938,3.703
1978-09-18,4.961,0.3465,1.6359,0.1468,1.7726
1978-09-19,0.0,0.7917,0.6112,0.0,0.3507
1978-09-20,0.0,2.7212,0.0,0.0,0.6803
1978-09-21,0.0,0.0,0.0,0.0,0.0
1978-09-22,0.0,12.8426,0.0,0.0,3.2106
1978-09-23,0.0,2.5766,0.0,0.9683,0.8862
1978-09-24,0.9138,0.0,0.0,0.0,0.2284
1978-09-25,0.0,0.0,0.0,0.0,0.0
1978-09-26,0.6569,0.0,0.0,0.0,0.1642
1978-09-27,59.4439,0.0,3.8865,0.0,15.8326
1978-09-28,8.458,4.2501,3.2286,3.8678,4.9511
1978-09-29,50.2225,1.0928,8.205,1.9236,15.361
1978-09-30,0.3908,27.6409,3.9494,36.1171,17.0245
1978-10-01,5.7928,0.1423,2.782,3.8642,3.1453
1978-10-02,8.5299,5.6979,8.4055,5.9543,7.1469
1978-10-03,32.1057,0.4492,9.8644,1.0746,10.8735
1978-10-04,0.0,0.0,0.0,11.5927,2.8982
1978-10-05,0.0,0.0,0.0,0.0,0.0
1978-10-06,0.0,0.0,0.0,0.0,0.0
1978-10-07,0.0,0.0,0.0,0.0,0.0
1978-10-08,0.7247,21.1863,0.6354,0.0,5.6366
1978-10-09,0.0,1.3346,0.0,0.0,0.3337
1978-10-10,0.0,0.0,0.0,0.0,0.0
1978-10-11,0.0,0.0,0.0,0.0,0.0
1978-10-12,0.0,0.0,0.0,0.0,0.0
1978-10-13,0.0,6.7271,0.0,0.0,1.6818
1978-10-14,0.0,0.0,0.0,0.0,0.0
1978-10-15,0.0,0.0,0.0,0.0,0.0
1978-10-16,0.0,0.0,0.0,0.0,0.0
1978-10-17,0.0,0.0,0.0,0.0,0.0
1978-10-18,0.0,0.0,0.0,0.0,0.0
1978-10-19,0.0,0.0,0.0,0.0,0.0
1978-10-20,0.0,0.0,0.0,0.5608,0.1402
1978-10-21,12.327,11.5383,2.5781,48.631,18.7686
1978-10-22,0.0,17.3321,0.0,36.0983,13.3576
1978-10-23,0.0,43.9185,0.0,2.9362,11.7137
1978-10-24,0.0,0.0,0.0,0.0,0.0
1978-10-25,0.0,0.0,0.0,0.0,0.0
1978-10-26,0.0,0.0,0.0,0.0,0.0
1978-10-27,0.0,0.0,0.0,0.0,0.0
1978-10-28,0.0,0.0,0.0,0.0,0.0
1978-10-29,0.0,0.0,0.0,0.0,0.0
1978-10-30,0.0,0.0,0.0,0.0,0.0
1978-10-31,0.0,0.0,0.0,0.0,0.0
1978-11-01,0.0,0.0,0.0,0.0,0.0
1978-11-02,0.0,0.0,0.0,0.0,0.0
1978-11-03,0.0,0.0,0.0,0.0,0.0
1978-11-04,0.0,0.0,0.0,0.0,0.0
1978-11-05,0.0,0.0,0.0,0.0,0.0
1978-11-06,0.0,0.0,0.0,0.0,0.0
1978-11-07,0.0,0.0,0.0,0.2136,0.0534
1978-11-08,2.3799,7.1965,0.3292,0.0,2.4764
1978-11-09,0.9138,0.0,0.0,12.5854,3.3748
1978-11-10,1.0017,41.7659,0.3303,2.9348,11.5082
1978-11-11,1.8276,0.0,0.4466,0.0,0.5685
1978-11-12,1.523,4.4705,2.5309,0.97,2.3736
1978-11-13,0.0,0.0,0.0,0.0,0.0
1978-11-14,0.0,0.0,0.0,0.0,0.0
1978-11-15,0.0,0.0,0.0,0.0,0.0
1978-11-16,0.0,0.0,0.0,0.0,0.0
1978-11-17,0.0,0.121,0.0,0.0,0.0302
1978-11-18,0.0,0.0,0.0,0.0,0.0
1978-11-19,0.0,0.0,0.0,0.0,0.0
1978-11-20,0.0,0.0,0.0,0.0,0.0
1978-11-21,0.0,0.0,0.0,0.0,0.0
1978-11-22,0.0,0.0,0.0,0.0,0.0
1978-11-23,0.0,0.0,0.0,0.0,0.0
1978-11-24,0.0,0.0,0.0,0.0,0.0
1978-11-25,0.0,0.0,0.0,0.0,0.0
1978-11-26,0.0,0.0,0.0,0.0,0.0
1978-11-27,0.0,0.0,0.0,0.0,0.0
1978-11-28,5.1689,3.2558,2.7269,1.9616,3.2783
1978-11-29,2.9494,4.1387,2.1331,9.8244,4.7614
1978-11-30,7.0055,3.9159,4.6724,7.8387,5.8581
1978-12-01,2.2181,4.4995,0.7314,0.0,1.8623
1978-12-02,0.1908,0.0,0.0,0.0,0.0477
1978-12-03,0.0,0.0,0.0,0.0,0.0
1978-12-04,0.0,0.0,0.0,0.0,0.0
1978-12-05,0.0,0.0,0.0,0.0,0.0
1978-12-06,0.0,0.0,0.0,0.0,0.0
1978-12-07,0.0,0.0,0.0,0.0,0.0
1978-12-08,0.0,0.0,0.0,0.0,0.0
1978-12-09,0.0,0.0,0.0,0.0,0.0
1978-12-10,0.0,0.0,0.0,0.0,0.0
1978-12-11,0.0,0.0,0.0,0.0,0.0
1978-12-12,0.0,0.0,0.0,0.0,0.0
1978-12-13,0.0,0.0,0.0,0.0,0.0
1978-12-14,0.0,0.0,0.0,0.0,0.0
1978-12-15,0.0,0.0,0.0,0.0,0.0
1978-12-16,0.0,0.0,0.0,0.0,0.0
1978-12-17,0.0,0.0,0.0,0.0,0.0
1978-12-18,0.0,0.0,0.0,0.0,0.0
1978-12-19,0.0,0.0,0.0,0.0,0.0
1978-12-20,0.0,0.0,0.0,0.0,0.0
1978-12-21,0.0,0.0,0.0,0.0,0.0
1978-12-22,0.0,0.0,0.0,0.0,0.0
1978-12-23,0.0,0.0,0.0,0.0,0.0
1978-12-24,0.0,0.0,0.0,0.0,0.0
1978-12-25,0.0,0.0,0.0,0.0,0.0
1978-12-26,0.0,0.0,0.0,0.0,0.0
1978-12-27,0.0,0.0,0.0,0.0,0.0
1978-12-28,0.0,0.0,0.0,0.0,0.0
1978-12-29,0.0,0.0,0.0,0.0,0.0
1978-12-30,0.0,0.0,0.0,0.0,0.0
1978-12-31,0.0,0.0,0.0,0.0,0.0
1979-01-01,0.0,0.0,0.0,0.0,0.0
1979-01-02,0.0,0.0,0.0,0.0,0.0
1979-01-03,0.0,0.0,0.0,0.0,0.0
1979-01-04,0.0,0.0,0.0,0.0,0.0
1979-01-05,0.0,0.0,0.0,0.0,0.0
1979-01-06,0.0,0.0,0.0,0.0,0.0
1979-01-07,0.0,0.0,0.0,0.0,0.0
1979-01-08,0.0,0.0,0.0,0.0,0.0
1979-01-09,0.0,0.0,0.0,0.0,0.0
1979-01-10,0.0,0.0,0.0,0.0,0.0
1979-01-11,0.0,0.0,0.0,0.0,0.0
1979-01-12,0.0,0.0,0.0,0.0,0.0
1979-01-13,0.0,0.0,0.0,0.0,0.0
1979-01-14,0.0,0.0,0.0,0.0,0.0
1979-01-15,0.0,0.0,0.0,0.0,0.0
1979-01-16,0.0,0.0,0.0,0.0,0.0
1979-01-17,0.0,0.0,0.0,0.0,0.0
1979-01-18,0.0,0.0,0.0,0.0,0.0
1979-01-19,0.0,0.0,0.0,0.0,0.0
1979-01-20,0.0,0.0,0.0,0.0,0.0
1979-01-21,0.0,0.0,0.0,0.0,0.0
1979-01-22,0.0,0.0,0.0,0.0,0.0
1979-01-23,0.0,0.0,0.0,0.0,0.0
1979-01-24,0.0,0.0,0.0,0.0,0.0
1979-01-25,0.0,0.0,0.0,0.0,0.0
1979-01-26,0.0,0.0,0.0,0.0,0.0
1979-01-27,0.0,0.0,0.0,0.0,0.0
1979-01-28,0.0,0.0,0.0,0.0,0.0
1979-01-29,0.0,0.0,0.0,0.0,0.0
1979-01-30,0.0,0.0,0.0,0.0,0.0
1979-01-31,0.0,0.0,0.0,0.0,0.0
1979-02-01,0.0,0.0,0.0,0.0,0.0
1979-02-02,0.0,0.0,0.0,0.0,0.0
1979-02-03,0.0,0.0,0.0,0.0,0.0
1979-02-04,0.0,0.0,0.0,0.0,0.0
1979-02-05,0.0,0.0,0.0,0.0,0.0
1979-02-06,0.0,0.0,0.0,0.0,0.0
1979-02-07,0.0,0.0,0.0,0.0,0.0
1979-02-08,0.0,0.0,0.0,0.0,0.0
1979-02-09,0.0,0.0,0.0,0.0,0.0
1979-02-10,0.0,0.0,0.0,0.0,0.0
1979-02-11,0.0,0.0,0.0,0.0,0.0
1979-02-12,0.0,0.0,0.0,0.0,0.0
1979-02-13,0.0,0.0,0.0,0.0,0.0
1979-02-14,0.0,0.0,1.2717,0.0,0.3179
1979-02-15,0.0,0.0,0.0,0.0,0.0
1979-02-16,0.2624,0.0,0.0,0.0,0.0656
1979-02-17,0.0,0.0,0.0,0.0,0.0
1979-02-18,0.0,0.0,0.0,0.0,0.0
1979-02-19,0.0,0.0,0.0,0.0,0.0
1979-02-20,0.0,0.0,0.0,0.0,0.0
1979-02-21,0.0,0.0,0.0,0.0,0.0
1979-02-22,0.0,0.0,0.0,0.0,0.0
1979-02-23,0.0,0.0,0.0,0.0,0.0
1979-02-24,0.0,0.0,0.0,0.0,0.0
1979-02-25,0.0,0.0,0.0,0.0,0.0
1979-02-26,0.0,0.0,0.0,0.0,0.0
1979-02-27,0.0,0.0,0.0,0.0,0.0
1979-02-28,0.0,0.0,0.0,0.0,0.0
1979-03-01,0.0,0.0,0.0,0.0,0.0
1979-03-02,3.8836,0.0,0.0,0.0,0.9709
1979-03-03,0.0,0.0,0.0,0.0,0.0
1979-03-04,0.0,0.0,0.0,0.0,0.0
1979-03-05,0.0,0.0,0.0,0.0,0.0
1979-03-06,0.0,0.0,0.0,0.0,0.0
1979-03-07,0.0,0.0,0.0,0.0,0.0
1979-03-08,0.0,0.0,0.0,0.0,0.0
1979-03-09,0.0,0.0,0.0,0.0,0.0
1979-03-10,0.0,0.0,0.0,0.0,0.0
1979-03-11,0.0,0.0,0.0,0.0,0.0
1979-03-12,0.0,0.0,0.0,0.0,0.0
1979-03-13,0.0,0.0,0.0,0.0,0.0
1979-03-14,0.0,0.0,0.0,0.0,0.0
1979-03-15,0.0,0.0,0.0,0.0,0.0
1979-03-16,0.0,0.0,0.0,0.0,0.0
1979-03-17,0.0,0.0,0.0,0.0,0.0
1979-03-18,0.0,0.0,0.0,0.0,0.0
1979-03-19,0.0,0.0,0.0,0.0,0.0
1979-03-20,0.0,0.0,0.0,0.0,0.0
1979-03-21,0.0,0.0,0.0,0.0,0.0
1979-03-22,0.0,0.0,0.0,0.0,0.0
1979-03-23,0.0,0.0,0.0,0.0,0.0
1979-03-24,0.0,0.0,0.0,0.0,0.0
1979-03-25,0.0,0.0,0.0,0.0,0.0
1979-03-26,0.0,0.0,0.0,0.0,0.0
1979-03-27,0.0,0.0,0.0,0.0,0.0
1979-03-28,0.0,0.0,0.0,0.0,0.0
1979-03-29,0.0,0.0,0.0,0.0,0.0
1979-03-30,0.0,0.0,0.0,0.0,0.0
1979-03-31,0.0,0.0,0.0,0.0,0.0
1979-04-01,0.0,0.0,0.0,0.0,0.0
1979-04-02,0.0,0.0,0.0,0.0,0.0
1979-04-03,0.0,0.0,0.0,0.0,0.0
1979-04-04,0.0,0.0,0.0,0.0,0.0
1979-04-05,0.0,0.0,0.0,0.0,0.0
1979-04-06,0.0,0.0,0.0,0.0,0.0
1979-04-07,0.0,0.0,0.0,0.0,0.0
1979-04-08,0.0,0.0,0.0,0.0,0.0
1979-04-09,0.0,0.0,0.0,0.0,0.0
1979-04-10,0.0,0.0,0.0,0.0,0.0
1979-04-11,0.0,0.0,0.0,0.0,0.0
1979-04-12,0.0,0.0,0.0,0.0,0.0
1979-04-13,0.0,0.0,0.0,0.0,0.0
1979-04-14,0.0,0.0,0.0,0.0,0.0
1979-04-15,0.0,0.0,0.0,0.0,0.0
1979-04-16,0.0,0.0,0.0,0.0,0.0
1979-04-17,0.0,0.0,0.0,0.0,0.0
1979-04-18,0.0,0.0,0.0,0.0,0.0
1979-04-19,0.0,0.0,0.0,0.0,0.0
1979-04-20,0.0,0.0,0.0,0.0,0.0
1979-04-21,0.0,0.0,0.0,0.0,0.0
1979-04-22,0.0,0.0,0.0,0.0,0.0
1979-04-23,0.0,0.0,0.0,0.0,0.0
1979-04-24,0.0,0.0,0.0,0.0,0.0
1979-04-25,0.0,0.0,0.0,0.0,0.0
1979-04-26,0.0,0.0,0.0,0.0,0.0
1979-04-27,0.0,0.0,0.0,0.0,0.0
1979-04-28,0.0,0.0,0.0,0.0,0.0
1979-04-29,0.0,0.0,0.0,0.0,0.0
1979-04-30,0.0,0.0,0.0,0.0,0.0
1979-05-01,0.0,0.0,0.0,0.0,0.0
1979-05-02,0.0,0.0,0.0,0.0,0.0
1979-05-03,0.0,0.0,0.0,0.0,0.0
1979-05-04,0.0,0.0,0.0,0.0,0.0
1979-05-05,0.0,0.0,0.0,0.0,0.0
1979-05-06,0.0,0.0,0.0,0.0,0.0
1979-05-07,0.0,0.0,0.0,0.0,0.0
1979-05-08,0.0,0.0,0.0,0.0,0.0
1979-05-09,0.0,0.0,0.0,0.0,0.0
1979-05-10,0.0,0.0,0.0,0.0,0.0
1979-05-11,0.0,0.0,0.0,0.0,0.0
1979-05-12,0.0,0.0,0.0,0.0,0.0
1979-05-13,0.0,0.0,0.0,0.0,0.0
1979-05-14,0.0,0.0,0.0,0.0,0.0
1979-05-15,0.0,0.0,0.0,0.0,0.0
1979-05-16,0.0,0.0,0.0,0.0,0.0
1979-05-17,0.0,0.0,0.0,0.0,0.0
1979-05-18,0.0,0.0,0.0,0.0,0.0
1979-05-19,0.0,0.0,0.0,0.0,0.0
1979-05-20,0.0,0.0,0.0,0.0,0.0
1979-05-21,0.0,0.0,0.0,0.0,0.0
1979-05-22,1.2184,0.0,0.0,0.0,0.3046
1979-05-23,0.0,0.0,0.0,0.0,0.0
1979-05-24,0.0,0.0,0.0,0.0,0.0
1979-05-25,0.0,0.0,0.0,0.0,0.0
1979-05-26,0.0,0.0,0.0,0.0,0.0
1979-05-27,0.0,0.0,0.0,0.0,0.0
1979-05-28,0.0,0.0,0.0,0.0,0.0
1979-05-29,0.0,0.0,0.0,0.0,0.0
1979-05-30,0.0,0.0,0.0,0.0,0.0
1979-05-31,0.0,0.0,0.0,0.0,0.0
1979-06-01,0.0,0.0,0.0,0.0,0.0
1979-06-02,0.0,0.0,0.0,0.0,0.0
1979-06-03,0.0,0.0,0.0,0.0,0.0
1979-06-04,0.0,0.0,0.0,0.0,0.0
1979-06-05,0.0,0.0,0.0,0.0,0.0
1979-06-06,0.0,0.0,0.0,0.0,0.0
1979-06-07,0.0,0.0,0.0,0.0,0.0
1979-06-08,0.0,0.0,0.0,0.0,0.0
1979-06-09,0.0,0.0,0.0,0.0,0.0
1979-06-10,0.0,0.0,0.0,0.0,0.0
1979-06-11,0.0,0.0,0.0,0.0,0.0
1979-06-12,0.0,0.0,0.0,0.0,0.0
1979-06-13,0.0,0.0,0.0,0.0,0.0
1979-06-14,0.0,0.0,0.0,0.0,0.0
1979-06-15,0.0,0.0,0.0,0.0,0.0
1979-06-16,0.4862,3.3043,1.0331,0.0,1.2059
1979-06-17,0.0,0.0,0.0,0.0,0.0
1979-06-18,0.0,0.0,10.6774,0.1078,2.6963
1979-06-19,7.2035,1.576,8.5881,0.7366,4.5261
1979-06-20,28.485,7.0297,81.1693,10.4266,31.7777
1979-06-21,83.6037,65.4191,50.0156,19.2306,54.5673
1979-06-22,32.2162,18.9087,36.3937,34.4935,30.503
1979-06-23,68.1744,28.2642,97.9429,14.8477,52.3073
1979-06-24,96.7401,18.1129,127.9476,90.2704,83.2677
1979-06-25,92.77,90.7859,115.0026,102.1359,100.1736
1979-06-26,45.3104,89.0097,121.906,47.4422,75.9171
1979-06-27,89.2698,101.9344,97.2383,41.7927,82.5588
1979-06-28,64.7067,113.3735,32.317,134.1942,86.1479
1979-06-29,2.9862,3.7499,3.9019,14.8986,6.3841
1979-06-30,6.9302,4.089,5.6589,10.1101,6.697
1979-07-01,2.5138,14.2857,4.9636,9.9381,7.9253
1979-07-02,6.8442,3.4626,2.8867,6.1113,4.8262
1979-07-03,13.3773,37.7602,11.0097,19.0114,20.2896
1979-07-04,7.9201,23.731,5.6302,19.4525,14.1835
1979-07-05,0.0,2.3384,1.8106,0.3544,1.1259
1979-07-06,0.533,4.7144,0.7354,0.0,1.4957
1979-07-07,1.5339,1.0498,1.1628,9.6864,3.3582
1979-07-08,0.0,0.1633,0.0,0.2781,0.1104
1979-07-09,2.9652,3.4271,15.278,6.6563,7.0816
1979-07-10,19.688,97.9626,23.6682,140.4369,70.4389
1979-07-11,1.8586,6.3213,5.0489,14.201,6.8575
1979-07-12,1.2164,7.7902,11.1552,8.3323,7.1235
1979-07-13,2.2696,9.7203,4.5532,4.0924,5.1589
1979-07-14,2.1989,0.0,2.4353,13.7397,4.5935
1979-07-15,1.7494,16.1017,0.9607,14.8267,8.4096
1979-07-16,3.9414,7.606,2.3833,4.0592,4.4975
1979-07-17,2.3318,16.2533,0.0,6.8036,6.3472
1979-07-18,0.0,2.7496,0.786,0.343,0.9697
1979-07-19,0.375,3.2213,0.5898,2.9364,1.7806
1979-07-20,0.7069,2.2705,0.0,0.0,0.7444
1979-07-21,2.9372,12.1552,0.2914,0.0,3.846
1979-07-22,0.3877,2.7781,6.5779,3.8988,3.4106
1979-07-23,2.0665,4.07,4.3391,2.1197,3.1488
1979-07-24,5.6751,0.2462,0.1374,0.9682,1.7567
1979-07-25,3.8789,0.0,3.4653,0.1508,1.8738
1979-07-26,17.2779,0.2122,37.4342,2.333,14.3143
1979-07-27,16.4973,13.5582,110.3062,10.5937,37.7389
1979-07-28,40.7446,170.6848,129.6062,139.5855,120.1553
1979-07-29,96.6094,169.0054,115.1479,122.3949,125.7894
1979-07-30,43.6046,44.3208,43.9064,38.9373,42.6923
1979-07-31,49.4219,44.5809,44.2576,57.7997,49.015
1979-08-01,190.196,145.1133,56.2757,53.2502,111.2088
1979-08-02,32.5416,69.3487,47.4378,55.8507,51.2947
1979-08-03,82.2779,92.695,69.3942,71.8418,79.0522
1979-08-04,32.3708,85.192,50.0636,83.7544,62.8452
1979-08-05,37.0768,75.3116,25.636,80.358,54.5956
1979-08-06,53.325,97.8135,41.0488,40.0288,58.054
1979-08-07,6.9431,23.3243,6.1473,23.039,14.8634
1979-08-08,6.2075,17.6929,3.7699,21.3794,12.2624
1979-08-09,14.0477,36.5648,7.3689,14.7689,18.1876
1979-08-10,9.2402,22.4885,31.2305,28.1693,22.7821
1979-08-11,31.9222,64.4839,60.2701,67.2331,55.9773
1979-08-12,30.6979,46.233,19.723,71.3623,42.004
1979-08-13,6.1,14.1578,3.7648,13.6712,9.4235
1979-08-14,11.4735,12.616,2.8779,10.6941,9.4154
1979-08-15,4.1779,10.7503,1.706,2.9837,4.9045
1979-08-16,0.4,4.7675,0.0,5.9,2.7669
1979-08-17,1.5376,2.8622,1.0761,0.0,1.369
1979-08-18,1.5046,0.0,0.0,2.9045,1.1023
1979-08-19,0.0,0.0,0.0,0.0,0.0
1979-08-20,0.0,0.0,0.0,0.0,0.0
1979-08-21,0.0,0.0,0.0,0.0,0.0
1979-08-22,0.0,0.9718,0.0,0.0,0.2429
1979-08-23,0.0,0.0,0.3815,0.0,0.0954
1979-08-24,0.0,0.7775,0.0,0.0,0.1944
1979-08-25,0.0,0.0,0.0,0.0,0.0
1979-08-26,0.0,0.0,0.0,0.0,0.0
1979-08-27,0.4569,0.0,0.0,3.8726,1.0824
1979-08-28,0.4293,0.0,6.1246,0.6822,1.809
1979-08-29,5.9026,26.9362,7.4675,23.8247,16.0328
1979-08-30,11.6219,29.4325,18.1654,14.9349,18.5387
1979-08-31,18.3994,20.8427,4.7077,48.4268,23.0941
1979-09-01,0.1761,0.0,0.0,0.0,0.044
1979-09-02,0.0,0.0,0.0,0.0,0.0
1979-09-03,0.0,0.0,2.0193,0.0,0.5048
1979-09-04,3.0761,1.7914,0.2313,0.0,1.2747
1979-09-05,3.7293,5.0963,3.9113,5.8215,4.6396
1979-09-06,0.477,0.0,0.1542,0.0,0.1578
1979-09-07,0.4569,0.0,0.0,0.0,0.1142
1979-09-08,0.0,0.0,0.0,0.0,0.0
1979-09-09,0.0,0.0,0.0,0.0,0.0
1979-09-10,0.0,0.0,0.0,0.3476,0.0869
1979-09-11,0.2385,0.5831,3.8242,0.1205,1.1916
1979-09-12,1.1908,4.6553,0.3122,5.8127,2.9928
1979-09-13,0.4284,0.0,0.0,1.9363,0.5912
1979-09-14,0.0,0.0,0.0,1.205,0.3013
1979-09-15,28.9208,31.2513,77.9216,20.1053,39.5498
1979-09-16,22.6372,11.0083,8.0954,9.9908,12.9329
1979-09-17,0.167,3.2071,0.4009,3.1102,1.7213
1979-09-18,1.9411,26.3431,2.0771,3.9585,8.58
1979-09-19,0.0,60.1332,3.7471,3.4333,16.8284
1979-09-20,1.2385,4.5837,5.1712,8.9032,4.9741
1979-09-21,20.3637,8.5007,1.1719,2.7839,8.2051
1979-09-22,1.4468,0.1052,0.347,19.9134,5.4531
1979-09-23,0.0,0.3155,63.4723,30.6716,23.6149
1979-09-24,44.4475,131.6387,18.1096,16.3165,52.6281
1979-09-25,8.5595,18.1002,15.5251,17.6175,14.9506
1979-09-26,56.3467,3.7136,10.2111,33.9017,26.0433
1979-09-27,11.5434,20.8288,6.9746,3.9072,10.8135
1979-09-28,2.888,0.2119,3.1419,0.0,1.5604
1979-09-29,0.1193,16.5845,0.0,1.9516,4.6638
1979-09-30,0.0,0.0,0.0,0.0,0.0
1979-10-01,0.0,0.0,0.0,0.0,0.0
1979-10-02,0.0,0.0,0.0,0.0,0.0
1979-10-03,0.0,0.0,0.0,0.0,0.0
1979-10-04,0.0,0.0,0.0,0.0,0.0
1979-10-05,0.0,0.0,0.0,0.0,0.0
1979-10-06,0.0,0.0,0.0,0.0,0.0
1979-10-07,0.0,0.0,0.0,0.0,0.0
1979-10-08,0.0,0.0,0.0,0.0,0.0
1979-10-09,0.0,0.0,0.0,0.0,0.0
1979-10-10,1.1899,1.7778,0.0,0.0,0.7419
1979-10-11,0.0,0.0,0.0,1.9363,0.4841
1979-10-12,0.0,0.0,0.0,0.0,0.0
1979-10-13,0.0,2.5268,0.0,0.0,0.6317
1979-10-14,0.0,0.0,0.0,0.0,0.0
1979-10-15,0.0,0.0,0.0,0.0,0.0
1979-10-16,0.0,0.0,0.0,0.0,0.0
1979-10-17,0.0,0.0,0.0,0.0,0.0
1979-10-18,0.0,0.0,0.0,0.0,0.0
1979-10-19,0.0,0.0,0.0,0.0,0.0
1979-10-20,1.2945,0.0,0.0,0.0,0.3236
1979-10-21,0.0,0.0,0.0,0.0,0.0
1979-10-22,0.0,0.0,0.0,0.0,0.0
1979-10-23,0.533,0.1423,0.0,0.1796,0.2137
1979-10-24,4.756,18.2992,2.5744,1.9572,6.8967
1979-10-25,0.0,0.0,0.0,0.0,0.0
1979-10-26,0.0,0.0,0.0,0.0,0.0
1979-10-27,0.0,0.0,0.0,0.0,0.0
1979-10-28,0.0,0.0,0.0,0.0,0.0
1979-10-29,0.0,0.0,0.0,0.0,0.0
1979-10-30,0.0,0.0,0.0,0.0,0.0
1979-10-31,0.0,0.0,0.0,0.0,0.0
1979-11-01,0.0,0.0,0.0,0.0,0.0
1979-11-02,0.0,0.0,0.0,0.0,0.0
1979-11-03,0.0,0.0,0.0,0.0,0.0
1979-11-04,0.0,0.0,0.0,0.0,0.0
1979-11-05,0.0,0.0,0.0,0.0,0.0
1979-11-06,0.0,0.0,0.0,0.3186,0.0796
1979-11-07,0.0,0.0,0.0,0.0,0.0
1979-11-08,0.0,0.0,0.0,0.0,0.0
1979-11-09,0.0,0.0,0.0,0.0,0.0
1979-11-10,0.0,0.0,0.0,0.0,0.0
1979-11-11,0.0,0.0,0.0,0.0,0.0
1979-11-12,0.0,0.0,0.0,0.0,0.0
1979-11-13,0.0,0.0,0.0,0.0,0.0
1979-11-14,0.0,0.0,3.8166,0.0,0.9542
1979-11-15,38.0465,16.7478,18.6553,0.6458,18.5238
1979-11-16,30.5678,27.2453,21.2566,18.1385,24.3021
1979-11-17,2.3284,3.7784,1.6607,20.5819,7.0874
1979-11-18,1.8311,0.0,4.2405,1.9462,2.0044
1979-11-19,3.5199,0.0,1.8133,10.7096,4.0107
1979-11-20,0.0,19.2426,0.0,10.6675,7.4775
1979-11-21,0.0,0.0,0.0,0.0,0.0
1979-11-22,18.8379,6.0279,7.4926,5.0958,9.3636
1979-11-23,0.3046,0.0,0.0,0.0,0.0761
1979-11-24,0.0,0.0,0.0,0.0,0.0
1979-11-25,0.0,0.0,0.0,0.0,0.0
1979-11-26,0.0,0.0,0.0,0.0,0.0
1979-11-27,0.0,0.0,1.4989,0.0,0.3747
1979-11-28,8.9164,0.1473,0.9868,0.0,2.5126
1979-11-29,2.0494,0.0,0.4163,0.0,0.6164
1979-11-30,0.0,2.7212,0.0,0.0,0.6803
1979-12-01,0.0,0.0,0.0,0.0,0.0
1979-12-02,0.0,0.0,0.0,0.0,0.0
1979-12-03,0.0,0.0,0.0,0.0,0.0
1979-12-04,0.0,0.0,0.0,0.0,0.0
1979-12-05,0.0,0.0,0.0,0.0,0.0
1979-12-06,0.0,0.0,0.0,0.0,0.0
1979-12-07,0.0,0.0,0.0,0.0,0.0
1979-12-08,0.0,0.0,0.0,0.0,0.0
1979-12-09,0.0,0.0,0.0,0.0,0.0
1979-12-10,0.0,0.0,0.0,0.0,0.0
1979-12-11,0.0,0.0,0.0,0.0,0.0
1979-12-12,0.0,0.0,0.0,0.0,0.0
1979-12-13,0.0,0.0,0.0,0.0,0.0
1979-12-14,0.0,0.0,0.0,0.0,0.0
1979-12-15,0.0,0.0,0.0,0.0,0.0
1979-12-16,0.0,0.0,0.0,0.0,0.0
1979-12-17,0.0,0.0,0.0,0.0,0.0
1979-12-18,0.0,0.0,0.0,0.0,0.0
1979-12-19,0.0,0.0,0.0,0.0,0.0
1979-12-20,0.0,0.0,0.0,0.0,0.0
1979-12-21,0.0,0.0,0.0,0.0,0.0
1979-12-22,0.0,0.0,0.0,0.0,0.0
1979-12-23,0.0,0.0,0.0,0.0,0.0
1979-12-24,0.0,0.0,0.0,0.0,0.0
1979-12-25,0.0,0.0,0.0,0.0,0.0
1979-12-26,0.0,0.0,0.0,0.0,0.0
1979-12-27,0.0,0.0,0.0,0.0,0.0
1979-12-28,0.0,0.0,0.0,0.0,0.0
1979-12-29,0.0,0.0,0.0,0.0,0.0
1979-12-30,0.0,0.0,0.0,0.0,0.0
1979-12-31,0.0,0.0,0.0,0.0,0.0
1980-01-01,0.0,0.0,0.0,0.0,0.0
1980-01-02,0.5247,0.0,0.1696,0.0,0.1736
1980-01-03,0.6092,0.0,0.0,0.0,0.1523
1980-01-04,0.0,0.0,0.0,0.0,0.0
1980-01-05,0.0,0.0,0.0,0.0,0.0
1980-01-06,0.0,0.0,0.0,0.0,0.0
1980-01-07,0.0,0.0,0.0,0.0,0.0
1980-01-08,0.0,0.0,0.0,0.0,0.0
1980-01-09,0.0,0.0,0.0,0.0,0.0
1980-01-10,0.0,0.0,0.0,0.0,0.0
1980-01-11,0.0,0.0,0.0,0.0,0.0
1980-01-12,0.0,0.0,0.0,0.0,0.0
1980-01-13,0.0,0.0,0.0,0.0,0.0
1980-01-14,0.0,0.0,0.0,0.0,0.0
1980-01-15,0.0,0.0,0.0,0.0,0.0
1980-01-16,0.0,0.0,0.0,0.0,0.0
1980-01-17,0.0,0.0,0.0,0.0,0.0
1980-01-18,0.0,0.0,0.0,0.0,0.0
1980-01-19,0.0,0.0,0.0,0.0,0.0
1980-01-20,0.0,0.0,0.0,0.0,0.0
1980-01-21,0.0,0.0,0.0,0.0,0.0
1980-01-22,0.0,0.0,0.0,0.0,0.0
1980-01-23,0.0,0.0,0.0,0.0,0.0
1980-01-24,0.0,0.0,0.0,0.0,0.0
1980-01-25,0.0,0.0,0.0,0.0,0.0
1980-01-26,0.0,0.0,0.0,0.0,0.0
1980-01-27,0.0,0.0,0.0,0.0,0.0
1980-01-28,0.0,0.0,0.0,0.0,0.0
1980-01-29,0.0,0.0,0.0,0.0,0.0
1980-01-30,0.0,0.0,0.0,0.0,0.0
1980-01-31,0.0,0.0,0.0,0.0,0.0
1980-02-01,0.0,0.0,0.0,0.0,0.0
1980-02-02,0.0,0.0,0.0,0.0,0.0
1980-02-03,0.0,0.0,0.0,0.0,0.0
1980-02-04,0.0,0.0,0.0,0.0,0.0
1980-02-05,0.0,0.0,0.0,0.0,0.0
1980-02-06,0.0,0.0,0.0,0.0,0.0
1980-02-07,0.0,0.0,0.0,0.0,0.0
1980-02-08,0.0,0.0,0.0,0.0,0.0
1980-02-09,0.0,0.0,0.0,0.0,0.0
1980-02-10,0.0,0.0,0.0,0.0,0.0
1980-02-11,0.0,0.0,0.0,0.0,0.0
1980-02-12,0.0,0.0,0.0,0.0,0.0
1980-02-13,0.0,0.0,0.0,0.0,0.0
1980-02-14,0.0,0.0,0.0,0.0,0.0
1980-02-15,0.0,0.0,0.0,0.0,0.0
1980-02-16,0.0,0.0,0.0,0.0,0.0
1980-02-17,0.0,0.0,0.0,0.0,0.0
1980-02-18,0.0,0.0,0.0,0.0,0.0
1980-02-19,0.0,0.0,0.0,0.0,0.0
1980-02-20,0.0,0.0,0.0,0.0,0.0
1980-02-21,0.0,0.0,0.0,0.0,0.0
1980-02-22,0.0,0.0,0.0,0.0,0.0
1980-02-23,0.0,0.0,0.0,0.0,0.0
1980-02-24,0.0,0.0,0.0,0.0,0.0
1980-02-25,0.0,0.0,0.0,0.0,0.0
1980-02-26,0.0,0.0,0.0,0.0,0.0
1980-02-27,0.0,0.0,0.0,0.0,0.0
1980-02-28,0.0,0.0,0.0,0.0,0.0
1980-02-29,0.0,0.0,0.0,0.0,0.0
1980-03-01,0.0,0.0,0.0,0.0,0.0
1980-03-02,0.0,0.0,0.0,0.0,0.0
1980-03-03,0.0,0.0,0.0,0.0,0.0
1980-03-04,0.0,0.0,0.0,0.0,0.0
1980-03-05,0.0,0.0,0.0,0.0,0.0
1980-03-06,0.0,0.0,0.0,0.0,0.0
1980-03-07,0.0,0.0,0.0,0.0,0.0
1980-03-08,0.0,0.0,0.0,0.0,0.0
1980-03-09,0.0,0.0,0.0,0.0,0.0
1980-03-10,0.0,0.0,0.0,0.0,0.0
1980-03-11,0.0,0.0,0.0,0.0,0.0
1980-03-12,0.0,0.0,0.0,0.0,0.0
1980-03-13,0.0,0.0,0.0,0.0,0.0
1980-03-14,0.0,0.0,0.0,0.0,0.0
1980-03-15,0.0,0.0,0.0,0.0,0.0
1980-03-16,0.0,0.0,0.0,0.0,0.0
1980-03-17,0.0,0.0,0.0,0.0,0.0
1980-03-18,0.0,0.0,0.0,0.0,0.0
1980-03-19,0.0,0.0,0.0,0.0,0.0
1980-03-20,0.0,0.0,0.0,0.0,0.0
1980-03-21,0.0,0.0,0.0,0.0,0.0
1980-03-22,0.0,0.0,0.0,0.0,0.0
1980-03-23,0.0,0.0,0.0,0.0,0.0
1980-03-24,0.0,0.0,0.0,0.0,0.0
1980-03-25,0.0,0.0,0.0,0.0,0.0
1980-03-26,0.0,0.0,0.0,0.0,0.0
1980-03-27,0.0,0.0,0.0,0.0,0.0
1980-03-28,0.0,0.0,0.0,0.0,0.0
1980-03-29,0.0,0.0,0.0,0.0,0.0
1980-03-30,0.0,0.0,0.0,0.0,0.0
1980-03-31,0.0,0.0,0.0,0.0,0.0
1980-04-01,0.0,0.0,0.0,0.0,0.0
1980-04-02,0.0,0.0,0.0,0.0,0.0
1980-04-03,0.0,0.0,0.0,0.0,0.0
1980-04-04,0.0,0.0,0.0,0.0,0.0
1980-04-05,0.0,0.0,0.0,0.0,0.0
1980-04-06,0.0,0.0,0.0,0.0,0.0
1980-04-07,0.0,0.0,0.0,0.0,0.0
1980-04-08,0.0,0.0,0.0,0.0,0.0
1980-04-09,0.0,0.0,0.0,0.0,0.0
1980-04-10,0.2477,0.0,0.0,0.0,0.0619
1980-04-11,0.0,0.0,0.0,0.0,0.0
1980-04-12,0.2284,0.0,0.0,0.0,0.0571
1980-04-13,0.0,0.0,0.0,0.0,0.0
1980-04-14,0.0,0.0,0.0,0.0,0.0
1980-04-15,0.2,0.0,0.0,0.0,0.05
1980-04-16,0.0,0.0,0.0,0.0,0.0
1980-04-17,0.0,0.0,0.0,0.0,0.0
1980-04-18,0.0,0.0,0.0,0.0,0.0
1980-04-19,0.0,0.0,0.0,0.0,0.0
1980-04-20,0.0,0.0,0.0,0.0,0.0
1980-04-21,0.0,0.0,0.0,0.0,0.0
1980-04-22,0.0,0.0,0.0,0.0,0.0
1980-04-23,0.0,0.0,0.0,0.0,0.0
1980-04-24,0.0,0.0,0.0,0.0,0.0
1980-04-25,0.0,0.0,0.0,0.0,0.0
1980-04-26,0.0,0.0,0.0,0.0,0.0
1980-04-27,0.0,0.0,0.0,0.0,0.0
1980-04-28,0.0,0.0,0.0,0.0,0.0
1980-04-29,0.0,0.0,0.0,0.0,0.0
1980-04-30,0.0,0.0,0.0,0.0,0.0
1980-05-01,0.0,0.0,0.0,0.0,0.0
1980-05-02,0.0,0.0,0.0,0.0,0.0
1980-05-03,0.0,0.0,0.0,0.0,0.0
1980-05-04,0.0,0.0,0.0,0.0,0.0
1980-05-05,0.0,0.0,0.0,0.0,0.0
1980-05-06,0.0,0.0,0.0,0.0,0.0
1980-05-07,0.0,0.0,0.0,0.0,0.0
1980-05-08,0.0,0.0,0.0,0.0,0.0
1980-05-09,0.0,0.0,0.0,0.0,0.0
1980-05-10,0.0,0.0,0.0,0.0,0.0
1980-05-11,0.0,0.0,0.0,0.0,0.0
1980-05-12,0.0,0.0,0.0,0.0,0.0
1980-05-13,0.0,0.0,0.0,0.0,0.0
1980-05-14,0.0,0.0,0.0,0.0,0.0
1980-05-15,0.0,0.0,0.0,0.0,0.0
1980-05-16,0.0,0.0,0.0,0.0,0.0
1980-05-17,0.0,0.0,0.0,0.0,0.0
1980-05-18,0.0,0.0,0.0,0.0,0.0
1980-05-19,0.0,0.0,0.0,0.0,0.0
1980-05-20,0.0,0.0,0.0,0.0,0.0
1980-05-21,0.0,0.0,0.0,0.0,0.0
1980-05-22,0.0,0.0,0.0,0.0,0.0
1980-05-23,0.0,0.0,0.0,0.0,0.0
1980-05-24,0.0,0.0,0.0,0.0,0.0
1980-05-25,0.0,0.0,0.0,0.0,0.0
1980-05-26,0.0,0.0,0.0,0.0,0.0
1980-05-27,0.0,0.0,0.0,0.0,0.0
1980-05-28,0.0,0.0,0.0,0.0,0.0
1980-05-29,0.0,0.0,0.0,0.0,0.0
1980-05-30,0.0,0.0,0.0,0.0,0.0
1980-05-31,0.0,0.0,0.0,0.0,0.0
1980-06-01,0.0,12.2406,0.0,0.0,3.0602
1980-06-02,8.1468,5.478,17.5591,0.0,7.796
1980-06-03,41.351,2.5294,15.1395,0.3125,14.8331
1980-06-04,0.3477,30.1273,3.0363,0.51,8.5053
1980-06-05,11.7578,25.7274,20.896,16.129,18.6275
1980-06-06,45.8359,109.2184,30.8542,86.3176,68.0565
1980-06-07,86.9779,34.0874,31.5803,11.0969,40.9356
1980-06-08,53.4446,2.6976,8.1643,0.0,16.0766
1980-06-09,14.056,1.5834,7.1565,0.0,5.699
1980-06-10,4.312,2.1976,1.8057,0.0,2.0788
1980-06-11,13.8591,40.0402,66.699,85.4838,51.5205
1980-06-12,26.5179,3.1476,17.2751,0.2311,11.7929
1980-06-13,40.256,1.0003,10.8001,0.0,13.0141
1980-06-14,14.046,43.8863,39.9362,17.2187,28.7718
1980-06-15,55.7881,11.7435,126.1942,51.0124,61.1846
1980-06-16,90.5769,7.2605,10.5326,1.2845,27.4136
1980-06-17,1.8954,45.9418,4.0347,6.0359,14.477
1980-06-18,1.277,0.0,0.3893,0.0,0.4166
1980-06-19,1.2954,0.4859,2.5451,0.0,1.0816
1980-06-20,2.5009,7.4396,8.5667,8.0541,6.6403
1980-06-21,30.4775,89.4385,13.7679,18.049,37.9332
1980-06-22,29.9178,73.4706,45.5754,58.9846,51.9871
1980-06-23,31.6466,40.1488,7.9851,38.6261,29.6016
1980-06-24,6.8899,7.9058,1.8982,4.0686,5.1906
1980-06-25,1.7716,6.3355,1.2506,3.0406,3.0996
1980-06-26,5.0744,5.1308,1.6376,3.2721,3.7787
1980-06-27,1.154,79.0397,8.3455,23.1137,27.9132
1980-06-28,30.3243,74.3119,10.5219,31.5726,36.6827
1980-06-29,47.4261,18.9725,21.663,50.2658,34.5819
1980-06-30,20.5057,0.9614,22.1011,16.7585,15.0817
1980-07-01,21.1311,122.0687,170.7413,54.8197,92.1902
1980-07-02,127.7604,171.7053,75.7713,166.1581,135.3488
1980-07-03,84.8819,63.2099,62.6976,80.9368,72.9316
1980-07-04,36.5081,20.4165,10.8409,29.8332,24.3997
1980-07-05,9.7523,11.8274,10.906,11.1004,10.8965
1980-07-06,3.8411,2.5199,9.7872,5.9881,5.5341
1980-07-07,6.9497,4.7832,5.2892,14.1169,7.7848
1980-07-08,0.7147,3.8069,0.1079,2.0663,1.674
1980-07-09,0.3908,1.2943,0.8265,1.9672,1.1197
1980-07-10,2.5532,9.1523,0.3084,3.9423,3.9891
1980-07-11,1.6468,5.8157,3.7626,1.9828,3.302
1980-07-12,0.167,2.7653,0.0,0.0,0.7331
1980-07-13,0.0,0.0,0.0,0.0,0.0
1980-07-14,0.0,0.5359,0.0,0.0,0.134
1980-07-15,0.0,0.0,0.0,0.0,0.0
1980-07-16,1.5991,0.0,0.0,2.9311,1.1325
1980-07-17,0.0,0.0,0.0,0.0,0.0
1980-07-18,2.9698,8.3579,3.2892,5.0067,4.9059
1980-07-19,6.9037,19.0033,5.4025,2.0182,8.3319
1980-07-20,0.8816,15.9733,0.1619,2.9596,4.9941
1980-07-21,1.0661,2.2993,1.6723,0.0,1.2594
1980-07-22,0.6147,3.2142,2.2375,5.9965,3.0157
1980-07-23,8.1687,16.4915,9.626,9.3038,10.8975
1980-07-24,1.3494,28.5203,62.6759,90.845,45.8477
1980-07-25,19.0047,63.2462,27.5982,54.4972,41.0866
1980-07-26,19.8306,48.484,10.2041,32.1685,27.6718
1980-07-27,14.4891,37.562,31.8868,47.2941,32.808
1980-07-28,27.765,80.1269,16.0716,26.771,37.6836
1980-07-29,14.7965,20.0456,17.8914,11.5343,16.067
1980-07-30,5.2164,14.5652,3.2413,10.9806,8.5009
1980-07-31,8.6127,20.3209,15.0648,46.3316,22.5825
1980-08-01,28.0954,147.7301,77.9788,105.7209,89.8813
1980-08-02,80.9388,101.4544,20.4461,76.5286,69.842
1980-08-03,46.8836,143.7728,137.2682,134.5117,115.6091
1980-08-04,56.1688,136.0602,59.329,95.5742,86.7831
1980-08-05,47.0276,50.5133,9.4801,9.1225,29.0359
1980-08-06,13.8403,23.3132,8.0686,10.0768,13.8247
1980-08-07,21.6235,12.8508,6.3277,8.2735,12.2689
1980-08-08,5.2816,14.4611,4.0817,7.3536,7.7945
1980-08-09,2.733,4.1954,2.4179,4.5041,3.4626
1980-08-10,1.7595,6.9026,0.9907,5.3545,3.7518
1980-08-11,4.6799,8.3903,0.7286,3.1516,4.2376
1980-08-12,4.6284,4.0273,5.3562,5.9704,4.9956
1980-08-13,3.9147,3.1597,0.3546,0.0,1.8573
1980-08-14,1.2184,0.9548,0.0,0.0,0.5433
1980-08-15,4.1569,0.2704,0.2852,0.0,1.1781
1980-08-16,0.0,9.6355,17.6532,31.3872,14.669
1980-08-17,2.7521,5.2244,37.2361,11.0668,14.0699
1980-08-18,5.119,9.8381,22.6307,12.8653,12.6133
1980-08-19,13.7404,35.3495,20.4778,9.9492,19.8792
1980-08-20,14.8807,15.2961,4.0601,8.9911,10.807
1980-08-21,9.8681,73.6051,162.1476,80.5533,81.5435
1980-08-22,120.0312,144.1369,59.6123,118.1245,110.4762
1980-08-23,70.0748,20.4495,10.3001,1.3925,25.5542
1980-08-24,3.2945,14.4292,2.1735,3.1195,5.7542
1980-08-25,8.7552,17.5217,10.6631,24.8205,15.4401
1980-08-26,15.9,13.4131,21.3007,11.3369,15.4877
1980-08-27,6.0523,12.8685,2.7031,11.9245,8.3871
1980-08-28,4.3632,5.0845,2.5435,4.0926,4.021
1980-08-29,1.2193,5.4566,0.1234,7.8963,3.6739
1980-08-30,0.7615,1.7571,2.0193,3.0682,1.9015
1980-08-31,4.6101,40.2134,0.6052,11.3123,14.1853
1980-09-01,0.9963,0.0,0.744,7.2475,2.247
1980-09-02,0.167,5.1793,6.0494,5.9924,4.347
1980-09-03,6.7221,9.1402,10.832,29.1799,13.9686
1980-09-04,2.9403,4.3213,10.5659,36.1449,13.4931
1980-09-05,6.2383,13.734,1.353,2.0139,5.8348
1980-09-06,1.8009,20.6387,0.2621,0.0,5.6754
1980-09-07,0.0,2.5604,0.0,0.0,0.6401
1980-09-08,0.6046,0.1367,0.7726,5.8609,1.8437
1980-09-09,1.6899,0.1157,3.8011,5.0285,2.6588
1980-09-10,18.993,11.6466,1.5189,0.0,8.0396
1980-09-11,4.9908,8.835,0.4317,0.0,3.5644
1980-09-12,0.2284,0.2146,0.0,0.0,0.1108
1980-09-13,0.777,0.2146,29.2454,5.8974,9.0336
1980-09-14,22.0109,5.2484,9.1132,7.9646,11.0843
1980-09-15,24.015,7.6128,3.3073,0.0,8.7338
1980-09-16,0.8376,5.4424,0.0,1.9533,2.0583
1980-09-17,15.7629,0.1281,0.5204,1.9533,4.5912
1980-09-18,0.4569,13.6059,4.0941,0.0,4.5392
1980-09-19,0.0,0.0,0.0,0.0,0.0
1980-09-20,0.0,1.1662,0.0,0.0,0.2915
1980-09-21,0.0,0.0,0.0,0.0,0.0
1980-09-22,0.0,0.0,0.0,29.5642,7.391
1980-09-23,0.0,0.1565,0.0,0.0,0.0391
1980-09-24,0.0,0.7775,40.4984,29.6449,17.7302
1980-09-25,11.6882,0.6128,0.5782,0.1042,3.2459
1980-09-26,15.6867,16.0497,0.0,0.0,7.9341
1980-09-27,0.0,0.0,0.0,0.0,0.0
1980-09-28,0.0,0.0,0.0,1.9533,0.4883
1980-09-29,0.1523,0.1423,0.347,0.0,0.1604
1980-09-30,0.0,0.0,0.0,0.0,0.0
1980-10-01,0.7615,0.0,0.0,0.0,0.1904
1980-10-02,5.2945,0.1423,5.5544,13.6796,6.1677
1980-10-03,16.0735,20.2144,0.8635,1.0384,9.5475
1980-10-04,0.0,37.0274,0.0,0.0,9.2569
1980-10-05,0.0,0.0,0.0,0.0,0.0
1980-10-06,0.0,0.1423,0.0,0.0,0.0356
1980-10-07,0.0,19.0482,0.0,0.0,4.7621
1980-10-08,0.0,0.0,0.0,0.0,0.0
1980-10-09,0.0,0.0,0.0,0.0,0.0
1980-10-10,0.0,0.0,0.0,0.0,0.0
1980-10-11,0.0,0.0,0.0,0.0,0.0
1980-10-12,0.0,0.0,0.0,0.0,0.0
1980-10-13,0.0,0.0,0.0,0.0,0.0
1980-10-14,0.0,0.0,0.0,0.0,0.0
1980-10-15,0.0,0.0,0.0,0.0,0.0
1980-10-16,0.0,0.0,0.0,0.0,0.0
1980-10-17,0.0,0.0,0.0,0.0,0.0
1980-10-18,0.0,0.0,0.0,0.0,0.0
1980-10-19,0.0,0.0,0.0,0.0,0.0
1980-10-20,0.0,0.0,0.0,0.0,0.0
1980-10-21,0.0,0.0,0.0,0.0,0.0
1980-10-22,0.0,0.0,0.0,0.0,0.0
1980-10-23,0.0,0.0,0.0,0.0,0.0
1980-10-24,0.0,0.0,0.0,0.0,0.0
1980-10-25,0.0,0.0,0.0,0.0,0.0
1980-10-26,0.0,0.0,0.0,0.0,0.0
1980-10-27,0.0,0.0,0.0,0.0,0.0
1980-10-28,0.0,0.0,0.0,0.0,0.0
1980-10-29,0.0,0.0,0.0,0.0,0.0
1980-10-30,0.0,0.0,0.0,0.0,0.0
1980-10-31,0.0,0.0,0.0,0.0,0.0
1980-11-01,0.0,0.0,0.0,0.0,0.0
1980-11-02,0.0,0.0,0.0,0.0,0.0
1980-11-03,0.0,0.0,0.0,0.0,0.0
1980-11-04,0.0,0.0,0.0,0.0,0.0
1980-11-05,0.0,0.0,0.0,0.0,0.0
1980-11-06,0.0,0.0,0.0,0.0,0.0
1980-11-07,0.0,0.0,0.0,0.0,0.0
1980-11-08,0.0,0.0,0.0,0.0,0.0
1980-11-09,0.0,0.0,0.0,0.0,0.0
1980-11-10,0.0,0.0,0.0,0.0,0.0
1980-11-11,0.0,0.0,0.0,0.0,0.0
1980-11-12,0.0,0.0,0.0,0.0,0.0
1980-11-13,0.0,0.0,0.0,0.0,0.0
1980-11-14,0.0,0.0,0.0,0.0,0.0
1980-11-15,0.6678,0.4859,0.2159,0.0,0.3424
1980-11-16,0.6092,0.5019,0.5204,0.0,0.4079
1980-11-17,1.1716,1.9925,0.1079,0.0,0.818
1980-11-18,5.5555,0.6001,1.5496,0.0,1.9263
1980-11-19,0.2284,0.1067,0.0,0.0,0.0838
1980-11-20,0.0,0.0,0.0,0.0,0.0
1980-11-21,0.0,0.0,0.0,0.0,0.0
1980-11-22,0.0,0.0,0.0,0.0,0.0
1980-11-23,0.0,0.0,0.0,0.0,0.0
1980-11-24,0.0,0.0,0.0,0.0,0.0
1980-11-25,0.0,0.0,0.0,0.0,0.0
1980-11-26,0.0,0.0,0.0,0.0,0.0
1980-11-27,0.0,0.0,0.0,0.0,0.0
1980-11-28,0.0,0.0,0.0,0.0,0.0
1980-11-29,0.0,0.0,0.0,0.0,0.0
1980-11-30,0.0,0.0,0.0,0.0,0.0
1980-12-01,0.0,0.0,0.0,0.0,0.0
1980-12-02,0.0,0.0,0.0,0.0,0.0
1980-12-03,0.0,0.0,0.0,0.0,0.0
1980-12-04,0.0,0.0,0.0,0.0,0.0
1980-12-05,0.0,0.0,0.0,0.0,0.0
1980-12-06,0.0,0.0,0.0,0.0,0.0
1980-12-07,0.0,0.0,0.0,0.0,0.0
1980-12-08,0.0,0.0,0.0,0.0,0.0
1980-12-09,0.0,0.0,0.0,0.0,0.0
1980-12-10,0.0,0.0,0.0,0.0,0.0
1980-12-11,0.0,0.0,0.0,0.0,0.0
1980-12-12,0.0,0.0,0.0,0.0,0.0
1980-12-13,0.0,0.0,0.0,0.0,0.0
1980-12-14,0.0,0.0,0.0,0.0,0.0
1980-12-15,0.0,0.0,0.0,0.0,0.0
1980-12-16,0.0,0.0,0.0,0.0,0.0
1980-12-17,0.0,0.0,0.0,0.0,0.0
1980-12-18,0.0,0.0,0.0,0.0,0.0
1980-12-19,0.0,0.0,0.0,0.0,0.0
1980-12-20,0.0,0.0,0.0,0.0,0.0
1980-12-21,0.0,0.0,2.0818,0.0,0.5204
1980-12-22,4.5383,0.4712,1.0485,13.8998,4.9894
1980-12-23,9.9052,24.4094,1.5033,0.0,8.9545
1980-12-24,0.0,0.0,0.0,0.0,0.0
1980-12-25,0.0,0.0,0.0,0.0,0.0
1980-12-26,0.0,0.0,0.0,0.0,0.0
1980-12-27,0.0,0.0,0.0,0.0,0.0
1980-12-28,0.0,0.0,0.0,0.0,0.0
1980-12-29,0.0,0.0,0.0,0.0,0.0
1980-12-30,0.0,0.0,0.0,0.0,0.0
1980-12-31,0.0,0.0,0.0,0.0,0.0
1981-01-01,0.0,0.0,0.0,0.0,0.0
1981-01-02,0.0,0.0,0.0,0.0,0.0
1981-01-03,0.0,0.0,0.0,0.0,0.0
1981-01-04,0.0,0.0,0.0,0.0,0.0
1981-01-05,0.0,0.0,0.0,0.0,0.0
1981-01-06,0.0,0.0,0.0,0.0,0.0
1981-01-07,0.0,0.0,0.0,0.0,0.0
1981-01-08,0.0,0.0,0.0,0.0,0.0
1981-01-09,0.0,0.0,0.0,0.0,0.0
1981-01-10,0.0,0.0,0.0,0.0,0.0
1981-01-11,0.0,0.0,0.0,0.0,0.0
1981-01-12,0.0,0.0,0.0,0.0,0.0
1981-01-13,0.0,0.0,0.0,0.0,0.0
1981-01-14,0.0,0.0,0.0,0.0,0.0
1981-01-15,0.0,0.0,0.0,0.0,0.0
1981-01-16,0.0,0.0,0.0,0.0,0.0
1981-01-17,0.0,0.0,0.0,0.0,0.0
1981-01-18,0.9615,0.0,0.0,0.0,0.2404
1981-01-19,0.0,0.0,0.0,0.0,0.0
1981-01-20,0.0,0.0,0.0,0.0,0.0
1981-01-21,0.0,0.0,0.0,0.0,0.0
1981-01-22,0.0,0.0,0.0,0.0,0.0
1981-01-23,0.0,0.0,0.0,0.0,0.0
1981-01-24,0.0,0.0,0.0,0.0,0.0
1981-01-25,0.0,0.0,0.0,0.0,0.0
1981-01-26,0.0,0.0,0.0,0.0,0.0
1981-01-27,0.0,0.0,0.0,0.0,0.0
1981-01-28,0.0,0.0,0.0,0.0,0.0
1981-01-29,0.0,0.0,0.0,0.0,0.0
1981-01-30,0.0,0.0,0.0,0.0,0.0
1981-01-31,0.0,0.0,0.0,0.0,0.0
1981-02-01,0.0,0.0,0.0,0.0,0.0
1981-02-02,0.0,0.0,0.0,0.0,0.0
1981-02-03,0.0,0.0,0.0,0.0,0.0
1981-02-04,0.0,0.0,0.0,0.0,0.0
1981-02-05,0.0,0.0,0.0,0.0,0.0
1981-02-06,0.0,0.0,0.0,0.0,0.0
1981-02-07,0.0,0.0,0.0,0.0,0.0
1981-02-08,0.0,0.0,0.0,0.0,0.0
1981-02-09,0.0,0.0,0.0,0.0,0.0
1981-02-10,0.0,0.0,0.0,0.0,0.0
1981-02-11,0.0,0.0,0.0,0.0,0.0
1981-02-12,0.0,0.0,0.0,0.0,0.0
1981-02-13,0.0,0.0,0.0,0.0,0.0
1981-02-14,0.0,0.0,0.0,0.0,0.0
1981-02-15,0.0,0.0,0.0,0.0,0.0
1981-02-16,0.0,0.0,0.0,0.0,0.0
1981-02-17,0.0,0.0,0.0,0.0,0.0
1981-02-18,0.0,0.0,0.0,0.0,0.0
1981-02-19,0.0,0.0,0.0,0.0,0.0
1981-02-20,0.0,0.0,0.0,0.0,0.0
1981-02-21,0.0,0.0,0.0,0.0,0.0
1981-02-22,0.0,0.0,0.0,0.0,0.0
1981-02-23,0.533,0.0,0.0,0.0,0.1333
1981-02-24,0.0,0.0,0.0,0.0,0.0
1981-02-25,0.0,0.0,0.0,0.0,0.0
1981-02-26,0.0,0.0,0.0,0.0,0.0
1981-02-27,0.0,0.0,0.0,0.0,0.0
1981-02-28,0.0,0.0,0.0,0.0,0.0
1981-03-01,0.0,0.0,0.0,0.0,0.0
1981-03-02,0.0,0.0,0.0,0.0,0.0
1981-03-03,0.0,0.0,0.0,0.0,0.0
1981-03-04,0.0,0.0,0.0,0.0,0.0
1981-03-05,0.0,0.0,0.0,0.0,0.0
1981-03-06,0.0,0.0,0.0,0.0,0.0
1981-03-07,0.0,0.0,0.0,0.0,0.0
1981-03-08,0.0,0.0,0.0,0.0,0.0
1981-03-09,0.0,0.0,0.0,0.0,0.0
1981-03-10,0.0,0.0,0.0,0.0,0.0
1981-03-11,0.0,0.0,0.0,0.0,0.0
1981-03-12,0.0,0.0,0.0,0.0,0.0
1981-03-13,0.0,0.0,0.0,0.0,0.0
1981-03-14,0.0,0.0,0.0,0.0,0.0
1981-03-15,0.0,0.0,0.0,0.0,0.0
1981-03-16,0.0,0.0,0.0,0.0,0.0
1981-03-17,0.0,0.0,0.0,0.0,0.0
1981-03-18,0.0,0.0,0.0,0.0,0.0
1981-03-19,0.0,0.0,0.0,0.0,0.0
1981-03-20,0.0,0.0,0.0,0.0,0.0
1981-03-21,0.0,0.0,0.0,0.0,0.0
1981-03-22,0.0,0.0,0.0,0.0,0.0
1981-03-23,0.0,0.0,0.0,0.0,0.0
1981-03-24,0.0,0.0,0.0,0.0,0.0
1981-03-25,0.0,0.0,0.0,0.0,0.0
1981-03-26,0.0,0.0,0.0,0.0,0.0
1981-03-27,0.0,0.0,0.0,0.0,0.0
1981-03-28,0.0,0.0,0.0,0.0,0.0
1981-03-29,0.0,0.0,0.0,0.0,0.0
1981-03-30,0.0,0.0,0.0,0.0,0.0
1981-03-31,0.0,0.0,0.0,0.0,0.0
1981-04-01,0.0,0.0,0.0,0.0,0.0
1981-04-02,0.0,0.0,0.0,0.0,0.0
1981-04-03,0.0,0.0,0.0,0.0,0.0
1981-04-04,0.0,0.0,0.0,0.0,0.0
1981-04-05,0.0,0.0,0.0,0.0,0.0
1981-04-06,0.0,0.0,0.0,0.0,0.0
1981-04-07,0.0,0.0,0.0,0.0,0.0
1981-04-08,0.0,0.0,0.0,0.0,0.0
1981-04-09,0.0,0.0,0.0,0.0,0.0
1981-04-10,0.0,0.0,0.0,0.0,0.0
1981-04-11,0.0,0.0,0.0,0.0,0.0
1981-04-12,0.0,0.0,0.0,0.0,0.0
1981-04-13,0.0,0.0,0.0,0.0,0.0
1981-04-14,0.0,0.0,0.0,0.0,0.0
1981-04-15,0.0,0.0,0.0,0.0,0.0
1981-04-16,0.0,0.0,0.0,0.0,0.0
1981-04-17,0.0,0.0,0.0,0.0,0.0
1981-04-18,0.0,0.0,0.0,0.0,0.0
1981-04-19,0.0,0.0,0.0,0.0,0.0
1981-04-20,0.0,0.0,0.0,0.0,0.0
1981-04-21,0.0,0.0,0.0,0.0,0.0
1981-04-22,0.0,0.0,0.0,0.0,0.0
1981-04-23,0.0,0.0,0.0,0.0,0.0
1981-04-24,0.0,0.0,0.0,0.0,0.0
1981-04-25,0.0,0.0,0.0,0.0,0.0
1981-04-26,0.0,0.0,0.0,0.0,0.0
1981-04-27,0.0,0.0,0.0,0.0,0.0
1981-04-28,0.0,0.0,0.0,0.0,0.0
1981-04-29,2.9698,0.0,0.0,0.0,0.7425
1981-04-30,0.0,0.0,0.0,0.0,0.0
1981-05-01,0.0,0.0,0.0,0.0,0.0
1981-05-02,0.0,0.0,0.0,0.0,0.0
1981-05-03,0.0,0.0,0.0,0.0,0.0
1981-05-04,0.0,0.0,0.0,0.0,0.0
1981-05-05,0.0,0.0,0.0,0.0,0.0
1981-05-06,0.0,0.0,0.0,0.0,0.0
1981-05-07,0.0,0.0,0.0,0.0,0.0
1981-05-08,0.0,0.0,0.0,0.0,0.0
1981-05-09,0.0,0.0,0.0,0.0,0.0
1981-05-10,0.0,0.0,0.0,0.0,0.0
1981-05-11,0.0,0.0,0.0,0.0,0.0
1981-05-12,0.0,0.0,0.0,0.0,0.0
1981-05-13,0.0,0.0,0.0,0.0,0.0
1981-05-14,0.0,0.0,0.0,0.0,0.0
1981-05-15,0.0,0.0,0.0,0.0,0.0
1981-05-16,0.0,0.0,0.0,0.0,0.0
1981-05-17,0.0,0.0,0.0,0.0,0.0
1981-05-18,0.0,0.0,0.0,0.0,0.0
1981-05-19,0.0,0.0,0.0,0.0,0.0
1981-05-20,0.0,0.0,0.0,0.0,0.0
1981-05-21,0.0,0.0,0.0,0.0,0.0
1981-05-22,0.0,0.0,0.0,0.0,0.0
1981-05-23,0.0,0.0,0.0,0.0,0.0
1981-05-24,0.0,0.0,0.0,0.0,0.0
1981-05-25,0.0,0.0,0.0,0.0,0.0
1981-05-26,0.0,0.0,0.0,0.0,0.0
1981-05-27,0.0,0.0,0.0,0.0,0.0
1981-05-28,0.0,0.0,0.0,0.0,0.0
1981-05-29,0.0,0.0,0.0,0.0,0.0
1981-05-30,0.0,0.0,0.0,0.0,0.0
1981-05-31,0.0,0.0,0.0,0.0,0.0
1981-06-01,0.0,0.0,0.0,0.0,0.0
1981-06-02,0.2385,0.0,0.0,0.0,0.0596
1981-06-03,0.0,0.0,0.0,0.0,0.0
1981-06-04,0.0,0.0,0.0,0.0,0.0
1981-06-05,0.0,0.0,0.0,0.0,0.0
1981-06-06,0.0,0.0,0.0,0.0,0.0
1981-06-07,0.0,1.0176,0.0,0.0,0.2544
1981-06-08,0.0,0.0,0.0,0.0,0.0
1981-06-09,0.0,0.8833,0.0,0.0,0.2208
1981-06-10,0.1954,0.0,0.0,0.3903,0.1464
1981-06-11,0.1193,0.0,0.0,0.1951,0.0786
1981-06-12,0.0,5.3759,0.0,0.0,1.344
1981-06-13,0.0,0.0,0.0,0.0,0.0
1981-06-14,0.0,0.0,0.0,0.0,0.0
1981-06-15,1.8276,0.0,0.0,0.0,0.4569
1981-06-16,0.0,0.0,0.0,0.0,0.0
1981-06-17,0.9899,0.2499,0.0,0.0,0.31
1981-06-18,0.0,0.0,0.0,11.1582,2.7896
1981-06-19,0.0,8.0638,0.0,0.0,2.016
1981-06-20,0.0,0.1652,0.0,0.0,0.0413
1981-06-21,2.2845,0.0,0.0,0.0,0.5711
1981-06-22,0.1193,1.5474,0.0,0.1951,0.4655
1981-06-23,1.6385,2.1792,1.6284,6.807,3.0633
1981-06-24,1.8092,7.97,11.1674,3.82,6.1917
1981-06-25,12.3388,57.0733,2.0424,35.5382,26.7482
1981-06-26,14.4011,31.7789,81.0044,114.77,60.4886
1981-06-27,60.9293,91.0847,14.9549,25.7449,48.1785
1981-06-28,14.0914,56.5148,11.306,42.8207,31.1832
1981-06-29,25.4601,58.2858,112.3521,91.7381,71.959
1981-06-30,128.1217,135.0964,43.0126,44.3286,87.6398
1981-07-01,35.7164,40.4884,60.7345,60.1293,49.2672
1981-07-02,73.8727,160.5003,83.4873,77.0661,98.7316
1981-07-03,66.1261,99.5864,36.2975,11.8703,53.4701
1981-07-04,9.9442,14.8547,2.414,6.3869,8.4
1981-07-05,15.0974,29.6582,3.1162,12.9564,15.2071
1981-07-06,0.3046,5.5532,10.8053,19.5779,9.0602
1981-07-07,4.6385,10.7789,5.195,134.0903,38.6757
1981-07-08,19.6776,37.5389,6.4596,16.0797,19.9389
1981-07-09,6.0354,36.288,15.4017,54.2117,27.9842
1981-07-10,11.0044,37.9321,24.6769,37.257,27.7176
1981-07-11,4.6851,8.2399,1.1647,6.6733,5.1908
1981-07-12,2.1532,15.4667,9.3059,10.0468,9.2431
1981-07-13,0.4908,3.0755,0.0,2.7764,1.5857
1981-07-14,0.1239,4.6272,0.3866,10.4199,3.8894
1981-07-15,1.6716,4.6408,23.8179,24.6475,13.6944
1981-07-16,18.7179,8.2792,6.0649,20.7031,13.4413
1981-07-17,5.1322,18.5738,7.2355,6.0413,9.2457
1981-07-18,1.8155,14.9998,2.2885,8.7093,6.9533
1981-07-19,12.1604,21.3105,11.8761,3.3822,12.1823
1981-07-20,0.5,3.0012,0.7128,0.8377,1.2629
1981-07-21,2.4799,13.7704,3.7205,20.2374,10.0521
1981-07-22,2.4339,14.1567,18.3949,25.5527,15.1346
1981-07-23,36.0169,59.3715,80.4678,130.1224,76.4947
1981-07-24,98.8009,164.2543,84.0329,77.953,106.2603
1981-07-25,36.4109,36.3938,13.6067,11.8303,24.5604
1981-07-26,15.2429,18.1921,4.9323,0.2509,9.6546
1981-07-27,3.3221,4.2774,0.0,0.6861,2.0714
1981-07-28,4.3339,19.6027,84.61,19.0909,31.9094
1981-07-29,117.432,60.6666,43.5685,6.4157,57.0207
1981-07-30,24.9838,8.3168,9.0249,11.4583,13.446
1981-07-31,6.2687,15.7426,9.0415,1.3107,8.0909
1981-08-01,1.5376,3.367,4.792,0.39,2.5217
1981-08-02,3.1175,3.3482,6.9474,5.0899,4.6258
1981-08-03,2.6851,6.5621,1.747,10.9791,5.4933
1981-08-04,26.564,15.9763,0.7247,9.5442,13.2023
1981-08-05,39.3981,20.6685,80.5849,124.2345,66.2215
1981-08-06,83.471,227.0649,89.2242,101.9962,125.4391
1981-08-07,64.9558,89.0097,47.699,62.7539,66.1046
1981-08-08,39.1343,63.6926,27.1133,24.6355,38.6439
1981-08-09,8.6549,22.7149,3.9406,6.0965,10.3517
1981-08-10,1.1724,3.0064,4.4454,8.4735,4.2744
1981-08-11,3.8,6.3619,10.9911,11.6079,8.1902
1981-08-12,18.3698,23.6919,4.1922,14.1301,15.096
1981-08-13,2.2586,2.8441,1.9926,5.9207,3.254
1981-08-14,1.1761,6.74,3.1722,4.2927,3.8453
1981-08-15,4.7035,6.4044,3.4001,11.3447,6.4632
1981-08-16,3.1175,6.556,2.0596,5.1751,4.2271
1981-08-17,3.1411,12.0616,3.0887,7.9321,6.5559
1981-08-18,1.8239,9.1329,6.6742,22.6105,10.0604
1981-08-19,31.7996,18.717,4.304,40.0239,23.7111
1981-08-20,3.8521,13.2261,6.4437,3.393,6.7287
1981-08-21,2.7816,6.9983,2.0969,14.3815,6.5646
1981-08-22,7.8989,16.7392,6.3516,14.6853,11.4188
1981-08-23,7.6606,17.3236,4.5737,4.0775,8.4088
1981-08-24,7.4239,16.3824,3.1331,3.5989,7.6346
1981-08-25,4.0652,22.0095,0.8326,3.6427,7.6375
1981-08-26,0.0,7.0111,0.0,2.8593,2.4676
1981-08-27,1.4046,6.8523,1.9292,16.9743,6.7901
1981-08-28,3.8906,14.9155,8.3578,2.3799,7.3859
1981-08-29,13.7212,10.2837,3.0731,0.7397,6.9544
1981-08-30,0.8376,4.523,0.0,1.0774,1.6095
1981-08-31,0.0,0.4993,0.0,0.0,0.1248
1981-09-01,0.0,0.0,0.0,3.5253,0.8813
1981-09-02,0.0,0.0,0.0,0.0,0.0
1981-09-03,0.0,0.1153,0.0,0.0,0.0288
1981-09-04,1.5991,0.0,0.0,7.0509,2.1625
1981-09-05,0.0,0.0,0.0,0.0,0.0
1981-09-06,0.0,0.1538,4.0705,0.0,1.0561
1981-09-07,0.6092,23.1192,1.5928,0.3903,6.4279
1981-09-08,1.4971,0.0,2.6939,0.4879,1.1697
1981-09-09,28.541,3.1488,1.3421,0.0,8.258
1981-09-10,6.5627,5.1649,0.8701,3.5253,4.0308
1981-09-11,0.0,2.6307,0.824,50.242,13.4242
1981-09-12,4.377,69.1413,5.944,3.7744,20.8092
1981-09-13,0.1523,0.7414,7.7452,6.4524,3.7728
1981-09-14,27.3044,28.7708,31.4581,34.6485,30.5454
1981-09-15,0.4055,1.3677,16.6123,23.7978,10.5458
1981-09-16,4.4586,8.4785,7.1244,27.7453,11.9517
1981-09-17,1.3853,23.5834,6.1834,8.5237,9.919
1981-09-18,8.0268,15.0532,6.9461,8.7515,9.6944
1981-09-19,0.5009,13.108,0.6814,14.2276,7.1295
1981-09-20,25.9749,9.5193,6.0924,20.4817,15.5171
1981-09-21,22.0562,7.2807,11.3988,4.217,11.2382
1981-09-22,9.3352,4.332,200.6406,71.649,71.4892
1981-09-23,259.8698,72.771,193.7696,15.2957,135.4265
1981-09-24,159.3544,60.9502,163.3104,45.025,107.16
1981-09-25,87.2589,51.3673,36.4602,2.9741,44.5151
1981-09-26,4.921,1.9306,2.4511,1.41,2.6782
1981-09-27,6.277,1.21,8.1107,0.9223,4.13
1981-09-28,28.7602,2.0938,5.1432,0.8184,9.2039
1981-09-29,10.212,2.3618,24.8489,18.7496,14.0431
1981-09-30,3.2339,1.5579,3.6303,0.505,2.2318
1981-10-01,0.2908,0.0,0.1103,0.0,0.1003
1981-10-02,0.167,0.0,1.389,5.7402,1.824
1981-10-03,2.1989,0.0,2.1316,0.0,1.0826
1981-10-04,0.0,0.1153,0.0,0.0,0.0288
1981-10-05,0.0,0.0,4.4259,0.0,1.1065
1981-10-06,0.0,0.0,0.0,0.0,0.0
1981-10-07,8.3764,0.4805,4.2117,0.0,3.2671
1981-10-08,0.0,0.4613,0.0,15.8765,4.0845
1981-10-09,7.558,16.8747,7.5281,7.618,9.8947
1981-10-10,11.9928,32.6834,0.4968,0.8058,11.4947
1981-10-11,0.0,0.192,0.0,0.0,0.048
1981-10-12,0.0,0.0,0.0,0.0,0.0
1981-10-13,0.0,0.0,0.0,0.0,0.0
1981-10-14,0.0,0.0,0.0,0.0,0.0
1981-10-15,0.0,0.0,0.0,0.0,0.0
1981-10-16,0.0,0.0,0.0,0.0,0.0
1981-10-17,0.0,0.0,0.0,0.0,0.0
1981-10-18,0.0,0.0,0.0,0.0,0.0
1981-10-19,0.0,0.0,0.0,0.0,0.0
1981-10-20,0.0,0.0,0.0,0.0,0.0
1981-10-21,0.0,0.0,0.0,0.0,0.0
1981-10-22,0.0,0.0,0.0,0.0,0.0
1981-10-23,0.0,0.0,0.0,0.0,0.0
1981-10-24,0.0,0.0,0.354,0.0,0.0885
1981-10-25,2.2532,2.8799,1.2123,0.0,1.5864
1981-10-26,0.1523,0.0,0.0,3.5253,0.9194
1981-10-27,0.0,5.2909,0.0,2.8391,2.0325
1981-10-28,9.5995,0.0,4.0073,9.6471,5.8135
1981-10-29,0.9009,1.4949,3.4187,17.7927,5.9018
1981-10-30,0.2284,0.1648,0.354,19.6724,5.1049
1981-10-31,6.8253,9.0568,3.8405,0.5854,5.077
1981-11-01,0.0,0.0,0.0,3.694,0.9235
1981-11-02,4.8129,5.1102,0.7118,0.0,2.6587
1981-11-03,6.6046,0.0,1.9113,0.0,2.129
1981-11-04,0.5385,0.0,0.1022,0.0,0.1602
1981-11-05,0.0,0.0,0.0,0.0,0.0
1981-11-06,0.0,0.0,0.0,0.0,0.0
1981-11-07,0.0,0.0,0.0,0.0,0.0
1981-11-08,0.0,0.0,0.0,0.0,0.0
1981-11-09,0.0,0.0,0.0,0.0,0.0
1981-11-10,0.0,0.0,0.0,0.0,0.0
1981-11-11,0.0,0.0,0.0,0.0,0.0
1981-11-12,0.0,0.0,0.0,0.0,0.0
1981-11-13,0.0,0.0,0.0,0.0,0.0
1981-11-14,0.0,0.0,0.0,0.0,0.0
1981-11-15,0.0,0.0,0.0,0.0,0.0
1981-11-16,0.0,0.0,0.0,0.0,0.0
1981-11-17,0.0,0.0,0.0,0.0,0.0
1981-11-18,0.0,0.0,0.0,0.0,0.0
1981-11-19,0.0,0.0,0.0,0.0,0.0
1981-11-20,0.0,0.0,0.0,0.0,0.0
1981-11-21,0.0,0.0,0.0,0.0,0.0
1981-11-22,0.0,0.0,0.0,0.0,0.0
1981-11-23,0.0,0.0,0.0,0.0,0.0
1981-11-24,0.0,0.0,0.0,0.0,0.0
1981-11-25,0.0,0.0,0.0,0.0,0.0
1981-11-26,0.0,0.0,0.0,0.0,0.0
1981-11-27,0.0,0.0,0.0,0.0,0.0
1981-11-28,0.0,0.0,0.0,0.0,0.0
1981-11-29,0.0,0.0,0.0,0.0,0.0
1981-11-30,0.0,0.0,0.0,0.0,0.0
1981-12-01,0.0,0.0,0.0,0.0,0.0
1981-12-02,0.0,0.0,0.0,0.0,0.0
1981-12-03,0.0,0.0,0.0,0.0,0.0
1981-12-04,0.0,0.0,0.0,0.0,0.0
1981-12-05,0.0,0.0,0.0,0.0,0.0
1981-12-06,0.0,0.0,0.0,0.0,0.0
1981-12-07,0.0,0.0,0.0,0.0,0.0
1981-12-08,0.0,0.0,0.0,0.0,0.0
1981-12-09,0.0,0.0,0.0,0.0,0.0
1981-12-10,0.0,0.0,0.0,0.0,0.0
1981-12-11,0.0,0.0,0.0,0.0,0.0
1981-12-12,0.0,0.0,0.0,0.0,0.0
1981-12-13,0.0,0.0,0.0,0.0,0.0
1981-12-14,0.0,0.0,0.0,0.0,0.0
1981-12-15,0.0,0.0,0.0,0.0,0.0
1981-12-16,0.0,0.0,0.0,0.0,0.0
1981-12-17,0.0,0.0,0.0,0.0,0.0
1981-12-18,0.0,0.0,0.0,0.0,0.0
1981-12-19,0.0,0.0,0.0,0.0,0.0
1981-12-20,0.0,0.0,0.0,0.0,0.0
1981-12-21,0.0,0.0,0.0,0.0,0.0
1981-12-22,0.0,0.0,0.0,0.0,0.0
1981-12-23,0.0,0.0,0.0,0.0,0.0
1981-12-24,0.0,0.0,0.0,0.0,0.0
1981-12-25,0.0,0.0,0.0,0.0,0.0
1981-12-26,0.0,0.0,0.0,0.0,0.0
1981-12-27,0.0,0.0,0.0,0.0,0.0
1981-12-28,0.0,0.0,0.0,0.0,0.0
1981-12-29,0.0,0.0,0.0,0.0,0.0
1981-12-30,0.0,0.0,0.0,0.0,0.0
1981-12-31,0.0,0.0,0.0,0.0,0.0
1983-01-01,0.0,0.0,0.0,0.0,0.0
1983-01-02,0.0,0.0,0.0,0.0,0.0
1983-01-03,0.0,0.0,0.0,0.0,0.0
1983-01-04,0.0,0.0,0.0,0.0,0.0
1983-01-05,0.0,0.0,0.0,0.0,0.0
1983-01-06,0.0,0.0,0.0,0.0,0.0
1983-01-07,0.0,0.0,0.0,0.0,0.0
1983-01-08,0.0,0.0,0.0,0.0,0.0
1983-01-09,0.0,0.0,0.0,0.0,0.0
1983-01-10,0.0,0.0,0.0,0.0,0.0
1983-01-11,0.0,0.0,0.0,0.0,0.0
1983-01-12,0.0,0.0,0.0,0.0,0.0
1983-01-13,0.0,0.0,0.0,0.0,0.0
1983-01-14,0.0,0.0,0.0,0.0,0.0
1983-01-15,0.0,0.0,0.0,0.0,0.0
1983-01-16,0.0,0.0,0.0,0.0,0.0
1983-01-17,0.0,0.0,0.0,0.0,0.0
1983-01-18,0.0,0.0,0.0,0.0,0.0
1983-01-19,0.0,0.0,0.0,0.0,0.0
1983-01-20,0.0,0.0,0.0,0.0,0.0
1983-01-21,0.0,0.0,0.0,0.0,0.0
1983-01-22,0.0,0.0,0.0,0.0,0.0
1983-01-23,0.0,0.0,0.0,0.0,0.0
1983-01-24,0.0,0.0,0.0,0.0,0.0
1983-01-25,0.0,0.0,0.0,0.0,0.0
1983-01-26,0.0,0.0,0.0,0.0,0.0
1983-01-27,0.0,0.0,0.0,0.0,0.0
1983-01-28,0.0,0.0,0.0,0.0,0.0
1983-01-29,0.0,0.0,0.0,0.0,0.0
1983-01-30,0.0,0.0,0.0,0.0,0.0
1983-01-31,0.0,0.0,0.0,0.0,0.0
1983-02-01,0.0,0.0,0.0,0.0,0.0
1983-02-02,0.0,0.0,0.0,0.0,0.0
1983-02-03,0.0,0.0,0.0,0.0,0.0
1983-02-04,0.0,0.0,0.0,0.0,0.0
1983-02-05,0.0,0.0,0.0,0.0,0.0
1983-02-06,0.0,0.0,0.0,0.0,0.0
1983-02-07,0.0,0.0,0.0,0.0,0.0
1983-02-08,0.0,0.0,0.0,0.0,0.0
1983-02-09,0.0,0.0,0.0,0.0,0.0
1983-02-10,0.0,0.0,0.0,0.0,0.0
1983-02-11,0.0,0.0,0.0,0.0,0.0
1983-02-12,0.0,0.0,0.0,0.0,0.0
1983-02-13,0.0,0.0,0.0,0.0,0.0
1983-02-14,0.0,0.0,0.0,0.0,0.0
1983-02-15,0.0,0.0,0.0,0.0,0.0
1983-02-16,0.0,0.0,0.0,0.0,0.0
1983-02-17,0.0,0.0,0.0,0.0,0.0
1983-02-18,0.0,0.0,0.0,0.0,0.0
1983-02-19,0.0,0.0,0.0,0.0,0.0
1983-02-20,0.0,0.0,0.0,0.0,0.0
1983-02-21,0.0,0.0,0.0,0.0,0.0
1983-02-22,0.0,0.0,0.0,0.0,0.0
1983-02-23,0.0,0.0,0.0,0.0,0.0
1983-02-24,0.0,0.0,0.0,0.0,0.0
1983-02-25,0.0,0.0,0.0,0.0,0.0
1983-02-26,0.0,0.0,0.0,0.0,0.0
1983-02-27,0.0,0.0,0.0,0.0,0.0
1983-02-28,0.0,0.0,0.0,0.0,0.0
1983-03-01,0.0,0.0,0.0,0.0,0.0
1983-03-02,0.0,0.0,0.0,0.0,0.0
1983-03-03,0.0,0.0,0.0,0.0,0.0
1983-03-04,0.0,0.0,0.0,0.0,0.0
1983-03-05,0.0,0.0,0.0,0.0,0.0
1983-03-06,0.0,0.0,0.0,0.0,0.0
1983-03-07,0.0,0.0,0.0,0.0,0.0
1983-03-08,0.0,0.0,0.0,0.0,0.0
1983-03-09,0.0,0.0,0.0,0.0,0.0
1983-03-10,0.0,0.0,0.0,0.0,0.0
1983-03-11,0.0,0.0,0.0,0.0,0.0
1983-03-12,0.0,0.0,0.0,0.0,0.0
1983-03-13,0.0,0.0,0.0,0.0,0.0
1983-03-14,0.0,0.0,0.0,0.0,0.0
1983-03-15,0.0,0.0,0.0,0.0,0.0
1983-03-16,0.0,0.0,0.0,0.0,0.0
1983-03-17,0.0,0.0,0.0,0.0,0.0
1983-03-18,0.0,0.0,0.0,0.0,0.0
1983-03-19,0.0,0.0,0.0,0.0,0.0
1983-03-20,0.0,0.0,0.0,0.0,0.0
1983-03-21,0.0,0.0,0.0,0.0,0.0
1983-03-22,0.0,0.0,0.0,0.0,0.0
1983-03-23,0.0,0.0,0.0,0.0,0.0
1983-03-24,0.0,0.0,0.0,0.0,0.0
1983-03-25,0.0,0.0,0.0,0.0,0.0
1983-03-26,0.0,0.0,0.0,0.0,0.0
1983-03-27,0.0,0.0,0.0,0.0,0.0
1983-03-28,0.0,0.0,0.0,0.0,0.0
1983-03-29,0.0,0.0,0.0,0.0,0.0
1983-03-30,0.0,0.0,0.0,0.0,0.0
1983-03-31,0.0,0.0,0.0,0.0,0.0
1983-04-01,0.0,0.0,0.0,0.0,0.0
1983-04-02,0.0,0.0,0.0,0.0,0.0
1983-04-03,0.0,0.0,0.0,0.0,0.0
1983-04-04,0.0,0.0,0.0,0.0,0.0
1983-04-05,0.0,0.0,0.0,0.0,0.0
1983-04-06,0.0,0.0,0.0,0.0,0.0
1983-04-07,0.0,0.0,0.0,0.0,0.0
1983-04-08,0.0,0.0,0.0,0.0,0.0
1983-04-09,0.0,0.0,0.0,0.0,0.0
1983-04-10,0.0,0.0,0.0,0.0,0.0
1983-04-11,0.0,0.0,0.0,0.0,0.0
1983-04-12,0.0,0.0,0.0,0.0,0.0
1983-04-13,0.0,0.0,0.0,0.0,0.0
1983-04-14,0.0,0.0,0.0,0.0,0.0
1983-04-15,0.0,9.9838,0.0,0.0,2.496
1983-04-16,7.0184,0.0,2.0609,3.5253,3.1511
1983-04-17,0.0,0.0,0.0,0.0,0.0
1983-04-18,0.0,0.0,0.0,0.0,0.0
1983-04-19,0.0,0.0,0.0,0.0,0.0
1983-04-20,0.0,0.0,0.0,0.0,0.0
1983-04-21,0.0,0.0,0.0,0.0,0.0
1983-04-22,0.0,0.0,0.0,0.0,0.0
1983-04-23,0.0,0.0,0.0,0.0,0.0
1983-04-24,0.0,0.0,0.0,0.0,0.0
1983-04-25,0.0,0.0,0.0,0.0,0.0
1983-04-26,0.0,0.0,0.0,0.0,0.0
1983-04-27,0.0,0.0,0.0,0.0,0.0
1983-04-28,0.0,0.0,0.0,0.0,0.0
1983-04-29,0.0,0.0,0.0,0.0,0.0
1983-04-30,0.0,0.0,0.0,0.0,0.0
1983-05-01,0.0,0.0,0.0,0.0,0.0
1983-05-02,0.0,0.0,0.0,0.0,0.0
1983-05-03,0.0,0.0,0.0,0.0,0.0
1983-05-04,0.0,0.0,0.0,0.0,0.0
1983-05-05,0.0,0.0,0.0,0.0,0.0
1983-05-06,0.0,0.0,0.0,0.0,0.0
1983-05-07,0.0,0.0,0.0,0.0,0.0
1983-05-08,0.0,0.0,0.0,0.0,0.0
1983-05-09,0.0,0.0,0.0,0.0,0.0
1983-05-10,0.0,0.0,0.0,0.0,0.0
1983-05-11,0.0,0.0,0.0,0.0,0.0
1983-05-12,0.0,0.0,0.0,0.0,0.0
1983-05-13,0.0,0.0,0.0,0.0,0.0
1983-05-14,0.0,0.0,0.0,0.0,0.0
1983-05-15,0.0,0.0,0.0,0.0,0.0
1983-05-16,0.0,0.0,0.0,0.0,0.0
1983-05-17,0.0,0.0,0.0,0.0,0.0
1983-05-18,0.0,0.0,0.0,0.0,0.0
1983-05-19,0.0,0.0,0.0,0.0,0.0
1983-05-20,0.0,0.0,0.0,0.0,0.0
1983-05-21,0.0,0.0,0.0,0.0,0.0
1983-05-22,0.0,0.0,0.0,0.0,0.0
1983-05-23,0.0,0.0,0.0,0.0,0.0
1983-05-24,0.0,0.0,0.0,0.0,0.0
1983-05-25,0.0,0.0,0.0,0.0,0.0
1983-05-26,0.0,0.0,0.0,0.0,0.0
1983-05-27,0.0,0.0,0.0,0.0,0.0
1983-05-28,0.0,0.0,0.0,0.0,0.0
1983-05-29,0.0,0.0,0.0,0.0,0.0
1983-05-30,0.0,0.0,0.0,0.0,0.0
1983-05-31,0.0,0.0,0.0,0.0,0.0
1983-06-01,0.0,0.0,0.0,0.0,0.0
1983-06-02,0.0,0.0,0.0,0.0,0.0
1983-06-03,0.0,0.0,0.0,0.0,0.0
1983-06-04,0.0,0.0,0.0,0.0,0.0
1983-06-05,0.0,0.0,0.0,0.0,0.0
1983-06-06,0.0,0.0,0.0,0.0,0.0
1983-06-07,0.0,0.0,0.0,0.0,0.0
1983-06-08,0.0,0.0,0.0,0.0,0.0
1983-06-09,0.0,0.0,0.0,0.0,0.0
1983-06-10,0.0,0.0,0.0,0.0,0.0
1983-06-11,0.0,0.0,0.0,0.0,0.0
1983-06-12,0.0,0.0,0.0,0.0,0.0
1983-06-13,0.0,0.0,0.0,0.0,0.0
1983-06-14,0.0,0.0,0.0,0.0,0.0
1983-06-15,0.0,0.0,2.1129,0.4533,0.6415
1983-06-16,29.8744,7.4781,24.5121,30.0124,22.9692
1983-06-17,0.6486,4.334,3.2197,5.4049,3.4018
1983-06-18,1.6862,3.3771,24.3759,15.6403,11.2699
1983-06-19,15.763,11.1734,29.6856,20.5264,19.2871
1983-06-20,31.8383,27.158,45.8157,27.1487,32.9902
1983-06-21,11.0645,38.9038,31.3106,34.0938,28.8432
1983-06-22,28.8878,41.6416,34.1016,45.7853,37.6041
1983-06-23,0.5523,10.4528,5.0018,7.1748,5.7954
1983-06-24,123.2628,74.3397,58.9778,38.2265,73.7017
1983-06-25,108.0836,151.2444,59.4311,84.6237,100.8457
1983-06-26,51.2785,9.051,1.8055,0.6736,15.7022
1983-06-27,2.1595,97.4065,2.6265,2.9625,26.2888
1983-06-28,41.6946,90.8217,4.5791,13.9865,37.7705
1983-06-29,2.967,9.374,2.9659,3.8501,4.7893
1983-06-30,2.3063,2.765,3.4535,7.3139,3.9597
1983-07-01,2.0138,7.494,3.8772,8.6317,5.5042
1983-07-02,2.1026,1.7653,27.7646,44.4254,19.0145
1983-07-03,3.5118,3.138,11.645,9.1221,6.8542
1983-07-04,29.0197,24.9535,15.5184,28.8022,24.5735
1983-07-05,3.0273,4.2438,6.4194,7.7427,5.3583
1983-07-06,0.3046,8.9765,2.3674,6.9967,4.6613
1983-07-07,0.733,4.5868,9.5299,103.1058,29.4889
1983-07-08,10.9908,9.6006,14.2464,11.1127,11.4876
1983-07-09,11.3158,1.719,18.0541,15.6308,11.6799
1983-07-10,9.0917,0.5653,8.95,24.9232,10.8826
1983-07-11,17.7142,8.171,29.1568,58.3474,28.3473
1983-07-12,87.3195,4.9523,24.1867,0.2585,29.1792
1983-07-13,62.7939,75.244,53.6106,28.9987,55.1618
1983-07-14,62.8946,60.3167,22.8604,22.903,42.2437
1983-07-15,16.754,27.1026,28.9304,33.1722,26.4898
1983-07-16,7.5641,7.2289,38.88,27.4889,20.2905
1983-07-17,159.7367,57.6514,168.0256,24.0519,102.3664
1983-07-18,74.4571,92.9621,82.4567,66.8637,79.1849
1983-07-19,30.414,64.7555,27.3882,36.5428,39.7751
1983-07-20,60.648,79.0556,110.255,117.7387,91.9243
1983-07-21,55.618,54.812,49.0078,35.5054,48.7358
1983-07-22,46.3097,72.7975,37.1942,42.6422,49.7359
1983-07-23,24.8166,26.4977,26.9575,30.4842,27.189
1983-07-24,18.9483,31.6932,35.2895,43.8672,32.4496
1983-07-25,6.9212,10.3124,10.788,35.9875,16.0023
1983-07-26,23.3006,89.7695,25.1429,91.218,57.3577
1983-07-27,77.3219,143.5433,47.9258,39.5169,77.077
1983-07-28,11.9288,34.1283,19.628,14.2968,19.9955
1983-07-29,9.5098,15.2684,9.248,16.6462,12.6681
1983-07-30,15.8635,62.8372,31.3776,27.9934,34.5179
1983-07-31,49.7895,28.0317,67.0978,25.9474,42.7166
1983-08-01,56.2379,42.2399,45.1639,30.397,43.5097
1983-08-02,41.0072,40.3174,41.4969,51.4215,43.5607
1983-08-03,30.9569,30.4091,54.94,86.2367,50.6357
1983-08-04,14.2564,23.4128,63.7109,83.3536,46.1834
1983-08-05,4.7422,3.7109,6.1821,5.5166,5.038
1983-08-06,31.2066,43.8657,31.1272,22.0565,32.064
1983-08-07,145.991,113.65,111.3598,45.0237,104.0061
1983-08-08,21.0499,31.9707,29.8564,42.3758,31.3132
1983-08-09,99.0123,137.8296,59.1368,57.6502,88.4072
1983-08-10,74.7159,34.5994,88.426,22.4582,55.0499
1983-08-11,116.0993,52.6746,146.427,4.5354,79.9341
1983-08-12,67.2865,63.6435,37.8126,23.829,48.1429
1983-08-13,159.8765,200.9046,156.9798,140.1449,164.4764
1983-08-14,90.8441,112.742,104.7071,56.9835,91.3192
1983-08-15,126.8114,154.1641,44.4032,95.8886,105.3168
1983-08-16,15.7698,31.5401,42.9142,140.2719,57.624
1983-08-17,1.0055,7.0867,2.8569,7.2245,4.5434
1983-08-18,4.2615,3.4099,2.3109,5.1592,3.7854
1983-08-19,5.7212,4.6654,1.7503,5.7853,4.4806
1983-08-20,0.0,5.8586,1.4661,2.1624,2.3718
1983-08-21,4.533,1.4191,2.4146,3.5389,2.9764
1983-08-22,0.0,2.1124,1.765,0.8857,1.1908
1983-08-23,0.7917,3.706,1.3829,0.4973,1.5945
1983-08-24,1.3917,17.945,4.0692,4.0321,6.8595
1983-08-25,3.2943,18.5412,5.8157,4.7971,8.1121
1983-08-26,2.5851,14.8915,4.1948,4.2749,6.4866
1983-08-27,1.1138,7.8721,2.1107,0.0,2.7741
1983-08-28,9.7388,2.1506,1.5212,4.2304,4.4102
1983-08-29,1.765,10.3962,16.5009,7.9335,9.1489
1983-08-30,54.6842,107.1275,102.6105,43.4061,76.9571
1983-08-31,14.207,23.8332,42.0412,12.8241,23.2264
1983-09-01,6.9807,10.3393,7.164,5.6676,7.5379
1983-09-02,11.8661,7.2413,4.7989,13.0503,9.2391
1983-09-03,2.9365,0.2754,6.9625,5.8324,4.0017
1983-09-04,7.067,21.5506,6.685,12.6344,11.9842
1983-09-05,7.4055,7.4686,3.5139,18.5591,9.2368
1983-09-06,6.6779,12.6191,4.8556,5.313,7.3664
1983-09-07,5.9055,23.2702,10.208,5.3747,11.1896
1983-09-08,34.1289,10.8895,20.8882,51.0627,29.2423
1983-09-09,104.6056,72.3088,58.8623,43.004,69.6952
1983-09-10,43.097,14.2244,27.181,20.2484,26.1877
1983-09-11,6.0112,0.2326,2.2627,6.9477,3.8636
1983-09-12,0.7615,0.0,0.0,0.1951,0.2391
1983-09-13,0.2284,0.3844,0.8452,0.0,0.3645
1983-09-14,5.5181,2.3441,6.8121,1.9535,4.157
1983-09-15,19.8763,1.2014,28.8384,21.1922,17.7771
1983-09-16,15.8743,0.0,33.0757,1.6305,12.6451
1983-09-17,1.2155,1.8218,3.0612,8.1965,3.5737
1983-09-18,2.1017,9.4311,9.4188,8.8417,7.4483
1983-09-19,23.0586,30.5031,17.8951,53.7062,31.2908
1983-09-20,16.2632,33.7672,15.5104,17.0736,20.6536
1983-09-21,22.7343,3.0236,35.5856,15.5622,19.2264
1983-09-22,9.0716,31.9683,15.258,30.625,21.7307
1983-09-23,14.8646,0.8952,21.3953,7.0663,11.0553
1983-09-24,2.4615,2.4964,3.4781,2.5531,2.7473
1983-09-25,74.3057,15.8438,5.0806,58.0683,38.3246
1983-09-26,31.9337,43.9213,28.3295,9.8344,28.5047
1983-09-27,59.706,56.0593,17.3934,31.0188,41.0444
1983-09-28,0.8853,1.9353,0.0,0.0,0.7051
1983-09-29,3.3868,0.206,11.514,1.2684,4.0938
1983-09-30,0.0,0.2307,0.8663,2.4715,0.8921
1983-10-01,11.4827,11.5202,5.0384,1.2215,7.3157
1983-10-02,54.0728,9.055,11.4475,2.5432,19.2796
1983-10-03,1.2092,0.0,1.8303,1.7627,1.2006
1983-10-04,0.0,0.0,0.0,0.0,0.0
1983-10-05,0.1193,0.0,0.4101,0.0,0.1323
1983-10-06,0.0,0.0,0.0,0.7806,0.1951
1983-10-07,5.1689,28.3947,0.2132,3.5221,9.3247
1983-10-08,6.7066,54.8069,8.1872,19.6058,22.3266
1983-10-09,6.0825,21.1591,6.2585,7.1283,10.1571
1983-10-10,3.5788,13.5442,23.8333,7.2864,12.0607
1983-10-11,8.8332,40.1689,34.612,8.3573,22.9929
1983-10-12,8.825,42.331,4.5549,18.5079,18.5547
1983-10-13,0.0,0.0,0.0,0.0,0.0
1983-10-14,0.0,0.0,0.0,0.0,0.0
1983-10-15,0.0,0.0,0.0,0.0,0.0
1983-10-16,0.0,0.0,0.0,0.0,0.0
1983-10-17,0.0,0.0,0.0,0.0,0.0
1983-10-18,0.0,0.0,0.0,0.0,0.0
1983-10-19,0.0,0.0,0.0,0.0,0.0
1983-10-20,0.0,0.0,0.0,0.0,0.0
1983-10-21,0.0,0.0,0.0,0.0,0.0
1983-10-22,0.0,0.0,0.0,0.0,0.0
1983-10-23,0.0,0.0,0.0,0.0,0.0
1983-10-24,0.0,0.0,0.0,0.0,0.0
1983-10-25,0.0,0.0,0.0,0.0,0.0
1983-10-26,0.0,0.0,0.0,0.0,0.0
1983-10-27,0.0,0.0,0.0,0.0,0.0
1983-10-28,0.0,0.0,0.0,0.0,0.0
1983-10-29,0.0,0.0,0.0,0.0,0.0
1983-10-30,0.0,0.0,0.0,0.0,0.0
1983-10-31,0.0,0.0,0.0,0.0,0.0
1983-11-01,41.1966,0.0,0.0,0.0,10.2991
1983-11-02,0.0,0.0,0.0,0.0,0.0
1983-11-03,0.0,0.0,0.0,0.0,0.0
1983-11-04,0.0,0.0,0.0,0.0,0.0
1983-11-05,0.0,0.0,0.0,0.0,0.0
1983-11-06,0.0,0.0,0.0,0.0,0.0
1983-11-07,0.0,0.0,0.0,0.0,0.0
1983-11-08,0.0,0.0,0.0,0.0,0.0
1983-11-09,0.0,0.0,0.0,0.0,0.0
1983-11-10,0.0,0.0,0.0,0.0,0.0
1983-11-11,0.0,0.0,0.0,0.0,0.0
1983-11-12,0.0,0.0,0.0,0.0,0.0
1983-11-13,0.0,0.0,0.0,0.0,0.0
1983-11-14,0.0,0.0,0.0,0.0,0.0
1983-11-15,0.0,0.0,0.0,0.0,0.0
1983-11-16,0.0,0.0,0.0,0.0,0.0
1983-11-17,0.0,0.0,0.0,0.0,0.0
1983-11-18,0.0,0.0,0.0,0.0,0.0
1983-11-19,0.0,0.0,0.0,0.0,0.0
1983-11-20,0.0,0.0,0.0,0.0,0.0
1983-11-21,0.0,0.0,0.0,0.0,0.0
1983-11-22,0.0,0.0,0.0,0.0,0.0
1983-11-23,0.0,0.0,0.0,0.0,0.0
1983-11-24,0.0,0.0,0.0,0.0,0.0
1983-11-25,0.0,0.0,0.0,0.0,0.0
1983-11-26,0.0,0.0,0.0,0.0,0.0
1983-11-27,0.0,0.0,0.0,0.0,0.0
1983-11-28,0.0,0.0,0.0,0.0,0.0
1983-11-29,0.0,0.0,0.0,0.0,0.0
1983-11-30,0.0,0.0,0.0,0.0,0.0
1983-12-01,0.0,0.0,0.0,0.0,0.0
1983-12-02,0.0,0.0,0.0,0.0,0.0
1983-12-03,0.0,0.0,0.0,0.0,0.0
1983-12-04,0.0,0.0,0.0,0.0,0.0
1983-12-05,0.0,0.0,0.0,0.0,0.0
1983-12-06,0.0,0.0,0.0,0.0,0.0
1983-12-07,0.0,0.0,0.0,0.0,0.0
1983-12-08,0.0,0.0,0.0,0.0,0.0
1983-12-09,0.0,0.0,0.0,0.0,0.0
1983-12-10,0.0,0.0,0.0,0.0,0.0
1983-12-11,0.0,0.0,0.0,0.0,0.0
1983-12-12,0.0,0.0,0.0,0.0,0.0
1983-12-13,0.0,0.0,0.0,0.0,0.0
1983-12-14,0.0,0.0,0.0,0.0,0.0
1983-12-15,0.0,0.0,0.0,0.0,0.0
1983-12-16,0.0,0.0,0.0,0.0,0.0
1983-12-17,0.0,0.0,0.0,0.0,0.0
1983-12-18,0.0,0.0,0.0,0.0,0.0
1983-12-19,0.0,0.0,0.0,0.0,0.0
1983-12-20,0.0,0.0,0.0,0.0,0.0
1983-12-21,0.0,0.0,0.0,0.0,0.0
1983-12-22,0.0,0.0,0.0,0.0,0.0
1983-12-23,0.0,0.0,0.0,0.0,0.0
1983-12-24,0.0,0.0,0.0,0.0,0.0
1983-12-25,0.0,0.0,0.0,0.0,0.0
1983-12-26,0.0,0.0,0.0,0.0,0.0
1983-12-27,0.0,0.0,0.0,0.0,0.0
1983-12-28,0.0,0.0,0.0,0.0,0.0
1983-12-29,0.0,0.0,0.0,0.0,0.0
1983-12-30,0.0,0.0,0.0,0.0,0.0
1983-12-31,0.0,0.0,0.0,0.0,0.0
1984-01-01,0.0,0.0,0.0,0.0,0.0
1984-01-02,0.0,0.0,0.0,0.0,0.0
1984-01-03,0.0,0.0,0.0,0.0,0.0
1984-01-04,0.0,0.0,0.0,0.0,0.0
1984-01-05,0.0,0.0,0.0,0.0,0.0
1984-01-06,0.0,0.0,0.0,0.0,0.0
1984-01-07,0.0,0.0,0.0,0.0,0.0
1984-01-08,0.0,0.0,0.0,0.0,0.0
1984-01-09,0.0,0.0,0.0,0.0,0.0
1984-01-10,0.0,0.0,0.0,0.0,0.0
1984-01-11,0.0,0.0,0.0,0.0,0.0
1984-01-12,0.0,0.0,0.0,0.0,0.0
1984-01-13,0.0,0.0,0.0,0.0,0.0
1984-01-14,0.0,0.0,0.0,0.0,0.0
1984-01-15,0.0,0.0,0.0,0.0,0.0
1984-01-16,0.0,0.0,0.0,0.0,0.0
1984-01-17,0.0,0.0,0.0,0.0,0.0
1984-01-18,0.0,0.0,0.0,0.0,0.0
1984-01-19,0.0,0.0,0.0,0.0,0.0
1984-01-20,0.0,0.0,0.0,0.0,0.0
1984-01-21,0.0,0.0,0.0,0.0,0.0
1984-01-22,0.0,0.0,0.0,0.0,0.0
1984-01-23,0.0,0.0,0.0,0.0,0.0
1984-01-24,0.0,0.0,0.0,0.0,0.0
1984-01-25,0.0,0.0,0.0,0.0,0.0
1984-01-26,0.0,0.0,0.0,0.0,0.0
1984-01-27,0.0,0.0,0.0,0.0,0.0
1984-01-28,0.0,0.0,0.0,0.0,0.0
1984-01-29,0.0,0.0,0.0,0.0,0.0
1984-01-30,0.0,0.0,0.0,0.0,0.0
1984-01-31,0.0,0.0,0.0,0.0,0.0
1984-02-01,0.0,0.0,0.0,0.0,0.0
1984-02-02,0.0,0.0,0.0,0.0,0.0
1984-02-03,0.0,0.0,0.0,0.0,0.0
1984-02-04,0.0,0.0,0.0,0.0,0.0
1984-02-05,0.0,0.0,0.0,0.0,0.0
1984-02-06,0.0,0.0,0.0,0.0,0.0
1984-02-07,0.0,0.0,0.0,0.0,0.0
1984-02-08,0.0,0.0,0.0,0.0,0.0
1984-02-09,0.0,0.0,0.0,0.0,0.0
1984-02-10,0.0,0.0,0.0,0.0,0.0
1984-02-11,0.0,0.0,0.0,0.0,0.0
1984-02-12,0.0,0.0,0.0,0.0,0.0
1984-02-13,0.0,0.0,0.0,0.0,0.0
1984-02-14,0.8825,0.0,1.6219,0.0,0.6261
1984-02-15,0.0,0.0,0.0,0.0,0.0
1984-02-16,0.0,0.0,0.0,0.0,0.0
1984-02-17,0.0,0.0,0.0,0.0,0.0
1984-02-18,0.0,0.0,0.0,0.0,0.0
1984-02-19,0.0,0.0,0.0,0.0,0.0
1984-02-20,0.0,0.0,0.0,0.0,0.0
1984-02-21,0.0,0.0,0.0,0.0,0.0
1984-02-22,0.0,0.0,0.0,0.0,0.0
1984-02-23,0.0,0.0,0.0,0.0,0.0
1984-02-24,0.0,0.0,0.0,0.0,0.0
1984-02-25,0.0,0.0,0.0,0.0,0.0
1984-02-26,0.0,0.0,0.0,0.0,0.0
1984-02-27,0.0,0.0,0.0,0.0,0.0
1984-02-28,0.0,0.0,0.0,0.0,0.0
1984-02-29,0.0,0.0,0.0,0.0,0.0
1984-03-01,0.0,0.0,0.0,0.0,0.0
1984-03-02,0.0,0.0,0.0,0.0,0.0
1984-03-03,0.0,0.0,0.0,0.0,0.0
1984-03-04,0.0,0.0,0.0,0.0,0.0
1984-03-05,0.0,0.0,0.0,0.0,0.0
1984-03-06,0.0,0.0,0.0,0.0,0.0
1984-03-07,0.0,0.0,0.0,0.0,0.0
1984-03-08,0.0,0.0,0.0,0.0,0.0
1984-03-09,0.0,0.0,0.0,0.0,0.0
1984-03-10,0.0,0.0,0.0,0.0,0.0
1984-03-11,0.0,0.0,0.0,0.0,0.0
1984-03-12,0.0,0.0,0.0,0.0,0.0
1984-03-13,0.0,0.0,0.0,0.0,0.0
1984-03-14,0.0,0.0,0.0,0.0,0.0
1984-03-15,0.0,0.0,0.0,0.0,0.0
1984-03-16,0.0,0.0,0.0,0.0,0.0
1984-03-17,0.0,0.0,0.0,0.0,0.0
1984-03-18,2.4368,0.0,0.0,0.0,0.6092
1984-03-19,0.0,0.0,0.0,0.0,0.0
1984-03-20,0.0,0.0,0.0,0.0,0.0
1984-03-21,0.0,0.0,0.0,0.0,0.0
1984-03-22,0.0,0.0,0.0,0.0,0.0
1984-03-23,0.0,0.0,0.0,0.0,0.0
1984-03-24,0.0,0.0,0.0,0.0,0.0
1984-03-25,0.0,0.0,0.0,0.0,0.0
1984-03-26,0.0,0.0,0.0,0.0,0.0
1984-03-27,0.0,0.0,0.0,0.0,0.0
1984-03-28,0.0,0.0,0.0,0.0,0.0
1984-03-29,0.0,0.0,0.0,0.0,0.0
1984-03-30,0.0,0.0,0.0,0.0,0.0
1984-03-31,0.0,0.0,0.0,0.0,0.0
1984-04-01,0.0,0.0,0.0,0.0,0.0
1984-04-02,0.0,0.0,0.0,0.0,0.0
1984-04-03,0.0,0.0,0.0,0.0,0.0
1984-04-04,0.0,0.0,0.0,0.0,0.0
1984-04-05,0.0,0.0,0.0,0.0,0.0
1984-04-06,0.0,0.0,0.0,0.0,0.0
1984-04-07,0.0,0.0,0.0,0.0,0.0
1984-04-08,0.0,0.0,0.0,0.0,0.0
1984-04-09,0.0,0.0,0.0,0.0,0.0
1984-04-10,0.0,0.0,0.0,0.0,0.0
1984-04-11,0.0,0.0,0.0,0.0,0.0
1984-04-12,0.0,0.0,0.0,0.0,0.0
1984-04-13,0.0,0.0,0.0,0.0,0.0
1984-04-14,0.0,0.0,0.0,0.0,0.0
1984-04-15,0.0,0.0,0.0,0.0,0.0
1984-04-16,0.0,0.0,0.0,0.0,0.0
1984-04-17,0.0,0.0,0.0,0.0,0.0
1984-04-18,0.0,0.0,0.0,0.0,0.0
1984-04-19,0.0,0.0,0.0,0.0,0.0
1984-04-20,0.0,0.0,0.0,0.0,0.0
1984-04-21,0.0,0.0,0.0,0.0,0.0
1984-04-22,0.0,0.0,0.0,0.0,0.0
1984-04-23,0.0,0.0,0.0,0.0,0.0
1984-04-24,0.0,0.0,0.0,0.0,0.0
1984-04-25,0.0,0.0,0.0,0.0,0.0
1984-04-26,0.0,0.0,0.0,0.0,0.0
1984-04-27,0.0,0.0,0.0,0.0,0.0
1984-04-28,0.0,0.0,0.0,0.0,0.0
1984-04-29,0.0,0.0,0.0,0.0,0.0
1984-04-30,0.0,0.0,0.0,0.0,0.0
1984-05-01,0.0,0.0,0.0,0.0,0.0
1984-05-02,0.0,0.0,0.0,0.0,0.0
1984-05-03,0.0,0.0,0.0,0.0,0.0
1984-05-04,0.0,0.0,0.0,0.0,0.0
1984-05-05,0.0,0.0,0.0,0.0,0.0
1984-05-06,0.0,0.0,0.0,0.0,0.0
1984-05-07,0.0,0.0,0.0,0.0,0.0
1984-05-08,0.0,0.0,0.0,0.0,0.0
1984-05-09,0.0,0.0,0.0,0.0,0.0
1984-05-10,0.0,0.0,0.0,0.0,0.0
1984-05-11,0.0,0.0,0.0,0.0,0.0
1984-05-12,0.0,0.0,0.0,0.0,0.0
1984-05-13,0.0,0.0,0.0,0.0,0.0
1984-05-14,0.0,0.0,0.0,0.0,0.0
1984-05-15,0.0,0.0,0.0,0.0,0.0
1984-05-16,0.0,0.0,0.0,0.0,0.0
1984-05-17,0.0,0.0,0.0,0.0,0.0
1984-05-18,0.0,0.0,0.0,0.0,0.0
1984-05-19,0.0,0.0,0.0,0.0,0.0
1984-05-20,0.0,0.0,0.0,0.0,0.0
1984-05-21,0.0,0.0,0.0,0.0,0.0
1984-05-22,0.0,0.0,0.0,0.0,0.0
1984-05-23,0.0,0.0,0.0,0.0,0.0
1984-05-24,0.0,0.0,0.0,0.0,0.0
1984-05-25,0.0,0.0,0.0,0.0,0.0
1984-05-26,0.0,0.0,0.0,0.0,0.0
1984-05-27,0.0,0.0,0.0,0.0,0.0
1984-05-28,0.0,0.0,0.0,0.0,0.0
1984-05-29,0.0,0.0,0.0,0.0,0.0
1984-05-30,0.0,0.0,0.0,0.0,0.0
1984-05-31,0.0,0.0,0.0,0.0,0.0
1984-06-01,0.0,0.0,0.0,0.0,0.0
1984-06-02,0.0,0.0,0.0,0.0,0.0
1984-06-03,0.0,0.3268,0.0,0.0,0.0817
1984-06-04,0.8678,9.7918,1.3151,1.6613,3.409
1984-06-05,0.0,0.0,0.0,0.0,0.0
1984-06-06,0.0,0.0,0.0,0.0,0.0
1984-06-07,26.5484,0.0,3.6091,0.0,7.5394
1984-06-08,2.5083,0.0,0.288,0.4644,0.8152
1984-06-09,5.1009,0.0,3.7061,3.633,3.11
1984-06-10,1.9037,6.8113,0.0,0.0,2.1787
1984-06-11,1.9284,2.6654,3.1999,3.4576,2.8128
1984-06-12,119.9979,63.4776,110.1988,46.0727,84.9368
1984-06-13,69.2417,42.2921,61.412,13.1734,46.5298
1984-06-14,71.3498,62.9887,51.3677,44.3154,57.5054
1984-06-15,11.9549,38.2946,19.8604,15.6338,21.4359
1984-06-16,86.71,79.5004,159.0729,156.0366,120.33
1984-06-17,16.684,26.9348,27.8104,35.8622,26.8229
1984-06-18,3.3173,8.1346,5.738,6.3441,5.8835
1984-06-19,1.8842,4.0914,5.1088,1.0532,3.0344
1984-06-20,2.3322,1.7092,1.3437,1.4642,1.7123
1984-06-21,1.9403,16.4927,3.7096,5.0546,6.7993
1984-06-22,1.8422,6.1533,0.8294,0.0,2.2062
1984-06-23,0.0,0.0,0.0,0.0,0.0
1984-06-24,0.3807,0.1044,0.0,0.0,0.1213
1984-06-25,0.4862,0.2444,0.6137,1.5771,0.7304
1984-06-26,5.4744,5.4407,5.2619,2.2755,4.6131
1984-06-27,3.3799,3.3362,0.7213,6.7777,3.5538
1984-06-28,3.2127,21.5273,6.9357,17.2582,12.2335
1984-06-29,11.382,81.2257,46.4747,53.6644,48.1867
1984-06-30,123.5688,235.0668,58.3822,110.3789,131.8492
1984-07-01,40.4897,7.6872,56.2782,28.0484,33.1259
1984-07-02,471.7454,161.9344,192.7468,87.6133,228.51
1984-07-03,62.1491,116.0087,105.5302,172.9067,114.1487
1984-07-04,147.8746,313.3711,156.567,119.8738,184.4216
1984-07-05,20.7789,59.2247,44.6273,65.817,47.612
1984-07-06,15.8838,22.1787,12.3197,35.9607,21.5857
1984-07-07,4.719,81.3817,17.2033,75.1858,44.6225
1984-07-08,2.3834,4.5519,4.6755,13.0118,6.1556
1984-07-09,2.9448,5.9367,6.0674,7.1197,5.5171
1984-07-10,3.3221,5.0777,1.9444,1.806,3.0375
1984-07-11,1.4468,15.6131,3.687,11.659,8.1015
1984-07-12,4.5129,5.8059,3.4502,1.6656,3.8586
1984-07-13,1.0661,0.0,0.0,0.0,0.2665
1984-07-14,6.5589,3.562,2.1987,3.0881,3.8519
1984-07-15,57.0509,43.5943,33.2262,14.9161,37.1969
1984-07-16,45.2022,30.2725,52.68,39.4824,41.9093
1984-07-17,0.967,16.1185,9.8714,27.3755,13.5831
1984-07-18,48.2586,129.2298,44.049,116.6736,84.5528
1984-07-19,47.8406,100.3699,55.5915,121.8581,81.415
1984-07-20,8.6201,49.9502,11.4952,50.7662,30.2079
1984-07-21,12.6834,9.1803,12.9314,15.1351,12.4826
1984-07-22,4.3245,5.0013,9.3939,10.7807,7.3751
1984-07-23,3.6437,3.0923,6.6595,3.5769,4.2431
1984-07-24,7.0781,13.8341,1.6152,3.6861,6.5534
1984-07-25,5.6595,20.9233,14.7152,18.8529,15.0377
1984-07-26,28.2967,89.5124,33.1563,47.6738,49.6598
1984-07-27,6.5466,29.4767,8.233,8.1188,13.0938
1984-07-28,7.3998,6.173,7.6981,12.6138,8.4712
1984-07-29,3.5193,5.4048,1.8074,13.5253,6.0642
1984-07-30,3.5578,7.5009,5.7822,5.9085,5.6873
1984-07-31,2.6604,20.9651,7.2626,5.0397,8.9819
1984-08-01,8.112,4.5939,2.0957,7.2971,5.5247
1984-08-02,3.3908,8.5374,2.7551,2.7355,4.3547
1984-08-03,3.4917,5.711,6.8953,19.6264,8.9311
1984-08-04,6.1265,18.4734,18.5486,52.4251,23.8934
1984-08-05,25.8927,44.8607,64.4356,59.9256,48.7786
1984-08-06,4.7037,31.1482,8.0398,17.4782,15.3425
1984-08-07,5.7431,16.1668,5.3304,4.7117,7.988
1984-08-08,4.1983,10.9439,1.4638,1.0993,4.4263
1984-08-09,0.1431,2.8885,0.6053,1.2535,1.2226
1984-08-10,0.6761,2.0188,1.8264,3.4892,2.0026
1984-08-11,5.1046,4.5649,3.8631,5.7382,4.8177
1984-08-12,18.5425,13.1894,10.9593,24.9709,16.9155
1984-08-13,17.4009,47.0419,14.0039,35.574,28.5052
1984-08-14,16.5478,28.3743,27.3127,17.9164,22.5378
1984-08-15,3.7135,8.0055,5.8675,10.598,7.0461
1984-08-16,6.654,18.5323,7.0212,7.1944,9.8505
1984-08-17,0.6147,3.5111,4.8534,6.1355,3.7787
1984-08-18,4.0483,11.6248,16.9834,15.0086,11.9163
1984-08-19,3.0971,13.5989,7.118,20.8256,11.1599
1984-08-20,9.2284,17.7221,8.6437,14.3599,12.4885
1984-08-21,6.6862,19.7895,6.9207,15.8389,12.3088
1984-08-22,2.423,7.8551,0.9073,6.8761,4.5154
1984-08-23,0.6284,4.1561,0.4834,0.6623,1.4826
1984-08-24,0.7293,3.2401,3.3627,3.341,2.6683
1984-08-25,2.5468,7.2291,2.3236,1.881,3.4951
1984-08-26,2.5845,4.801,1.558,2.0933,2.7592
1984-08-27,6.288,9.4864,6.1949,8.7437,7.6783
1984-08-28,1.1586,10.5042,2.8189,3.9555,4.6093
1984-08-29,3.5891,0.2932,3.0999,1.7352,2.1794
1984-08-30,2.1322,11.6579,4.102,1.6631,4.8888
1984-08-31,0.533,0.1153,0.0,0.0,0.1621
1984-09-01,0.0,0.0,0.0,0.0,0.0
1984-09-02,0.0,0.0,0.1753,0.0,0.0438
1984-09-03,0.1523,0.0,0.0,0.0,0.0381
1984-09-04,0.0,0.5052,3.6381,0.1733,1.0792
1984-09-05,2.7862,6.2683,1.974,0.702,2.9326
1984-09-06,2.6661,3.0724,3.9734,2.6475,3.0899
1984-09-07,2.577,2.6934,4.4588,2.5628,3.073
1984-09-08,1.2678,0.2303,5.482,2.8754,2.4639
1984-09-09,0.4569,5.2943,0.5616,0.3093,1.6555
1984-09-10,10.8672,29.42,1.3589,17.5001,14.7865
1984-09-11,9.1856,1.5084,0.4789,3.9019,3.7687
1984-09-12,114.6213,45.9624,10.921,11.0869,45.6479
1984-09-13,164.3324,70.4097,136.1612,46.8413,104.4361
1984-09-14,17.9719,53.1125,19.5956,42.9166,33.3992
1984-09-15,2.0716,2.949,11.8248,13.2557,7.5253
1984-09-16,0.0,0.0,0.0,0.0,0.0
1984-09-17,0.0,0.0,0.0,0.0,0.0
1984-09-18,0.0,0.0,0.0,0.0,0.0
1984-09-19,0.2284,0.0,0.0,0.0,0.0571
1984-09-20,0.2284,0.0,1.2819,0.0,0.3776
1984-09-21,0.0,0.0,0.0,0.0,0.0
1984-09-22,0.0,0.0,0.0,0.0,0.0
1984-09-23,0.0,0.0,0.0,0.0,0.0
1984-09-24,0.0,0.0,0.0,0.0,0.0
1984-09-25,0.0,0.0,0.0,0.0,0.0
1984-09-26,0.0,0.5409,0.0,0.5257,0.2666
1984-09-27,4.6208,24.9338,8.9562,8.545,11.764
1984-09-28,19.5308,0.0,22.9194,0.7583,10.8021
1984-09-29,2.023,7.4689,1.7099,0.8458,3.0119
1984-09-30,0.0,0.0,0.0,0.0,0.0
1984-10-01,0.0,0.0,0.0,0.0,0.0
1984-10-02,1.8604,6.7199,3.4192,0.0,2.9999
1984-10-03,0.0,0.0,0.0,0.0,0.0
1984-10-04,0.0,0.0,0.0,0.0,0.0
1984-10-05,0.0,0.0,0.0,0.0,0.0
1984-10-06,0.8376,21.1196,3.5166,0.3988,6.4681
1984-10-07,0.0,19.4874,0.401,1.6771,5.3914
1984-10-08,0.6239,52.5321,2.6637,18.6802,18.625
1984-10-09,3.3761,0.3639,2.9848,36.5928,10.8294
1984-10-10,7.3735,0.0,6.7361,16.5136,7.6558
1984-10-11,0.1193,0.0,0.7319,90.8248,22.919
1984-10-12,0.0,0.0,0.0,0.0,0.0
1984-10-13,0.0,0.0,5.6402,0.0,1.4101
1984-10-14,0.0,0.7304,0.0,0.0,0.1826
1984-10-15,0.0,0.0,0.0,0.0,0.0
1984-10-16,0.0,0.0,0.0,0.0,0.0
1984-10-17,0.0,0.0,0.0,0.0,0.0
1984-10-18,0.0,0.0,0.0,0.0,0.0
1984-10-19,0.0,0.0,0.0,0.0,0.0
1984-10-20,0.0,0.0,0.0,0.0,0.0
1984-10-21,0.0,0.0,0.0,0.0,0.0
1984-10-22,0.0,0.0,0.0,0.0,0.0
1984-10-23,0.0,0.0,0.0,0.0,0.0
1984-10-24,0.0,0.0,0.0,0.0,0.0
1984-10-25,0.0,0.4613,0.0,0.0,0.1153
1984-10-26,0.0,0.0,0.0,0.0,0.0
1984-10-27,0.0,0.0,0.0,0.0,0.0
1984-10-28,0.0,0.0,0.0,0.0,0.0
1984-10-29,0.0,0.0,0.0,0.0,0.0
1984-10-30,0.0,0.0,0.0,0.0,0.0
1984-10-31,0.0,0.0,0.0,0.0,0.0
1984-11-01,0.0,0.0,0.0,0.0,0.0
1984-11-02,0.0,0.0,0.0,0.0,0.0
1984-11-03,0.0,0.0,0.0,0.0,0.0
1984-11-04,0.0,0.0,0.0,0.0,0.0
1984-11-05,0.0,0.0,0.0,0.0,0.0
1984-11-06,0.0,0.0,0.0,0.0,0.0
1984-11-07,0.0,0.0,0.0,0.0,0.0
1984-11-08,0.0,0.0,0.0,0.0,0.0
1984-11-09,0.0,0.0,0.0,0.0,0.0
1984-11-10,0.0,0.0,0.0,0.0,0.0
1984-11-11,0.0,0.0,0.0,0.0,0.0
1984-11-12,0.0,0.0,0.0,0.0,0.0
1984-11-13,0.0,0.0,0.0,0.0,0.0
1984-11-14,0.0,0.0,0.0,0.0,0.0
1984-11-15,0.0,0.0,0.0,0.0,0.0
1984-11-16,0.0,0.0,0.0,0.0,0.0
1984-11-17,0.0,0.0,0.0,0.0,0.0
1984-11-18,0.0,0.0,0.0,0.0,0.0
1984-11-19,0.0,0.0,0.0,0.0,0.0
1984-11-20,0.0,0.0,0.0,0.0,0.0
1984-11-21,0.0,0.0,0.0,0.0,0.0
1984-11-22,0.0,0.0,0.0,0.0,0.0
1984-11-23,0.0,0.0,0.0,0.0,0.0
1984-11-24,0.0,0.0,0.0,0.0,0.0
1984-11-25,0.0,0.0,0.0,0.0,0.0
1984-11-26,0.0,0.0,0.0,0.0,0.0
1984-11-27,0.0,0.0,0.0,0.0,0.0
1984-11-28,0.0,0.0,0.0,0.0,0.0
1984-11-29,0.0,0.0,0.0,0.0,0.0
1984-11-30,0.0,0.0,0.0,0.0,0.0
1984-12-01,0.0,0.0,0.0,0.0,0.0
1984-12-02,0.0,0.0,0.0,0.0,0.0
1984-12-03,0.0,0.0,0.0,0.0,0.0
1984-12-04,0.0,0.0,0.0,0.0,0.0
1984-12-05,0.0,0.0,0.0,0.0,0.0
1984-12-06,0.0,0.0,0.0,0.0,0.0
1984-12-07,0.0,0.0,0.0,0.0,0.0
1984-12-08,0.0,0.0,0.0,0.0,0.0
1984-12-09,0.0,0.0,0.0,0.0,0.0
1984-12-10,0.0,0.0,0.0,0.0,0.0
1984-12-11,0.0,0.0,0.0,0.0,0.0
1984-12-12,0.0,0.0,0.0,0.0,0.0
1984-12-13,0.0,0.0,0.0,0.0,0.0
1984-12-14,0.0,0.0,0.0,0.0,0.0
1984-12-15,0.0,0.0,0.0,0.0,0.0
1984-12-16,0.0,0.0,0.0,0.0,0.0
1984-12-17,0.0,0.0,0.0,0.0,0.0
1984-12-18,0.0,0.0,0.0,0.0,0.0
1984-12-19,0.0,0.0,0.0,0.0,0.0
1984-12-20,0.0,0.0,0.0,0.0,0.0
1984-12-21,0.0,0.0,0.0,0.0,0.0
1984-12-22,0.0,0.0,0.0,0.0,0.0
1984-12-23,0.0,0.0,0.0,0.0,0.0
1984-12-24,0.0,0.0,0.0,0.0,0.0
1984-12-25,0.0,0.0,0.0,0.0,0.0
1984-12-26,0.0,0.0,0.0,0.0,0.0
1984-12-27,0.0,0.0,0.0,0.0,0.0
1984-12-28,0.0,0.0,0.0,0.0,0.0
1984-12-29,0.0,0.0,0.0,0.0,0.0
1984-12-30,0.0,0.0,0.0,0.0,0.0
1984-12-31,0.0,0.0,0.0,0.0,0.0
1985-01-01,0.0,0.0,0.0,0.0,0.0
1985-01-02,0.0,0.0,0.0,0.0,0.0
1985-01-03,0.0,0.0,0.0,0.0,0.0
1985-01-04,0.0,0.0,0.0,0.0,0.0
1985-01-05,0.0,0.0,0.0,0.0,0.0
1985-01-06,0.0,0.0,0.0,0.0,0.0
1985-01-07,0.0,0.0,0.0,0.0,0.0
1985-01-08,0.0,0.0,0.0,0.0,0.0
1985-01-09,0.0,0.0,0.0,0.0,0.0
1985-01-10,0.0,0.0,0.0,0.0,0.0
1985-01-11,0.0,0.0,0.0,0.0,0.0
1985-01-12,0.0,0.0,0.0,0.0,0.0
1985-01-13,0.0,0.0,0.0,0.0,0.0
1985-01-14,0.0,0.0,0.0,0.0,0.0
1985-01-15,0.0,0.0,0.0,0.0,0.0
1985-01-16,0.0,0.0,0.0,0.0,0.0
1985-01-17,0.0,0.0,0.0,0.0,0.0
1985-01-18,0.0,0.0,0.0,0.0,0.0
1985-01-19,0.0,0.0,0.0,0.0,0.0
1985-01-20,0.0,0.0,0.0,0.0,0.0
1985-01-21,0.0,0.0,0.0,0.0,0.0
1985-01-22,0.0,0.0,0.0,0.0,0.0
1985-01-23,0.0,0.0,0.0,0.0,0.0
1985-01-24,0.0,0.0,0.0,0.0,0.0
1985-01-25,0.0,0.0,0.0,0.0,0.0
1985-01-26,0.0,0.0,0.0,0.0,0.0
1985-01-27,0.0,0.0,0.0,0.0,0.0
1985-01-28,0.0,0.0,0.0,0.0,0.0
1985-01-29,0.0,0.0,0.0,0.0,0.0
1985-01-30,0.0,0.0,0.0,0.0,0.0
1985-01-31,0.0,0.0,0.0,0.0,0.0
1985-02-01,0.0,0.0,0.0,0.0,0.0
1985-02-02,0.0,0.0,0.0,0.0,0.0
1985-02-03,0.0,0.0,0.0,0.0,0.0
1985-02-04,0.0,0.0,0.0,0.0,0.0
1985-02-05,0.0,0.0,0.0,0.0,0.0
1985-02-06,0.0,0.0,0.0,0.0,0.0
1985-02-07,0.0,0.0,0.0,0.0,0.0
1985-02-08,0.0,0.0,0.0,0.0,0.0
1985-02-09,0.0,0.0,0.0,0.0,0.0
1985-02-10,0.0,0.0,0.0,0.0,0.0
1985-02-11,0.0,0.0,0.0,0.0,0.0
1985-02-12,0.0,0.0,0.0,0.0,0.0
1985-02-13,0.0,0.0,0.0,0.0,0.0
1985-02-14,0.0,0.0,0.0,0.0,0.0
1985-02-15,0.0,0.0,0.0,0.0,0.0
1985-02-16,0.0,0.0,0.0,0.0,0.0
1985-02-17,0.0,0.0,0.0,0.0,0.0
1985-02-18,0.0,0.0,0.0,0.0,0.0
1985-02-19,0.0,0.0,0.0,0.0,0.0
1985-02-20,0.0,0.0,0.0,0.0,0.0
1985-02-21,0.0,0.0,0.0,0.0,0.0
1985-02-22,0.0,0.0,0.0,0.0,0.0
1985-02-23,0.0,0.0,0.0,0.0,0.0
1985-02-24,0.0,0.0,0.0,0.0,0.0
1985-02-25,0.0,0.0,0.0,0.0,0.0
1985-02-26,0.0,0.0,0.0,0.0,0.0
1985-02-27,0.0,0.0,0.0,0.0,0.0
1985-02-28,0.0,0.0,0.0,0.0,0.0
1985-03-01,0.0,0.0,0.0,0.0,0.0
1985-03-02,0.0,0.0,0.0,0.0,0.0
1985-03-03,0.0,0.0,0.0,0.0,0.0
1985-03-04,0.0,0.0,0.0,0.0,0.0
1985-03-05,0.0,0.0,0.0,0.0,0.0
1985-03-06,0.0,0.0,0.0,0.0,0.0
1985-03-07,0.0,0.0,0.0,0.0,0.0
1985-03-08,0.0,0.0,0.0,0.0,0.0
1985-03-09,0.0,0.0,0.0,0.0,0.0
1985-03-10,0.0,0.0,0.0,0.0,0.0
1985-03-11,0.0,0.0,0.0,0.0,0.0
1985-03-12,0.0,0.0,0.0,0.0,0.0
1985-03-13,0.0,0.0,0.0,0.0,0.0
1985-03-14,0.0,0.0,0.0,0.0,0.0
1985-03-15,0.0,0.0,0.0,0.0,0.0
1985-03-16,0.0,0.0,0.0,0.0,0.0
1985-03-17,0.0,0.0,0.0,0.0,0.0
1985-03-18,0.0,0.0,0.0,0.0,0.0
1985-03-19,0.0,0.0,0.0,0.0,0.0
1985-03-20,0.0,0.0,0.0,0.0,0.0
1985-03-21,0.0,0.0,0.0,0.0,0.0
1985-03-22,0.0,0.0,0.0,0.0,0.0
1985-03-23,0.0,0.0,0.0,0.0,0.0
1985-03-24,0.0,0.0,0.0,0.0,0.0
1985-03-25,0.0,0.0,0.0,0.0,0.0
1985-03-26,0.0,0.0,0.0,0.0,0.0
1985-03-27,0.0,0.0,0.0,0.0,0.0
1985-03-28,0.0,0.0,0.0,0.0,0.0
1985-03-29,0.0,0.0,0.0,0.0,0.0
1985-03-30,0.0,0.0,0.0,0.0,0.0
1985-03-31,0.0,0.0,0.0,0.0,0.0
1985-04-01,0.0,0.0,0.0,0.0,0.0
1985-04-02,0.0,0.0,0.0,0.0,0.0
1985-04-03,0.0,0.0,0.0,0.0,0.0
1985-04-04,0.0,0.0,0.0,0.0,0.0
1985-04-05,0.0,0.0,0.0,0.0,0.0
1985-04-06,0.0,0.0,0.0,0.0,0.0
1985-04-07,0.0,0.0,0.0,0.0,0.0
1985-04-08,0.0,0.0,0.0,0.0,0.0
1985-04-09,0.0,0.0,0.0,0.0,0.0
1985-04-10,0.0,0.0,0.0,0.0,0.0
1985-04-11,0.0,0.0,0.0,0.0,0.0
1985-04-12,0.0,0.0,0.0,0.0,0.0
1985-04-13,0.0,0.0,0.0,0.0,0.0
1985-04-14,0.0,0.0,0.0,0.0,0.0
1985-04-15,0.0,0.0,0.0,0.0,0.0
1985-04-16,0.0,0.0,0.0,0.0,0.0
1985-04-17,0.0,0.0,0.0,0.0,0.0
1985-04-18,0.0,0.0,0.0,0.0,0.0
1985-04-19,0.0,0.0,0.0,0.0,0.0
1985-04-20,0.0,0.0,0.0,0.0,0.0
1985-04-21,0.0,0.0,0.0,0.0,0.0
1985-04-22,0.0,0.0,0.0,0.0,0.0
1985-04-23,0.0,0.0,0.0,0.0,0.0
1985-04-24,0.0,0.0,0.0,0.0,0.0
1985-04-25,0.0,0.0,0.0,0.0,0.0
1985-04-26,0.0,0.0,0.0,0.0,0.0
1985-04-27,0.0,0.0,0.0,0.0,0.0
1985-04-28,0.0,0.0,0.0,0.0,0.0
1985-04-29,0.0,0.0,0.0,0.0,0.0
1985-04-30,0.0,0.0,0.0,0.0,0.0
1985-05-01,0.0,0.0,0.0,0.0,0.0
1985-05-02,0.0,0.0,0.0,0.0,0.0
1985-05-03,0.0,0.0,0.0,0.0,0.0
1985-05-04,0.0,0.0,0.0,0.0,0.0
1985-05-05,0.0,0.0,0.0,0.0,0.0
1985-05-06,0.0,0.0,0.0,0.0,0.0
1985-05-07,0.0,0.0,0.0,0.0,0.0
1985-05-08,0.0,0.0,0.0,0.0,0.0
1985-05-09,0.0,0.0,0.0,0.0,0.0
1985-05-10,0.0,0.0,0.0,0.0,0.0
1985-05-11,0.0,0.0,0.0,0.0,0.0
1985-05-12,0.0,0.0,0.0,0.0,0.0
1985-05-13,0.0,0.0,0.0,0.0,0.0
1985-05-14,0.0,0.0,0.0,0.0,0.0
1985-05-15,0.0,0.0,0.0,0.0,0.0
1985-05-16,0.0,0.0,0.0,0.0,0.0
1985-05-17,0.0,0.0,0.0,0.0,0.0
1985-05-18,0.0,0.0,0.0,0.0,0.0
1985-05-19,0.0,0.0,0.0,0.0,0.0
1985-05-20,0.0,0.0,0.0,0.0,0.0
1985-05-21,0.0,0.0,0.0,0.0,0.0
1985-05-22,0.0,0.0,0.0,0.0,0.0
1985-05-23,0.0,0.0,0.0,0.0,0.0
1985-05-24,0.0,0.0,0.0,0.0,0.0
1985-05-25,0.0,0.0,0.0,0.0,0.0
1985-05-26,0.0,0.0,0.0,0.0,0.0
1985-05-27,0.0,0.0,0.0,0.0,0.0
1985-05-28,0.1523,0.0,0.0,0.0,0.0381
1985-05-29,0.1523,0.0,0.0,0.0,0.0381
1985-05-30,1.1009,0.0,0.9594,0.1763,0.5591
1985-05-31,0.4,0.4805,0.1421,0.0,0.2557
1985-06-01,5.1724,1.9276,2.4873,0.0,2.3968
1985-06-02,5.0954,2.9473,1.9187,5.288,3.8123
1985-06-03,0.5247,13.8242,0.7817,0.0,3.7826
1985-06-04,1.1422,1.152,0.0,0.0,0.5736
1985-06-05,0.4293,2.3044,0.6396,0.0,0.8433
1985-06-06,0.0,0.4915,0.7405,0.2141,0.3615
1985-06-07,0.9009,7.2326,7.598,10.5323,6.5659
1985-06-08,119.4076,129.4187,60.8764,55.7263,91.3572
1985-06-09,2.9026,32.1525,4.5219,0.0,9.8943
1985-06-10,0.5761,5.1983,0.1777,22.992,7.236
1985-06-11,92.1723,11.1026,53.7102,22.0991,44.771
1985-06-12,100.3965,48.3018,83.668,16.8703,62.3092
1985-06-13,3.0707,0.3216,53.207,0.0,14.1498
1985-06-14,35.7616,11.224,37.8032,5.0525,22.4603
1985-06-15,2.133,4.6748,6.4979,4.0412,4.3367
1985-06-16,44.5967,1.1272,102.227,8.4706,39.1054
1985-06-17,316.4257,69.7154,98.1663,69.305,138.4031
1985-06-18,4.1945,26.2605,4.7604,17.6896,13.2262
1985-06-19,0.0,0.0,1.6171,0.0,0.4043
1985-06-20,0.3046,0.1345,0.539,0.0,0.2445
1985-06-21,10.8304,18.3824,4.8494,0.2494,8.5779
1985-06-22,1.0807,2.7173,1.3477,4.1454,2.3228
1985-06-23,1.3578,0.7144,0.8883,2.049,1.2524
1985-06-24,6.794,5.8602,7.8526,1.0756,5.3956
1985-06-25,239.3928,13.4281,6.3056,15.8976,68.756
1985-06-26,142.7968,91.2511,71.6105,25.0038,82.6655
1985-06-27,48.0404,129.6305,49.6742,42.393,67.4345
1985-06-28,30.337,37.0855,8.5814,15.6835,22.9218
1985-06-29,3.1147,8.9121,27.2237,2.644,10.4736
1985-06-30,0.567,2.8951,18.7179,3.5401,6.43
1985-07-01,5.512,8.6575,31.7396,10.3009,14.0525
1985-07-02,8.3193,17.9581,86.0697,9.7714,30.5296
1985-07-03,4.2239,5.7558,55.431,3.7205,17.2828
1985-07-04,2.1908,9.6168,84.7452,2.9588,24.8779
1985-07-05,2.2284,7.7047,20.8553,7.2568,9.5113
1985-07-06,1.8147,7.6845,9.9354,6.9546,6.5973
1985-07-07,0.2862,12.2357,13.0246,6.4841,8.0076
1985-07-08,0.5963,3.1199,3.1393,0.0,1.7139
1985-07-09,0.3807,0.4229,3.287,0.0,1.0227
1985-07-10,0.1761,0.1788,1.4305,0.0,0.4464
1985-07-11,0.0,0.246,3.8443,0.0,1.0226
1985-07-12,0.5523,10.3033,2.8584,3.3447,4.2647
1985-07-13,7.2615,20.0424,2.3096,4.5567,8.5426
1985-07-14,1.2954,77.2604,1.2235,5.2183,21.2494
1985-07-15,11.4276,42.7916,31.4407,22.1743,26.9585
1985-07-16,44.209,82.197,64.5627,113.2635,76.0581
1985-07-17,124.9414,160.0711,56.7859,132.0665,118.4662
1985-07-18,88.3127,136.809,85.2902,18.9162,82.332
1985-07-19,20.3442,37.7973,32.4466,15.0941,26.4205
1985-07-20,27.5595,24.533,18.3309,112.4548,45.7195
1985-07-21,8.0641,2.7472,10.0067,4.9905,6.4521
1985-07-22,54.7224,3.0133,19.9931,4.0541,20.4457
1985-07-23,18.6629,0.5062,1.5695,3.7048,6.1109
1985-07-24,32.3353,9.0914,9.7073,11.466,15.65
1985-07-25,21.8805,61.0613,22.8999,69.7473,43.8972
1985-07-26,89.2488,109.5521,66.3216,83.0767,87.0498
1985-07-27,20.5517,83.6497,9.7959,32.2845,36.5705
1985-07-28,4.7422,16.8044,4.0368,32.9599,14.6358
1985-07-29,3.0851,39.0974,6.3691,30.3414,19.7233
1985-07-30,8.7597,12.5477,5.8905,10.216,9.3535
1985-07-31,4.746,13.2451,4.4613,20.7969,10.8123
1985-08-01,4.8549,41.3523,7.6338,41.4235,23.8161
1985-08-02,101.0705,123.4816,70.5414,101.2297,99.0808
1985-08-03,57.9481,93.5481,32.7013,46.8637,57.7653
1985-08-04,7.4632,18.8609,15.0695,14.5837,13.9943
1985-08-05,3.3897,10.2344,46.1417,14.7019,18.6169
1985-08-06,3.3009,5.5245,9.8049,5.7595,6.0974
1985-08-07,7.0236,11.0331,9.1179,7.5798,8.6886
1985-08-08,5.9906,19.972,8.9079,12.3398,11.8026
1985-08-09,4.6606,10.865,3.2471,37.7404,14.1283
1985-08-10,3.5834,15.1914,5.537,16.7028,10.2537
1985-08-11,2.1569,8.9012,2.4428,14.235,6.934
1985-08-12,14.7083,12.8778,13.8572,11.4628,13.2265
1985-08-13,9.3954,11.4055,9.3863,26.9363,14.2809
1985-08-14,33.6473,33.9325,14.7906,42.3914,31.1904
1985-08-15,5.6899,18.0834,3.1599,8.1265,8.7649
1985-08-16,1.0532,14.3809,4.006,4.3466,5.9467
1985-08-17,4.2796,20.8281,7.5396,6.6572,9.8261
1985-08-18,1.3862,1.5821,13.003,4.4486,5.105
1985-08-19,1.0615,0.1065,3.9538,4.0075,2.2823
1985-08-20,5.2836,3.846,4.8731,4.399,4.6004
1985-08-21,1.8,2.6024,4.7614,2.1813,2.8363
1985-08-22,4.1862,6.5365,3.0062,4.1841,4.4783
1985-08-23,4.1707,4.2404,1.2062,2.2771,2.9736
1985-08-24,3.5081,17.572,5.8842,4.452,7.8541
1985-08-25,0.6486,2.2963,2.4699,5.288,2.6757
1985-08-26,1.033,2.5992,1.467,1.9821,1.7703
1985-08-27,0.7009,4.0284,2.6456,1.8408,2.3039
1985-08-28,8.9241,10.717,0.999,2.452,5.773
1985-08-29,18.3324,20.2745,6.8756,2.0347,11.8793
1985-08-30,5.7317,5.89,13.2118,2.8928,6.9316
1985-08-31,0.7761,0.0,0.3966,10.8731,3.0115
1985-09-01,0.2284,5.5983,0.0,9.0443,3.7177
1985-09-02,0.2385,2.0427,0.3553,0.0,0.6591
1985-09-03,0.2385,1.055,0.8836,0.0,0.5443
1985-09-04,0.0,1.8781,3.7732,0.2872,1.4846
1985-09-05,6.0066,17.8876,1.2908,14.0728,9.8145
1985-09-06,38.2726,91.6828,33.7657,27.0319,47.6883
1985-09-07,12.6862,120.9469,15.6728,59.8976,52.3009
1985-09-08,8.1523,15.5904,7.545,1.8943,8.2955
1985-09-09,6.3682,5.2382,10.1318,23.799,11.3843
1985-09-10,23.5611,3.3874,1.6345,1.7986,7.5954
1985-09-11,0.4293,0.0,1.3051,0.0,0.4336
1985-09-12,0.5147,0.6154,3.9561,0.903,1.4973
1985-09-13,1.4788,12.3649,46.0859,4.4454,16.0938
1985-09-14,5.6862,1.1558,6.9419,4.519,4.5757
1985-09-15,0.0,0.0,11.3907,0.0,2.8477
1985-09-16,0.0,0.0,0.0,0.0,0.0
1985-09-17,0.4293,1.2762,0.8509,0.299,0.7138
1985-09-18,12.8132,19.1996,0.8269,0.0,8.2099
1985-09-19,0.0,0.0,0.0,0.0,0.0
1985-09-20,0.477,0.0,2.3277,0.0,0.7012
1985-09-21,0.0,0.0,0.0,0.0,0.0
1985-09-22,0.0,0.0,0.0,0.0,0.0
1985-09-23,0.0,0.0,0.0,0.0,0.0
1985-09-24,0.0,0.0,0.0,0.0,0.0
1985-09-25,0.0,0.0,0.0,0.0,0.0
1985-09-26,0.0,0.0,0.0,0.0,0.0
1985-09-27,3.0652,25.235,0.1421,0.0,7.1106
1985-09-28,0.0,4.6079,9.1635,0.0,3.4428
1985-09-29,0.0,0.0,0.539,1.7627,0.5754
1985-09-30,1.3595,30.8693,2.0253,0.0,8.5635
1985-10-01,0.0,0.0,0.0,0.0,0.0
1985-10-02,0.0,0.0,0.0,0.0,0.0
1985-10-03,0.0,0.0,0.0,0.0,0.0
1985-10-04,17.075,1.2878,8.4212,2.7863,7.3926
1985-10-05,4.3963,39.9617,4.5944,22.2681,17.8051
1985-10-06,12.7816,13.9223,8.9588,48.3992,21.0155
1985-10-07,60.5816,5.5505,26.6074,12.7404,26.37
1985-10-08,55.3958,69.4863,31.6463,42.049,49.6444
1985-10-09,3.1173,10.6136,5.7399,30.8783,12.5873
1985-10-10,0.0,0.0,5.9293,7.932,3.4653
1985-10-11,0.0,0.0,0.539,0.0,0.1348
1985-10-12,0.0,0.0,0.0,0.0,0.0
1985-10-13,0.0,0.0,5.9293,0.0,1.4823
1985-10-14,0.0,0.0,0.0,0.0,0.0
1985-10-15,0.0,0.0,0.0,0.0,0.0
1985-10-16,0.0,0.0,0.0,0.0,0.0
1985-10-17,0.0,0.0,0.0,0.0,0.0
1985-10-18,0.0,0.0,0.0,0.0,0.0
1985-10-19,0.0,0.0,0.0,0.0,0.0
1985-10-20,0.0,0.0,0.0,0.0,0.0
1985-10-21,0.0,0.0,0.0,0.0,0.0
1985-10-22,0.0,0.0,0.0,0.0,0.0
1985-10-23,0.0,0.0,0.0,0.0,0.0
1985-10-24,0.0,0.0,0.0,0.0,0.0
1985-10-25,0.0,0.0,0.0,0.0,0.0
1985-10-26,0.0,0.0,0.0,0.0,0.0
1985-10-27,0.0,0.0,0.0,0.0,0.0
1985-10-28,0.0,0.0,0.0,0.0,0.0
1985-10-29,0.0,0.0,0.0,0.0,0.0
1985-10-30,0.0,0.0,0.0,0.0,0.0
1985-10-31,0.0,0.0,0.0,0.0,0.0
1985-11-01,0.0,0.0,0.0,0.0,0.0
1985-11-02,0.0,0.0,0.0,0.0,0.0
1985-11-03,0.0,0.0,0.0,0.0,0.0
1985-11-04,0.0,0.0,0.0,0.0,0.0
1985-11-05,0.0,0.0,0.0,0.0,0.0
1985-11-06,0.0,0.0,0.0,0.0,0.0
1985-11-07,0.0,0.0,0.0,0.0,0.0
1985-11-08,0.0,0.0,0.0,0.0,0.0
1985-11-09,0.0,0.0,0.0,0.0,0.0
1985-11-10,0.0,0.0,0.0,0.0,0.0
1985-11-11,0.0,0.0,0.0,0.0,0.0
1985-11-12,0.0,0.0,0.0,0.0,0.0
1985-11-13,0.0,0.0,0.0,0.0,0.0
1985-11-14,0.0,0.0,0.0,0.0,0.0
1985-11-15,0.0,0.0,0.0,0.0,0.0
1985-11-16,0.0,0.0,0.0,0.0,0.0
1985-11-17,0.0,0.0,0.0,0.0,0.0
1985-11-18,0.0,0.0,0.0,0.0,0.0
1985-11-19,0.0,0.0,0.0,0.0,0.0
1985-11-20,0.0,0.0,0.0,0.0,0.0
1985-11-21,0.0,0.0,0.0,0.0,0.0
1985-11-22,0.0,0.0,0.0,0.0,0.0
1985-11-23,0.0,0.0,0.0,0.0,0.0
1985-11-24,0.0,0.0,0.0,0.0,0.0
1985-11-25,0.0,0.0,0.0,0.0,0.0
1985-11-26,0.0,0.0,0.0,0.0,0.0
1985-11-27,0.0,0.0,0.0,0.0,0.0
1985-11-28,0.0,0.0,0.0,0.0,0.0
1985-11-29,0.0,0.0,0.0,0.0,0.0
1985-11-30,0.0,0.0,0.0,0.0,0.0
1985-12-01,0.0,0.0,0.0,0.0,0.0
1985-12-02,0.0,0.0,0.0,0.0,0.0
1985-12-03,0.0,0.0,0.0,0.0,0.0
1985-12-04,0.0,0.0,0.0,0.0,0.0
1985-12-05,0.0,0.0,0.0,0.0,0.0
1985-12-06,0.0,0.0,0.0,0.0,0.0
1985-12-07,0.0,0.0,0.0,0.0,0.0
1985-12-08,0.0,0.0,0.0,0.0,0.0
1985-12-09,0.0,0.0,0.0,0.0,0.0
1985-12-10,0.0,0.0,0.0,0.0,0.0
1985-12-11,0.0,0.0,0.0,0.0,0.0
1985-12-12,0.0,0.0,0.0,0.0,0.0
1985-12-13,0.0,0.0,0.0,0.0,0.0
1985-12-14,0.0,0.0,0.0,0.0,0.0
1985-12-15,0.0,0.0,0.0,0.0,0.0
1985-12-16,0.0,0.0,0.0,0.0,0.0
1985-12-17,0.0,0.0,0.0,0.0,0.0
1985-12-18,0.0,0.0,0.0,0.0,0.0
1985-12-19,0.0,0.0,0.0,0.0,0.0
1985-12-20,0.0,0.0,0.0,0.0,0.0
1985-12-21,0.0,0.0,0.0,0.0,0.0
1985-12-22,0.0,0.0,0.0,0.0,0.0
1985-12-23,0.0,0.0,0.0,0.0,0.0
1985-12-24,0.0,0.0,0.0,0.0,0.0
1985-12-25,0.0,0.0,0.0,0.0,0.0
1985-12-26,0.0,0.0,0.0,0.0,0.0
1985-12-27,0.0,0.0,0.0,0.0,0.0
1985-12-28,0.0,0.0,0.0,0.0,0.0
1985-12-29,0.0,0.0,0.0,0.0,0.0
1985-12-30,0.0,0.0,0.0,0.0,0.0
1985-12-31,0.0,0.0,0.0,0.0,0.0
1986-01-01,0.0,0.0,0.0,0.0,0.0
1986-01-02,0.0,0.0,0.0,0.0,0.0
1986-01-03,0.0,0.0,0.0,0.0,0.0
1986-01-04,0.0,0.0,0.0,0.0,0.0
1986-01-05,0.0,0.0,0.0,0.0,0.0
1986-01-06,0.0,0.0,0.0,0.0,0.0
1986-01-07,0.0,0.0,0.0,0.0,0.0
1986-01-08,0.0,0.0,0.0,0.0,0.0
1986-01-09,0.0,0.0,0.0,0.0,0.0
1986-01-10,0.0,0.0,0.0,0.0,0.0
1986-01-11,0.0,0.0,0.0,0.0,0.0
1986-01-12,0.0,0.0,0.0,0.0,0.0
1986-01-13,0.0,0.0,0.0,0.0,0.0
1986-01-14,0.0,0.0,0.0,0.0,0.0
1986-01-15,0.0,0.0,0.0,0.0,0.0
1986-01-16,0.0,0.0,0.0,0.0,0.0
1986-01-17,0.0,0.0,0.0,0.0,0.0
1986-01-18,0.0,0.0,0.0,0.0,0.0
1986-01-19,0.0,0.0,0.0,0.0,0.0
1986-01-20,0.0,0.0,0.0,0.0,0.0
1986-01-21,0.0,0.0,0.0,0.0,0.0
1986-01-22,0.0,0.0,0.0,0.0,0.0
1986-01-23,0.0,0.0,0.0,0.0,0.0
1986-01-24,0.0,0.0,0.0,0.0,0.0
1986-01-25,0.0,0.0,0.0,0.0,0.0
1986-01-26,0.0,0.0,0.0,0.0,0.0
1986-01-27,0.0,0.0,0.0,0.0,0.0
1986-01-28,0.0,0.0,0.0,0.0,0.0
1986-01-29,0.0,0.0,0.0,0.0,0.0
1986-01-30,0.0,0.0,0.0,0.0,0.0
1986-01-31,0.0,0.0,0.0,0.0,0.0
1986-02-01,0.0,0.0,0.0,0.0,0.0
1986-02-02,0.0,0.0,0.0,0.0,0.0
1986-02-03,0.0,0.0,0.0,0.0,0.0
1986-02-04,0.0,0.0,0.0,0.0,0.0
1986-02-05,0.0,0.0,0.0,0.0,0.0
1986-02-06,0.0,0.0,0.0,0.0,0.0
1986-02-07,0.0,0.0,0.0,0.0,0.0
1986-02-08,0.0,0.0,0.0,0.0,0.0
1986-02-09,0.0,0.0,0.0,0.0,0.0
1986-02-10,0.0,0.0,0.0,0.0,0.0
1986-02-11,0.0,0.0,0.0,0.0,0.0
1986-02-12,0.0,0.0,0.0,0.0,0.0
1986-02-13,0.0,0.0,0.0,0.0,0.0
1986-02-14,0.0,0.0,0.0,0.0,0.0
1986-02-15,0.0,0.0,0.0,0.0,0.0
1986-02-16,0.0,0.0,0.0,0.0,0.0
1986-02-17,0.0,0.0,0.0,0.0,0.0
1986-02-18,0.0,0.0,0.0,0.0,0.0
1986-02-19,0.0,0.0,0.0,0.0,0.0
1986-02-20,0.0,0.0,0.0,0.0,0.0
1986-02-21,0.0,0.0,0.0,0.0,0.0
1986-02-22,0.0,0.0,0.0,0.0,0.0
1986-02-23,0.0,0.0,0.0,0.0,0.0
1986-02-24,0.0,0.0,0.0,0.0,0.0
1986-02-25,0.0,0.0,0.0,0.0,0.0
1986-02-26,0.0,0.0,0.0,0.0,0.0
1986-02-27,0.0,0.0,0.0,0.0,0.0
1986-02-28,0.0,0.0,0.0,0.0,0.0
1986-03-01,0.0,0.0,0.0,0.0,0.0
1986-03-02,0.0,0.0,0.0,0.0,0.0
1986-03-03,0.0,0.0,0.0,0.0,0.0
1986-03-04,0.0,0.0,0.0,0.0,0.0
1986-03-05,0.0,0.0,0.0,0.0,0.0
1986-03-06,0.0,0.0,0.0,0.0,0.0
1986-03-07,0.0,0.0,0.0,0.0,0.0
1986-03-08,0.0,0.0,0.0,0.0,0.0
1986-03-09,0.0,0.0,0.0,0.0,0.0
1986-03-10,0.0,0.0,0.0,0.0,0.0
1986-03-11,0.0,0.0,0.0,0.0,0.0
1986-03-12,0.0,0.0,0.0,0.0,0.0
1986-03-13,0.0,0.0,0.0,0.0,0.0
1986-03-14,0.0,0.0,0.0,0.0,0.0
1986-03-15,0.0,0.0,0.0,0.0,0.0
1986-03-16,0.0,0.0,0.0,0.0,0.0
1986-03-17,0.0,0.0,0.0,0.0,0.0
1986-03-18,0.0,0.0,0.0,0.0,0.0
1986-03-19,0.0,0.0,0.0,0.0,0.0
1986-03-20,0.0,0.0,0.0,0.0,0.0
1986-03-21,0.0,0.0,0.0,0.0,0.0
1986-03-22,0.0,0.0,0.0,0.0,0.0
1986-03-23,0.0,0.0,0.0,0.0,0.0
1986-03-24,0.0,0.0,0.0,0.0,0.0
1986-03-25,0.0,0.0,0.0,0.0,0.0
1986-03-26,0.0,0.0,0.0,0.0,0.0
1986-03-27,0.0,0.0,0.0,0.0,0.0
1986-03-28,0.0,0.0,0.0,0.0,0.0
1986-03-29,0.0,0.0,0.0,0.0,0.0
1986-03-30,0.0,0.0,0.0,0.0,0.0
1986-03-31,0.0,0.0,0.0,0.0,0.0
1986-04-01,0.0,0.0,0.0,0.0,0.0
1986-04-02,0.0,0.0,0.0,0.0,0.0
1986-04-03,0.0,0.0,0.0,0.0,0.0
1986-04-04,0.0,0.0,0.0,0.0,0.0
1986-04-05,0.0,0.0,0.0,0.0,0.0
1986-04-06,0.0,0.0,0.0,0.0,0.0
1986-04-07,0.0,0.0,0.0,0.0,0.0
1986-04-08,0.0,0.0,0.0,0.0,0.0
1986-04-09,0.0,0.0,0.0,0.0,0.0
1986-04-10,0.0,0.0,0.0,0.0,0.0
1986-04-11,0.0,0.0,0.0,0.0,0.0
1986-04-12,0.0,0.0,0.0,0.0,0.0
1986-04-13,0.0,0.0,0.0,0.0,0.0
1986-04-14,0.0,0.0,0.0,0.0,0.0
1986-04-15,0.0,0.0,0.0,0.0,0.0
1986-04-16,0.0,0.0,0.0,0.0,0.0
1986-04-17,0.0,0.0,0.0,0.0,0.0
1986-04-18,0.0,0.0,0.0,0.0,0.0
1986-04-19,0.0,0.0,0.0,0.0,0.0
1986-04-20,0.0,0.0,0.0,0.0,0.0
1986-04-21,0.0,0.0,0.0,0.0,0.0
1986-04-22,0.0,0.0,0.0,0.0,0.0
1986-04-23,0.0,0.0,0.0,0.0,0.0
1986-04-24,0.0,0.0,0.0,0.0,0.0
1986-04-25,0.0,0.0,0.0,0.0,0.0
1986-04-26,0.0,0.0,0.0,0.0,0.0
1986-04-27,0.0,0.0,0.0,0.0,0.0
1986-04-28,0.0,0.0,0.0,0.0,0.0
1986-04-29,0.0,0.0,0.0,0.0,0.0
1986-04-30,0.0,0.0,0.0,0.0,0.0
1986-05-01,0.0,0.0,0.0,0.0,0.0
1986-05-02,0.0,0.0,0.0,0.0,0.0
1986-05-03,0.0,0.0,0.0,0.0,0.0
1986-05-04,0.0,0.0,0.0,0.0,0.0
1986-05-05,0.0,0.0,0.0,0.0,0.0
1986-05-06,0.0,0.0,0.0,0.0,0.0
1986-05-07,0.0,0.0,0.0,0.0,0.0
1986-05-08,0.0,0.0,0.0,0.0,0.0
1986-05-09,0.0,0.0,0.0,0.0,0.0
1986-05-10,0.0,0.0,0.0,0.0,0.0
1986-05-11,0.0,0.0,0.0,0.0,0.0
1986-05-12,0.0,0.0,0.0,0.0,0.0
1986-05-13,0.0,0.0,0.0,0.0,0.0
1986-05-14,0.0,0.0,0.0,0.0,0.0
1986-05-15,0.0,0.0,0.0,0.0,0.0
1986-05-16,0.0,0.0,0.0,0.0,0.0
1986-05-17,0.0,0.0,0.0,0.0,0.0
1986-05-18,0.0,0.0,0.0,0.0,0.0
1986-05-19,0.0,0.0,0.0,0.0,0.0
1986-05-20,0.9138,0.0,0.0,0.0,0.2284
1986-05-21,0.0,0.0,0.0,0.0,0.0
1986-05-22,0.0,0.0,0.0,0.0,0.0
1986-05-23,0.0,0.0,0.0,0.0,0.0
1986-05-24,0.0,0.0,0.0,0.0,0.0
1986-05-25,0.0,0.0,0.0,0.0,0.0
1986-05-26,0.0,0.0,0.0,0.0,0.0
1986-05-27,0.0,0.0,0.0,0.0,0.0
1986-05-28,0.0,0.0,0.0,0.0,0.0
1986-05-29,0.0,0.0,0.0,0.0,0.0
1986-05-30,0.0,0.0,0.0,0.0,0.0
1986-05-31,0.0,0.1345,0.0,0.0,0.0336
1986-06-01,4.6451,0.0,0.0,0.5854,1.3076
1986-06-02,10.8911,11.1358,0.2467,14.9826,9.314
1986-06-03,17.362,0.0,0.0,0.0,4.3405
1986-06-04,0.0,0.0,0.2998,0.0,0.075
1986-06-05,0.0,0.4306,0.0,15.0005,3.8578
1986-06-06,0.7615,0.2543,0.0,2.8802,0.974
1986-06-07,7.5271,9.6613,1.7192,28.2094,11.7793
1986-06-08,0.0,0.0,0.0,0.0,0.0
1986-06-09,0.2239,0.1384,0.0,0.0,0.0906
1986-06-10,0.3101,0.0,0.1002,0.0,0.1026
1986-06-11,0.0,0.0,0.0,2.644,0.661
1986-06-12,0.2,0.0,0.0,0.0,0.05
1986-06-13,31.9826,0.4459,0.0,0.0,8.1071
1986-06-14,52.5828,5.3589,15.9368,0.6595,18.6345
1986-06-15,12.7757,17.6339,3.9936,35.7762,17.5449
1986-06-16,0.2284,1.1061,23.1601,3.9665,7.1153
1986-06-17,16.867,61.2276,18.7879,41.8578,34.6851
1986-06-18,24.944,64.9547,95.8155,30.4338,54.037
1986-06-19,62.8917,90.5249,51.2109,49.4077,63.5088
1986-06-20,62.4196,91.3049,98.6497,89.156,85.3826
1986-06-21,101.8366,137.5602,111.3658,70.3394,105.2755
1986-06-22,76.6519,98.1288,38.1203,94.75,76.9128
1986-06-23,15.9682,53.3501,18.5281,77.5208,41.3418
1986-06-24,10.0063,12.9045,10.1375,38.1861,17.8086
1986-06-25,5.5744,6.887,1.5263,7.4372,5.3562
1986-06-26,1.9945,8.7381,14.8926,11.0224,9.1619
1986-06-27,10.1468,18.4687,10.7422,25.9089,16.3166
1986-06-28,16.0477,6.5965,13.026,27.5865,15.8142
1986-06-29,4.4282,19.6189,2.7068,23.1374,12.4728
1986-06-30,7.0678,1.1605,5.2766,10.6175,6.0306
1986-07-01,1.654,10.4029,3.3045,10.0074,6.3422
1986-07-02,6.8175,36.7089,4.1249,22.9145,17.6415
1986-07-03,1.0138,0.0,7.6408,0.0,2.1637
1986-07-04,0.7239,0.2883,1.5605,0.0,0.6432
1986-07-05,0.8724,0.5766,9.2318,0.1644,2.7113
1986-07-06,7.2109,26.6596,7.1215,7.1728,12.0412
1986-07-07,3.9991,7.4227,3.4506,9.813,6.1714
1986-07-08,0.944,7.0876,4.4281,7.4948,4.9886
1986-07-09,2.1109,1.0371,0.5122,5.288,2.237
1986-07-10,1.2733,3.0376,2.0111,0.0,1.5805
1986-07-11,0.0,1.2289,0.0,0.0,0.3072
1986-07-12,0.0,0.1153,0.8993,0.8813,0.474
1986-07-13,0.4284,1.218,2.7134,73.6142,19.4935
1986-07-14,0.2862,27.9597,11.9335,13.2037,13.3458
1986-07-15,5.1521,54.1678,43.3056,83.6151,46.5601
1986-07-16,26.4616,100.0947,58.1468,101.7101,71.6033
1986-07-17,25.9026,13.4668,80.2711,38.8365,39.6193
1986-07-18,31.2318,114.256,67.4106,53.5066,66.6012
1986-07-19,25.1796,97.7128,14.59,49.1532,46.6589
1986-07-20,13.5431,36.4035,16.0332,48.5584,28.6346
1986-07-21,5.4917,9.1144,2.5574,16.4139,8.3943
1986-07-22,3.9744,3.6783,1.0872,6.3141,3.7635
1986-07-23,3.8092,6.539,3.1417,7.44,5.2325
1986-07-24,3.8037,2.6928,4.9109,5.1445,4.138
1986-07-25,0.1523,0.5378,2.0818,9.7252,3.1243
1986-07-26,0.4716,4.3754,3.951,4.8493,3.4118
1986-07-27,0.2385,21.4794,5.0775,6.4277,8.3058
1986-07-28,7.3781,8.7088,8.7839,1.1748,6.5114
1986-07-29,17.9698,4.4708,8.9893,13.6541,11.271
1986-07-30,0.0,0.6379,5.6633,5.2118,2.8782
1986-07-31,1.5376,4.9843,4.391,5.2984,4.0528
1986-08-01,0.0,14.6963,4.63,1.1772,5.1259
1986-08-02,0.3284,9.1501,6.2474,0.9298,4.1639
1986-08-03,6.6788,4.0706,3.9474,7.6651,5.5905
1986-08-04,9.6265,24.8415,7.5144,4.8726,11.7138
1986-08-05,0.8293,15.5197,28.2287,7.7749,13.0882
1986-08-06,31.518,57.4915,3.8667,27.1676,30.011
1986-08-07,21.474,12.7612,224.4879,78.0407,84.191
1986-08-08,144.3939,167.752,99.293,85.2814,124.1801
1986-08-09,51.7665,87.2721,36.2132,57.5139,58.1914
1986-08-10,19.6037,31.4463,13.8911,47.2609,28.0505
1986-08-11,5.4713,19.7297,74.562,46.8352,36.6496
1986-08-12,83.2578,84.6279,39.3345,67.5004,68.6801
1986-08-13,14.9158,22.7615,8.1249,39.2456,21.2619
1986-08-14,0.867,3.426,0.7547,11.088,4.0339
1986-08-15,1.8661,9.1883,4.1322,4.8817,5.0171
1986-08-16,2.7155,8.182,9.0053,5.8952,6.4495
1986-08-17,3.3138,10.1891,2.8275,62.5453,19.7189
1986-08-18,4.9597,2.3625,4.3919,18.2782,7.4981
1986-08-19,11.2882,9.1612,4.0496,6.2959,7.6987
1986-08-20,0.5239,4.4625,5.3158,7.321,4.4058
1986-08-21,1.967,11.1925,1.0525,12.5501,6.6905
1986-08-22,1.4945,1.0457,1.7509,2.0629,1.5885
1986-08-23,0.0,0.5217,7.6195,0.2109,2.088
1986-08-24,0.0,0.0,0.347,1.7627,0.5274
1986-08-25,0.1193,0.0,0.0,0.0,0.0298
1986-08-26,0.0,0.0,2.256,0.0,0.564
1986-08-27,0.0,3.0337,12.7528,5.4177,5.3011
1986-08-28,0.6761,6.5955,7.2879,0.306,3.7164
1986-08-29,5.5606,2.2268,7.9991,4.4098,5.0491
1986-08-30,2.2604,0.1224,7.724,0.0,2.5267
1986-08-31,8.1597,0.1844,10.4133,0.0,4.6894
1986-09-01,3.2862,0.0,0.3238,0.0,0.9025
1986-09-02,0.533,0.0,0.0,0.0,0.1333
1986-09-03,0.6092,0.3268,1.2144,0.0,0.5376
1986-09-04,0.5247,5.3765,3.2853,1.8165,2.7508
1986-09-05,2.8989,9.7151,1.0399,0.0,3.4135
1986-09-06,0.0,3.1298,5.3086,0.0,2.1096
1986-09-07,9.3735,1.0369,10.4128,0.0,5.2058
1986-09-08,7.7296,1.3904,0.5113,4.4066,3.5095
1986-09-09,0.0,5.5679,0.0,0.0,1.392
1986-09-10,0.0,0.0,0.0,0.0,0.0
1986-09-11,0.0,0.0,0.0,0.0,0.0
1986-09-12,0.0,0.0,0.0,0.0,0.0
1986-09-13,0.0,0.0,0.0,0.0,0.0
1986-09-14,0.0,0.0,2.3982,0.0,0.5996
1986-09-15,3.277,0.0,0.717,0.0,0.9985
1986-09-16,0.0,0.9611,0.907,0.0,0.467
1986-09-17,0.2284,1.92,2.3982,0.9043,1.3627
1986-09-18,0.0,1.0212,1.0646,0.0,0.5214
1986-09-19,0.0,0.0,0.0,0.0,0.0
1986-09-20,24.8246,0.0,0.0,0.0,6.2062
1986-09-21,0.533,0.0,5.9954,0.5362,1.7662
1986-09-22,24.4749,6.7022,8.5983,12.8468,13.1556
1986-09-23,2.8448,0.3107,0.5011,15.6213,4.8195
1986-09-24,3.5698,23.2232,0.0,0.0,6.6982
1986-09-25,0.0,0.0,0.0,0.0,0.0
1986-09-26,0.0,0.0,0.0,0.0,0.0
1986-09-27,0.0,0.0,0.0,0.0,0.0
1986-09-28,0.0,0.0,0.0,0.0,0.0
1986-09-29,0.0,0.0,0.0,0.0,0.0
1986-09-30,0.0,0.0,0.0,0.0,0.0
1986-10-01,0.0,0.0,0.0,0.0,0.0
1986-10-02,0.0,0.0,0.0,0.0,0.0
1986-10-03,0.0,0.2307,0.3098,0.0,0.1351
1986-10-04,0.1523,0.0,0.0,8.8133,2.2414
1986-10-05,0.0,0.0,0.0,0.0,0.0
1986-10-06,0.0,0.0,0.0,0.0,0.0
1986-10-07,0.0,0.0,0.0,0.0,0.0
1986-10-08,0.0,0.0,0.0,0.0,0.0
1986-10-09,0.0,0.0,0.0,0.0,0.0
1986-10-10,0.0,0.0,0.0,0.0,0.0
1986-10-11,0.0,0.0,0.0,0.0,0.0
1986-10-12,0.0,0.0,0.0,0.0,0.0
1986-10-13,0.0,0.0,0.0,0.0,0.0
1986-10-14,0.0,0.0,0.0,0.0,0.0
1986-10-15,0.0,0.0,0.0,0.0,0.0
1986-10-16,0.0,0.0,0.0,0.0,0.0
1986-10-17,0.0,0.0,0.0,0.0,0.0
1986-10-18,0.0,0.0,0.0,0.0,0.0
1986-10-19,0.0,0.0,0.0,0.0,0.0
1986-10-20,0.0,0.0,0.0,0.0,0.0
1986-10-21,0.0,0.0,0.0,0.0,0.0
1986-10-22,0.0,0.0,0.0,0.0,0.0
1986-10-23,0.0,0.0,0.0,0.0,0.0
1986-10-24,0.0,0.0,0.0,0.0,0.0
1986-10-25,0.0,0.0,0.0,0.0,0.0
1986-10-26,0.0,0.0,0.0,0.0,0.0
1986-10-27,0.0,0.0,0.0,0.0,0.0
1986-10-28,0.0,0.0,0.0,0.0,0.0
1986-10-29,0.0,0.0,0.0,0.0,0.0
1986-10-30,0.0,0.0,0.0,0.0,0.0
1986-10-31,0.0,0.0,0.0,0.0,0.0
1986-11-01,0.0,0.0,0.0,0.0,0.0
1986-11-02,0.0,0.0,0.0,0.0,0.0
1986-11-03,0.0,0.0,0.0,0.0,0.0
1986-11-04,0.0,0.0,0.5886,63.5763,16.0412
1986-11-05,1.7173,0.0,9.5294,57.3622,17.1522
1986-11-06,21.4674,24.5755,0.9377,0.0,11.7452
1986-11-07,0.0,0.96,0.0,0.0,0.24
1986-11-08,0.0,0.0,0.0,0.0,0.0
1986-11-09,0.0,0.0,0.0,0.0,0.0
1986-11-10,0.0,0.0,0.0,0.0,0.0
1986-11-11,0.0,0.0,0.0,0.0,0.0
1986-11-12,0.0,0.0,0.0,0.0,0.0
1986-11-13,0.0,0.0,0.0,0.0,0.0
1986-11-14,0.0,0.0,0.0,0.0,0.0
1986-11-15,0.0,0.0,0.0,0.0,0.0
1986-11-16,0.0,0.0,0.0,0.0,0.0
1986-11-17,0.0,0.0,0.0,0.0,0.0
1986-11-18,0.0,0.0,0.0,0.0,0.0
1986-11-19,0.0,0.0,0.0,0.0,0.0
1986-11-20,0.0,0.0,0.0,0.0,0.0
1986-11-21,0.0,0.0,0.0,0.0,0.0
1986-11-22,0.0,0.0,0.0,0.0,0.0
1986-11-23,0.0,0.0,0.0,0.0,0.0
1986-11-24,0.0,0.0,0.0,0.0,0.0
1986-11-25,0.0,0.0,0.0,0.0,0.0
1986-11-26,0.0,0.0,0.0,0.0,0.0
1986-11-27,0.0,0.0,0.0,0.0,0.0
1986-11-28,0.0,0.0,0.0,0.0,0.0
1986-11-29,0.0,0.0,0.0,0.0,0.0
1986-11-30,0.0,0.0,0.0,0.0,0.0
1986-12-01,0.0,0.0,0.0,0.0,0.0
1986-12-02,0.0,0.0,0.0,0.0,0.0
1986-12-03,0.0,0.0,0.0,0.0,0.0
1986-12-04,0.0,0.0,0.0,0.0,0.0
1986-12-05,0.0,0.0,0.0,0.0,0.0
1986-12-06,0.0,0.0,0.0,0.0,0.0
1986-12-07,0.0,0.0,0.0,0.0,0.0
1986-12-08,0.0,0.0,0.0,0.0,0.0
1986-12-09,0.0,0.0,0.0,0.0,0.0
1986-12-10,0.0,0.0,0.0,0.0,0.0
1986-12-11,0.0,0.0,0.0,0.0,0.0
1986-12-12,0.0,0.0,0.0,0.0,0.0
1986-12-13,0.0,0.0,0.0,0.0,0.0
1986-12-14,0.0,0.0,0.0,0.0,0.0
1986-12-15,0.0,0.0,0.0,0.0,0.0
1986-12-16,0.0,0.0,0.0,0.0,0.0
1986-12-17,0.0,0.0,0.0,0.0,0.0
1986-12-18,0.0,0.0,0.0,0.0,0.0
1986-12-19,0.0,0.0,0.0,0.0,0.0
1986-12-20,0.0,0.0,0.0,0.0,0.0
1986-12-21,0.0,0.0,0.0,0.0,0.0
1986-12-22,0.0,0.0,0.0,0.0,0.0
1986-12-23,0.0,0.0,0.0,0.0,0.0
1986-12-24,0.0,0.0,0.0,0.0,0.0
1986-12-25,0.0,0.0,11.001,0.0,2.7502
1986-12-26,0.0,0.0,14.4098,0.0,3.6025
1986-12-27,2.4193,0.0,0.6927,0.0,0.778
1986-12-28,0.3807,0.0,0.0,0.0,0.0952
1986-12-29,0.0,0.0,0.0,0.0,0.0
1986-12-30,0.0,0.0,0.0,0.0,0.0
1986-12-31,0.0,0.0,0.0,0.0,0.0
1988-01-01,0.0,0.0,0.0,0.0,0.0
1988-01-02,0.0,0.0,0.0,0.0,0.0
1988-01-03,0.0,0.0,0.0,0.0,0.0
1988-01-04,0.0,0.0,0.0,0.0,0.0
1988-01-05,0.0,0.0,0.0,0.0,0.0
1988-01-06,0.0,0.0,0.0,0.0,0.0
1988-01-07,0.0,0.0,0.0,0.0,0.0
1988-01-08,0.0,0.0,0.0,0.0,0.0
1988-01-09,0.0,0.0,0.0,0.0,0.0
1988-01-10,0.0,0.0,0.0,0.0,0.0
1988-01-11,0.0,0.0,0.0,0.0,0.0
1988-01-12,0.0,0.0,0.0,0.0,0.0
1988-01-13,0.0,0.0,0.0,0.0,0.0
1988-01-14,0.0,0.0,0.0,0.0,0.0
1988-01-15,0.0,0.0,0.0,0.0,0.0
1988-01-16,0.0,0.0,0.0,0.0,0.0
1988-01-17,0.0,0.0,0.0,0.0,0.0
1988-01-18,0.0,0.0,0.0,0.0,0.0
1988-01-19,0.0,0.0,0.0,0.0,0.0
1988-01-20,0.0,0.0,0.0,0.0,0.0
1988-01-21,0.0,0.0,0.0,0.0,0.0
1988-01-22,0.0,0.0,0.0,0.0,0.0
1988-01-23,0.0,0.0,0.0,0.0,0.0
1988-01-24,0.0,0.0,0.0,0.0,0.0
1988-01-25,0.0,0.0,0.0,0.0,0.0
1988-01-26,0.0,0.0,0.0,0.0,0.0
1988-01-27,0.0,0.0,0.0,0.0,0.0
1988-01-28,0.0,0.0,0.0,0.0,0.0
1988-01-29,0.0,0.0,0.0,0.0,0.0
1988-01-30,0.0,0.0,0.0,0.0,0.0
1988-01-31,0.0,0.0,0.0,0.0,0.0
1988-02-01,0.0,0.0,0.0,0.0,0.0
1988-02-02,0.0,0.0,0.0,0.0,0.0
1988-02-03,0.0,0.0,0.0,0.0,0.0
1988-02-04,0.0,0.0,0.0,0.0,0.0
1988-02-05,0.0,0.0,0.0,0.0,0.0
1988-02-06,0.0,0.0,0.0,0.0,0.0
1988-02-07,0.0,0.0,0.0,0.0,0.0
1988-02-08,0.0,0.0,0.0,0.0,0.0
1988-02-09,0.0,0.0,0.0,0.0,0.0
1988-02-10,0.0,0.0,0.0,0.0,0.0
1988-02-11,0.0,0.0,0.0,0.0,0.0
1988-02-12,0.0,0.0,0.0,0.0,0.0
1988-02-13,0.0,0.0,0.0,0.0,0.0
1988-02-14,0.0,0.0,0.0,0.0,0.0
1988-02-15,0.0,0.0,0.0,0.0,0.0
1988-02-16,0.0,0.0,0.0,0.0,0.0
1988-02-17,0.0,0.0,0.0,0.0,0.0
1988-02-18,0.0,0.0,0.0,0.0,0.0
1988-02-19,0.0,0.0,0.0,0.0,0.0
1988-02-20,0.0,0.0,0.0,0.0,0.0
1988-02-21,0.0,0.0,0.0,0.0,0.0
1988-02-22,0.0,0.0,0.0,0.0,0.0
1988-02-23,0.0,0.0,0.0,0.0,0.0
1988-02-24,0.0,0.0,0.0,0.0,0.0
1988-02-25,0.0,0.0,0.0,0.0,0.0
1988-02-26,0.0,0.0,0.0,0.0,0.0
1988-02-27,0.0,0.0,0.0,0.0,0.0
1988-02-28,0.0,0.0,0.0,0.0,0.0
1988-02-29,0.0,0.0,0.0,0.0,0.0
1988-03-01,0.0,0.0,0.0,0.0,0.0
1988-03-02,0.0,0.0,0.0,0.0,0.0
1988-03-03,0.0,0.0,0.0,0.0,0.0
1988-03-04,0.0,0.0,0.0,0.0,0.0
1988-03-05,0.0,0.0,0.0,0.0,0.0
1988-03-06,0.0,0.0,0.0,0.0,0.0
1988-03-07,0.0,0.0,0.0,0.0,0.0
1988-03-08,0.0,0.0,0.0,0.0,0.0
1988-03-09,0.0,0.0,0.0,0.0,0.0
1988-03-10,0.0,0.0,0.0,0.0,0.0
1988-03-11,0.0,0.0,0.0,0.0,0.0
1988-03-12,0.0,0.0,0.0,0.0,0.0
1988-03-13,0.0,0.0,0.0,0.0,0.0
1988-03-14,0.0,0.0,0.0,0.0,0.0
1988-03-15,0.0,0.0,0.0,0.0,0.0
1988-03-16,0.0,0.0,0.0,0.0,0.0
1988-03-17,0.0,0.0,0.0,0.0,0.0
1988-03-18,0.0,0.0,0.0,0.0,0.0
1988-03-19,0.0,0.0,0.0,0.0,0.0
1988-03-20,0.0,0.0,0.0,0.0,0.0
1988-03-21,0.0,0.0,0.0,0.0,0.0
1988-03-22,0.0,0.0,0.0,0.0,0.0
1988-03-23,0.0,0.0,0.0,0.0,0.0
1988-03-24,0.0,0.0,0.0,0.0,0.0
1988-03-25,0.0,0.0,0.0,0.0,0.0
1988-03-26,0.0,0.0,0.0,0.0,0.0
1988-03-27,0.0,0.0,0.0,0.0,0.0
1988-03-28,0.0,0.0,0.0,0.0,0.0
1988-03-29,0.0,0.0,0.0,0.0,0.0
1988-03-30,0.0,0.0,0.0,0.0,0.0
1988-03-31,0.0,0.0,0.0,0.0,0.0
1988-04-01,0.0,0.0,0.0,0.0,0.0
1988-04-02,0.0,0.0,0.0,0.0,0.0
1988-04-03,0.0,0.0,0.0,0.0,0.0
1988-04-04,0.0,0.0,0.0,0.0,0.0
1988-04-05,0.0,0.0,0.0,0.0,0.0
1988-04-06,0.0,0.0,0.0,0.0,0.0
1988-04-07,0.0,0.0,0.0,0.0,0.0
1988-04-08,0.0,0.0,0.0,0.0,0.0
1988-04-09,0.0,0.0,0.0,0.0,0.0
1988-04-10,0.0,0.0,0.0,0.0,0.0
1988-04-11,0.0,0.0,0.0,0.0,0.0
1988-04-12,0.0,0.0,0.0,0.0,0.0
1988-04-13,0.0,0.0,0.0,0.0,0.0
1988-04-14,0.0,0.0,0.0,0.0,0.0
1988-04-15,0.0,0.0,0.0,0.0,0.0
1988-04-16,0.0,0.0,0.0,0.0,0.0
1988-04-17,0.0,0.0,0.0,0.0,0.0
1988-04-18,0.0,0.0,0.0,0.0,0.0
1988-04-19,0.0,0.0,0.0,0.0,0.0
1988-04-20,0.0,0.0,0.0,0.0,0.0
1988-04-21,0.0,0.0,0.0,0.0,0.0
1988-04-22,0.0,0.0,0.0,0.0,0.0
1988-04-23,0.0,0.0,0.0,0.0,0.0
1988-04-24,0.0,0.0,0.0,1.0411,0.2603
1988-04-25,0.0,0.0,0.0,0.0,0.0
1988-04-26,0.0,0.0,0.0,0.0,0.0
1988-04-27,0.0,0.0,0.0,0.0,0.0
1988-04-28,0.0,0.0,0.0,0.0,0.0
1988-04-29,0.0,0.0,0.0,0.0,0.0
1988-04-30,0.0,0.0,0.0,0.0,0.0
1988-05-01,0.0,0.0,0.0,0.0,0.0
1988-05-02,0.0,0.0,0.0,0.0,0.0
1988-05-03,0.0,0.0,0.0,0.0,0.0
1988-05-04,0.0,0.0,0.0,0.0,0.0
1988-05-05,0.0,0.0,0.0,0.0,0.0
1988-05-06,0.0,0.0,0.0,0.0,0.0
1988-05-07,0.0,0.0,0.0,0.0,0.0
1988-05-08,0.0,0.0,0.0,0.0,0.0
1988-05-09,0.0,0.0,0.0,0.0,0.0
1988-05-10,0.0,0.0,0.0,0.0,0.0
1988-05-11,0.0,0.0,0.0,0.0,0.0
1988-05-12,0.0,0.0,0.0,0.0,0.0
1988-05-13,0.0,0.0,0.0,0.0,0.0
1988-05-14,0.0,0.0,0.0,0.0,0.0
1988-05-15,0.0,0.0,0.0,0.0,0.0
1988-05-16,0.0,0.0,0.0,0.0,0.0
1988-05-17,0.0,0.0,0.0,0.0,0.0
1988-05-18,0.0,0.0,0.0,0.0,0.0
1988-05-19,0.0,0.0,0.0,0.0,0.0
1988-05-20,0.0,0.0,0.0,0.0,0.0
1988-05-21,0.0,0.0,0.0,0.0,0.0
1988-05-22,0.0,0.0,0.0,0.0,0.0
1988-05-23,0.0,0.0,0.0,0.0,0.0
1988-05-24,0.0,0.0,0.0,0.0,0.0
1988-05-25,0.0,0.0,0.0,0.0,0.0
1988-05-26,0.0,0.0,0.0,0.0,0.0
1988-05-27,0.0,0.0,0.0,0.0,0.0
1988-05-28,0.0,0.0,0.0,0.0,0.0
1988-05-29,0.0,0.0,0.0,0.0,0.0
1988-05-30,0.0,0.0,0.0,0.0,0.0
1988-05-31,0.0,0.0,0.0,0.0,0.0
1988-06-01,0.0,0.0,0.0,0.0,0.0
1988-06-02,0.0,0.0,0.0,2.644,0.661
1988-06-03,0.2385,0.0,0.0,0.0,0.0596
1988-06-04,0.0,0.0,0.0,0.0,0.0
1988-06-05,0.0,0.0,0.0,0.0,0.0
1988-06-06,0.0,0.0,0.0,0.0,0.0
1988-06-07,0.0,0.0,0.0,0.0,0.0
1988-06-08,0.0,0.1455,0.9069,0.1951,0.3119
1988-06-09,4.5523,10.1758,0.3392,0.9635,4.0077
1988-06-10,0.0,0.0,0.0,0.0,0.0
1988-06-11,0.0,0.0,0.0,2.7416,0.6854
1988-06-12,0.4569,0.5037,1.8222,29.3677,8.0376
1988-06-13,4.1448,17.3816,21.7491,24.3316,16.9018
1988-06-14,9.0426,16.183,58.7618,19.3272,25.8287
1988-06-15,91.634,55.6076,70.6159,62.8606,70.1795
1988-06-16,81.0761,147.8005,17.1009,9.1709,63.7871
1988-06-17,4.1345,2.9763,24.0772,9.9713,10.2898
1988-06-18,74.3608,37.8522,13.3838,11.7033,34.325
1988-06-19,12.4872,3.3291,5.5275,3.1107,6.1136
1988-06-20,0.0,1.8733,1.8632,0.0,0.9341
1988-06-21,3.2678,2.673,7.0113,7.0698,5.0055
1988-06-22,0.4055,1.0027,6.1889,30.9529,9.6375
1988-06-23,23.9241,38.6979,2.2832,32.016,24.2303
1988-06-24,3.0578,79.8589,9.2684,0.263,23.112
1988-06-25,12.0204,0.774,26.7082,3.1736,10.6691
1988-06-26,17.2188,11.9839,14.7225,3.2207,11.7865
1988-06-27,24.695,2.9857,12.207,6.1241,11.503
1988-06-28,8.6383,7.4456,7.4779,14.4728,9.5086
1988-06-29,2.2578,14.9976,5.9904,14.156,9.3505
1988-06-30,5.0532,12.0958,2.1117,12.5181,7.9447
1988-07-01,9.5186,1.795,2.5786,0.0,3.473
1988-07-02,7.0673,0.3673,3.8973,0.0,2.833
1988-07-03,14.7425,5.3534,31.7673,8.5555,15.1047
1988-07-04,39.3081,12.5215,55.2177,50.1897,39.3093
1988-07-05,23.4247,67.6153,17.8625,66.3807,43.8208
1988-07-06,16.4849,29.4984,4.1639,16.4142,16.6403
1988-07-07,10.9158,26.5329,41.9675,57.852,34.3171
1988-07-08,44.7952,14.8798,17.2512,47.1856,31.0279
1988-07-09,12.7523,25.4729,0.9714,0.1795,9.844
1988-07-10,0.8376,0.0,1.3816,0.0,0.5548
1988-07-11,4.3037,0.2765,0.3585,0.9789,1.4794
1988-07-12,0.5477,7.2709,28.3254,68.9851,26.2823
1988-07-13,77.6691,72.7369,65.4153,99.4697,78.8227
1988-07-14,65.1672,105.0506,118.4928,167.5354,114.0615
1988-07-15,20.0162,45.3462,68.2863,241.5394,93.797
1988-07-16,74.8811,133.4807,141.9137,241.4629,147.9346
1988-07-17,100.6193,215.4523,48.9245,119.0859,121.0205
1988-07-18,72.023,95.825,108.743,93.2263,92.4543
1988-07-19,64.4962,129.0837,73.4427,121.2834,97.0765
1988-07-20,42.4199,49.9006,19.3133,18.8569,32.6227
1988-07-21,7.0348,19.1928,4.0862,3.2322,8.3865
1988-07-22,10.3964,31.3843,102.6193,66.2397,52.6599
1988-07-23,48.4462,51.2246,132.1144,68.0528,74.9595
1988-07-24,59.4123,59.9348,34.2073,30.2635,45.9545
1988-07-25,21.3488,26.9273,13.3206,60.7327,30.5823
1988-07-26,8.5357,38.1027,32.8638,36.3108,28.9532
1988-07-27,27.9893,28.5135,20.7077,46.7103,30.9802
1988-07-28,10.4118,53.3657,9.8599,23.4192,24.2642
1988-07-29,9.442,41.3643,11.6454,10.6812,18.2832
1988-07-30,18.1838,16.1322,4.7537,6.922,11.4979
1988-07-31,3.9475,12.5752,17.6557,24.2433,14.6054
1988-08-01,8.5845,13.816,23.7804,38.4082,21.1473
1988-08-02,14.8989,42.7952,6.7232,15.3845,19.9505
1988-08-03,2.7239,16.4676,4.1302,4.8144,7.034
1988-08-04,1.3532,3.9141,9.7058,10.2196,6.2982
1988-08-05,2.1302,12.6912,2.5624,6.1693,5.8883
1988-08-06,1.4816,6.0337,0.3816,2.2865,2.5458
1988-08-07,0.1431,5.4255,1.5451,12.6244,4.9345
1988-08-08,2.5632,1.9314,2.225,3.7435,2.6158
1988-08-09,1.5991,5.8824,13.2371,15.0752,8.9484
1988-08-10,3.4888,13.6095,24.6812,47.5402,22.3299
1988-08-11,9.4109,30.5547,6.668,31.1702,19.4509
1988-08-12,13.9796,31.57,3.7279,19.2332,17.1277
1988-08-13,7.2457,1.5278,1.1136,2.6456,3.1332
1988-08-14,3.5273,2.3828,7.3659,3.5275,4.2009
1988-08-15,0.5578,0.1118,0.8978,5.152,1.6799
1988-08-16,4.6834,3.7366,1.5863,2.6484,3.1637
1988-08-17,1.854,8.4465,1.6095,13.7205,6.4076
1988-08-18,2.7081,4.0087,6.4365,27.562,10.1788
1988-08-19,16.2635,95.8933,34.2873,21.0823,41.8816
1988-08-20,70.4052,12.2831,48.0769,19.4925,37.5644
1988-08-21,17.7013,117.4557,11.0001,18.9491,41.2766
1988-08-22,8.2388,21.1235,8.0048,17.3757,13.6857
1988-08-23,10.0208,53.4683,23.1761,15.2446,25.4775
1988-08-24,9.0713,18.7769,15.0034,29.1874,18.0098
1988-08-25,15.0597,47.5979,5.9907,10.1672,19.7039
1988-08-26,3.4584,14.7455,10.2054,4.4819,8.2228
1988-08-27,0.4055,0.584,0.1311,0.0,0.2802
1988-08-28,1.9945,5.5034,6.9487,14.155,7.1504
1988-08-29,15.0545,6.1689,25.7024,14.8259,15.4379
1988-08-30,30.6887,19.9281,11.3323,7.4747,17.3559
1988-08-31,26.2436,13.7877,11.891,5.9346,14.4642
1988-09-01,14.0184,5.6348,9.1577,5.3189,8.5324
1988-09-02,0.6569,7.3555,25.5175,0.2963,8.4566
1988-09-03,14.4501,6.4041,4.4934,0.3609,6.4271
1988-09-04,6.6013,7.2507,3.7874,6.5137,6.0383
1988-09-05,2.2184,0.96,3.4925,0.0,1.6677
1988-09-06,2.4845,6.8966,4.3947,11.3264,6.2755
1988-09-07,7.3606,25.1203,6.0665,11.5353,12.5207
1988-09-08,2.0963,8.3839,11.0536,6.3897,6.9809
1988-09-09,4.3365,6.7255,20.9258,4.4429,9.1077
1988-09-10,108.0047,32.5436,22.2009,26.8757,47.4062
1988-09-11,68.7873,72.354,9.1869,2.6419,38.2425
1988-09-12,5.475,1.8664,2.1472,0.0,2.3721
1988-09-13,0.0,5.5339,0.8847,0.0,1.6046
1988-09-14,0.3046,3.4366,3.2961,5.0018,3.0098
1988-09-15,2.0908,4.1175,11.1519,9.0681,6.6071
1988-09-16,4.4908,19.1805,156.4786,1.3134,45.3658
1988-09-17,10.8794,13.2049,10.7758,3.2641,9.5311
1988-09-18,17.3114,18.7973,23.7136,17.4019,19.306
1988-09-19,14.2757,9.1313,19.3338,10.503,13.311
1988-09-20,54.7141,74.8128,18.6405,0.6641,37.2079
1988-09-21,27.8224,11.2084,24.9421,5.5288,17.3754
1988-09-22,13.5617,6.0705,6.9392,2.0977,7.1673
1988-09-23,45.7384,9.3615,50.5843,29.1153,33.6999
1988-09-24,23.3201,59.2807,42.668,50.6944,43.9908
1988-09-25,12.1873,63.1176,19.9814,10.6739,26.4901
1988-09-26,64.6487,13.7965,27.6517,31.1285,34.3064
1988-09-27,3.4302,16.7588,20.005,12.743,13.2343
1988-09-28,124.3773,12.9599,150.4332,30.0074,79.4445
1988-09-29,125.9389,180.0683,17.7006,1.3747,81.2706
1988-09-30,1.6578,5.074,0.2159,0.1999,1.7869
1988-10-01,3.6552,0.0,0.0,0.2692,0.9811
1988-10-02,1.5422,0.2763,54.4574,17.5272,18.4508
1988-10-03,107.5477,34.3089,41.8579,13.5962,49.3277
1988-10-04,128.7685,10.8047,18.0965,0.1436,39.4533
1988-10-05,0.8247,0.0,0.1927,0.0,0.2544
1988-10-06,0.0,0.0,0.0,0.0,0.0
1988-10-07,0.0,0.0,0.0,0.0,0.0
1988-10-08,0.0,0.0,0.0,0.0,0.0
1988-10-09,0.0,0.0,0.0,0.0,0.0
1988-10-10,0.0,0.0,0.0,0.0,0.0
1988-10-11,0.0,0.0,0.0,0.0,0.0
1988-10-12,0.0,0.0,0.0,0.0,0.0
1988-10-13,0.0,0.0,0.0,0.0,0.0
1988-10-14,0.0,0.0,0.0,0.0,0.0
1988-10-15,0.0,0.0,0.0,0.0,0.0
1988-10-16,0.0,0.0,0.0,0.0,0.0
1988-10-17,0.0,0.0,0.0,0.0,0.0
1988-10-18,0.0,0.0,0.0,0.0,0.0
1988-10-19,0.0,0.0,0.0,0.0,0.0
1988-10-20,0.0,0.0,0.0,0.0,0.0
1988-10-21,0.0,0.0,0.0,0.0,0.0
1988-10-22,0.0,0.0,0.0,0.0,0.0
1988-10-23,0.0,0.0,0.0,0.0,0.0
1988-10-24,0.0,0.0,0.0,0.0,0.0
1988-10-25,0.0,0.0,0.0,0.0,0.0
1988-10-26,0.0,0.0,0.0,0.0,0.0
1988-10-27,0.0,0.0,0.0,0.0,0.0
1988-10-28,0.0,0.0,0.0,0.0,0.0
1988-10-29,0.0,0.0,0.0,0.0,0.0
1988-10-30,0.0,0.0,0.0,0.0,0.0
1988-10-31,0.0,0.0,0.0,0.0,0.0
1988-11-01,0.0,0.0,0.0,0.0,0.0
1988-11-02,0.0,0.0,0.0,0.0,0.0
1988-11-03,0.0,0.0,0.0,0.0,0.0
1988-11-04,0.0,0.0,0.0,0.0,0.0
1988-11-05,0.1523,0.0,0.0,0.0,0.0381
1988-11-06,0.0,0.0,0.0,0.0,0.0
1988-11-07,0.0,0.0,0.0,0.0,0.0
1988-11-08,0.0,0.0,0.0,0.0,0.0
1988-11-09,0.0,0.0,0.0,0.0,0.0
1988-11-10,0.0,0.0,0.0,0.0,0.0
1988-11-11,0.0,0.0,0.0,0.0,0.0
1988-11-12,0.0,0.0,0.0,0.0,0.0
1988-11-13,0.0,0.0,0.0,0.0,0.0
1988-11-14,0.0,0.0,0.0,0.0,0.0
1988-11-15,0.0,0.0,0.0,0.0,0.0
1988-11-16,0.0,0.0,0.0,0.0,0.0
1988-11-17,0.0,0.0,0.0,0.0,0.0
1988-11-18,0.0,0.0,0.0,0.0,0.0
1988-11-19,0.0,0.0,0.0,0.0,0.0
1988-11-20,0.0,0.0,0.0,0.0,0.0
1988-11-21,0.0,0.0,0.0,0.0,0.0
1988-11-22,0.0,0.0,0.0,0.0,0.0
1988-11-23,0.0,0.0,0.0,0.0,0.0
1988-11-24,0.0,0.0,0.0,0.0,0.0
1988-11-25,0.0,0.0,0.0,0.0,0.0
1988-11-26,0.0,0.0,0.0,0.0,0.0
1988-11-27,0.0,0.0,0.0,0.0,0.0
1988-11-28,0.0,0.0,0.0,0.0,0.0
1988-11-29,0.0,0.0,0.0,0.0,0.0
1988-11-30,0.0,0.0,0.0,0.0,0.0
1988-12-01,0.0,0.0,0.0,0.0,0.0
1988-12-02,0.0,0.0,0.0,0.0,0.0
1988-12-03,0.0,0.0,0.0,0.0,0.0
1988-12-04,0.0,0.0,0.0,0.0,0.0
1988-12-05,0.0,0.0,0.0,0.0,0.0
1988-12-06,0.0,0.0,0.0,0.0,0.0
1988-12-07,0.0,0.0,0.0,0.0,0.0
1988-12-08,0.0,0.0,0.0,0.0,0.0
1988-12-09,0.0,0.0,0.0,0.0,0.0
1988-12-10,0.0,0.0,0.0,0.0,0.0
1988-12-11,0.0,0.0,0.0,0.0,0.0
1988-12-12,0.0,0.0,0.0,0.0,0.0
1988-12-13,0.0,0.0,0.0,0.0,0.0
1988-12-14,0.0,0.0,0.0,0.0,0.0
1988-12-15,0.0,0.0,0.0,0.0,0.0
1988-12-16,0.0,0.0,0.0,0.0,0.0
1988-12-17,0.0,0.0,0.0,0.0,0.0
1988-12-18,0.0,0.0,0.0,0.0,0.0
1988-12-19,0.0,0.0,0.0,0.0,0.0
1988-12-20,0.0,0.0,0.0,0.0,0.0
1988-12-21,0.0,0.0,0.0,0.0,0.0
1988-12-22,0.0,0.0,0.0,0.0,0.0
1988-12-23,0.0,0.0,0.0,0.0,0.0
1988-12-24,0.0,0.0,0.0,0.0,0.0
1988-12-25,0.0,0.0,0.0,0.0,0.0
1988-12-26,0.0,0.0,0.0,0.0,0.0
1988-12-27,0.0,0.0,0.0,0.0,0.0
1988-12-28,0.0,0.0,0.0,0.0,0.0
1988-12-29,0.0,0.0,0.0,0.0,0.0
1988-12-30,0.0,0.0,0.0,0.0,0.0
1988-12-31,0.0,0.0,0.0,0.0,0.0
1989-01-01,0.0,0.0,0.0,0.0,0.0
1989-01-02,0.0,0.0,0.0,0.0,0.0
1989-01-03,0.0,0.0,0.0,0.0,0.0
1989-01-04,0.0,0.0,0.0,0.0,0.0
1989-01-05,0.0,0.0,0.0,0.0,0.0
1989-01-06,0.0,0.0,0.0,0.0,0.0
1989-01-07,0.0,0.0,0.0,0.0,0.0
1989-01-08,6.1359,1.92,0.7462,0.0,2.2005
1989-01-09,0.0,0.0,0.0,0.0,0.0
1989-01-10,0.0,0.0,0.0,0.0,0.0
1989-01-11,0.0,0.0,0.0,0.0,0.0
1989-01-12,0.0,0.0,0.0,0.0,0.0
1989-01-13,0.0,0.0,0.0,0.0,0.0
1989-01-14,0.0,0.0,0.0,0.0,0.0
1989-01-15,0.0,0.0,0.0,0.0,0.0
1989-01-16,0.0,0.0,0.0,0.0,0.0
1989-01-17,0.0,0.0,0.0,0.0,0.0
1989-01-18,0.0,0.0,0.0,0.0,0.0
1989-01-19,0.0,0.0,0.0,0.0,0.0
1989-01-20,0.0,0.0,0.0,0.0,0.0
1989-01-21,0.0,0.0,0.0,0.0,0.0
1989-01-22,0.0,0.0,0.0,0.0,0.0
1989-01-23,0.0,0.0,0.0,0.0,0.0
1989-01-24,0.0,0.0,0.0,0.0,0.0
1989-01-25,0.0,0.0,0.0,0.0,0.0
1989-01-26,0.0,0.0,0.0,0.0,0.0
1989-01-27,0.0,0.0,0.0,0.0,0.0
1989-01-28,0.0,0.0,0.0,0.0,0.0
1989-01-29,0.0,0.0,0.0,0.0,0.0
1989-01-30,0.0,0.0,0.0,0.0,0.0
1989-01-31,0.0,0.0,0.0,0.0,0.0
1989-02-01,0.0,0.0,0.0,0.0,0.0
1989-02-02,0.0,0.0,0.0,0.0,0.0
1989-02-03,0.0,0.0,0.0,0.0,0.0
1989-02-04,0.0,0.0,0.0,0.0,0.0
1989-02-05,0.0,0.0,0.0,0.0,0.0
1989-02-06,0.0,0.0,0.0,0.0,0.0
1989-02-07,0.0,0.0,0.0,0.0,0.0
1989-02-08,0.0,0.0,0.0,0.0,0.0
1989-02-09,0.0,0.0,0.0,0.0,0.0
1989-02-10,0.0,0.0,0.0,0.0,0.0
1989-02-11,0.0,0.0,0.0,0.0,0.0
1989-02-12,0.0,0.0,0.0,0.0,0.0
1989-02-13,0.0,0.0,0.0,0.0,0.0
1989-02-14,0.0,0.0,0.0,0.0,0.0
1989-02-15,0.0,0.0,0.0,0.0,0.0
1989-02-16,0.0,0.0,0.0,0.0,0.0
1989-02-17,0.0,0.0,0.0,0.0,0.0
1989-02-18,0.0,0.0,0.0,0.0,0.0
1989-02-19,0.0,0.0,0.0,0.0,0.0
1989-02-20,0.0,0.0,0.0,0.0,0.0
1989-02-21,0.0,0.0,0.0,0.0,0.0
1989-02-22,0.0,0.0,0.0,0.0,0.0
1989-02-23,0.0,0.0,0.0,0.0,0.0
1989-02-24,0.0,0.0,0.0,0.0,0.0
1989-02-25,0.0,0.0,0.0,0.0,0.0
1989-02-26,0.0,0.0,0.0,0.0,0.0
1989-02-27,0.0,0.0,0.0,0.0,0.0
1989-02-28,0.0,0.0,0.0,0.0,0.0
1989-03-01,0.0,0.0,0.0,0.0,0.0
1989-03-02,0.0,0.0,0.0,0.0,0.0
1989-03-03,0.0,0.0,0.0,0.0,0.0
1989-03-04,0.0,0.0,0.0,0.0,0.0
1989-03-05,0.0,0.0,0.0,0.0,0.0
1989-03-06,0.0,0.0,0.0,0.0,0.0
1989-03-07,0.0,0.0,0.0,0.0,0.0
1989-03-08,0.0,0.0,0.0,0.0,0.0
1989-03-09,0.0,0.0,0.0,0.0,0.0
1989-03-10,0.0,0.0,0.0,0.0,0.0
1989-03-11,0.0,0.0,0.0,0.0,0.0
1989-03-12,0.0,0.0,0.0,0.0,0.0
1989-03-13,0.0,0.0,0.0,0.0,0.0
1989-03-14,0.0,0.0,0.0,0.0,0.0
1989-03-15,0.0,0.0,0.0,0.0,0.0
1989-03-16,0.0,0.0,0.0,0.0,0.0
1989-03-17,0.0,0.0,0.0,0.0,0.0
1989-03-18,0.0,0.0,0.0,0.0,0.0
1989-03-19,0.0,0.0,0.0,0.0,0.0
1989-03-20,0.0,0.0,0.0,0.0,0.0
1989-03-21,0.0,0.0,0.0,0.0,0.0
1989-03-22,0.0,0.0,0.0,0.0,0.0
1989-03-23,0.0,0.0,0.0,0.0,0.0
1989-03-24,0.0,0.0,0.0,0.0,0.0
1989-03-25,0.0,0.0,0.0,0.0,0.0
1989-03-26,0.0,0.0,0.0,0.0,0.0
1989-03-27,0.0,0.0,0.0,0.0,0.0
1989-03-28,0.0,0.0,0.0,0.0,0.0
1989-03-29,0.0,0.0,0.0,0.0,0.0
1989-03-30,0.0,0.0,0.0,0.0,0.0
1989-03-31,0.0,0.0,0.0,0.0,0.0
1989-04-01,0.0,0.0,0.0,0.0,0.0
1989-04-02,0.0,0.0,0.0,0.0,0.0
1989-04-03,0.0,0.0,0.0,0.0,0.0
1989-04-04,0.0,0.0,0.0,0.0,0.0
1989-04-05,0.0,0.0,0.0,0.0,0.0
1989-04-06,0.0,0.0,0.0,0.0,0.0
1989-04-07,0.0,0.0,0.0,0.0,0.0
1989-04-08,0.0,0.0,0.0,0.0,0.0
1989-04-09,0.0,0.0,0.0,0.0,0.0
1989-04-10,0.0,0.0,0.0,0.0,0.0
1989-04-11,0.0,0.0,0.0,0.0,0.0
1989-04-12,0.0,0.0,0.0,0.0,0.0
1989-04-13,0.0,0.0,0.0,0.0,0.0
1989-04-14,0.0,0.0,0.0,0.0,0.0
1989-04-15,0.0,0.0,0.0,0.0,0.0
1989-04-16,0.0,0.0,0.0,0.0,0.0
1989-04-17,0.0,0.0,0.0,0.0,0.0
1989-04-18,0.0,0.0,0.0,0.0,0.0
1989-04-19,0.0,0.0,0.0,0.0,0.0
1989-04-20,0.0,0.0,0.0,0.0,0.0
1989-04-21,0.0,0.0,0.0,0.0,0.0
1989-04-22,0.0,0.0,0.0,0.0,0.0
1989-04-23,0.0,0.0,0.0,0.0,0.0
1989-04-24,0.0,0.0,0.0,0.0,0.0
1989-04-25,0.0,0.0,0.0,0.0,0.0
1989-04-26,0.0,0.0,0.0,0.0,0.0
1989-04-27,0.0,0.0,0.0,0.0,0.0
1989-04-28,0.0,0.0,0.0,0.0,0.0
1989-04-29,0.0,0.0,0.0,0.0,0.0
1989-04-30,0.0,0.0,0.0,0.0,0.0
1989-05-01,0.0,0.0,0.0,0.0,0.0
1989-05-02,0.0,0.0,0.0,0.0,0.0
1989-05-03,0.0,0.0,0.0,0.0,0.0
1989-05-04,0.0,0.0,0.0,0.0,0.0
1989-05-05,0.0,0.0,0.0,0.0,0.0
1989-05-06,0.0,0.0,0.0,0.0,0.0
1989-05-07,0.0,0.0,0.0,0.0,0.0
1989-05-08,0.0,0.0,0.0,0.0,0.0
1989-05-09,0.0,0.0,0.0,0.0,0.0
1989-05-10,0.0,0.0,0.0,0.0,0.0
1989-05-11,0.0,0.0,0.0,0.0,0.0
1989-05-12,0.0,0.0,0.0,0.0,0.0
1989-05-13,0.0,0.0,0.0,0.0,0.0
1989-05-14,0.0,0.0,0.0,0.0,0.0
1989-05-15,0.0,0.0,0.0,0.0,0.0
1989-05-16,0.0,0.0,0.0,0.0,0.0
1989-05-17,0.0,0.0,0.0,0.0,0.0
1989-05-18,0.0,0.0,0.0,0.0,0.0
1989-05-19,0.0,0.0,0.0,0.0,0.0
1989-05-20,0.0,0.0,0.0,0.0,0.0
1989-05-21,0.0,0.0,0.0,0.0,0.0
1989-05-22,0.0,0.0,0.0,0.0,0.0
1989-05-23,0.0,0.0,0.0,0.0,0.0
1989-05-24,0.0,0.0,0.0,0.0,0.0
1989-05-25,0.0,0.0,0.0,0.0,0.0
1989-05-26,0.0,0.0,0.0,0.0,0.0
1989-05-27,0.0,0.0,0.0,0.0,0.0
1989-05-28,0.0,0.0,0.0,0.0,0.0
1989-05-29,0.0,0.0,0.0,0.0,0.0
1989-05-30,0.0,0.0,0.0,0.0,0.0
1989-05-31,0.0,0.0,0.0,0.0,0.0
1989-06-01,0.0,0.0,0.0,0.0,0.0
1989-06-02,0.0,0.0,0.0,0.0,0.0
1989-06-03,0.0,0.0,0.0,0.0,0.0
1989-06-04,0.0,0.0,0.0,8.8133,2.2033
1989-06-05,3.6015,0.0,5.3654,0.0,2.2417
1989-06-06,1.0569,0.0,0.5196,0.2245,0.4502
1989-06-07,0.0,0.2755,4.4256,0.3243,1.2564
1989-06-08,21.7781,6.8478,6.6487,3.6292,9.7259
1989-06-09,5.4836,3.2344,14.4753,1.9792,6.2931
1989-06-10,45.2661,32.8758,36.0581,32.939,36.7847
1989-06-11,51.7326,28.214,34.1512,24.4991,34.6492
1989-06-12,13.0615,42.9684,4.698,2.4554,15.7958
1989-06-13,2.6807,7.4956,5.541,6.4595,5.5442
1989-06-14,3.7991,14.0301,7.8515,7.0736,8.1886
1989-06-15,13.5667,16.5505,11.8789,29.1788,17.7937
1989-06-16,16.6457,51.1173,21.1075,43.5335,33.101
1989-06-17,93.9641,88.2871,14.5302,3.5864,50.0919
1989-06-18,4.0853,7.1554,6.4815,5.6715,5.8484
1989-06-19,7.1851,1.1906,5.2588,0.0,3.4086
1989-06-20,1.1394,0.1499,9.646,0.0,2.7338
1989-06-21,14.6683,8.0789,0.6101,0.0,5.8393
1989-06-22,23.1333,11.8924,10.5031,0.0,11.3822
1989-06-23,2.2319,2.0382,2.9847,0.1077,1.8406
1989-06-24,0.1761,0.3484,0.1412,0.8845,0.3875
1989-06-25,8.2212,1.3771,5.1331,1.9972,4.1822
1989-06-26,7.7908,7.6648,6.8528,12.0179,8.5816
1989-06-27,5.9184,5.0903,5.147,3.0935,4.8123
1989-06-28,0.933,17.221,7.2434,34.5131,14.9776
1989-06-29,17.3455,45.3221,72.321,10.2798,36.3171
1989-06-30,89.951,79.3566,74.8507,35.15,69.8271
1989-07-01,34.5633,116.2006,36.8621,6.3642,48.4975
1989-07-02,4.5,14.2449,14.3237,7.1133,10.0455
1989-07-03,4.9805,19.4636,9.6244,26.4818,15.1376
1989-07-04,5.1376,12.3831,2.0669,0.0,4.8969
1989-07-05,0.2385,11.3349,5.1218,2.1149,4.7025
1989-07-06,0.1239,0.0,17.6036,5.0256,5.6883
1989-07-07,37.6965,13.4643,11.259,3.9119,16.5829
1989-07-08,18.5066,13.0412,65.8815,28.6377,31.5167
1989-07-09,64.4665,21.1141,40.503,1.1726,31.8141
1989-07-10,5.6089,2.5621,5.2754,3.8542,4.3251
1989-07-11,0.4,0.0,1.9597,3.9736,1.5833
1989-07-12,11.7129,1.7993,8.1409,15.6077,9.3152
1989-07-13,0.8109,4.6634,5.3088,2.2773,3.2651
1989-07-14,1.523,11.2001,1.934,6.5603,5.3043
1989-07-15,0.2954,2.3105,5.0318,10.7765,4.6036
1989-07-16,8.6109,15.6061,12.5088,0.9664,9.423
1989-07-17,25.6643,1.9466,74.8448,16.9477,29.8509
1989-07-18,78.0279,54.7815,19.9518,16.4174,42.2947
1989-07-19,12.2624,12.1507,15.2649,28.6534,17.0829
1989-07-20,9.0083,19.6364,10.3744,5.9321,11.2378
1989-07-21,3.9081,20.32,36.0281,51.1608,27.8543
1989-07-22,83.6483,88.4407,54.4425,1.9878,57.1298
1989-07-23,78.7245,14.635,123.2634,69.2383,71.4653
1989-07-24,173.6881,242.1879,145.2784,38.0121,149.7916
1989-07-25,127.4495,147.666,84.7445,40.5901,100.1125
1989-07-26,38.7488,34.6864,47.0145,10.74,32.7974
1989-07-27,8.2087,18.0909,10.67,5.6789,10.6621
1989-07-28,5.6983,15.1673,2.1882,2.0003,6.2635
1989-07-29,0.1523,4.5841,3.4666,4.9475,3.2876
1989-07-30,2.7661,10.4228,4.6942,3.6503,5.3834
1989-07-31,3.4339,9.0488,2.8775,3.5005,4.7152
1989-08-01,6.7506,3.9053,1.6307,1.865,3.5379
1989-08-02,3.2193,7.4816,5.274,2.1499,4.5312
1989-08-03,1.6954,4.7376,6.6503,3.2223,4.0764
1989-08-04,6.4184,5.3964,1.9745,0.1193,3.4772
1989-08-05,0.8293,4.865,1.3419,0.0,1.7591
1989-08-06,0.167,3.3244,1.5273,1.3834,1.6005
1989-08-07,1.6193,4.0024,2.7292,4.9962,3.3368
1989-08-08,4.4753,9.4494,9.1961,52.6002,18.9303
1989-08-09,23.2339,19.1096,10.579,3.2056,14.032
1989-08-10,2.6807,4.425,3.691,2.1812,3.2445
1989-08-11,1.9807,1.8191,11.2106,18.6588,8.4173
1989-08-12,45.1739,74.0822,80.9437,41.0956,60.3239
1989-08-13,73.6249,92.2468,77.0209,23.6179,66.6276
1989-08-14,49.4359,61.9538,17.8436,6.9242,34.0394
1989-08-15,5.4658,14.8916,11.4982,6.3596,9.5538
1989-08-16,7.0055,13.1176,9.0048,6.5274,8.9138
1989-08-17,8.5055,13.2854,6.5891,7.6745,9.0136
1989-08-18,18.7697,19.3695,26.0855,40.9317,26.2891
1989-08-19,16.4788,32.7222,23.6282,34.6221,26.8628
1989-08-20,18.0321,44.582,38.4954,70.4316,42.8853
1989-08-21,35.719,38.6534,19.5597,7.3211,25.3133
1989-08-22,5.0678,17.3517,32.5945,41.2426,24.0641
1989-08-23,6.1914,36.1933,53.7987,41.2782,34.3654
1989-08-24,20.7516,58.3247,93.3925,48.3331,55.2005
1989-08-25,70.8807,78.904,33.907,6.3069,47.4996
1989-08-26,12.4204,15.2029,13.3812,3.3781,11.0956
1989-08-27,0.8761,14.3051,11.9312,6.921,8.5084
1989-08-28,9.3891,16.0356,26.0056,32.8764,21.0767
1989-08-29,14.9619,22.1578,20.0522,3.8127,15.2462
1989-08-30,18.6219,53.5137,8.5623,1.0538,20.4379
1989-08-31,2.0514,3.9012,0.1066,0.0,1.5148
1989-09-01,0.0,0.0,0.0,0.0,0.0
1989-09-02,0.3431,0.0,0.2843,0.0,0.1568
1989-09-03,11.0416,0.768,0.0,0.0,2.9524
1989-09-04,0.1523,0.0,0.7501,0.9217,0.456
1989-09-05,3.0991,5.2198,7.2333,4.7743,5.0816
1989-09-06,8.3523,2.01,14.994,3.7353,7.2729
1989-09-07,8.6707,5.8218,25.1979,59.2127,24.7258
1989-09-08,1.5925,40.5006,23.9448,3.166,17.301
1989-09-09,18.9425,4.1237,14.2618,0.0,9.332
1989-09-10,2.0184,0.1667,4.0892,0.2679,1.6356
1989-09-11,0.9853,15.7137,0.2334,3.1895,5.0305
1989-09-12,3.367,7.5494,1.3858,0.8813,3.2959
1989-09-13,0.2761,7.7375,0.4936,0.4793,2.2466
1989-09-14,0.1523,6.7254,0.0,0.0,1.7194
1989-09-15,0.0,0.1345,0.0,0.0,0.0336
1989-09-16,0.0,1.0215,0.0,0.0,0.2554
1989-09-17,28.3274,1.0929,29.73,13.8827,18.2583
1989-09-18,14.5198,12.8638,22.3715,8.0431,14.4496
1989-09-19,25.9134,0.4194,5.163,8.1474,9.9108
1989-09-20,1.1486,6.7418,1.1361,1.2748,2.5753
1989-09-21,1.044,0.672,5.4135,6.7395,3.4672
1989-09-22,0.1954,10.0003,0.1882,9.9876,5.0929
1989-09-23,0.6761,1.497,0.2132,0.0,0.5966
1989-09-24,0.0,0.369,0.0,0.0,0.0922
1989-09-25,0.0,1.3301,0.0,0.0,0.3325
1989-09-26,1.5503,0.9392,41.4574,67.5575,27.8761
1989-09-27,18.321,40.8726,25.0306,0.9968,21.3052
1989-09-28,1.9081,0.0,2.9694,0.1014,1.2447
1989-09-29,5.4451,15.5123,15.7884,18.2901,13.759
1989-09-30,13.0826,7.7855,28.0125,33.976,20.7142
1989-10-01,19.6424,48.6611,27.867,6.3017,25.6181
1989-10-02,8.7044,34.5954,22.0614,2.2983,16.9149
1989-10-03,10.5273,10.3678,6.0405,0.0,6.7339
1989-10-04,0.0,0.0,0.0,0.0,0.0
1989-10-05,0.0,0.0,0.0,0.0,0.0
1989-10-06,2.6652,0.0,0.0,0.0,0.6663
1989-10-07,0.0,0.0,0.0,0.0,0.0
1989-10-08,0.0,0.0,0.0,0.0,0.0
1989-10-09,0.0,0.0,0.0,0.0,0.0
1989-10-10,0.0,0.0,0.0,0.0,0.0
1989-10-11,0.0,0.0,0.0,0.0,0.0
1989-10-12,0.0,0.0,0.0,0.0,0.0
1989-10-13,0.0,0.0,0.0,0.0,0.0
1989-10-14,0.0,0.0,0.0,0.0,0.0
1989-10-15,0.0,0.0,0.0,0.0,0.0
1989-10-16,0.0,0.0,0.0,0.0,0.0
1989-10-17,0.0,0.0,0.0,0.0,0.0
1989-10-18,0.0,0.0,0.0,0.0,0.0
1989-10-19,0.0,0.0,0.0,0.0,0.0
1989-10-20,0.0,0.0,0.0,0.0,0.0
1989-10-21,0.0,0.0,0.0,0.0,0.0
1989-10-22,0.0,0.0,0.0,0.0,0.0
1989-10-23,0.0,0.0,0.0,0.0,0.0
1989-10-24,0.0,0.0,0.0,0.0,0.0
1989-10-25,0.0,0.0,0.0,0.0,0.0
1989-10-26,0.0,0.0,0.0,0.0,0.0
1989-10-27,0.0,0.0,0.0,0.0,0.0
1989-10-28,0.0,0.0,0.0,0.0,0.0
1989-10-29,0.0,0.0,0.0,0.0,0.0
1989-10-30,0.0,0.0,0.0,0.0,0.0
1989-10-31,0.0,0.0,0.0,0.0,0.0
1989-11-01,0.0,0.0,0.0,0.0,0.0
1989-11-02,0.0,0.0,0.0,0.0,0.0
1989-11-03,0.0,0.0,0.0,0.0,0.0
1989-11-04,0.0,0.0,0.0,0.0,0.0
1989-11-05,0.0,0.0,0.0,0.0,0.0
1989-11-06,0.0,0.0,0.0,0.0,0.0
1989-11-07,0.0,0.0,0.0,0.0,0.0
1989-11-08,0.0,0.0,0.0,0.0,0.0
1989-11-09,0.0,0.0,0.0,0.0,0.0
1989-11-10,0.0,0.0,0.0,0.0,0.0
1989-11-11,0.0,0.0,0.0,0.0,0.0
1989-11-12,0.0,0.0,0.0,0.0,0.0
1989-11-13,0.0,0.0,0.0,0.0,0.0
1989-11-14,0.0,0.0,0.0,0.0,0.0
1989-11-15,0.0,0.0,0.0,0.0,0.0
1989-11-16,0.0,0.0,0.0,0.0,0.0
1989-11-17,0.0,0.0,0.0,0.0,0.0
1989-11-18,0.0,0.0,0.0,0.0,0.0
1989-11-19,0.0,0.0,0.0,0.0,0.0
1989-11-20,0.0,0.0,0.0,0.0,0.0
1989-11-21,0.0,0.0,0.0,0.0,0.0
1989-11-22,0.0,0.0,0.0,0.0,0.0
1989-11-23,0.0,0.0,0.0,0.0,0.0
1989-11-24,0.0,0.0,0.0,0.0,0.0
1989-11-25,0.0,0.0,0.0,0.0,0.0
1989-11-26,0.0,0.0,0.0,0.0,0.0
1989-11-27,0.0,0.0,0.0,0.0,0.0
1989-11-28,0.0,0.0,0.0,0.0,0.0
1989-11-29,0.0,0.0,0.0,0.0,0.0
1989-11-30,0.0,0.0,0.0,0.0,0.0
1989-12-01,0.0,0.0,0.0,0.0,0.0
1989-12-02,0.0,0.0,0.0,0.0,0.0
1989-12-03,0.0,0.0,0.0,0.0,0.0
1989-12-04,0.0,0.0,0.0,0.0,0.0
1989-12-05,0.0,0.0,0.0,0.0,0.0
1989-12-06,0.0,0.0,0.0,0.0,0.0
1989-12-07,0.0,0.0,0.0,0.0,0.0
1989-12-08,0.0,0.0,0.0,0.0,0.0
1989-12-09,0.0,0.0,0.0,0.0,0.0
1989-12-10,0.0,0.0,0.0,0.0,0.0
1989-12-11,0.0,0.0,0.0,0.0,0.0
1989-12-12,0.0,0.0,0.0,0.0,0.0
1989-12-13,0.0,0.0,0.0,0.0,0.0
1989-12-14,0.0,0.0,0.0,0.0,0.0
1989-12-15,0.0,0.0,0.0,0.0,0.0
1989-12-16,0.0,0.0,0.0,0.0,0.0
1989-12-17,0.0,0.0,0.0,0.0,0.0
1989-12-18,0.0,0.0,0.0,0.0,0.0
1989-12-19,0.0,0.0,0.0,0.0,0.0
1989-12-20,0.0,0.0,0.0,0.0,0.0
1989-12-21,0.0,0.0,0.0,0.0,0.0
1989-12-22,0.0,0.0,0.0,0.0,0.0
1989-12-23,0.0,0.0,0.0,0.0,0.0
1989-12-24,0.0,0.0,0.0,0.0,0.0
1989-12-25,0.0,0.0,0.0,0.0,0.0
1989-12-26,0.0,0.0,0.0,0.0,0.0
1989-12-27,0.0,0.0,0.0,0.0,0.0
1989-12-28,0.0,0.0,0.0,0.0,0.0
1989-12-29,0.0,0.0,0.0,0.0,0.0
1989-12-30,0.0,0.0,0.0,0.0,0.0
1989-12-31,0.0,0.0,0.0,0.0,0.0
1990-01-01,0.0,0.0,0.0,0.0,0.0
1990-01-02,0.0,0.0,0.0,0.0,0.0
1990-01-03,0.0,0.0,0.0,0.0,0.0
1990-01-04,0.0,0.0,0.0,0.0,0.0
1990-01-05,0.0,0.0,0.0,0.0,0.0
1990-01-06,0.0,0.0,0.0,0.0,0.0
1990-01-07,0.0,0.0,0.0,0.0,0.0
1990-01-08,0.0,0.0,0.0,0.0,0.0
1990-01-09,0.0,0.0,0.0,0.0,0.0
1990-01-10,0.0,0.0,0.0,0.0,0.0
1990-01-11,0.0,0.0,0.0,0.0,0.0
1990-01-12,0.0,0.0,0.0,0.0,0.0
1990-01-13,0.0,0.0,0.0,0.0,0.0
1990-01-14,0.0,0.0,0.0,0.0,0.0
1990-01-15,0.0,0.0,0.0,0.0,0.0
1990-01-16,0.0,0.0,0.0,0.0,0.0
1990-01-17,0.0,0.0,0.0,0.0,0.0
1990-01-18,0.0,0.0,0.0,0.0,0.0
1990-01-19,0.0,0.0,0.0,0.0,0.0
1990-01-20,0.0,0.0,0.0,0.0,0.0
1990-01-21,0.0,0.0,0.0,0.0,0.0
1990-01-22,0.0,0.0,0.0,0.0,0.0
1990-01-23,0.0,0.0,0.0,0.0,0.0
1990-01-24,0.0,0.0,0.0,0.0,0.0
1990-01-25,0.0,0.0,0.0,0.0,0.0
1990-01-26,0.0,0.0,0.0,0.0,0.0
1990-01-27,0.0,0.0,0.0,0.0,0.0
1990-01-28,0.0,0.0,0.0,0.0,0.0
1990-01-29,0.0,0.0,0.0,0.0,0.0
1990-01-30,0.0,0.0,0.0,0.0,0.0
1990-01-31,0.0,0.0,0.0,0.0,0.0
1990-02-01,0.0,0.0,0.0,0.0,0.0
1990-02-02,0.0,0.0,0.0,0.0,0.0
1990-02-03,0.0,0.0,0.0,0.0,0.0
1990-02-04,0.0,0.0,0.0,0.0,0.0
1990-02-05,0.0,0.0,0.0,0.0,0.0
1990-02-06,0.0,0.0,0.0,0.0,0.0
1990-02-07,0.0,0.0,0.0,0.0,0.0
1990-02-08,0.0,0.0,0.0,0.0,0.0
1990-02-09,0.0,0.0,0.0,0.0,0.0
1990-02-10,0.0,0.0,0.0,0.0,0.0
1990-02-11,0.0,0.0,0.0,0.0,0.0
1990-02-12,0.0,0.0,0.0,0.0,0.0
1990-02-13,0.0,0.0,0.0,0.0,0.0
1990-02-14,0.0,0.0,0.0,0.0,0.0
1990-02-15,0.0,0.0,0.0,0.0,0.0
1990-02-16,0.0,0.0,0.0,0.0,0.0
1990-02-17,0.0,0.0,0.0,0.0,0.0
1990-02-18,0.0,0.0,0.0,0.0,0.0
1990-02-19,0.0,0.0,0.0,0.0,0.0
1990-02-20,0.0,0.0,0.0,0.0,0.0
1990-02-21,0.0,0.0,0.0,0.0,0.0
1990-02-22,0.0,0.0,0.0,0.0,0.0
1990-02-23,0.0,0.0,0.0,0.0,0.0
1990-02-24,0.0,0.0,0.0,0.0,0.0
1990-02-25,0.0,0.0,0.0,0.0,0.0
1990-02-26,0.0,0.0,0.0,0.0,0.0
1990-02-27,0.0,0.0,0.0,0.0,0.0
1990-02-28,0.6678,0.0,2.3644,0.0,0.758
1990-03-01,0.844,0.0,2.4488,0.0,0.8232
1990-03-02,0.0,0.0,0.0,0.0,0.0
1990-03-03,0.0,0.0,0.0,0.0,0.0
1990-03-04,0.0,0.0,0.0,0.0,0.0
1990-03-05,0.0,0.0,0.0,0.0,0.0
1990-03-06,0.0,0.0,0.0,0.0,0.0
1990-03-07,0.0,0.0,0.0,0.0,0.0
1990-03-08,0.0,0.0,0.0,0.0,0.0
1990-03-09,0.0,0.0,0.0,0.0,0.0
1990-03-10,0.0,0.0,0.0,0.0,0.0
1990-03-11,0.0,0.0,0.0,0.0,0.0
1990-03-12,0.0,0.0,0.0,0.0,0.0
1990-03-13,0.0,0.0,0.0,0.0,0.0
1990-03-14,0.0,0.0,0.0,0.0,0.0
1990-03-15,0.0,0.0,0.0,0.0,0.0
1990-03-16,0.0,0.0,0.0,0.0,0.0
1990-03-17,0.0,0.0,0.0,0.0,0.0
1990-03-18,0.0,0.0,0.0,0.0,0.0
1990-03-19,0.0,0.0,0.0,0.0,0.0
1990-03-20,0.0,0.0,0.0,0.0,0.0
1990-03-21,0.0,0.0,0.0,0.0,0.0
1990-03-22,0.0,0.0,0.0,0.0,0.0
1990-03-23,0.0,0.0,0.0,0.0,0.0
1990-03-24,0.0,0.0,0.0,0.0,0.0
1990-03-25,0.0,0.0,0.0,0.0,0.0
1990-03-26,0.0,0.0,0.0,0.0,0.0
1990-03-27,0.0,0.0,0.0,0.0,0.0
1990-03-28,0.0,0.0,0.0,0.0,0.0
1990-03-29,0.0,0.0,0.0,0.0,0.0
1990-03-30,0.0,0.0,0.0,0.0,0.0
1990-03-31,0.0,0.0,0.0,0.0,0.0
1990-04-01,0.0,0.0,0.0,0.0,0.0
1990-04-02,0.0,0.0,0.0,0.0,0.0
1990-04-03,0.0,0.0,0.0,0.0,0.0
1990-04-04,0.0,0.0,0.0,0.0,0.0
1990-04-05,0.0,0.0,0.0,0.0,0.0
1990-04-06,0.0,0.0,0.0,0.0,0.0
1990-04-07,0.0,0.0,0.0,0.0,0.0
1990-04-08,0.0,0.0,0.0,0.0,0.0
1990-04-09,0.0,0.0,0.0,0.0,0.0
1990-04-10,0.0,0.0,0.0,0.0,0.0
1990-04-11,0.0,0.0,0.0,0.0,0.0
1990-04-12,0.0,0.0,0.0,0.0,0.0
1990-04-13,0.0,0.0,0.0,0.0,0.0
1990-04-14,0.0,0.0,0.0,0.0,0.0
1990-04-15,0.0,0.0,0.0,0.0,0.0
1990-04-16,0.0,0.0,0.0,0.0,0.0
1990-04-17,0.0,0.0,0.0,0.0,0.0
1990-04-18,0.0,0.0,0.0,0.0,0.0
1990-04-19,0.0,0.0,0.0,0.0,0.0
1990-04-20,0.0,0.0,0.0,0.0,0.0
1990-04-21,0.0,0.0,0.0,0.0,0.0
1990-04-22,0.0,0.0,0.0,0.0,0.0
1990-04-23,0.0,0.0,0.0,0.0,0.0
1990-04-24,0.0,0.0,0.0,0.0,0.0
1990-04-25,0.0,0.0,0.0,0.0,0.0
1990-04-26,0.0,0.0,0.0,0.0,0.0
1990-04-27,0.0,0.0,0.0,0.0,0.0
1990-04-28,0.0,0.0,0.0,0.0,0.0
1990-04-29,0.0,0.0,0.0,0.0,0.0
1990-04-30,0.0,0.0,0.0,0.0,0.0
1990-05-01,0.0,0.0,0.0,0.0,0.0
1990-05-02,0.0,0.0,0.0,0.0,0.0
1990-05-03,0.0,0.0,0.0,0.0,0.0
1990-05-04,0.0,0.0,0.0,0.0,0.0
1990-05-05,0.0,0.0,0.0,0.0,0.0
1990-05-06,0.0,0.0,0.0,0.0,0.0
1990-05-07,0.0,0.0,0.0,0.0,0.0
1990-05-08,0.3101,0.4094,1.4823,0.1677,0.5924
1990-05-09,0.0,1.92,0.0,0.0,0.48
1990-05-10,0.0,0.0,0.0,0.0,0.0
1990-05-11,0.0,0.0,0.3378,0.0,0.0844
1990-05-12,0.0,0.0,0.0,0.0,0.0
1990-05-13,0.0,0.0,0.0,0.0,0.0
1990-05-14,0.0,0.0,0.0,0.0,0.0
1990-05-15,0.0,0.0,0.0,0.0,0.0
1990-05-16,0.4569,0.0,0.0,0.0,0.1142
1990-05-17,0.5724,0.192,2.0266,0.0,0.6978
1990-05-18,0.0,0.0,0.0,0.0,0.0
1990-05-19,0.3578,0.0,1.2666,0.0,0.4061
1990-05-20,0.0,0.0,0.0,0.0,0.0
1990-05-21,3.2744,0.0,0.0,0.0,0.8186
1990-05-22,0.4954,0.0,0.6755,0.0,0.2927
1990-05-23,3.2092,2.112,2.1955,0.0,1.8792
1990-05-24,0.6092,0.0,0.0,0.0,0.1523
1990-05-25,0.0,0.0,0.0,0.0,0.0
1990-05-26,0.3046,0.7912,0.0,0.0,0.274
1990-05-27,28.3322,0.0,27.0896,13.362,17.1959
1990-05-28,0.0,2.478,1.9543,6.8469,2.8198
1990-05-29,11.1763,40.9418,31.7499,0.0,20.967
1990-05-30,1.4816,1.9136,11.7579,40.4951,13.9121
1990-05-31,81.8869,35.1956,50.0173,5.5855,43.1713
1990-06-01,13.7236,15.2053,18.8399,2.4923,12.5653
1990-06-02,0.0,0.0,0.0,0.0,0.0
1990-06-03,2.1943,1.7523,7.8281,1.2215,3.249
1990-06-04,40.2828,26.4774,5.3099,5.7813,19.4628
1990-06-05,53.6242,35.632,60.7133,0.0,37.4924
1990-06-06,0.0,0.4921,0.0,0.0,0.123
1990-06-07,0.0,0.1834,1.2358,3.4638,1.2208
1990-06-08,59.3017,19.4748,1.8477,1.5254,20.5374
1990-06-09,0.3101,21.5893,1.3356,4.6389,6.9685
1990-06-10,4.3661,0.0,2.9055,3.3599,2.6579
1990-06-11,0.0,2.7889,2.206,7.7568,3.1879
1990-06-12,10.7899,9.266,8.527,1.8387,7.6054
1990-06-13,16.488,1.2486,17.5138,2.178,9.3571
1990-06-14,0.4055,0.2938,1.4355,0.1314,0.5666
1990-06-15,0.4284,7.3553,8.4944,25.8307,10.5272
1990-06-16,356.5639,146.9214,132.538,28.6148,166.1595
1990-06-17,55.8081,56.0994,53.0015,1.3043,41.5533
1990-06-18,4.5689,5.8058,0.1784,2.4829,3.259
1990-06-19,1.0046,12.6741,0.6505,0.9692,3.8246
1990-06-20,0.6092,2.2506,0.0,0.0,0.7149
1990-06-21,0.1523,1.9738,0.0,0.0,0.5315
1990-06-22,0.533,1.1138,0.3845,0.1687,0.55
1990-06-23,2.4945,5.5708,1.0133,0.1369,2.3039
1990-06-24,0.8376,1.1434,0.8652,1.8239,1.1675
1990-06-25,1.5431,9.6176,7.5021,7.3199,6.4957
1990-06-26,93.8315,46.1679,24.5419,28.9524,48.3734
1990-06-27,55.8377,221.0054,113.1782,91.7944,120.4539
1990-06-28,90.7317,73.8923,100.4845,47.8338,78.2356
1990-06-29,47.2789,87.4203,79.0,59.7586,68.3645
1990-06-30,50.7446,96.8682,64.9865,40.3142,63.2284
1990-07-01,3.0768,23.2859,11.9959,3.9655,10.581
1990-07-02,0.533,3.5119,3.6063,18.0628,6.4285
1990-07-03,7.1385,16.092,8.1395,13.7028,11.2682
1990-07-04,1.2477,10.1812,1.9601,4.4792,4.4671
1990-07-05,1.9431,7.5928,2.205,2.8787,3.6549
1990-07-06,1.3678,2.238,3.2072,1.3059,2.0297
1990-07-07,4.4937,0.9201,3.4381,8.3379,4.2974
1990-07-08,17.5494,15.1217,21.1356,17.4746,17.8203
1990-07-09,25.9647,40.2871,34.36,7.2547,26.9666
1990-07-10,18.2708,28.2965,36.7664,2.3363,21.4175
1990-07-11,2.2807,4.5718,2.5974,6.8241,4.0685
1990-07-12,6.0652,15.7309,7.5158,29.1648,14.6192
1990-07-13,11.1779,32.2036,15.4247,23.183,20.4973
1990-07-14,3.6558,56.1791,8.6709,1.7916,17.5743
1990-07-15,5.4063,11.045,12.3997,33.9317,15.6957
1990-07-16,16.7343,48.7229,45.6147,92.0767,50.7871
1990-07-17,68.0927,173.628,32.4396,9.6934,70.9634
1990-07-18,2.7816,15.0824,6.2427,11.769,8.9689
1990-07-19,6.7208,12.5768,30.708,67.6387,29.4111
1990-07-20,35.919,64.2716,39.7201,12.6604,38.1428
1990-07-21,29.2143,38.6282,11.5088,8.0658,21.8543
1990-07-22,1.3422,3.3762,1.1757,4.0353,2.4824
1990-07-23,1.4523,5.2982,11.3497,39.4314,14.3829
1990-07-24,11.4925,47.3077,25.1842,66.958,37.7356
1990-07-25,11.0903,50.7896,24.3636,2.7841,22.2569
1990-07-26,1.4632,4.2002,3.531,3.8323,3.2567
1990-07-27,3.1276,4.6981,2.608,6.5128,4.2366
1990-07-28,0.6678,4.0748,3.5863,5.9924,3.5803
1990-07-29,4.9098,7.9592,12.398,2.3106,6.8944
1990-07-30,1.477,7.2725,2.9039,2.8308,3.621
1990-07-31,3.8578,5.1435,4.5927,2.6972,4.0728
1990-08-01,0.7339,2.9799,2.394,5.6963,2.951
1990-08-02,13.0278,24.9692,5.1166,17.6973,15.2027
1990-08-03,1.6853,15.449,4.1534,12.8938,8.5454
1990-08-04,12.8448,26.7078,16.2072,13.7912,17.3878
1990-08-05,31.4189,21.4956,14.2073,9.0405,19.0406
1990-08-06,9.4518,18.7729,23.6462,5.1742,14.2613
1990-08-07,5.8083,7.1499,5.5481,6.9393,6.3614
1990-08-08,18.8948,5.2212,13.039,9.9774,11.7831
1990-08-09,23.4974,110.0655,23.0814,27.2151,45.9649
1990-08-10,33.5766,89.6569,16.5399,20.2493,40.0057
1990-08-11,62.2616,65.799,75.4341,6.6688,52.5409
1990-08-12,14.1365,35.0266,22.97,36.2039,27.0842
1990-08-13,114.803,148.9881,74.4679,68.1773,101.6091
1990-08-14,16.404,102.6358,71.3952,76.2049,66.66
1990-08-15,214.9711,161.6649,80.1768,116.5058,143.3296
1990-08-16,83.6296,195.761,73.4387,46.129,99.7396
1990-08-17,65.8769,209.1804,41.0801,44.201,90.0846
1990-08-18,37.4132,44.0263,26.5344,21.3607,32.3337
1990-08-19,33.4825,103.5316,38.2215,40.6496,53.9713
1990-08-20,9.0265,65.197,13.9294,12.9719,25.2812
1990-08-21,19.4181,25.3135,35.5484,54.7472,33.7568
1990-08-22,37.3103,49.921,37.172,57.0479,45.3628
1990-08-23,37.5256,102.5363,37.651,17.1723,48.7213
1990-08-24,20.0888,64.7622,28.3711,40.1593,38.3453
1990-08-25,43.307,53.1928,50.4278,29.3427,44.0676
1990-08-26,18.294,25.4856,30.6416,20.1857,23.6517
1990-08-27,13.7796,23.4585,17.8329,7.4531,15.631
1990-08-28,8.2639,22.0761,19.9576,13.6498,15.9869
1990-08-29,1.0009,21.6086,2.4472,2.2455,6.8255
1990-08-30,2.5368,5.1781,0.24,1.0039,2.2397
1990-08-31,0.1908,5.7491,1.179,2.4818,2.4002
1990-09-01,1.2761,6.1086,1.3245,2.2668,2.744
1990-09-02,3.0523,15.6319,3.8402,4.7408,6.8163
1990-09-03,7.1451,8.0453,2.4955,2.1465,4.9581
1990-09-04,5.0991,12.9031,5.3487,17.1362,10.1218
1990-09-05,23.4846,97.0981,44.8183,22.704,47.0263
1990-09-06,26.2501,145.3783,35.1024,9.8267,54.1394
1990-09-07,9.7391,12.7076,17.3816,1.0117,10.21
1990-09-08,0.1908,0.1977,0.735,0.9571,0.5202
1990-09-09,2.8311,0.6567,6.2487,0.0,2.4341
1990-09-10,1.1908,0.2145,1.5199,0.0,0.7313
1990-09-11,0.3239,2.2899,0.9007,3.0411,1.6389
1990-09-12,25.1482,3.1785,8.6783,3.5083,10.1283
1990-09-13,6.0175,25.1015,3.9151,1.3541,9.0971
1990-09-14,0.0,0.0,0.0,0.0,0.0
1990-09-15,2.065,0.3061,6.5981,0.0,2.2423
1990-09-16,6.4437,0.0,14.1861,0.1314,5.1903
1990-09-17,3.6552,3.6681,0.0,0.1349,1.8645
1990-09-18,0.0,0.0,0.0,0.1314,0.0328
1990-09-19,0.8678,0.0,2.7116,2.477,1.5141
1990-09-20,17.0087,0.2573,28.0579,0.0,11.331
1990-09-21,16.9106,2.0523,1.4823,0.3011,5.1866
1990-09-22,5.0494,10.6326,7.5737,0.2202,5.869
1990-09-23,0.0,0.14,1.0207,1.3763,0.6342
1990-09-24,25.0039,7.6155,45.9609,13.0881,22.9171
1990-09-25,109.5585,32.2436,124.9177,7.3825,68.5256
1990-09-26,49.8844,35.7367,71.3555,6.1118,40.7721
1990-09-27,8.2612,11.2563,14.6003,5.873,9.9977
1990-09-28,1.288,2.0627,4.7521,0.2166,2.0798
1990-09-29,32.6243,33.5994,14.4602,0.4115,20.2739
1990-09-30,11.4214,0.0,28.2268,0.0,9.9121
1990-10-01,2.3147,0.0,2.5332,0.0,1.212
1990-10-02,2.1422,4.0129,1.1328,0.1297,1.8544
1990-10-03,0.0,0.0,0.0,0.0,0.0
1990-10-04,0.0,3.8399,0.0,0.0,0.96
1990-10-05,1.7888,1.152,6.3331,0.0,2.3185
1990-10-06,0.0,0.0,0.0,0.0,0.0
1990-10-07,0.6853,0.0,0.0,0.0,0.1713
1990-10-08,0.2284,0.4393,0.9474,4.1266,1.4354
1990-10-09,19.1322,37.4237,21.9838,45.4835,31.0058
1990-10-10,17.6862,101.9856,19.1429,18.1109,39.2314
1990-10-11,17.8521,7.3474,24.353,7.9763,14.3822
1990-10-12,5.617,35.0782,17.5579,6.3522,16.1513
1990-10-13,7.7672,6.3359,0.0,0.0,3.5258
1990-10-14,2.2845,0.0,0.0,0.0,0.5711
1990-10-15,4.1276,0.2449,1.9421,0.0,1.5787
1990-10-16,0.0,0.0,0.0,0.0,0.0
1990-10-17,0.0,0.0,0.0,0.0,0.0
1990-10-18,0.0,0.0,0.0,0.0,0.0
1990-10-19,0.0,0.0,0.0,0.0,0.0
1990-10-20,0.0,0.0,0.0,0.0,0.0
1990-10-21,0.0,0.0,0.0,0.0,0.0
1990-10-22,0.0,0.0,0.0,0.0,0.0
1990-10-23,0.0,0.0,0.0,0.0,0.0
1990-10-24,0.0,0.0,0.0,0.0,0.0
1990-10-25,0.0,0.2044,0.0,0.1314,0.0839
1990-10-26,0.0,0.0,4.2247,8.6345,3.2148
1990-10-27,21.5456,0.0,0.2533,0.0,5.4497
1990-10-28,0.0,0.0,0.0,0.0,0.0
1990-10-29,0.0,0.0,0.0,0.0,0.0
1990-10-30,0.0,0.0,0.0,0.0,0.0
1990-10-31,0.0,0.0,0.0,0.0,0.0
1990-11-01,0.0,0.0,0.0,0.6571,0.1643
1990-11-02,0.0,0.0,0.0,0.0,0.0
1990-11-03,0.0,0.0,0.0,0.0,0.0
1990-11-04,0.0,0.0,0.0,0.0,0.0
1990-11-05,0.0,0.0,0.0,0.0,0.0
1990-11-06,0.0,0.0,0.0,0.0,0.0
1990-11-07,0.0,0.0,0.0,0.0,0.0
1990-11-08,0.0,0.0,0.0,0.0,0.0
1990-11-09,0.0,0.0,0.0,0.0,0.0
1990-11-10,0.0,0.0,0.0,0.0,0.0
1990-11-11,0.0,0.0,0.0,0.0,0.0
1990-11-12,0.0,0.0,0.0,0.0,0.0
1990-11-13,0.0,0.0,0.0,0.0,0.0
1990-11-14,0.0,0.0,0.0,0.0,0.0
1990-11-15,0.0,0.0,0.0,0.0,0.0
1990-11-16,0.0,0.0,0.0,0.0,0.0
1990-11-17,0.0,0.0,0.0,0.0,0.0
1990-11-18,0.6092,0.0,0.0,0.0,0.1523
1990-11-19,0.0,0.0,0.0,0.0,0.0
1990-11-20,0.0,0.0,0.0,0.0,0.0
1990-11-21,0.0,0.0,0.0,0.0,0.0
1990-11-22,0.0,0.0,0.0,0.0,0.0
1990-11-23,0.0,0.0,0.0,0.0,0.0
1990-11-24,0.0,0.0,0.0,0.0,0.0
1990-11-25,0.0,0.0,0.0,0.0,0.0
1990-11-26,0.0,0.0,0.0,0.0,0.0
1990-11-27,0.0,0.0,0.0,0.0,0.0
1990-11-28,0.0,0.0,0.0,0.0,0.0
1990-11-29,0.0,0.0,0.0,0.0,0.0
1990-11-30,0.0,0.0,0.0,0.0,0.0
1990-12-01,0.0,0.0,0.0,0.0,0.0
1990-12-02,0.0,0.0,0.0,0.0,0.0
1990-12-03,0.0,0.0,0.0,0.0,0.0
1990-12-04,0.0,0.0,0.0,0.0,0.0
1990-12-05,0.0,0.0,0.0,0.0,0.0
1990-12-06,0.0,0.0,0.0,0.0,0.0
1990-12-07,0.0,0.0,0.0,0.0,0.0
1990-12-08,0.0,0.0,0.0,0.0,0.0
1990-12-09,0.0,0.0,0.0,0.0,0.0
1990-12-10,0.0,0.0,0.0,0.0,0.0
1990-12-11,0.0,0.0,0.0,0.0,0.0
1990-12-12,0.0,0.0,0.0,0.0,0.0
1990-12-13,0.0,0.0,0.0,0.0,0.0
1990-12-14,0.0,0.0,0.0,0.0,0.0
1990-12-15,0.0,0.0,0.0,0.0,0.0
1990-12-16,0.0,0.0,0.0,0.0,0.0
1990-12-17,0.0,0.0,0.0,0.0,0.0
1990-12-18,0.0,0.0,0.0,0.0,0.0
1990-12-19,0.0,0.0,0.0,0.0,0.0
1990-12-20,0.0,0.0,0.0,0.0,0.0
1990-12-21,0.0,0.0,0.0,0.0,0.0
1990-12-22,0.0,0.0,0.0,0.0,0.0
1990-12-23,0.0,0.0,0.0,0.0,0.0
1990-12-24,0.0,0.0,0.0,0.0,0.0
1990-12-25,0.0,0.0,0.0,0.0,0.0
1990-12-26,0.0,0.0,0.0,0.0,0.0
1990-12-27,0.0,0.0,0.0,0.0,0.0
1990-12-28,0.0,0.0,0.0,0.0,0.0
1990-12-29,0.0,0.0,0.0,0.0,0.0
1990-12-30,0.0,0.0,0.0,0.0,0.0
1990-12-31,0.0,0.0,0.0,0.0,0.0
1991-01-01,0.0,0.0,0.0,0.0,0.0
1991-01-02,0.0,0.0,0.0,0.0,0.0
1991-01-03,0.0,0.0,0.0,0.0,0.0
1991-01-04,0.0,0.0,0.0,0.0,0.0
1991-01-05,0.0,0.0,0.0,0.0,0.0
1991-01-06,0.0,0.0,0.0,0.0,0.0
1991-01-07,0.0,0.0,0.0,0.0,0.0
1991-01-08,0.0,0.0,0.0,0.0,0.0
1991-01-09,0.0,0.0,0.0,0.0,0.0
1991-01-10,0.0,0.0,0.0,0.0,0.0
1991-01-11,0.0,0.0,0.0,0.0,0.0
1991-01-12,0.0,0.0,0.0,0.0,0.0
1991-01-13,0.0,0.0,0.0,0.0,0.0
1991-01-14,0.0,0.0,0.0,0.0,0.0
1991-01-15,0.0,0.0,0.0,0.0,0.0
1991-01-16,0.0,0.0,0.0,0.0,0.0
1991-01-17,0.0,0.0,0.0,0.0,0.0
1991-01-18,0.0,0.0,0.0,0.0,0.0
1991-01-19,0.0,0.0,0.0,0.0,0.0
1991-01-20,0.0,0.0,0.0,0.0,0.0
1991-01-21,0.0,0.0,0.0,0.0,0.0
1991-01-22,0.0,0.0,0.0,0.0,0.0
1991-01-23,0.0,0.0,0.0,0.0,0.0
1991-01-24,0.0,0.0,0.0,0.0,0.0
1991-01-25,0.0,0.0,0.0,0.0,0.0
1991-01-26,0.0,0.0,0.0,0.0,0.0
1991-01-27,0.0,0.0,0.0,0.0,0.0
1991-01-28,0.0,0.0,0.0,0.0,0.0
1991-01-29,0.0,0.0,0.0,0.0,0.0
1991-01-30,0.0,0.0,0.0,0.0,0.0
1991-01-31,0.0,0.0,0.0,0.0,0.0
1991-02-01,0.0,0.0,0.0,0.0,0.0
1991-02-02,0.0,0.0,0.0,0.0,0.0
1991-02-03,0.0,0.0,0.0,0.0,0.0
1991-02-04,0.0,0.0,0.0,0.0,0.0
1991-02-05,0.0,0.0,0.0,0.0,0.0
1991-02-06,0.0,0.0,0.0,0.0,0.0
1991-02-07,0.0,0.0,0.0,0.0,0.0
1991-02-08,0.0,0.0,0.0,0.0,0.0
1991-02-09,0.0,0.0,0.0,0.0,0.0
1991-02-10,0.0,0.0,0.0,0.0,0.0
1991-02-11,0.0,0.0,0.0,0.0,0.0
1991-02-12,0.0,0.0,0.0,0.0,0.0
1991-02-13,0.0,0.0,0.0,0.0,0.0
1991-02-14,0.0,0.0,0.0,0.0,0.0
1991-02-15,0.0,0.0,0.0,0.0,0.0
1991-02-16,0.0,0.0,0.0,0.0,0.0
1991-02-17,0.0,0.0,0.0,0.0,0.0
1991-02-18,0.0,0.0,0.0,0.0,0.0
1991-02-19,0.0,0.0,0.0,0.0,0.0
1991-02-20,0.0,0.0,0.0,0.0,0.0
1991-02-21,0.0,0.0,0.0,0.0,0.0
1991-02-22,0.0,0.0,0.0,0.0,0.0
1991-02-23,0.0,0.0,0.0,0.0,0.0
1991-02-24,0.0,0.0,0.0,0.0,0.0
1991-02-25,0.0,0.0,0.0,0.0,0.0
1991-02-26,0.0,0.0,0.0,0.0,0.0
1991-02-27,0.0,0.0,0.0,0.0,0.0
1991-02-28,0.0,0.0,0.0,0.0,0.0
1991-03-01,0.0,0.0,0.0,0.0,0.0
1991-03-02,0.0,0.0,0.0,0.0,0.0
1991-03-03,0.0,0.0,0.0,0.0,0.0
1991-03-04,0.0,0.0,0.0,0.0,0.0
1991-03-05,0.0,0.0,0.0,0.0,0.0
1991-03-06,0.0,0.0,0.0,0.0,0.0
1991-03-07,0.0,0.0,0.0,0.0,0.0
1991-03-08,0.0,0.0,0.0,0.0,0.0
1991-03-09,0.0,0.0,0.0,0.0,0.0
1991-03-10,0.0,0.0,0.0,0.0,0.0
1991-03-11,0.0,0.0,0.0,0.0,0.0
1991-03-12,0.0,0.0,0.0,0.0,0.0
1991-03-13,0.0,0.0,0.0,0.0,0.0
1991-03-14,0.0,0.0,0.0,0.0,0.0
1991-03-15,0.0,0.0,0.0,0.0,0.0
1991-03-16,0.0,0.0,0.0,0.0,0.0
1991-03-17,0.0,0.0,0.0,0.0,0.0
1991-03-18,0.0,0.0,0.0,0.0,0.0
1991-03-19,0.0,0.0,0.0,0.0,0.0
1991-03-20,0.0,0.0,0.0,0.0,0.0
1991-03-21,0.0,0.0,0.0,0.0,0.0
1991-03-22,0.0,0.0,0.0,0.0,0.0
1991-03-23,0.0,0.0,0.0,0.0,0.0
1991-03-24,0.0,0.0,0.0,0.0,0.0
1991-03-25,0.0,0.0,0.0,0.0,0.0
1991-03-26,0.0,0.0,0.0,0.0,0.0
1991-03-27,0.0,0.0,0.0,0.0,0.0
1991-03-28,0.0,0.0,0.0,0.0,0.0
1991-03-29,0.0,0.0,0.0,0.0,0.0
1991-03-30,0.0,0.0,0.0,0.0,0.0
1991-03-31,0.0,0.0,0.0,0.0,0.0
1991-04-01,0.0,0.0,0.0,0.0,0.0
1991-04-02,0.0,0.0,0.0,0.0,0.0
1991-04-03,0.0,0.0,0.0,0.0,0.0
1991-04-04,0.0,0.0,0.0,0.0,0.0
1991-04-05,0.0,0.0,0.326,0.0,0.0815
1991-04-06,0.0,0.0,0.0,0.0,0.0
1991-04-07,0.9138,6.1439,0.0,0.1038,1.7904
1991-04-08,0.0,0.0,0.0,0.0,0.0
1991-04-09,0.0,0.0,0.0,0.0,0.0
1991-04-10,0.0,0.0,0.0,0.0,0.0
1991-04-11,0.0,0.0,0.0,0.0,0.0
1991-04-12,0.0,0.0,0.0,0.0,0.0
1991-04-13,0.0,0.0,0.0,0.0,0.0
1991-04-14,0.0,0.0,0.0,0.0,0.0
1991-04-15,0.0,0.0,0.0,0.0,0.0
1991-04-16,0.0,0.0,0.0,0.0,0.0
1991-04-17,0.0,0.0,0.0,0.0,0.0
1991-04-18,0.0,0.0,0.0,0.0,0.0
1991-04-19,0.0,0.0,0.0,0.0,0.0
1991-04-20,0.0,0.0,0.0,0.0,0.0
1991-04-21,0.0,0.0,0.0,0.0,0.0
1991-04-22,0.0,0.0,0.0,0.0,0.0
1991-04-23,0.0,0.0,0.0,0.0,0.0
1991-04-24,0.0,0.0,0.0,0.0,0.0
1991-04-25,0.0,0.0,0.0,0.0,0.0
1991-04-26,0.0,0.0,0.0,0.0,0.0
1991-04-27,0.0,0.0,0.0,0.0,0.0
1991-04-28,0.0,0.0,0.0,0.0,0.0
1991-04-29,0.0,0.0,0.0,0.0,0.0
1991-04-30,0.0,0.0,0.0,0.0,0.0
1991-05-01,0.0,0.0,0.0,0.0,0.0
1991-05-02,0.0,0.0,0.0,0.0,0.0
1991-05-03,0.0,0.0,0.0,0.0,0.0
1991-05-04,0.0,0.0,0.0,0.0,0.0
1991-05-05,0.0,0.0,0.0,0.0,0.0
1991-05-06,0.0,0.0,0.0,0.0,0.0
1991-05-07,0.0,0.0,0.0,0.0,0.0
1991-05-08,0.0,0.0,0.0,0.0,0.0
1991-05-09,0.0,0.0,0.0,0.0,0.0
1991-05-10,0.0,0.0,0.0,0.0,0.0
1991-05-11,0.0,0.0,0.0,0.0,0.0
1991-05-12,0.0,0.0,0.0,0.0,0.0
1991-05-13,0.0,0.0,0.0,0.0,0.0
1991-05-14,0.0,0.0,0.0,0.0,0.0
1991-05-15,0.0,0.0,0.0,0.0,0.0
1991-05-16,0.1431,0.0,0.4891,0.0,0.158
1991-05-17,0.0,0.0,0.0,0.0,0.0
1991-05-18,0.0,0.0,0.0,0.0,0.0
1991-05-19,0.0,0.0,0.0,0.0,0.0
1991-05-20,0.0,0.0,0.0,0.0,0.0
1991-05-21,0.0,0.0,0.0,0.0,0.0
1991-05-22,0.0,0.0,0.0,0.0,0.0
1991-05-23,0.0,0.0,0.0,0.0,0.0
1991-05-24,0.0,0.0,0.0,0.0,0.0
1991-05-25,0.0,0.0,0.0,0.0,0.0
1991-05-26,0.0,0.0,0.0,0.0,0.0
1991-05-27,0.0,0.0,0.0,0.0,0.0
1991-05-28,0.0,0.0,0.0,0.0,0.0
1991-05-29,0.0,0.0,0.0,0.0,0.0
1991-05-30,0.0,0.0,0.0,0.0,0.0
1991-05-31,0.0,0.0,0.0,0.0,0.0
1991-06-01,0.0,0.0,0.0,0.0,0.0
1991-06-02,0.0,0.0,0.0,0.0,0.0
1991-06-03,0.0,16.6657,0.0,0.2756,4.2353
1991-06-04,0.0,0.0,0.0,0.0,0.0
1991-06-05,0.0,0.4229,0.0,0.0,0.1057
1991-06-06,12.9919,35.1523,8.2533,14.1884,17.6465
1991-06-07,23.6597,88.1157,26.132,63.5417,50.3623
1991-06-08,110.5603,80.1966,74.3925,165.2764,107.6064
1991-06-09,385.9955,218.8538,318.91,110.6605,258.6049
1991-06-10,458.8531,296.3607,347.5511,18.3069,280.268
1991-06-11,2.433,3.0761,3.3446,11.6609,5.1287
1991-06-12,0.167,0.0,0.5706,0.0,0.1844
1991-06-13,0.0,0.0,0.0,0.0,0.0
1991-06-14,0.0,0.0,0.0,0.0,0.0
1991-06-15,0.0,0.0,0.0,0.0,0.0
1991-06-16,0.0,0.0,0.0,0.0,0.0
1991-06-17,0.0,1.92,0.163,0.0,0.5207
1991-06-18,14.2353,0.7827,6.5378,37.6274,14.7958
1991-06-19,9.5429,10.7142,16.2017,7.2713,10.9325
1991-06-20,8.0426,6.7674,20.7204,1.5518,9.2706
1991-06-21,7.7166,6.7352,3.0992,0.1701,4.4303
1991-06-22,0.0,70.0981,0.0,1.1802,17.8196
1991-06-23,1.2184,0.519,0.0,0.0,0.4344
1991-06-24,0.9376,1.489,1.6745,10.6326,3.6834
1991-06-25,0.6477,4.7999,0.6791,0.0,1.5317
1991-06-26,0.0,0.0,0.0,0.0,0.0
1991-06-27,0.0,0.0,0.0,0.0,0.0
1991-06-28,0.0,0.2582,6.5758,45.3389,13.0432
1991-06-29,2.9486,8.2681,11.774,54.2372,19.307
1991-06-30,12.3888,9.4181,15.7899,4.3573,10.4885
1991-07-01,3.2089,0.1727,9.0605,1.1732,3.4038
1991-07-02,23.2251,9.9946,38.8338,21.2412,23.3237
1991-07-03,22.6372,58.4979,34.4747,18.1097,33.4299
1991-07-04,4.1374,17.3499,23.6672,97.8761,35.7576
1991-07-05,41.8745,91.8264,55.3192,7.6055,49.1564
1991-07-06,1.5284,3.1018,1.6913,3.9321,2.5634
1991-07-07,1.6661,3.854,1.4185,5.8578,3.1991
1991-07-08,4.3385,12.5845,4.7612,3.2023,6.2216
1991-07-09,2.556,2.6548,1.1112,3.9039,2.5565
1991-07-10,31.5473,6.5094,12.8173,1.3234,13.0493
1991-07-11,0.967,3.3589,1.8183,3.9424,2.5217
1991-07-12,41.0738,5.066,48.9794,167.4196,65.6347
1991-07-13,156.8808,137.4101,121.1621,103.9251,129.8445
1991-07-14,65.6206,62.2225,55.5014,76.2562,64.9002
1991-07-15,56.9819,77.3232,47.3942,30.1845,52.971
1991-07-16,49.1584,111.6203,59.3798,59.8887,70.0118
1991-07-17,84.0803,94.4336,97.7608,89.3005,91.3938
1991-07-18,58.5226,75.6937,86.5767,23.3983,61.0478
1991-07-19,55.7774,93.5777,17.4678,21.1082,46.9828
1991-07-20,10.288,19.1328,13.5415,10.2139,13.2941
1991-07-21,15.0569,27.1263,14.9628,17.1162,18.5656
1991-07-22,14.4247,43.5403,14.0283,2.9701,18.7409
1991-07-23,3.6552,3.9679,2.3146,14.5185,6.114
1991-07-24,8.1929,5.4499,25.3741,5.4821,11.1248
1991-07-25,4.3357,6.8087,13.4408,43.639,17.056
1991-07-26,25.2755,53.5914,22.5631,61.9092,40.8348
1991-07-27,155.1263,99.3244,76.5115,68.5505,99.8782
1991-07-28,143.4132,249.8915,119.7234,41.4016,138.6074
1991-07-29,6.0877,25.1759,17.4169,16.1775,16.2145
1991-07-30,20.0683,49.6637,7.4901,13.4583,22.6701
1991-07-31,3.9687,14.4122,7.1018,5.1976,7.6701
1991-08-01,5.4954,12.3271,5.6701,5.1288,7.1553
1991-08-02,5.512,8.4225,4.8049,23.3083,10.5119
1991-08-03,7.5816,21.4645,8.756,9.2004,11.7506
1991-08-04,5.1477,7.3337,5.5289,6.9707,6.2453
1991-08-05,12.0911,15.978,5.7778,10.9483,11.1988
1991-08-06,10.733,13.1783,12.4421,25.474,15.4568
1991-08-07,19.7135,45.8403,23.7115,7.0683,24.0834
1991-08-08,5.4678,12.502,10.8879,31.2155,15.0183
1991-08-09,9.2713,12.635,16.2048,10.1881,12.0748
1991-08-10,2.1101,22.2976,3.4473,6.2104,8.5163
1991-08-11,7.7945,16.642,6.9263,9.0819,10.1112
1991-08-12,2.8457,8.2246,7.4958,6.0629,6.1572
1991-08-13,5.9293,15.4115,7.317,8.1001,9.1895
1991-08-14,29.8123,20.295,17.5177,13.2009,20.2065
1991-08-15,5.9733,18.1366,9.5613,12.0346,11.4264
1991-08-16,7.5578,15.4695,8.8144,10.0497,10.4728
1991-08-17,10.7225,26.952,23.8179,18.2951,19.9469
1991-08-18,3.8612,9.5246,10.7587,10.0138,8.5396
1991-08-19,9.44,13.5101,20.5979,18.9544,15.6256
1991-08-20,5.565,12.4825,12.0983,19.702,12.462
1991-08-21,20.7643,32.0217,14.5833,1.8153,17.2961
1991-08-22,6.5302,11.5659,10.234,15.7946,11.0312
1991-08-23,9.1431,26.4191,11.168,20.863,16.8983
1991-08-24,8.7937,38.4627,6.6446,10.3852,16.0715
1991-08-25,5.575,14.2589,10.8012,5.2804,8.9789
1991-08-26,3.8871,13.0073,5.496,1.3043,5.9237
1991-08-27,1.2184,1.3912,0.4917,2.9167,1.5045
1991-08-28,0.2147,0.1832,1.4331,4.8405,1.6679
1991-08-29,4.1175,5.8767,1.2846,0.1221,2.8502
1991-08-30,1.2184,0.1461,0.0,0.0,0.3411
1991-08-31,0.9779,0.1109,3.6217,2.0077,1.6795
1991-09-01,18.9902,16.3296,10.7106,12.9888,14.7548
1991-09-02,13.5357,15.6818,15.7572,5.4167,12.5978
1991-09-03,3.398,19.8484,7.9887,7.2459,9.6203
1991-09-04,4.0357,4.7115,7.0267,1.198,4.243
1991-09-05,2.5569,4.208,1.9731,1.0729,2.4527
1991-09-06,0.9394,0.0,3.1186,2.9571,1.7538
1991-09-07,2.7963,3.2461,4.0699,1.1032,2.8039
1991-09-08,0.2284,0.0,0.0,0.0,0.0571
1991-09-09,0.0,0.0,0.0,0.0,0.0
1991-09-10,0.5578,0.0,1.3947,0.0,0.4881
1991-09-11,0.0,0.0,0.326,0.0,0.0815
1991-09-12,0.0,0.0,0.0,0.0,0.0
1991-09-13,0.0,0.0,0.0,0.0,0.0
1991-09-14,0.0,0.0,0.0,0.0,0.0
1991-09-15,0.0,0.0,0.0,0.0,0.0
1991-09-16,0.0,0.0,0.0,0.0,0.0
1991-09-17,0.0,0.0,0.0,0.0,0.0
1991-09-18,0.0,0.2367,0.8395,5.788,1.7161
1991-09-19,0.477,10.1758,1.6302,0.2101,3.1233
1991-09-20,0.0,0.0,0.0,0.0,0.0
1991-09-21,0.0,0.0,0.2798,1.9293,0.5523
1991-09-22,6.4727,0.9765,0.8021,2.9102,2.7904
1991-09-23,0.0,0.0,0.0,0.0,0.0
1991-09-24,0.0,0.0,0.0,0.0,0.0
1991-09-25,0.0,0.0,0.163,0.0,0.0408
1991-09-26,0.0,0.1653,0.0,0.0,0.0413
1991-09-27,0.0,2.9552,0.8395,5.8366,2.4078
1991-09-28,0.0,0.0,0.0,0.0,0.0
1991-09-29,1.2184,0.0,0.0,0.0,0.3046
1991-09-30,2.056,18.2506,0.4013,2.2373,5.7363
1991-10-01,0.0,21.6956,0.0,0.3664,5.5155
1991-10-02,0.0,0.0,0.0,0.0,0.0
1991-10-03,0.0,0.0,0.0,0.0,0.0
1991-10-04,0.0,0.0,0.0,0.0,0.0
1991-10-05,0.0,0.0,0.0,0.0,0.0
1991-10-06,0.0,0.0,0.0,0.0,0.0
1991-10-07,0.0,0.0,0.0,0.0,0.0
1991-10-08,0.0,0.0,0.0,0.0,0.0
1991-10-09,0.0,0.0,0.0,0.0,0.0
1991-10-10,0.0,0.0,0.0,0.0,0.0
1991-10-11,0.0,0.0,0.0,0.0,0.0
1991-10-12,0.0,0.0,0.0,0.0,0.0
1991-10-13,0.0,0.0,0.0,0.0,0.0
1991-10-14,0.0,0.0,0.0,0.0,0.0
1991-10-15,0.0,0.0,0.0,0.0,0.0
1991-10-16,0.0,0.0,0.0,0.0,0.0
1991-10-17,1.6753,17.2797,0.0,0.2918,4.8117
1991-10-18,0.0,0.0,0.0,0.0,0.0
1991-10-19,0.0,0.0,0.0,0.0,0.0
1991-10-20,0.0,0.0,0.0,0.0,0.0
1991-10-21,0.0,0.0,0.0,0.0,0.0
1991-10-22,0.0,0.0,0.0,0.0,0.0
1991-10-23,0.0,0.0,0.0,0.0,0.0
1991-10-24,0.0,0.0,0.0,0.0,0.0
1991-10-25,0.0,0.0,0.0,0.0,0.0
1991-10-26,0.0,0.0,0.0,0.0,0.0
1991-10-27,0.0,0.0,0.0,0.0,0.0
1991-10-28,0.0,0.0,0.0,0.0,0.0
1991-10-29,0.0,0.0,0.0,0.0,0.0
1991-10-30,0.0,0.0,0.0,0.0,0.0
1991-10-31,0.0,0.0,0.0,0.0,0.0
1991-11-01,0.0,0.0,0.0,0.0,0.0
1991-11-02,0.0,0.0,0.0,0.0,0.0
1991-11-03,0.0,0.0,0.0,0.0,0.0
1991-11-04,0.0,0.0,0.0,0.0,0.0
1991-11-05,0.0,0.0,0.0,0.0,0.0
1991-11-06,0.0,0.0,0.0,0.0,0.0
1991-11-07,0.0,0.0,0.0,0.0,0.0
1991-11-08,0.0,0.0,0.0,0.0,0.0
1991-11-09,0.0,0.0,0.0,0.0,0.0
1991-11-10,0.0,0.0,0.0,0.0,0.0
1991-11-11,0.0,0.0,0.0,0.0,0.0
1991-11-12,0.0,0.0,0.0,0.0,0.0
1991-11-13,0.0,0.0,0.0,0.0,0.0
1991-11-14,0.0,0.0,0.0,0.0,0.0
1991-11-15,0.0,0.0,0.0,0.0,0.0
1991-11-16,0.0,0.0,0.0,0.0,0.0
1991-11-17,0.0,0.0,0.0,0.0,0.0
1991-11-18,1.0661,0.0,0.0,0.0,0.2665
1991-11-19,0.0,0.0,0.0,0.0,0.0
1991-11-20,0.0,0.0,0.0,0.0,0.0
1991-11-21,0.0,0.0,0.0,0.0,0.0
1991-11-22,0.0,0.0,0.0,0.0,0.0
1991-11-23,0.0,0.0,0.0,0.0,0.0
1991-11-24,0.0,0.0,0.0,0.0,0.0
1991-11-25,0.0,0.0,0.0,0.0,0.0
1991-11-26,0.0,0.0,0.0,0.0,0.0
1991-11-27,0.0,0.0,0.0,0.0,0.0
1991-11-28,0.0,0.0,0.0,0.0,0.0
1991-11-29,0.0,0.0,0.0,0.0,0.0
1991-11-30,0.0,0.0,0.0,0.0,0.0
1991-12-01,0.0,0.0,0.0,0.0,0.0
1991-12-02,0.0,0.0,0.0,0.0,0.0
1991-12-03,0.0,0.0,0.0,0.0,0.0
1991-12-04,0.0,0.0,0.0,0.0,0.0
1991-12-05,0.0,0.0,0.0,0.0,0.0
1991-12-06,0.0,0.0,0.0,0.0,0.0
1991-12-07,0.0,0.0,0.0,0.0,0.0
1991-12-08,0.0,0.0,0.0,0.0,0.0
1991-12-09,0.0,0.0,0.0,0.0,0.0
1991-12-10,0.0,0.0,0.0,0.0,0.0
1991-12-11,0.0,0.0,0.0,0.0,0.0
1991-12-12,0.0,0.0,0.0,0.0,0.0
1991-12-13,0.0,0.0,0.0,0.0,0.0
1991-12-14,0.0,0.0,0.0,0.0,0.0
1991-12-15,0.0,0.0,0.0,0.0,0.0
1991-12-16,0.0,0.0,0.0,0.0,0.0
1991-12-17,0.0,0.0,0.0,0.0,0.0
1991-12-18,0.0,0.0,0.0,0.0,0.0
1991-12-19,0.0,0.0,0.0,0.0,0.0
1991-12-20,0.0,0.0,0.0,0.0,0.0
1991-12-21,0.0,0.0,0.0,0.0,0.0
1991-12-22,0.0,0.0,0.0,0.0,0.0
1991-12-23,0.0,0.0,0.0,0.0,0.0
1991-12-24,0.0,0.0,0.0,0.0,0.0
1991-12-25,2.8072,0.0,6.0132,0.1396,2.24
1991-12-26,0.0,0.0,0.0,0.0,0.0
1991-12-27,0.0,0.0,0.0,0.0,0.0
1991-12-28,0.0,0.0,0.0,0.0,0.0
1991-12-29,0.0,0.0,0.0,0.0,0.0
1991-12-30,0.0,0.0,0.0,0.0,0.0
1991-12-31,0.0,0.0,0.0,0.0,0.0
1992-01-01,0.0,0.0,0.0,0.0,0.0
1992-01-02,0.0,0.0,0.0,0.0,0.0
1992-01-03,0.0,0.0,0.0,0.0,0.0
1992-01-04,0.0,0.0,0.0,0.0,0.0
1992-01-05,0.0,0.0,0.0,0.0,0.0
1992-01-06,0.0,0.0,0.0,0.0,0.0
1992-01-07,0.0,0.0,0.0,0.0,0.0
1992-01-08,0.0,0.0,0.0,0.0,0.0
1992-01-09,0.0,0.0,0.0,0.0,0.0
1992-01-10,0.0,0.0,0.0,0.0,0.0
1992-01-11,0.0,0.0,0.0,0.0,0.0
1992-01-12,0.0,0.0,0.0,0.0,0.0
1992-01-13,0.0,0.0,0.0,0.0,0.0
1992-01-14,0.0,0.0,0.0,0.0,0.0
1992-01-15,0.0,0.0,0.0,0.0,0.0
1992-01-16,0.0,0.0,0.0,0.0,0.0
1992-01-17,0.0,0.0,0.0,0.0,0.0
1992-01-18,0.0,0.0,0.0,0.0,0.0
1992-01-19,0.0,0.0,0.0,0.0,0.0
1992-01-20,0.0,0.0,0.0,0.0,0.0
1992-01-21,0.0,0.0,0.0,0.0,0.0
1992-01-22,0.0,0.0,0.0,0.0,0.0
1992-01-23,0.0,0.0,0.0,0.0,0.0
1992-01-24,0.0,0.0,0.0,0.0,0.0
1992-01-25,0.0,0.0,0.0,0.0,0.0
1992-01-26,0.0,0.0,0.0,0.0,0.0
1992-01-27,0.0,0.0,0.0,0.0,0.0
1992-01-28,0.0,0.0,0.0,0.0,0.0
1992-01-29,0.0,0.0,0.0,0.0,0.0
1992-01-30,0.0,0.0,0.0,0.0,0.0
1992-01-31,0.0,0.0,0.0,0.0,0.0
1992-02-01,0.0,0.0,0.0,0.0,0.0
1992-02-02,0.0,0.0,0.0,0.0,0.0
1992-02-03,0.0,0.0,0.0,0.0,0.0
1992-02-04,0.0,0.0,0.0,0.0,0.0
1992-02-05,0.0,0.0,0.0,0.0,0.0
1992-02-06,0.0,0.0,0.0,0.0,0.0
1992-02-07,0.0,0.0,0.0,0.0,0.0
1992-02-08,0.0,0.0,0.0,0.0,0.0
1992-02-09,0.0,0.0,0.0,0.0,0.0
1992-02-10,0.0,0.0,0.0,0.0,0.0
1992-02-11,0.0,0.0,0.0,0.0,0.0
1992-02-12,0.0,0.0,0.0,0.0,0.0
1992-02-13,0.0,0.0,0.0,0.0,0.0
1992-02-14,0.0,0.0,0.0,0.0,0.0
1992-02-15,0.0,0.0,0.0,0.0,0.0
1992-02-16,0.0,0.0,0.0,0.0,0.0
1992-02-17,0.0,0.0,0.0,0.0,0.0
1992-02-18,0.0,0.0,0.0,0.0,0.0
1992-02-19,0.0,0.0,0.0,0.0,0.0
1992-02-20,0.0,0.0,0.0,0.0,0.0
1992-02-21,0.0,0.0,0.0,0.0,0.0
1992-02-22,0.0,0.0,0.0,0.0,0.0
1992-02-23,0.0,0.0,0.0,0.0,0.0
1992-02-24,0.0,0.0,0.0,0.0,0.0
1992-02-25,0.0,0.0,0.0,0.0,0.0
1992-02-26,0.0,0.0,0.0,0.0,0.0
1992-02-27,0.0,0.0,0.0,0.0,0.0
1992-02-28,0.0,0.0,0.0,0.0,0.0
1992-02-29,0.0,0.0,0.0,0.0,0.0
1992-03-01,0.0,0.0,0.0,0.0,0.0
1992-03-02,0.0,0.0,0.0,0.0,0.0
1992-03-03,0.0,0.0,0.0,0.0,0.0
1992-03-04,0.0,0.0,0.0,0.0,0.0
1992-03-05,0.0,0.0,0.0,0.0,0.0
1992-03-06,0.0,0.0,0.0,0.0,0.0
1992-03-07,0.0,0.0,0.0,0.0,0.0
1992-03-08,0.0,0.0,0.0,0.0,0.0
1992-03-09,0.0,0.0,0.0,0.0,0.0
1992-03-10,0.0,0.0,0.0,0.0,0.0
1992-03-11,0.0,0.0,0.0,0.0,0.0
1992-03-12,0.0,0.0,0.0,0.0,0.0
1992-03-13,0.0,0.0,0.0,0.0,0.0
1992-03-14,0.0,0.0,0.0,0.0,0.0
1992-03-15,0.0,0.0,0.0,0.0,0.0
1992-03-16,0.0,0.0,0.0,0.0,0.0
1992-03-17,0.0,0.0,0.0,0.0,0.0
1992-03-18,0.0,0.0,0.0,0.0,0.0
1992-03-19,0.0,0.0,0.0,0.0,0.0
1992-03-20,0.0,0.0,0.0,0.0,0.0
1992-03-21,0.0,0.0,0.0,0.0,0.0
1992-03-22,0.0,0.0,0.0,0.0,0.0
1992-03-23,0.0,0.0,0.0,0.0,0.0
1992-03-24,0.0,0.0,0.0,0.0,0.0
1992-03-25,0.0,0.0,0.0,0.0,0.0
1992-03-26,0.0,0.0,0.0,0.0,0.0
1992-03-27,0.0,0.0,0.0,0.0,0.0
1992-03-28,0.0,0.0,0.0,0.0,0.0
1992-03-29,0.0,0.0,0.0,0.0,0.0
1992-03-30,0.0,0.0,0.0,0.0,0.0
1992-03-31,0.0,0.0,0.0,0.0,0.0
1992-04-01,0.0,0.0,0.0,0.0,0.0
1992-04-02,0.0,0.0,0.0,0.0,0.0
1992-04-03,0.0,0.0,0.0,0.0,0.0
1992-04-04,0.0,0.0,0.0,0.0,0.0
1992-04-05,0.0,0.0,0.0,0.0,0.0
1992-04-06,0.0,0.0,0.0,0.0,0.0
1992-04-07,0.0,0.0,0.0,0.0,0.0
1992-04-08,0.0,0.0,0.0,0.0,0.0
1992-04-09,0.0,0.0,0.0,0.0,0.0
1992-04-10,0.0,0.0,0.0,0.0,0.0
1992-04-11,0.0,0.0,0.0,0.0,0.0
1992-04-12,0.0,0.0,0.0,0.0,0.0
1992-04-13,0.0,0.0,0.0,0.0,0.0
1992-04-14,0.0,0.0,0.0,0.0,0.0
1992-04-15,0.0,0.0,0.0,0.0,0.0
1992-04-16,0.0,0.0,0.0,0.0,0.0
1992-04-17,0.0,0.0,0.0,0.0,0.0
1992-04-18,0.0,0.0,0.0,0.0,0.0
1992-04-19,0.0,0.0,0.0,0.0,0.0
1992-04-20,0.0,0.0,0.0,0.0,0.0
1992-04-21,0.0,0.0,0.0,0.0,0.0
1992-04-22,0.0,0.0,0.0,0.0,0.0
1992-04-23,0.0,0.0,0.0,0.0,0.0
1992-04-24,0.0,0.0,0.0,0.0,0.0
1992-04-25,0.0,0.0,0.0,0.0,0.0
1992-04-26,0.0,0.0,0.0,0.0,0.0
1992-04-27,0.0,0.0,0.0,0.0,0.0
1992-04-28,0.0,0.0,0.0,0.0,0.0
1992-04-29,0.0,0.0,0.0,0.0,0.0
1992-04-30,0.0,0.0,0.0,0.0,0.0
1992-05-01,0.0,0.0,0.0,0.0,0.0
1992-05-02,0.0,0.0,0.0,0.0,0.0
1992-05-03,0.0,0.0,0.0,0.0,0.0
1992-05-04,0.0,0.0,0.0,0.0,0.0
1992-05-05,0.0,0.0,0.0,0.0,0.0
1992-05-06,0.0,0.0,0.0,0.0,0.0
1992-05-07,0.0,0.0,0.0,0.0,0.0
1992-05-08,0.0,0.0,0.0,0.0,0.0
1992-05-09,0.0,0.0,0.0,0.0,0.0
1992-05-10,0.0,0.0,0.0,0.0,0.0
1992-05-11,0.0,0.0,0.0,0.0,0.0
1992-05-12,0.0,0.0,0.0,0.0,0.0
1992-05-13,0.0,0.0,0.0,0.0,0.0
1992-05-14,0.0,0.0,0.0,0.0,0.0
1992-05-15,0.0,0.0,0.0,0.0,0.0
1992-05-16,0.0,0.0,0.0,0.0,0.0
1992-05-17,0.0,0.0,0.0,0.0,0.0
1992-05-18,0.0,0.0,0.0,0.0,0.0
1992-05-19,0.0,0.0,0.0,0.0,0.0
1992-05-20,0.0,0.0,0.0,0.0,0.0
1992-05-21,0.0,0.0,0.0,0.0,0.0
1992-05-22,0.0,0.0,0.0,0.0,0.0
1992-05-23,0.0,0.0,0.0,0.0,0.0
1992-05-24,0.0,0.0,0.0,0.0,0.0
1992-05-25,0.0,0.0,0.0,0.0,0.0
1992-05-26,0.0,0.0,0.0,0.0,0.0
1992-05-27,0.0,0.0,0.0,0.0,0.0
1992-05-28,0.0,0.0,0.0,0.0,0.0
1992-05-29,0.0,0.0,0.0,0.0,0.0
1992-05-30,0.0,0.0,0.0,0.0,0.0
1992-05-31,0.0,0.0,0.0,0.0,0.0
1992-06-01,0.0,0.0,0.0,0.0,0.0
1992-06-02,0.0,0.0,0.0,0.0,0.0
1992-06-03,0.0,0.0,0.0,0.0,0.0
1992-06-04,0.0,0.0,0.0,0.0,0.0
1992-06-05,0.0,0.0,0.0,0.0,0.0
1992-06-06,0.0,0.0,0.0,0.0,0.0
1992-06-07,0.0,0.0,0.0,0.0,0.0
1992-06-08,0.0,0.0,0.0,0.0,0.0
1992-06-09,0.0,0.0,0.0,0.0,0.0
1992-06-10,0.0,0.0,0.0,0.0,0.0
1992-06-11,0.0,0.0,0.0,0.0,0.0
1992-06-12,0.0,0.0,0.0,0.0,0.0
1992-06-13,0.0,0.0,0.0,0.0,0.0
1992-06-14,0.0,0.0,0.0,0.0,0.0
1992-06-15,0.0,0.0,0.0,0.0,0.0
1992-06-16,0.5523,2.4809,1.2202,0.0,1.0634
1992-06-17,0.7615,7.8303,1.0781,0.0,2.4175
1992-06-18,0.0,1.3824,0.0,0.8813,0.5659
1992-06-19,0.4569,0.0,6.489,33.6659,10.153
1992-06-20,24.0021,24.0731,22.0711,33.112,25.8146
1992-06-21,7.7707,8.9855,18.93,26.1022,15.4471
1992-06-22,10.0032,25.9489,30.8331,109.346,44.0328
1992-06-23,41.7766,107.8782,20.8933,5.7079,44.064
1992-06-24,23.3764,7.587,5.9745,0.1983,9.2841
1992-06-25,0.1477,3.5575,0.3179,0.9852,1.2521
1992-06-26,0.944,1.4357,1.4991,2.9059,1.6962
1992-06-27,2.8284,1.332,3.3969,1.1218,2.1698
1992-06-28,1.9147,4.8532,1.2725,2.0579,2.5246
1992-06-29,7.9643,2.7216,4.2526,6.3878,5.3316
1992-06-30,2.9368,2.4186,2.6399,0.9065,2.2254
1992-07-01,8.4037,0.708,2.3096,0.0,2.8553
1992-07-02,0.0,0.0,0.0,0.0,0.0
1992-07-03,0.5247,0.0,0.7817,0.0,0.3266
1992-07-04,0.0,0.0,0.0,1.763,0.4407
1992-07-05,0.0,0.0,1.0781,0.0,0.2695
1992-07-06,0.0,13.5551,1.0886,0.9175,3.8903
1992-07-07,1.8184,5.4393,1.3335,0.1347,2.1815
1992-07-08,2.7952,7.9165,21.6899,5.1509,9.3881
1992-07-09,16.8526,20.1175,26.478,0.1087,15.8892
1992-07-10,6.1647,5.7299,7.7867,3.875,5.8891
1992-07-11,0.0,0.5221,3.4666,1.1373,1.2815
1992-07-12,9.0593,21.2269,20.9642,0.9087,13.0398
1992-07-13,7.9552,1.2675,1.7392,0.6893,2.9128
1992-07-14,0.0,6.2896,8.6351,33.379,12.0759
1992-07-15,9.5543,0.4071,10.6801,3.7058,6.0868
1992-07-16,33.5694,8.1729,31.0918,13.3596,21.5484
1992-07-17,84.4688,34.1665,67.5443,111.709,74.4721
1992-07-18,159.5144,93.4178,87.2971,60.5279,100.1893
1992-07-19,58.7758,57.3477,59.3692,37.042,53.1337
1992-07-20,33.694,45.4136,30.3363,24.7974,33.5603
1992-07-21,7.2667,23.3276,16.5959,14.73,15.4801
1992-07-22,15.8609,17.7398,9.3718,34.569,19.3854
1992-07-23,14.7822,40.1074,19.7398,16.651,22.8201
1992-07-24,9.0006,22.7028,15.4342,28.8836,19.0053
1992-07-25,9.8632,77.6734,8.9255,3.1036,24.8914
1992-07-26,5.5689,9.6024,3.8956,2.8206,5.4719
1992-07-27,7.7543,9.2819,6.4467,15.7161,9.7997
1992-07-28,2.8044,4.044,14.068,12.4593,8.3439
1992-07-29,4.6477,11.0679,14.2713,6.0247,9.0029
1992-07-30,8.2277,2.5027,15.0403,28.8098,13.6451
1992-07-31,2.7164,15.7044,2.7677,4.6323,6.4552
1992-08-01,2.9466,5.031,5.2997,4.7182,4.4989
1992-08-02,9.6534,22.6237,53.3107,22.4592,27.0117
1992-08-03,18.9697,61.1105,34.5784,25.9924,35.1628
1992-08-04,23.9543,6.8832,35.8245,50.6275,29.3224
1992-08-05,87.3114,10.6971,47.0883,1.0495,36.5366
1992-08-06,4.6963,0.2032,7.746,0.0,3.1614
1992-08-07,1.1925,0.1291,3.531,8.6112,3.3659
1992-08-08,2.1265,23.7411,4.3365,20.5429,12.6867
1992-08-09,4.4267,9.8757,9.6766,13.6434,9.4056
1992-08-10,4.7595,17.9148,27.6253,61.9295,28.0573
1992-08-11,29.5882,80.5048,161.6472,170.6633,110.6009
1992-08-12,184.5596,202.53,142.2396,171.6356,175.2412
1992-08-13,42.1531,83.283,86.8615,221.9263,108.556
1992-08-14,27.9702,123.3589,60.9943,114.681,81.7511
1992-08-15,44.3472,148.3341,34.5603,50.3021,69.3859
1992-08-16,25.4954,42.0326,54.2942,125.4892,61.8278
1992-08-17,67.0441,73.3438,79.4886,48.5902,67.1167
1992-08-18,60.6773,91.2211,23.559,8.8,46.0644
1992-08-19,2.7871,4.6131,5.8992,3.1911,4.1226
1992-08-20,2.1239,7.9684,9.3846,6.2897,6.4417
1992-08-21,5.9788,10.0532,6.9408,2.2996,6.3181
1992-08-22,3.8184,3.6892,2.2238,3.254,3.2464
1992-08-23,0.2761,3.6442,1.6882,0.0,1.4021
1992-08-24,0.0,0.0,1.1729,0.1266,0.3249
1992-08-25,0.1431,2.2245,2.2529,2.9852,1.9014
1992-08-26,2.1716,9.4948,5.4712,10.1819,6.8299
1992-08-27,10.0342,17.3092,26.9092,25.5389,19.9479
1992-08-28,43.5545,42.7423,17.7939,5.6015,27.423
1992-08-29,6.4825,16.3553,5.4923,6.2131,8.6358
1992-08-30,0.4569,10.2529,9.9453,2.6673,5.8306
1992-08-31,5.8998,14.6104,14.0706,6.386,10.2417
1992-09-01,14.8534,15.8787,24.2226,10.4871,16.3605
1992-09-02,18.523,23.2625,84.6582,194.0722,80.129
1992-09-03,103.8444,186.5453,59.7374,22.1923,93.0798
1992-09-04,6.965,16.4966,18.2585,3.0945,11.2036
1992-09-05,26.9435,31.3886,26.6551,34.495,29.8706
1992-09-06,8.4914,16.7113,11.5282,15.5202,13.0628
1992-09-07,4.423,8.1695,11.0497,8.1937,7.959
1992-09-08,2.9871,38.5573,1.9543,30.1603,18.4147
1992-09-09,0.0,0.0,0.0,0.0,0.0
1992-09-10,0.0,0.0,0.0,0.0,0.0
1992-09-11,0.0,0.0,0.0,0.0,0.0
1992-09-12,0.0,0.0,1.6171,0.0,0.4043
1992-09-13,0.0,3.548,7.0924,5.7885,4.1072
1992-09-14,12.8655,13.0404,0.9921,3.5348,7.6082
1992-09-15,3.5676,0.9984,7.4476,0.0,3.0034
1992-09-16,0.0,0.0,0.0,0.0,0.0
1992-09-17,0.3046,0.0,6.0667,0.0,1.5928
1992-09-18,3.3374,0.0,4.9362,4.5549,3.2071
1992-09-19,0.0,0.9611,0.0,0.0,0.2403
1992-09-20,0.0,0.0,0.0,0.0,0.0
1992-09-21,0.0,0.2691,0.0,0.0,0.0673
1992-09-22,0.0,0.0,0.0,0.0,0.0
1992-09-23,0.0,0.0,0.0,0.0,0.0
1992-09-24,0.0,0.0,0.0,0.0,0.0
1992-09-25,0.0,0.0,0.0,0.0,0.0
1992-09-26,0.0,0.0,0.0,0.0,0.0
1992-09-27,0.0,0.0,0.0,0.0,0.0
1992-09-28,0.0,0.346,5.1673,52.5165,14.5075
1992-09-29,16.4485,31.9981,35.7102,46.4482,32.6513
1992-09-30,62.5938,62.6838,11.0459,0.1964,34.13
1992-10-01,38.7432,3.233,1.5634,0.0,10.8849
1992-10-02,0.2284,22.6166,0.0,0.0,5.7112
1992-10-03,15.2075,17.3348,4.0507,0.9352,9.382
1992-10-04,6.1326,39.9286,15.4346,0.0,15.374
1992-10-05,0.0,0.0,1.6171,0.4128,0.5075
1992-10-06,0.5954,4.2349,0.3198,5.4831,2.6583
1992-10-07,0.3807,0.0,0.0,0.0,0.0952
1992-10-08,0.0,0.0,0.0,0.0,0.0
1992-10-09,0.0,0.0,0.0,0.0,0.0
1992-10-10,0.0,0.0,0.0,5.4477,1.3619
1992-10-11,0.3807,0.0,0.0,0.0,0.0952
1992-10-12,0.0,0.0,0.0,0.0,0.0
1992-10-13,0.0,0.0,0.0,0.0,0.0
1992-10-14,0.0,0.0,0.0,0.0,0.0
1992-10-15,0.0,0.0,0.0,0.0,0.0
1992-10-16,0.0,0.0,0.0,0.0,0.0
1992-10-17,0.0,0.0,0.0,0.0,0.0
1992-10-18,0.9138,0.0,0.0,0.0,0.2284
1992-10-19,0.0,0.0,0.0,0.0,0.0
1992-10-20,0.0,0.0,0.0,0.0,0.0
1992-10-21,0.0,0.0,0.0,0.0,0.0
1992-10-22,0.0,0.0,0.0,0.0,0.0
1992-10-23,0.0,0.0,0.0,0.0,0.0
1992-10-24,0.0,0.0,0.0,0.0,0.0
1992-10-25,0.0,0.0,0.0,0.0,0.0
1992-10-26,0.0,0.0,0.0,0.0,0.0
1992-10-27,0.0,0.0,0.0,0.0,0.0
1992-10-28,0.0,0.0,0.0,0.0,0.0
1992-10-29,0.0,0.0,0.0,0.0,0.0
1992-10-30,0.0,0.0,0.0,0.0,0.0
1992-10-31,0.0,0.0,0.0,0.0,0.0
1992-11-01,0.0,0.0,0.0,0.0,0.0
1992-11-02,0.0,0.0,0.0,0.0,0.0
1992-11-03,0.0,0.0,0.0,0.0,0.0
1992-11-04,0.0,0.0,0.0,0.0,0.0
1992-11-05,0.0,0.0,0.0,0.0,0.0
1992-11-06,0.0,0.0,0.0,0.0,0.0
1992-11-07,0.0,0.0,0.0,0.0,0.0
1992-11-08,0.0,0.0,0.0,0.0,0.0
1992-11-09,0.0,0.0,0.0,0.0,0.0
1992-11-10,0.0,0.0,0.0,0.0,0.0
1992-11-11,0.0,0.0,0.0,0.0,0.0
1992-11-12,0.0,0.0,0.0,0.0,0.0
1992-11-13,0.0,0.0,0.0,0.0,0.0
1992-11-14,0.0,0.0,0.0,0.0,0.0
1992-11-15,0.0,0.0,0.0,0.0,0.0
1992-11-16,0.0,0.0,0.0,0.0,0.0
1992-11-17,0.0,0.0,0.0,0.0,0.0
1992-11-18,0.0,0.0,0.0,0.0,0.0
1992-11-19,0.0,0.0,0.0,0.0,0.0
1992-11-20,0.0,0.0,0.0,0.0,0.0
1992-11-21,0.0,0.0,0.0,0.0,0.0
1992-11-22,0.0,0.0,0.0,0.0,0.0
1992-11-23,0.0,0.0,0.0,0.0,0.0
1992-11-24,0.0,0.0,0.0,0.0,0.0
1992-11-25,0.0,0.0,0.0,0.0,0.0
1992-11-26,0.0,0.0,0.0,0.0,0.0
1992-11-27,0.0,0.0,0.0,0.0,0.0
1992-11-28,0.0,0.0,0.0,0.0,0.0
1992-11-29,0.0,0.0,0.0,0.0,0.0
1992-11-30,0.0,0.0,0.0,0.0,0.0
1992-12-01,0.0,0.0,0.0,0.0,0.0
1992-12-02,0.0,0.0,0.0,0.0,0.0
1992-12-03,0.0,0.0,0.0,0.0,0.0
1992-12-04,0.0,0.0,0.0,0.0,0.0
1992-12-05,0.0,0.0,0.0,0.0,0.0
1992-12-06,0.0,0.0,0.0,0.0,0.0
1992-12-07,0.0,0.0,0.0,0.0,0.0
1992-12-08,0.0,0.0,0.0,0.0,0.0
1992-12-09,0.0,0.0,0.0,0.0,0.0
1992-12-10,0.0,0.0,0.0,0.0,0.0
1992-12-11,0.0,0.0,0.0,0.0,0.0
1992-12-12,0.0,0.0,0.0,0.0,0.0
1992-12-13,0.0,0.0,0.0,0.0,0.0
1992-12-14,0.0,0.0,0.0,0.0,0.0
1992-12-15,0.0,0.0,0.0,0.0,0.0
1992-12-16,0.0,0.0,0.0,0.0,0.0
1992-12-17,0.0,0.0,0.0,0.0,0.0
1992-12-18,0.0,0.0,0.0,0.0,0.0
1992-12-19,0.0,0.0,0.0,0.0,0.0
1992-12-20,0.0,0.0,0.0,0.0,0.0
1992-12-21,0.0,0.0,0.0,0.0,0.0
1992-12-22,0.0,0.0,0.0,0.0,0.0
1992-12-23,0.0,0.0,0.0,0.0,0.0
1992-12-24,0.0,0.0,0.0,0.0,0.0
1992-12-25,0.0,0.0,0.0,0.0,0.0
1992-12-26,0.0,0.0,0.0,0.0,0.0
1992-12-27,0.0,0.0,0.0,0.0,0.0
1992-12-28,0.0,0.0,0.0,0.0,0.0
1992-12-29,0.0,0.0,0.0,0.0,0.0
1992-12-30,0.0,0.0,0.0,0.0,0.0
1992-12-31,0.0,0.0,0.0,0.0,0.0
1993-01-01,0.0,0.0,0.0,0.0,0.0
1993-01-02,0.0,0.0,0.0,0.0,0.0
1993-01-03,0.0,0.0,0.0,0.0,0.0
1993-01-04,0.0,0.0,0.0,0.0,0.0
1993-01-05,0.0,0.0,0.0,0.0,0.0
1993-01-06,0.0,0.0,0.0,0.0,0.0
1993-01-07,0.0,0.0,0.0,0.0,0.0
1993-01-08,0.0,0.0,0.0,0.0,0.0
1993-01-09,0.0,0.0,0.0,0.0,0.0
1993-01-10,0.0,0.0,0.0,0.0,0.0
1993-01-11,0.0,0.0,0.0,0.0,0.0
1993-01-12,0.0,0.0,0.0,0.0,0.0
1993-01-13,0.0,0.0,0.0,0.0,0.0
1993-01-14,0.0,0.0,0.0,0.0,0.0
1993-01-15,0.0,0.0,0.0,0.0,0.0
1993-01-16,0.0,0.0,0.0,0.0,0.0
1993-01-17,0.0,0.0,0.0,0.0,0.0
1993-01-18,0.0,0.0,0.0,0.0,0.0
1993-01-19,0.0,0.0,0.0,0.0,0.0
1993-01-20,0.0,0.0,0.0,0.0,0.0
1993-01-21,0.0,0.0,0.0,0.0,0.0
1993-01-22,0.0,0.0,0.0,0.0,0.0
1993-01-23,0.0,0.0,0.0,0.0,0.0
1993-01-24,0.0,0.0,0.0,0.0,0.0
1993-01-25,0.0,0.0,0.0,0.0,0.0
1993-01-26,0.0,0.0,0.0,0.0,0.0
1993-01-27,0.0,0.0,0.0,0.0,0.0
1993-01-28,0.0,0.0,0.0,0.0,0.0
1993-01-29,0.0,0.0,0.0,0.0,0.0
1993-01-30,0.0,0.0,0.0,0.0,0.0
1993-01-31,0.0,0.0,0.0,0.0,0.0
1993-02-01,0.0,0.0,0.0,0.0,0.0
1993-02-02,0.0,0.0,0.0,0.0,0.0
1993-02-03,0.0,0.0,0.0,0.0,0.0
1993-02-04,0.0,0.0,0.0,0.0,0.0
1993-02-05,0.0,0.0,0.0,0.0,0.0
1993-02-06,0.0,0.0,0.0,0.0,0.0
1993-02-07,0.0,0.0,0.0,0.0,0.0
1993-02-08,0.0,0.0,0.0,0.0,0.0
1993-02-09,0.0,0.0,0.0,0.0,0.0
1993-02-10,0.0,0.0,0.0,0.0,0.0
1993-02-11,0.0,0.0,0.0,0.0,0.0
1993-02-12,0.0,0.0,0.0,0.0,0.0
1993-02-13,0.0,0.0,0.0,0.0,0.0
1993-02-14,0.0,0.0,0.0,0.0,0.0
1993-02-15,0.0,0.0,0.0,0.0,0.0
1993-02-16,0.0,0.0,0.0,0.0,0.0
1993-02-17,0.0,0.0,0.0,0.0,0.0
1993-02-18,0.0,0.0,0.0,0.0,0.0
1993-02-19,0.0,0.0,0.0,0.0,0.0
1993-02-20,0.0,0.0,0.0,0.0,0.0
1993-02-21,0.0,0.0,0.0,0.0,0.0
1993-02-22,0.0,0.0,0.0,0.0,0.0
1993-02-23,0.0,0.0,0.0,0.0,0.0
1993-02-24,0.0,0.0,0.0,0.0,0.0
1993-02-25,0.0,0.0,0.0,0.0,0.0
1993-02-26,0.0,0.0,0.0,0.0,0.0
1993-02-27,0.0,0.0,0.0,0.0,0.0
1993-02-28,0.0,0.0,0.0,0.0,0.0
1993-03-01,0.0,0.0,0.0,0.0,0.0
1993-03-02,0.0,0.0,0.0,0.0,0.0
1993-03-03,0.0,0.0,0.0,0.0,0.0
1993-03-04,0.0,0.0,0.0,0.0,0.0
1993-03-05,0.0,0.0,0.0,0.0,0.0
1993-03-06,0.0,0.0,0.0,0.0,0.0
1993-03-07,0.0,0.0,0.0,0.0,0.0
1993-03-08,0.0,0.0,0.0,0.0,0.0
1993-03-09,0.0,0.0,0.0,0.0,0.0
1993-03-10,0.0,0.0,0.0,0.0,0.0
1993-03-11,0.0,0.0,0.0,0.0,0.0
1993-03-12,0.0,0.0,0.0,0.0,0.0
1993-03-13,0.0,0.0,0.0,0.0,0.0
1993-03-14,0.0,0.0,0.0,0.0,0.0
1993-03-15,0.0,0.0,0.0,0.0,0.0
1993-03-16,0.0,0.0,0.0,0.0,0.0
1993-03-17,0.0,0.0,0.0,0.0,0.0
1993-03-18,0.0,0.0,0.0,0.0,0.0
1993-03-19,0.0,0.0,0.0,0.0,0.0
1993-03-20,0.0,0.0,0.0,0.0,0.0
1993-03-21,0.0,0.0,0.0,0.0,0.0
1993-03-22,0.0,0.0,0.0,0.0,0.0
1993-03-23,0.0,0.0,0.0,0.0,0.0
1993-03-24,0.0,0.0,0.0,0.0,0.0
1993-03-25,0.0,0.0,0.0,0.0,0.0
1993-03-26,0.0,0.0,0.0,0.0,0.0
1993-03-27,0.0,0.0,0.0,0.0,0.0
1993-03-28,0.0,0.0,0.0,0.0,0.0
1993-03-29,0.0,0.0,0.0,0.0,0.0
1993-03-30,0.0,0.0,0.0,0.0,0.0
1993-03-31,0.0,0.0,0.0,0.0,0.0
1993-04-01,0.0,0.0,0.0,0.0,0.0
1993-04-02,0.0,0.0,0.0,0.0,0.0
1993-04-03,0.0,0.0,0.0,0.0,0.0
1993-04-04,0.0,0.0,0.0,0.0,0.0
1993-04-05,0.0,0.0,0.0,0.0,0.0
1993-04-06,0.0,0.0,0.0,0.0,0.0
1993-04-07,0.0,0.0,0.0,0.0,0.0
1993-04-08,0.0,0.0,0.0,0.0,0.0
1993-04-09,0.0,0.0,0.0,0.0,0.0
1993-04-10,0.0,0.0,0.0,0.0,0.0
1993-04-11,0.0,0.0,0.0,0.0,0.0
1993-04-12,0.0,0.0,0.0,0.0,0.0
1993-04-13,0.0,0.0,0.0,0.0,0.0
1993-04-14,0.0,0.0,0.0,0.0,0.0
1993-04-15,0.0,0.0,0.0,0.0,0.0
1993-04-16,0.0,0.0,0.0,0.0,0.0
1993-04-17,0.0,0.0,0.0,0.0,0.0
1993-04-18,0.0,0.0,0.0,0.0,0.0
1993-04-19,0.0,0.0,0.0,0.0,0.0
1993-04-20,0.0,0.0,0.0,0.0,0.0
1993-04-21,0.0,0.0,0.0,0.0,0.0
1993-04-22,0.0,0.0,0.0,0.0,0.0
1993-04-23,0.0,0.0,0.0,0.0,0.0
1993-04-24,0.0,0.0,0.0,0.0,0.0
1993-04-25,0.0,0.0,0.0,0.0,0.0
1993-04-26,0.0,0.0,0.0,0.0,0.0
1993-04-27,0.0,0.0,0.0,0.0,0.0
1993-04-28,0.0,0.0,0.0,0.0,0.0
1993-04-29,0.0,0.0,0.0,0.0,0.0
1993-04-30,0.0,0.0,0.0,0.0,0.0
1993-05-01,0.0,0.0,0.0,0.0,0.0
1993-05-02,0.0,0.0,0.0,0.0,0.0
1993-05-03,0.0,0.0,0.0,0.0,0.0
1993-05-04,0.0,0.0,0.0,0.0,0.0
1993-05-05,0.0,0.0,0.0,0.0,0.0
1993-05-06,0.0,0.0,0.0,0.0,0.0
1993-05-07,0.0,0.0,0.0,0.0,0.0
1993-05-08,0.0,0.0,0.0,0.0,0.0
1993-05-09,0.0,0.0,0.0,0.0,0.0
1993-05-10,0.0,0.0,0.0,0.0,0.0
1993-05-11,0.0,0.0,0.0,0.0,0.0
1993-05-12,0.0,0.0,0.0,0.0,0.0
1993-05-13,0.0,0.0,0.0,0.0,0.0
1993-05-14,0.0,0.0,0.0,0.0,0.0
1993-05-15,0.0,0.0,0.0,0.0,0.0
1993-05-16,0.0,0.0,0.0,0.0,0.0
1993-05-17,0.0,0.0,0.0,0.0,0.0
1993-05-18,0.0,0.0,0.0,0.0,0.0
1993-05-19,0.0,0.0,0.0,0.0,0.0
1993-05-20,0.0,0.0,0.0,0.0,0.0
1993-05-21,0.0,0.0,0.0,0.0,0.0
1993-05-22,0.0,0.0,0.0,0.0,0.0
1993-05-23,3.8075,0.0,0.0,0.0,0.9519
1993-05-24,0.0,0.0,0.0,0.0,0.0
1993-05-25,0.0,0.0,0.0,0.0,0.0
1993-05-26,0.0,0.0,0.0,0.0,0.0
1993-05-27,0.0,0.0,0.0,0.0,0.0
1993-05-28,0.0,0.0,0.0,0.0,0.0
1993-05-29,0.0,0.0,0.0,0.0,0.0
1993-05-30,0.0,0.0,0.0,0.0,0.0
1993-05-31,0.0,0.0,0.0,0.0,0.0
1993-06-01,0.0,0.0,0.0,0.0,0.0
1993-06-02,0.0,0.0,0.0,0.0,0.0
1993-06-03,0.0,0.0,0.0,0.0,0.0
1993-06-04,0.0,0.0,0.0,0.0,0.0
1993-06-05,0.0,0.0,0.0,0.0,0.0
1993-06-06,0.0,0.0,0.0,0.0,0.0
1993-06-07,0.0,0.0,0.0,0.0,0.0
1993-06-08,2.4276,1.4548,0.4245,0.2373,1.1361
1993-06-09,1.5092,2.3918,1.1758,3.7658,2.2106
1993-06-10,0.867,8.6942,9.7558,2.3771,5.4235
1993-06-11,2.821,22.1843,4.5673,3.0466,8.1548
1993-06-12,0.4,1.2307,0.8925,1.7869,1.0775
1993-06-13,6.2442,0.1224,52.601,3.2626,15.5575
1993-06-14,82.1405,35.1775,37.3143,11.8502,41.6206
1993-06-15,105.0196,27.6708,52.1089,14.0783,49.7194
1993-06-16,45.4954,40.0624,23.5441,64.4787,43.3952
1993-06-17,20.6696,42.9485,30.4287,26.483,30.1324
1993-06-18,84.3812,91.0656,33.3834,46.6629,63.8733
1993-06-19,40.1158,51.4586,12.8668,18.8249,30.8165
1993-06-20,0.0,0.2607,0.0,0.198,0.1147
1993-06-21,0.7615,0.6183,1.0992,0.8999,0.8447
1993-06-22,0.0,1.5966,0.2219,0.4328,0.5628
1993-06-23,0.0,0.1538,0.6447,0.1467,0.2363
1993-06-24,0.0,2.1297,15.8874,1.0777,4.7737
1993-06-25,30.4333,77.4125,12.672,121.3672,60.4712
1993-06-26,7.3251,31.8857,10.5208,61.6372,27.8422
1993-06-27,0.2284,2.0016,0.4648,2.0692,1.191
1993-06-28,0.1908,0.0,0.6223,1.8445,0.6644
1993-06-29,0.8092,0.1634,3.3898,0.0,1.0906
1993-06-30,1.1138,0.0,0.0,0.0,0.2784
1993-07-01,0.0,6.1631,0.0,0.0,1.5408
1993-07-02,10.1635,0.4613,1.5279,0.0,3.0382
1993-07-03,12.814,29.3424,1.5538,5.8963,12.4016
1993-07-04,102.9462,91.4225,94.0464,112.2576,100.1682
1993-07-05,38.0152,53.5629,52.9476,60.8822,51.352
1993-07-06,32.0079,23.5541,8.6448,15.1278,19.8336
1993-07-07,4.8179,0.2079,10.0516,13.858,7.2339
1993-07-08,4.8284,3.2456,7.299,11.2298,6.6507
1993-07-09,17.3853,32.0859,21.385,51.489,30.5863
1993-07-10,60.9673,128.0419,60.7421,129.3104,94.7654
1993-07-11,6.0779,27.5205,5.4664,37.7455,19.2026
1993-07-12,2.7615,11.7775,1.7673,12.5124,7.2047
1993-07-13,4.7311,11.0817,8.0067,17.7086,10.382
1993-07-14,9.0158,9.5219,3.7604,8.6006,7.7247
1993-07-15,12.3332,31.9764,18.6179,45.492,27.1049
1993-07-16,16.5452,90.32,33.7975,104.8951,61.3894
1993-07-17,33.07,74.9524,83.1321,99.7425,72.7242
1993-07-18,36.2148,64.5443,42.2875,120.3854,65.858
1993-07-19,3.821,12.7313,7.3429,10.738,8.6583
1993-07-20,3.5761,20.0429,2.8286,29.7714,14.0548
1993-07-21,0.2284,0.983,0.5496,0.0,0.4403
1993-07-22,1.7468,2.4926,0.7196,1.5845,1.6359
1993-07-23,2.6127,5.4095,6.1341,5.9251,5.0203
1993-07-24,2.4799,11.2241,5.8638,4.6286,6.0491
1993-07-25,4.9155,33.9336,10.5161,22.4136,17.9447
1993-07-26,15.3937,33.3292,9.9577,38.2193,24.225
1993-07-27,14.0149,32.1191,11.1197,20.4171,19.4177
1993-07-28,5.6348,66.898,19.1933,24.6789,29.1013
1993-07-29,19.1709,100.7984,88.1607,56.4793,66.1523
1993-07-30,102.0257,141.3692,64.0002,59.5203,91.7289
1993-07-31,156.1152,101.7488,96.9541,14.1151,92.2333
1993-08-01,5.8291,19.9384,60.6114,84.4202,42.6998
1993-08-02,57.1554,49.8622,53.7061,61.9427,55.6666
1993-08-03,41.7303,51.164,39.1647,13.383,36.3605
1993-08-04,9.4586,9.6768,7.4527,6.9187,8.3767
1993-08-05,8.4044,14.6914,6.7889,4.7447,8.6574
1993-08-06,1.877,0.201,12.073,5.7249,4.969
1993-08-07,7.5247,5.2582,9.3772,33.7609,13.9802
1993-08-08,2.2661,1.9936,1.832,5.8215,2.9783
1993-08-09,5.8862,19.8645,8.5352,10.6129,11.2247
1993-08-10,3.2871,12.3711,4.7558,5.062,6.369
1993-08-11,7.9214,3.5374,20.7623,12.2428,11.116
1993-08-12,4.4549,11.8132,21.3583,50.5053,22.0329
1993-08-13,2.8089,14.4828,10.6209,14.1662,10.5197
1993-08-14,1.2239,6.9176,6.0424,3.7363,4.4801
1993-08-15,17.9663,23.6914,14.9037,8.6602,16.3054
1993-08-16,7.2451,82.4903,7.0316,39.0309,33.9495
1993-08-17,5.5083,12.1353,7.7776,10.273,8.9235
1993-08-18,5.3348,2.6357,4.9879,4.769,4.4319
1993-08-19,6.2735,12.9998,5.7924,4.2676,7.3333
1993-08-20,25.112,33.1964,19.7106,25.7617,25.9452
1993-08-21,44.0586,79.4251,52.2455,50.2207,56.4875
1993-08-22,1.4164,19.395,11.9872,2.8691,8.9169
1993-08-23,0.0,0.1922,3.5614,9.9179,3.4179
1993-08-24,9.9624,4.2806,8.4347,2.2673,6.2363
1993-08-25,0.4,7.2547,7.3289,5.5115,5.1238
1993-08-26,6.1133,0.189,24.9209,3.9654,8.7972
1993-08-27,11.5593,0.0,14.9507,0.3154,6.7063
1993-08-28,0.0,0.2362,14.6172,4.9908,4.9611
1993-08-29,1.0348,0.0,5.6375,0.5857,1.8145
1993-08-30,0.533,0.0,1.2894,0.0,0.4556
1993-08-31,0.1431,2.0642,0.2449,0.0,0.613
1993-09-01,8.5647,62.8927,14.1246,20.664,26.5615
1993-09-02,86.8143,59.8986,107.954,38.599,73.3165
1993-09-03,60.7708,60.9215,61.9734,62.2623,61.482
1993-09-04,6.6796,28.8448,19.7743,20.9379,19.0591
1993-09-05,9.4,13.6992,10.0929,10.9268,11.0297
1993-09-06,20.86,9.6541,11.8376,13.8638,14.0539
1993-09-07,26.8681,19.0419,26.8119,35.0585,26.9451
1993-09-08,0.6092,5.0063,2.0608,5.7992,3.3689
1993-09-09,1.344,0.0,5.9218,3.83,2.774
1993-09-10,1.0761,2.3479,17.2766,0.9852,5.4214
1993-09-11,36.439,25.4922,23.5422,22.4327,26.9765
1993-09-12,3.9615,5.235,18.8494,30.208,14.5635
1993-09-13,26.4707,22.0493,70.1031,25.9956,36.1547
1993-09-14,22.1713,18.0946,54.3366,4.3296,24.733
1993-09-15,0.0,0.576,1.6171,0.0,0.5483
1993-09-16,52.6348,0.3598,27.9142,3.1477,21.0141
1993-09-17,62.0584,1.9529,42.2095,1.0278,26.8121
1993-09-18,0.1523,0.1525,2.2618,5.7353,2.0755
1993-09-19,0.0,1.1712,0.2113,0.0,0.3456
1993-09-20,0.7632,0.0,1.137,6.2949,2.0488
1993-09-21,0.1523,23.3496,0.2113,6.7712,7.6211
1993-09-22,5.9799,53.8607,3.5558,53.5883,29.2462
1993-09-23,232.0628,8.4691,169.4921,4.2012,103.5563
1993-09-24,45.8113,5.613,4.2504,26.4049,20.5199
1993-09-25,37.5528,62.4377,31.1074,43.2896,43.5969
1993-09-26,49.6048,43.2979,46.8981,24.085,40.9714
1993-09-27,33.2341,26.128,79.5321,49.1493,47.0109
1993-09-28,17.1276,57.8545,30.6953,137.7489,60.8566
1993-09-29,0.0,0.0,0.0,0.0,0.0
1993-09-30,0.0,0.0,0.0,0.0,0.0
1993-10-01,0.0,0.0,0.0,0.0,0.0
1993-10-02,0.0,3.7449,0.0,0.0,0.9362
1993-10-03,1.8604,1.1588,2.7715,0.0,1.4477
1993-10-04,0.0,0.865,0.0,2.644,0.8773
1993-10-05,0.0,0.0,2.0082,2.2143,1.0556
1993-10-06,0.0,0.0,0.0,9.4963,2.3741
1993-10-07,0.0,2.496,0.0,0.8993,0.8488
1993-10-08,0.0,0.0,0.0,0.0,0.0
1993-10-09,0.0,0.0,0.0,0.0,0.0
1993-10-10,0.0,0.0,0.0,0.0,0.0
1993-10-11,0.0,0.0,0.0,0.0,0.0
1993-10-12,0.867,9.7497,0.5291,0.0,2.7865
1993-10-13,14.0224,0.0,0.9238,0.0,3.7365
1993-10-14,41.9041,67.0471,21.4933,24.8299,38.8186
1993-10-15,0.0,0.0,29.1077,1.9421,7.7625
1993-10-16,5.1595,22.1222,4.2524,23.8202,13.8386
1993-10-17,7.8934,6.7049,18.5706,8.3314,10.3751
1993-10-18,4.6963,33.8204,23.3025,28.138,22.4893
1993-10-19,18.0437,33.1282,34.7481,23.4668,27.3467
1993-10-20,0.4293,0.0,50.0083,3.0796,13.3793
1993-10-21,0.0,0.6035,0.0,4.1209,1.1811
1993-10-22,0.0,0.0,0.0,0.0,0.0
1993-10-23,0.0,0.0,0.0,0.0,0.0
1993-10-24,0.0,12.5017,0.0,0.3903,3.223
1993-10-25,0.0,17.3071,1.2653,12.6845,7.8142
1993-10-26,0.0,0.0,0.0,0.0,0.0
1993-10-27,0.0,0.0,0.0,0.0,0.0
1993-10-28,0.0,0.0,0.0,0.0,0.0
1993-10-29,0.0,0.0,0.0,0.0,0.0
1993-10-30,0.0,0.0,0.0,0.0,0.0
1993-10-31,0.0,0.0,0.0,0.0,0.0
1993-11-01,0.0,0.0,0.0,0.0,0.0
1993-11-02,0.0,0.0,0.0,0.0,0.0
1993-11-03,0.0,0.0,0.0,0.0,0.0
1993-11-04,0.0,0.0,0.0,0.0,0.0
1993-11-05,0.0,0.0,0.0,0.0,0.0
1993-11-06,0.0,0.0,0.0,0.0,0.0
1993-11-07,0.0,0.0,0.0,0.0,0.0
1993-11-08,0.0,0.0,0.0,0.0,0.0
1993-11-09,0.0,0.0,0.0,0.0,0.0
1993-11-10,0.0,0.0,0.0,0.0,0.0
1993-11-11,0.0,0.0,0.0,0.0,0.0
1993-11-12,0.0,0.0,0.0,0.0,0.0
1993-11-13,0.0,0.0,0.0,0.0,0.0
1993-11-14,8.0718,23.6156,0.0,0.0,7.9219
1993-11-15,0.0,0.0,0.0,0.0,0.0
1993-11-16,0.0,0.0,0.0,0.0,0.0
1993-11-17,0.0,0.0,0.0,0.0,0.0
1993-11-18,0.0,0.0,0.0,0.0,0.0
1993-11-19,0.0,0.0,0.0,0.0,0.0
1993-11-20,0.0,0.0,0.0,0.0,0.0
1993-11-21,0.0,0.0,0.0,0.0,0.0
1993-11-22,0.0,0.0,0.0,0.0,0.0
1993-11-23,0.0,0.0,0.0,0.0,0.0
1993-11-24,0.0,0.0,0.0,0.0,0.0
1993-11-25,0.0,0.0,0.0,0.0,0.0
1993-11-26,0.0,0.0,0.0,0.0,0.0
1993-11-27,0.0,0.0,0.0,0.0,0.0
1993-11-28,0.0,0.0,0.0,0.0,0.0
1993-11-29,0.0,0.0,0.0,0.0,0.0
1993-11-30,0.0,0.0,0.0,0.0,0.0
1993-12-01,0.0,0.0,0.0,0.0,0.0
1993-12-02,0.0,0.0,0.0,0.0,0.0
1993-12-03,0.0,0.0,0.0,0.0,0.0
1993-12-04,0.0,0.0,0.0,0.0,0.0
1993-12-05,0.0,0.0,0.0,0.0,0.0
1993-12-06,0.1477,0.768,0.1066,0.0,0.2556
1993-12-07,0.0,0.0,0.0,0.0,0.0
1993-12-08,0.0,0.0,0.0,0.0,0.0
1993-12-09,0.0,0.0,0.0,0.0,0.0
1993-12-10,0.0,0.0,0.0,0.0,0.0
1993-12-11,0.0,0.0,0.0,0.0,0.0
1993-12-12,0.0,0.0,0.0,0.0,0.0
1993-12-13,0.0,0.0,0.0,0.0,0.0
1993-12-14,0.0,0.0,0.0,0.0,0.0
1993-12-15,0.0,0.0,0.0,0.0,0.0
1993-12-16,0.0,0.0,0.0,0.0,0.0
1993-12-17,0.0,0.0,0.0,0.0,0.0
1993-12-18,0.0,0.0,0.0,0.0,0.0
1993-12-19,0.0,0.0,0.0,0.0,0.0
1993-12-20,0.0,0.0,0.0,0.0,0.0
1993-12-21,0.0,0.0,0.0,0.0,0.0
1993-12-22,0.0,0.0,0.0,0.0,0.0
1993-12-23,0.0,0.0,0.0,0.0,0.0
1993-12-24,0.0,0.0,0.0,0.0,0.0
1993-12-25,0.0,0.0,0.0,0.0,0.0
1993-12-26,0.0,0.0,0.0,0.0,0.0
1993-12-27,0.0,0.0,0.0,0.0,0.0
1993-12-28,0.0,0.0,0.0,0.0,0.0
1993-12-29,0.0,0.0,0.0,0.0,0.0
1993-12-30,0.0,0.0,0.0,0.0,0.0
1993-12-31,0.0,0.0,0.0,0.0,0.0
1994-01-01,0.0,0.0,0.0,0.0,0.0
1994-01-02,0.0,0.0,0.0,0.0,0.0
1994-01-03,0.0,0.0,0.0,0.0,0.0
1994-01-04,0.0,0.0,0.0,0.0,0.0
1994-01-05,0.0,0.0,0.0,0.0,0.0
1994-01-06,0.0,0.0,0.0,0.0,0.0
1994-01-07,0.0,0.0,0.0,0.0,0.0
1994-01-08,0.0,0.0,0.0,0.0,0.0
1994-01-09,0.0,0.0,0.0,0.0,0.0
1994-01-10,0.0,0.0,0.0,0.0,0.0
1994-01-11,0.0,0.0,0.0,0.0,0.0
1994-01-12,12.4696,0.0,14.9947,0.3405,6.9512
1994-01-13,0.0,0.0,0.0,0.0,0.0
1994-01-14,0.0,0.0,0.0,0.0,0.0
1994-01-15,0.0,0.0,0.0,0.0,0.0
1994-01-16,0.0,0.0,0.0,0.0,0.0
1994-01-17,0.0,0.0,0.0,0.0,0.0
1994-01-18,0.0,0.0,0.0,0.0,0.0
1994-01-19,0.0,0.0,0.0,0.0,0.0
1994-01-20,0.0,0.0,0.0,0.0,0.0
1994-01-21,0.0,0.0,0.0,0.0,0.0
1994-01-22,0.0,0.0,0.0,0.0,0.0
1994-01-23,0.0,0.0,0.0,0.0,0.0
1994-01-24,0.0,0.0,0.0,0.0,0.0
1994-01-25,0.0,0.0,0.0,0.0,0.0
1994-01-26,0.0,0.0,0.0,0.0,0.0
1994-01-27,0.0,0.0,0.0,0.0,0.0
1994-01-28,0.0,0.0,0.0,0.0,0.0
1994-01-29,0.0,0.0,0.0,0.0,0.0
1994-01-30,0.0,0.0,0.0,0.0,0.0
1994-01-31,0.0,0.0,0.0,0.0,0.0
1994-02-01,0.0,0.0,0.0,0.0,0.0
1994-02-02,0.0,0.0,0.0,0.0,0.0
1994-02-03,0.0,0.0,0.0,0.0,0.0
1994-02-04,0.0,0.0,0.0,0.0,0.0
1994-02-05,0.0,0.0,0.0,0.0,0.0
1994-02-06,0.0,0.0,0.0,0.0,0.0
1994-02-07,0.0,0.0,0.0,0.0,0.0
1994-02-08,0.0,0.0,0.0,0.0,0.0
1994-02-09,0.0,0.0,0.0,0.0,0.0
1994-02-10,0.0,0.0,0.0,0.0,0.0
1994-02-11,0.0,0.0,0.0,0.0,0.0
1994-02-12,0.0,0.0,0.0,0.0,0.0
1994-02-13,0.0,0.0,0.0,0.0,0.0
1994-02-14,0.0,0.0,0.0,0.0,0.0
1994-02-15,0.0,0.0,0.0,0.0,0.0
1994-02-16,0.0,0.0,0.0,0.0,0.0
1994-02-17,0.0,0.0,0.0,0.0,0.0
1994-02-18,0.0,0.0,0.0,0.0,0.0
1994-02-19,0.0,0.0,0.0,0.0,0.0
1994-02-20,0.0,0.0,0.0,0.0,0.0
1994-02-21,0.0,0.0,0.0,0.0,0.0
1994-02-22,0.0,0.0,0.0,0.0,0.0
1994-02-23,0.0,0.0,0.0,0.0,0.0
1994-02-24,0.0,0.0,0.0,0.0,0.0
1994-02-25,0.0,0.0,0.0,0.0,0.0
1994-02-26,0.0,0.0,0.0,0.0,0.0
1994-02-27,0.0,0.0,0.0,0.0,0.0
1994-02-28,0.0,0.0,0.0,0.0,0.0
1994-03-01,0.0,0.0,0.0,0.0,0.0
1994-03-02,0.0,0.0,0.0,0.0,0.0
1994-03-03,0.0,0.0,0.0,0.0,0.0
1994-03-04,0.0,0.0,0.0,0.0,0.0
1994-03-05,0.0,0.0,0.0,0.0,0.0
1994-03-06,0.0,0.0,0.0,0.0,0.0
1994-03-07,0.0,0.0,0.0,0.0,0.0
1994-03-08,0.0,0.0,0.0,0.0,0.0
1994-03-09,0.0,0.0,0.0,0.0,0.0
1994-03-10,0.0,0.0,0.0,0.0,0.0
1994-03-11,0.0,0.0,0.0,0.0,0.0
1994-03-12,0.0,0.0,0.0,0.0,0.0
1994-03-13,0.0,0.0,0.0,0.0,0.0
1994-03-14,0.0,0.0,0.0,0.0,0.0
1994-03-15,0.0,0.0,0.0,0.0,0.0
1994-03-16,0.0,0.0,0.0,0.0,0.0
1994-03-17,0.0,0.0,0.0,0.0,0.0
1994-03-18,0.0,0.0,0.0,0.0,0.0
1994-03-19,0.0,0.0,0.0,0.0,0.0
1994-03-20,0.0,0.0,0.0,0.0,0.0
1994-03-21,0.0,0.0,0.0,0.0,0.0
1994-03-22,0.0,0.0,0.0,0.0,0.0
1994-03-23,0.0,0.0,0.0,0.0,0.0
1994-03-24,0.0,0.0,0.0,0.0,0.0
1994-03-25,0.0,0.0,0.0,0.0,0.0
1994-03-26,0.0,0.0,0.0,0.0,0.0
1994-03-27,0.0,0.0,0.0,0.0,0.0
1994-03-28,0.0,0.0,0.0,0.0,0.0
1994-03-29,0.0,0.0,0.0,0.0,0.0
1994-03-30,0.0,0.0,0.0,0.0,0.0
1994-03-31,0.0,0.0,0.0,0.0,0.0
1994-04-01,0.0,0.0,0.0,0.0,0.0
1994-04-02,0.0,0.0,0.0,0.0,0.0
1994-04-03,0.0,0.0,0.0,0.0,0.0
1994-04-04,0.0,0.0,0.0,0.0,0.0
1994-04-05,0.0,0.0,0.0,0.0,0.0
1994-04-06,0.0,0.0,0.0,0.0,0.0
1994-04-07,0.0,0.0,0.0,0.0,0.0
1994-04-08,0.0,0.0,0.0,0.0,0.0
1994-04-09,0.0,0.0,0.0,0.0,0.0
1994-04-10,0.0,0.0,0.0,0.0,0.0
1994-04-11,0.0,0.0,0.0,0.0,0.0
1994-04-12,0.0,0.0,0.0,0.0,0.0
1994-04-13,0.0,0.0,0.0,0.0,0.0
1994-04-14,0.0,0.0,0.0,0.0,0.0
1994-04-15,1.1624,0.0,1.6707,0.0,0.7083
1994-04-16,0.0,0.0,0.0,0.0,0.0
1994-04-17,0.0,0.0,0.0,0.0,0.0
1994-04-18,0.0,0.0,0.0,0.0,0.0
1994-04-19,0.0,0.0,0.0,0.0,0.0
1994-04-20,0.0,0.0,0.0,0.0,0.0
1994-04-21,0.0,0.0,0.0,0.0,0.0
1994-04-22,0.0,0.0,0.0,0.0,0.0
1994-04-23,0.0,0.0,0.0,0.0,0.0
1994-04-24,0.0,0.0,0.0,0.0,0.0
1994-04-25,0.0,0.0,0.0,0.0,0.0
1994-04-26,0.0,0.0,0.0,0.0,0.0
1994-04-27,0.0,0.0,0.0,0.0,0.0
1994-04-28,0.0,0.0,0.0,0.0,0.0
1994-04-29,0.0,0.0,0.0,0.0,0.0
1994-04-30,0.0,0.0,0.0,0.0,0.0
1994-05-01,0.0,0.0,0.0,0.0,0.0
1994-05-02,0.0,0.0,0.0,0.0,0.0
1994-05-03,0.0,0.0,0.0,0.0,0.0
1994-05-04,0.0,0.0,0.0,0.0,0.0
1994-05-05,0.0,0.0,0.0,0.0,0.0
1994-05-06,0.0,0.0,0.0,0.0,0.0
1994-05-07,0.0,0.0,0.0,0.0,0.0
1994-05-08,0.0,0.0,0.0,0.0,0.0
1994-05-09,0.0,0.0,0.0,0.0,0.0
1994-05-10,0.0,0.0,0.0,0.0,0.0
1994-05-11,0.0,0.0,0.0,0.0,0.0
1994-05-12,0.0,0.0,0.0,0.0,0.0
1994-05-13,0.0,0.0,0.0,0.0,0.0
1994-05-14,0.0,0.0,0.0,0.0,0.0
1994-05-15,0.0,9.5998,0.0,0.1621,2.4405
1994-05-16,0.0,0.0,0.0,0.0,0.0
1994-05-17,0.0,0.0,0.0,0.0,0.0
1994-05-18,0.0,0.0,0.0,0.0,0.0
1994-05-19,0.0,0.0,0.0,0.0,0.0
1994-05-20,0.0,0.0,0.0,0.0,0.0
1994-05-21,0.0,0.0,0.0,0.0,0.0
1994-05-22,0.0,0.0,0.0,0.0,0.0
1994-05-23,0.0,0.0,0.0,0.0,0.0
1994-05-24,0.0,0.0,0.0,0.0,0.0
1994-05-25,0.0,0.0,0.0,0.0,0.0
1994-05-26,0.0,0.0,0.0,0.0,0.0
1994-05-27,0.0,0.0,0.0,0.0,0.0
1994-05-28,0.0,0.0,0.0,0.0,0.0
1994-05-29,2.1448,6.1604,5.1923,3.1087,4.1515
1994-05-30,0.0,0.0,0.0,0.0,0.0
1994-05-31,0.0,0.0,0.0,0.0,0.0
1994-06-01,0.6092,4.9996,0.0,0.0,1.4022
1994-06-02,0.0,0.0,0.0,0.0,0.0
1994-06-03,0.0,0.0,0.0,0.0,0.0
1994-06-04,0.0,0.0,0.0,0.0,0.0
1994-06-05,3.0845,5.4251,1.1029,2.0354,2.912
1994-06-06,26.686,41.6569,34.6701,31.2915,33.5761
1994-06-07,1.3908,0.0,1.6842,0.0,0.7688
1994-06-08,0.0,0.0,0.0,0.0,0.0
1994-06-09,0.0,0.0,0.0,0.0,0.0
1994-06-10,45.3162,25.1214,98.5368,7.5077,44.1205
1994-06-11,9.3952,82.8033,14.9732,1.7386,27.2276
1994-06-12,5.7409,3.0134,16.3188,2.3464,6.8549
1994-06-13,97.4819,44.3132,81.1086,22.6842,61.397
1994-06-14,10.8954,9.5223,12.1334,17.7273,12.5696
1994-06-15,34.6231,34.1835,52.0243,17.1161,34.4868
1994-06-16,82.8168,73.021,49.3307,67.5851,68.1884
1994-06-17,1.0853,15.2657,2.9029,17.5823,9.209
1994-06-18,0.833,0.195,1.8285,10.617,3.3684
1994-06-19,0.167,9.3247,0.9903,3.0598,3.3854
1994-06-20,1.8871,5.2576,4.4754,5.9532,4.3933
1994-06-21,0.2284,0.8275,0.0,0.0,0.264
1994-06-22,3.8945,7.9919,4.971,18.5047,8.8405
1994-06-23,2.7422,11.5797,2.8427,9.862,6.7567
1994-06-24,0.4569,1.9735,2.2656,15.4637,5.0399
1994-06-25,0.0,22.6765,0.4428,2.3093,6.3571
1994-06-26,3.0871,2.2656,5.3676,4.9628,3.9208
1994-06-27,3.056,8.6771,1.6811,4.9818,4.599
1994-06-28,89.2686,195.265,125.5516,129.0986,134.796
1994-06-29,18.8315,56.9113,10.4769,28.0516,28.5678
1994-06-30,6.9781,28.0323,3.533,12.0545,12.6495
1994-07-01,21.8081,34.2093,29.3729,40.6262,31.5041
1994-07-02,14.5794,24.3898,26.3495,15.4273,20.1865
1994-07-03,3.2138,11.3925,3.2914,8.9172,6.7037
1994-07-04,115.6169,39.6667,91.2132,16.1254,65.6556
1994-07-05,85.6525,48.6523,69.8364,22.516,56.6643
1994-07-06,66.0595,23.285,13.5704,16.9494,29.9661
1994-07-07,19.1501,20.7236,29.8823,20.2437,22.4999
1994-07-08,12.0422,11.5612,10.7017,9.072,10.8443
1994-07-09,7.5497,13.8624,3.508,7.0163,7.9841
1994-07-10,11.9256,46.6445,19.036,43.4847,30.2727
1994-07-11,8.8112,44.8978,5.3822,17.188,19.0698
1994-07-12,137.5093,207.4765,106.2766,118.1838,142.3615
1994-07-13,138.6958,151.7289,156.3586,158.8229,151.4016
1994-07-14,67.3695,180.0539,116.9516,190.1469,138.6305
1994-07-15,5.8652,12.9896,10.8847,55.2316,21.2428
1994-07-16,6.2109,14.2361,10.0741,18.7011,12.3056
1994-07-17,12.2757,51.4266,33.3083,66.9745,40.9963
1994-07-18,5.067,24.5913,5.7644,7.2488,10.6679
1994-07-19,19.9348,77.3711,34.8107,108.7577,60.2186
1994-07-20,50.6971,81.6701,57.0431,75.6721,66.2706
1994-07-21,24.9827,83.7496,22.832,41.2891,43.2133
1994-07-22,34.8552,43.9053,35.7252,61.1028,43.8971
1994-07-23,23.8873,45.8265,23.045,50.2799,35.7597
1994-07-24,8.5313,10.99,5.8879,10.8652,9.0686
1994-07-25,16.8372,17.5663,33.1238,42.3633,27.4727
1994-07-26,7.2219,16.1381,13.4372,21.7126,14.6274
1994-07-27,4.4403,8.7021,7.9702,7.0462,7.0397
1994-07-28,5.056,11.577,4.2408,10.847,7.9302
1994-07-29,8.021,29.6567,12.9835,22.8824,18.3859
1994-07-30,9.7707,24.0625,8.5649,9.2187,12.9042
1994-07-31,0.1908,98.8895,1.9113,10.3606,27.838
1994-08-01,3.167,3.9663,6.5087,23.2809,9.2307
1994-08-02,5.6523,4.2364,7.3978,18.4888,8.9438
1994-08-03,3.6368,7.2262,2.5752,9.783,5.8053
1994-08-04,1.6184,12.7892,1.2555,6.0064,5.4174
1994-08-05,0.3046,4.2079,0.2978,1.9974,1.7019
1994-08-06,0.0,1.3824,0.0,0.0,0.3456
1994-08-07,0.4284,1.1904,0.1855,0.0,0.4511
1994-08-08,0.0,0.2683,0.4197,2.894,0.8955
1994-08-09,0.0,1.0089,0.5596,3.8748,1.3608
1994-08-10,0.1431,2.1943,0.629,1.0118,0.9946
1994-08-11,13.9514,29.7701,12.1356,11.3375,16.7987
1994-08-12,17.8419,42.6156,59.5877,75.1356,48.7952
1994-08-13,6.7072,16.5084,14.1245,33.2753,17.6538
1994-08-14,23.4729,15.5551,9.8946,11.0306,14.9883
1994-08-15,3.2514,3.8714,2.0932,4.9103,3.5316
1994-08-16,2.6991,3.1211,1.4603,2.9637,2.561
1994-08-17,4.9162,8.6023,15.9465,13.962,10.8567
1994-08-18,6.3704,9.2114,12.5688,11.0116,9.7905
1994-08-19,1.644,20.0865,4.3201,9.0834,8.7835
1994-08-20,2.1055,11.248,4.5268,11.816,7.4241
1994-08-21,3.8092,15.5379,5.1668,16.7068,10.3052
1994-08-22,1.2201,15.1054,2.9151,2.2402,5.3702
1994-08-23,25.1236,35.0304,78.6793,11.0661,37.4749
1994-08-24,92.5904,115.2714,74.3603,64.0888,86.5777
1994-08-25,4.4768,21.6665,14.0974,17.0229,14.3159
1994-08-26,3.021,8.103,8.4033,20.5073,10.0086
1994-08-27,13.5978,60.4436,31.6647,65.1599,42.7165
1994-08-28,16.1693,67.979,39.0963,100.0612,55.8265
1994-08-29,3.3549,18.2689,9.6843,21.6673,13.2439
1994-08-30,4.1265,31.2748,15.2879,54.6826,26.343
1994-08-31,68.0883,103.9122,85.668,67.0601,81.1822
1994-09-01,87.1591,74.6763,67.6409,28.6282,64.5261
1994-09-02,73.7011,163.4187,69.6345,83.9812,97.6839
1994-09-03,9.2052,17.9836,20.08,31.5043,19.6933
1994-09-04,13.8963,12.4832,15.9953,17.8606,15.0588
1994-09-05,20.5475,16.5751,28.2208,26.8599,23.0508
1994-09-06,4.2788,29.8892,10.8197,23.7811,17.1922
1994-09-07,4.523,12.2894,3.7895,7.9757,7.1444
1994-09-08,5.8411,14.0613,11.995,17.7992,12.4241
1994-09-09,5.4129,3.6974,5.8607,22.2977,9.3172
1994-09-10,8.3273,37.3529,15.1451,20.1923,20.2544
1994-09-11,18.4247,14.954,18.448,9.3096,15.2841
1994-09-12,3.6184,10.6984,2.8357,5.0443,5.5492
1994-09-13,0.3046,0.0,0.0,0.0,0.0761
1994-09-14,0.0,0.0,0.163,0.0,0.0408
1994-09-15,0.0,0.0,0.163,0.0,0.0408
1994-09-16,7.9118,14.412,10.5794,3.367,9.0675
1994-09-17,52.9599,9.4802,66.2634,19.9252,37.1572
1994-09-18,27.8565,11.7266,9.9944,7.1231,14.1752
1994-09-19,6.9391,15.1036,14.6477,1.5542,9.5611
1994-09-20,9.9112,16.538,4.2296,2.2885,8.2418
1994-09-21,0.0,0.0,0.0,0.0,0.0
1994-09-22,0.0,0.0,0.0,0.0,0.0
1994-09-23,0.0,0.0,0.0,0.0,0.0
1994-09-24,0.0,0.0,0.0,0.0,0.0
1994-09-25,0.0,0.0,0.0,0.0,0.0
1994-09-26,0.0,0.0,0.0,0.0,0.0
1994-09-27,0.0,0.0,0.0,0.0,0.0
1994-09-28,0.0,0.0,0.0,0.0,0.0
1994-09-29,0.0,42.2392,0.0,0.7133,10.7381
1994-09-30,0.0,0.0,0.0,0.0,0.0
1994-10-01,0.0,0.0,0.0,0.0,0.0
1994-10-02,0.0,0.0,0.0,0.0,0.0
1994-10-03,0.0,0.0,0.0,0.0,0.0
1994-10-04,0.0,0.0,0.0,0.0,0.0
1994-10-05,0.3477,34.8996,4.1986,26.6422,16.522
1994-10-06,0.0,0.0,0.0,0.0,0.0
1994-10-07,0.0,0.0,0.0,0.0,0.0
1994-10-08,0.0,0.0,0.0,0.0,0.0
1994-10-09,0.0,0.0,0.0,0.0,0.0
1994-10-10,0.0,0.0,0.0,0.0,0.0
1994-10-11,0.0,0.0,0.0,0.0,0.0
1994-10-12,0.0,0.0,0.0,0.0,0.0
1994-10-13,0.0,0.0,0.0,0.0,0.0
1994-10-14,10.5898,0.1224,36.1905,0.8493,11.938
1994-10-15,6.7965,0.0,1.7013,6.7603,3.8145
1994-10-16,0.0,0.0,0.0,0.0,0.0
1994-10-17,0.0,0.0,0.5596,3.8586,1.1045
1994-10-18,0.0,0.0,0.0,0.0,0.0
1994-10-19,0.0,0.0,0.0,0.0,0.0
1994-10-20,0.0,0.0,0.0,0.0,0.0
1994-10-21,9.88,0.1958,28.838,5.4813,11.0988
1994-10-22,0.0,67.0067,0.0,1.1316,17.0346
1994-10-23,0.0,0.0,0.0,0.0,0.0
1994-10-24,0.0,10.5598,0.0,0.1783,2.6845
1994-10-25,0.0,0.0,0.0,0.0,0.0
1994-10-26,0.0,0.0,0.0,0.0,0.0
1994-10-27,0.0,0.0,0.0,0.0,0.0
1994-10-28,0.0,0.0,0.0,0.0,0.0
1994-10-29,0.0,0.0,0.0,0.0,0.0
1994-10-30,0.0,0.0,0.0,0.0,0.0
1994-10-31,0.0,0.0,0.0,0.0,0.0
1994-11-01,0.0,0.0,0.0,0.0,0.0
1994-11-02,0.0,0.0,0.0,0.0,0.0
1994-11-03,0.0,0.0,0.0,0.0,0.0
1994-11-04,0.0,0.0,0.0,0.0,0.0
1994-11-05,0.0,0.0,0.0,0.0,0.0
1994-11-06,0.0,0.0,0.0,0.0,0.0
1994-11-07,0.0,24.5213,0.0,0.4118,6.2333
1994-11-08,0.0,0.0,0.0,0.0,0.0
1994-11-09,0.0,0.0,0.0,0.0,0.0
1994-11-10,0.1193,0.0,0.4076,0.0,0.1317
1994-11-11,0.0,0.0,0.0,0.0,0.0
1994-11-12,0.0,0.0,0.0,0.0,0.0
1994-11-13,0.0,0.0,0.0,0.0,0.0
1994-11-14,0.0,0.0,0.0,0.0,0.0
1994-11-15,0.0,0.0,0.0,0.0,0.0
1994-11-16,0.0,0.0,0.0,0.0,0.0
1994-11-17,0.0,0.0,0.0,0.0,0.0
1994-11-18,0.0,0.0,0.0,0.0,0.0
1994-11-19,0.0,0.0,0.0,0.0,0.0
1994-11-20,0.0,0.0,0.0,0.0,0.0
1994-11-21,0.0,0.0,0.0,0.0,0.0
1994-11-22,0.0,0.0,0.0,0.0,0.0
1994-11-23,0.0,0.0,0.0,0.0,0.0
1994-11-24,0.0,0.0,0.0,0.0,0.0
1994-11-25,0.0,0.0,0.0,0.0,0.0
1994-11-26,0.0,0.0,0.0,0.0,0.0
1994-11-27,0.0,0.0,0.0,0.0,0.0
1994-11-28,0.0,0.0,0.0,0.0,0.0
1994-11-29,0.0,0.0,0.0,0.0,0.0
1994-11-30,0.0,0.0,0.0,0.0,0.0
1994-12-01,0.0,0.0,0.0,0.0,0.0
1994-12-02,0.0,0.0,0.0,0.0,0.0
1994-12-03,0.0,0.0,0.0,0.0,0.0
1994-12-04,0.0,0.0,0.0,0.0,0.0
1994-12-05,0.0,0.0,0.0,0.0,0.0
1994-12-06,0.0,0.0,0.0,0.0,0.0
1994-12-07,0.0,0.0,0.0,0.0,0.0
1994-12-08,0.0,0.0,0.0,0.0,0.0
1994-12-09,0.0,0.0,0.0,0.0,0.0
1994-12-10,0.0,0.0,0.0,0.0,0.0
1994-12-11,0.0,0.0,0.0,0.0,0.0
1994-12-12,0.0,0.0,0.0,0.0,0.0
1994-12-13,0.0,0.0,0.0,0.0,0.0
1994-12-14,0.0,0.0,0.0,0.0,0.0
1994-12-15,0.0,0.0,0.0,0.0,0.0
1994-12-16,0.0,0.0,0.0,0.0,0.0
1994-12-17,0.0,0.0,0.0,0.0,0.0
1994-12-18,0.0,0.0,0.0,0.0,0.0
1994-12-19,0.0,0.0,0.0,0.0,0.0
1994-12-20,0.0,0.0,0.0,0.0,0.0
1994-12-21,0.0,0.0,0.0,0.0,0.0
1994-12-22,0.0,0.0,0.0,0.0,0.0
1994-12-23,0.0,0.0,0.0,0.0,0.0
1994-12-24,0.0,0.0,0.0,0.0,0.0
1994-12-25,0.0,0.0,0.0,0.0,0.0
1994-12-26,0.0,0.0,0.0,0.0,0.0
1994-12-27,0.0,0.0,0.0,0.0,0.0
1994-12-28,0.0,0.0,0.0,0.0,0.0
1994-12-29,0.0,0.0,0.0,0.0,0.0
1994-12-30,0.0,0.0,0.0,0.0,0.0
1994-12-31,0.0,0.0,0.0,0.0,0.0
1995-01-01,0.0,0.0,0.0,0.0,0.0
1995-01-02,0.0,0.0,0.0,0.0,0.0
1995-01-03,0.0,0.0,0.0,0.0,0.0
1995-01-04,0.0,0.0,0.0,0.0,0.0
1995-01-05,0.0,0.0,0.0,0.0,0.0
1995-01-06,0.0,0.0,0.0,0.0,0.0
1995-01-07,0.8954,0.0,0.4264,0.0,0.3305
1995-01-08,0.0,0.0,0.1066,0.0,0.0267
1995-01-09,0.0,0.0,0.0,0.0,0.0
1995-01-10,0.0,0.0,0.0,0.0,0.0
1995-01-11,0.0,0.0,0.0,0.0,0.0
1995-01-12,0.0,0.0,0.0,0.0,0.0
1995-01-13,0.0,0.0,0.0,0.0,0.0
1995-01-14,0.0,0.0,0.0,0.0,0.0
1995-01-15,0.0,0.0,0.0,0.0,0.0
1995-01-16,0.0,0.0,0.0,0.0,0.0
1995-01-17,0.0,0.0,0.0,0.0,0.0
1995-01-18,0.0,0.0,0.0,0.0,0.0
1995-01-19,0.0,0.0,0.0,0.0,0.0
1995-01-20,0.0,0.0,0.0,0.0,0.0
1995-01-21,0.0,0.0,0.0,0.0,0.0
1995-01-22,0.0,0.0,0.0,0.0,0.0
1995-01-23,0.0,0.0,0.0,0.0,0.0
1995-01-24,0.0,0.0,0.0,0.0,0.0
1995-01-25,0.0,0.0,0.0,0.0,0.0
1995-01-26,0.0,0.0,0.0,0.0,0.0
1995-01-27,0.0,0.0,0.0,0.0,0.0
1995-01-28,0.0,0.0,0.0,0.0,0.0
1995-01-29,0.0,0.0,0.0,0.0,0.0
1995-01-30,0.0,0.0,0.0,0.0,0.0
1995-01-31,0.0,0.0,0.0,0.0,0.0
1995-02-01,0.0,0.0,0.0,0.0,0.0
1995-02-02,0.0,0.0,0.0,0.0,0.0
1995-02-03,0.0,0.0,0.0,0.0,0.0
1995-02-04,0.0,0.0,0.0,0.0,0.0
1995-02-05,0.0,0.0,0.0,0.0,0.0
1995-02-06,0.0,0.0,0.0,0.0,0.0
1995-02-07,0.0,0.0,0.0,0.0,0.0
1995-02-08,0.0,0.0,0.0,0.0,0.0
1995-02-09,0.0,0.0,0.0,0.0,0.0
1995-02-10,0.0,0.0,0.0,0.0,0.0
1995-02-11,0.0,0.0,0.0,0.0,0.0
1995-02-12,0.0,0.0,0.0,0.0,0.0
1995-02-13,0.0,0.0,0.0,0.0,0.0
1995-02-14,0.0,0.0,0.0,0.0,0.0
1995-02-15,0.0,0.0,0.0,0.0,0.0
1995-02-16,0.0,0.0,0.0,0.0,0.0
1995-02-17,0.0,0.0,0.0,0.0,0.0
1995-02-18,0.0,0.0,0.0,0.0,0.0
1995-02-19,0.0,0.0,0.0,0.0,0.0
1995-02-20,0.0,0.0,0.0,0.0,0.0
1995-02-21,0.0,0.0,0.0,0.0,0.0
1995-02-22,0.0,0.0,0.0,0.0,0.0
1995-02-23,0.0,0.0,0.0,0.0,0.0
1995-02-24,0.0,0.0,0.0,0.0,0.0
1995-02-25,0.0,0.0,0.0,0.0,0.0
1995-02-26,0.0,0.0,0.0,0.0,0.0
1995-02-27,0.0,0.0,0.0,0.0,0.0
1995-02-28,0.0,0.0,0.0,0.0,0.0
1995-03-01,0.0,0.0,0.0,0.0,0.0
1995-03-02,0.0,0.0,0.0,0.0,0.0
1995-03-03,0.0,0.0,0.0,0.0,0.0
1995-03-04,0.0,0.0,0.0,0.0,0.0
1995-03-05,0.0,0.0,0.0,0.0,0.0
1995-03-06,0.0,0.0,0.0,0.0,0.0
1995-03-07,0.0,0.0,0.0,0.0,0.0
1995-03-08,0.0,0.0,0.0,0.0,0.0
1995-03-09,0.0,0.0,0.0,0.0,0.0
1995-03-10,0.0,0.0,0.0,0.0,0.0
1995-03-11,0.0,0.0,0.0,0.0,0.0
1995-03-12,0.0,0.0,0.0,0.0,0.0
1995-03-13,0.0,0.0,0.0,0.0,0.0
1995-03-14,0.0,0.0,0.0,0.0,0.0
1995-03-15,0.0,0.0,0.0,0.0,0.0
1995-03-16,0.0,0.0,0.0,0.0,0.0
1995-03-17,0.0,0.0,0.0,0.0,0.0
1995-03-18,0.0,0.0,0.0,0.0,0.0
1995-03-19,0.0,0.0,0.0,0.0,0.0
1995-03-20,0.0,0.0,0.0,0.0,0.0
1995-03-21,0.0,0.0,0.0,0.0,0.0
1995-03-22,0.0,0.0,0.0,0.0,0.0
1995-03-23,0.0,0.0,0.0,0.0,0.0
1995-03-24,0.0,0.0,0.0,0.0,0.0
1995-03-25,0.0,0.0,0.0,0.0,0.0
1995-03-26,0.0,0.0,0.0,0.0,0.0
1995-03-27,0.0,0.0,0.0,0.0,0.0
1995-03-28,0.0,0.0,0.0,0.0,0.0
1995-03-29,0.0,0.0,0.0,0.0,0.0
1995-03-30,0.0,0.0,0.0,0.0,0.0
1995-03-31,0.0,0.0,0.0,0.0,0.0
1995-04-01,0.0,0.0,0.0,0.0,0.0
1995-04-02,0.0,0.0,0.0,0.0,0.0
1995-04-03,0.0,0.0,0.0,0.0,0.0
1995-04-04,0.0,0.0,0.0,0.0,0.0
1995-04-05,0.0,0.0,0.0,0.0,0.0
1995-04-06,0.0,0.0,0.0,0.0,0.0
1995-04-07,0.0,0.0,0.0,0.0,0.0
1995-04-08,0.0,0.0,0.0,0.0,0.0
1995-04-09,0.0,0.0,0.0,0.0,0.0
1995-04-10,0.0,0.0,0.0,0.0,0.0
1995-04-11,0.0,0.0,0.0,0.0,0.0
1995-04-12,0.0,0.0,0.0,0.0,0.0
1995-04-13,0.0,0.0,0.0,0.0,0.0
1995-04-14,0.0,0.0,0.0,0.0,0.0
1995-04-15,0.0,0.0,0.0,0.0,0.0
1995-04-16,0.0,0.0,0.0,0.0,0.0
1995-04-17,0.0,0.0,0.0,0.0,0.0
1995-04-18,0.0,0.0,0.0,0.0,0.0
1995-04-19,0.0,0.0,0.0,0.0,0.0
1995-04-20,0.0,0.0,0.0,0.0,0.0
1995-04-21,0.0,0.0,0.0,0.0,0.0
1995-04-22,0.0,0.0,0.0,0.0,0.0
1995-04-23,0.0,0.0,0.0,0.0,0.0
1995-04-24,0.0,0.0,0.0,0.0,0.0
1995-04-25,0.0,0.0,0.0,0.0,0.0
1995-04-26,0.0,0.0,0.0,0.0,0.0
1995-04-27,0.0,0.0,0.0,0.0,0.0
1995-04-28,0.0,0.0,0.0,0.0,0.0
1995-04-29,0.0,0.0,0.0,0.0,0.0
1995-04-30,0.0,0.0,0.0,0.0,0.0
1995-05-01,0.0,0.0,0.0,0.0,0.0
1995-05-02,0.0,0.0,0.0,0.0,0.0
1995-05-03,0.0,0.0,0.0,0.0,0.0
1995-05-04,0.0,0.0,0.0,0.0,0.0
1995-05-05,0.0,0.0,0.0,0.0,0.0
1995-05-06,0.0,0.0,0.0,0.0,0.0
1995-05-07,0.0,0.0,0.0,0.0,0.0
1995-05-08,0.0,0.0,0.0,0.0,0.0
1995-05-09,0.0,0.0,0.0,0.0,0.0
1995-05-10,0.0,0.0,0.0,0.0,0.0
1995-05-11,0.0,0.0,0.0,0.0,0.0
1995-05-12,0.0,0.0,0.0,0.0,0.0
1995-05-13,0.0,0.0,0.0,0.0,0.0
1995-05-14,0.0,0.0,0.0,0.0,0.0
1995-05-15,0.0,0.0,0.0,0.0,0.0
1995-05-16,0.0,0.0,0.0,0.0,0.0
1995-05-17,0.0,0.0,0.0,0.0,0.0
1995-05-18,0.0,0.0,0.0,0.0,0.0
1995-05-19,0.0,0.0,0.0,0.0,0.0
1995-05-20,0.0,0.0,0.0,0.0,0.0
1995-05-21,0.0,0.0,0.0,0.0,0.0
1995-05-22,0.0,0.0,0.0,0.0,0.0
1995-05-23,0.0,0.0,0.0,0.0,0.0
1995-05-24,0.0,0.0,0.0,0.0,0.0
1995-05-25,0.0,0.0,0.0,0.0,0.0
1995-05-26,0.0,0.0,0.0,0.2244,0.0561
1995-05-27,0.0,0.0,0.0,0.0,0.0
1995-05-28,0.0,0.0,0.0,0.0,0.0
1995-05-29,0.0,0.0,0.0,0.0,0.0
1995-05-30,0.0,0.0,0.0,0.0,0.0
1995-05-31,0.0,0.0,0.0,0.0,0.0
1995-06-01,0.0,0.0,0.0,0.0,0.0
1995-06-02,0.0,0.0,0.0,0.0,0.0
1995-06-03,0.0,0.0,0.0,0.0,0.0
1995-06-04,0.0,0.0,0.0,0.0,0.0
1995-06-05,0.0,0.0,0.0,0.0,0.0
1995-06-06,0.0,0.0,0.0,0.0,0.0
1995-06-07,0.0,0.0,0.0,0.0,0.0
1995-06-08,0.0,0.0,0.0,0.0,0.0
1995-06-09,0.0,0.0,0.0,0.0,0.0
1995-06-10,0.0,0.0,0.0,0.0,0.0
1995-06-11,0.0,0.0,0.0,0.0,0.0
1995-06-12,0.5486,7.3877,0.8172,0.0,2.1884
1995-06-13,0.0,0.0,0.0,0.0,0.0
1995-06-14,0.0,0.0,0.0,0.0,0.0
1995-06-15,4.4937,0.4212,7.0369,0.1171,3.0172
1995-06-16,0.0,2.112,0.1066,4.7531,1.7429
1995-06-17,12.3212,23.2775,4.6237,12.4875,13.1775
1995-06-18,17.4173,65.7244,10.7996,8.7155,25.6642
1995-06-19,2.6845,89.102,3.027,5.9135,25.1818
1995-06-20,0.9523,6.2482,28.7365,2.3384,9.5688
1995-06-21,30.1364,4.1809,9.1885,0.8939,11.0999
1995-06-22,6.2112,9.6433,0.9702,0.3431,4.2919
1995-06-23,0.9302,0.0,1.4069,0.0,0.5843
1995-06-24,2.3322,0.1496,1.6882,4.4066,2.1441
1995-06-25,7.3635,0.0,35.031,0.4137,10.702
1995-06-26,0.4532,8.8975,1.8588,0.3154,2.8812
1995-06-27,0.0,9.2235,0.539,0.1366,2.4748
1995-06-28,0.0,2.112,0.0,21.1519,5.816
1995-06-29,10.8288,8.9379,36.2965,2.3964,14.6149
1995-06-30,0.0,0.8256,0.0,0.0,0.2064
1995-07-01,0.0,0.4267,0.0,0.0,0.1067
1995-07-02,2.3954,0.0,0.9594,1.8201,1.2937
1995-07-03,1.1632,0.4196,4.6293,2.0652,2.0693
1995-07-04,0.6569,1.5568,0.0,0.0,0.5534
1995-07-05,0.5,0.0,0.8245,0.0,0.3311
1995-07-06,10.6232,0.3495,0.3899,0.0,2.8407
1995-07-07,0.0,0.0,1.395,0.0,0.3488
1995-07-08,34.6604,5.0839,29.3701,3.9406,18.2638
1995-07-09,0.2239,3.6098,9.9706,7.1241,5.2321
1995-07-10,36.2399,14.9929,8.451,11.3316,17.7538
1995-07-11,25.9253,9.5157,38.4466,24.2808,24.5421
1995-07-12,45.7133,10.4027,43.8521,7.0206,26.7472
1995-07-13,35.6271,101.32,36.2217,109.8344,70.7508
1995-07-14,21.2925,68.9597,52.9893,76.3841,54.9064
1995-07-15,38.6092,53.0709,48.5907,51.0193,47.8225
1995-07-16,31.4761,116.7538,53.2304,102.7018,76.0405
1995-07-17,27.0748,37.3232,29.4549,44.5778,34.6077
1995-07-18,25.0236,45.7876,25.0564,57.8275,38.4238
1995-07-19,36.0949,55.6386,58.7913,102.567,63.2729
1995-07-20,46.4267,66.5218,59.5689,76.3698,62.2218
1995-07-21,47.9031,85.2116,59.1399,34.6236,56.7195
1995-07-22,15.5313,64.7211,28.8492,54.4465,40.887
1995-07-23,5.9184,38.5959,6.1398,38.9922,22.4116
1995-07-24,4.5101,10.342,3.5606,7.056,6.3672
1995-07-25,8.9781,11.2583,5.4404,7.5962,8.3182
1995-07-26,4.1026,21.6069,6.8398,12.2369,11.1966
1995-07-27,2.8164,17.1989,16.0877,64.5876,25.1726
1995-07-28,2.4569,2.8146,3.6903,19.5205,7.1206
1995-07-29,7.9807,18.0633,14.7056,35.6632,19.1032
1995-07-30,12.3061,63.5843,61.9661,42.2925,45.0372
1995-07-31,5.6037,36.0058,18.6888,38.5141,24.7031
1995-08-01,64.9388,99.2085,117.2443,47.2055,82.1493
1995-08-02,9.2273,37.1821,15.0797,8.0739,17.3908
1995-08-03,10.7954,13.6003,11.5001,15.7667,12.9156
1995-08-04,10.7952,34.1831,9.0278,5.6081,14.9036
1995-08-05,0.0,5.2539,0.9165,2.5297,2.175
1995-08-06,1.5899,1.5167,2.0627,1.7623,1.7329
1995-08-07,2.8937,3.468,0.6552,2.6475,2.4161
1995-08-08,0.677,5.8124,2.4091,2.0913,2.7475
1995-08-09,0.5293,10.2111,1.4888,2.4161,3.6613
1995-08-10,1.0678,2.6842,1.1582,2.2039,1.7785
1995-08-11,2.1037,1.1666,0.0,5.4246,2.1737
1995-08-12,2.2816,6.7068,1.8144,1.2733,3.019
1995-08-13,1.9615,0.2651,1.927,5.0951,2.3122
1995-08-14,3.2862,6.6561,3.1409,2.4892,3.8931
1995-08-15,0.0,5.0901,0.0,0.0,1.2725
1995-08-16,3.7376,8.4833,2.922,2.661,4.451
1995-08-17,0.8376,1.4054,0.7503,0.0,0.7483
1995-08-18,3.746,0.7995,0.2487,0.8813,1.4189
1995-08-19,0.3239,0.0,0.6812,0.8813,0.4716
1995-08-20,1.1247,1.0176,2.0622,2.9828,1.7968
1995-08-21,0.5486,10.0672,1.6732,2.1023,3.5978
1995-08-22,0.9779,17.9244,2.1438,2.9776,6.0059
1995-08-23,0.0,1.4132,0.0,2.1107,0.881
1995-08-24,0.0,0.0,0.6812,0.8813,0.3906
1995-08-25,0.954,4.244,2.3829,12.5186,5.0249
1995-08-26,2.2862,4.0205,1.993,0.0,2.0749
1995-08-27,16.2132,14.708,4.0429,15.1542,12.5296
1995-08-28,26.2983,16.9402,35.1783,61.8373,35.0635
1995-08-29,11.1748,13.8716,42.5858,47.6137,28.8115
1995-08-30,47.2447,24.9419,28.3687,29.4344,32.4974
1995-08-31,71.4788,17.4301,29.844,22.5307,35.3209
1995-09-01,149.3958,6.2962,52.1036,7.5385,53.8335
1995-09-02,50.8207,83.9539,213.7768,49.0751,99.4066
1995-09-03,76.8691,130.7142,110.7461,145.7222,116.0129
1995-09-04,0.477,3.0398,1.9155,8.5578,3.4975
1995-09-05,3.0135,3.3068,10.5335,9.7453,6.6498
1995-09-06,4.0566,7.2052,12.1861,25.4508,12.2247
1995-09-07,6.582,20.4832,17.3131,1.9314,11.5774
1995-09-08,0.0,2.0967,1.0781,0.0,0.7937
1995-09-09,4.5147,0.0,2.7987,1.9724,2.3215
1995-09-10,0.0,0.0,1.0781,0.0,0.2695
1995-09-11,0.0,0.0,0.0,0.0,0.0
1995-09-12,1.0376,6.917,0.0,0.7025,2.1643
1995-09-13,32.9814,43.8135,32.2119,24.9588,33.4914
1995-09-14,49.5651,32.354,19.4975,63.7008,41.2794
1995-09-15,6.263,4.1518,15.7431,13.3663,9.8811
1995-09-16,0.8284,5.2757,0.2132,0.0,1.5793
1995-09-17,7.3819,0.5762,0.1066,0.0,2.0162
1995-09-18,0.0,0.2087,0.0,0.2927,0.1254
1995-09-19,0.0,7.2959,0.0,0.0,1.824
1995-09-20,0.0,0.0,0.6456,0.0,0.1614
1995-09-21,1.2184,0.0,0.0,0.0,0.3046
1995-09-22,2.0468,0.0,0.2132,0.0,0.565
1995-09-23,36.9841,7.2742,11.4536,3.5474,14.8148
1995-09-24,6.4698,7.3112,6.3062,0.9056,5.2482
1995-09-25,0.0,0.0,0.0,1.0576,0.2644
1995-09-26,0.0,0.0,0.3486,6.3053,1.6635
1995-09-27,17.0939,24.4,5.2242,3.5562,12.5686
1995-09-28,0.0,0.0,0.0,0.0,0.0
1995-09-29,0.0,0.0,1.2677,0.0,0.3169
1995-09-30,0.0,0.1211,0.0,0.0,0.0303
1995-10-01,48.3541,90.1391,7.5155,7.1482,38.2892
1995-10-02,1.5641,2.6459,7.9192,0.0,3.0323
1995-10-03,0.0,0.0,4.0556,15.9332,4.9972
1995-10-04,1.6219,3.1895,11.7365,20.8013,9.3373
1995-10-05,31.1324,5.1391,12.5445,19.8566,17.1682
1995-10-06,0.0,0.195,0.0,0.3903,0.1463
1995-10-07,0.0,12.3459,0.0,0.2147,3.1402
1995-10-08,0.0,0.0,0.0,0.0,0.0
1995-10-09,0.0,0.0,0.0,0.0,0.0
1995-10-10,0.0,0.0,0.0,0.0,0.0
1995-10-11,0.2624,0.7833,0.9191,0.0,0.4912
1995-10-12,13.1304,14.9736,14.0912,3.9093,11.5261
1995-10-13,0.0,0.0,0.0,0.0,0.0
1995-10-14,0.0,0.0,0.0,0.0,0.0
1995-10-15,0.0,0.0,0.0,0.0,0.0
1995-10-16,0.0,0.0,0.0,0.0,0.0
1995-10-17,0.0,0.692,0.0,0.0,0.173
1995-10-18,0.0,0.1345,0.0,0.0,0.0336
1995-10-19,16.8014,0.7941,13.153,5.5145,9.0657
1995-10-20,0.0,13.8314,0.4543,0.1681,3.6135
1995-10-21,0.0,0.0,0.0,0.0,0.0
1995-10-22,0.0,0.0,0.0,0.0,0.0
1995-10-23,0.0,0.0,0.0,0.0,0.0
1995-10-24,3.0368,0.0,0.2132,0.0,0.8125
1995-10-25,0.0,0.0,0.0,0.0,0.0
1995-10-26,0.0,0.0,0.0,0.0,0.0
1995-10-27,0.0,0.0,0.0,0.0,0.0
1995-10-28,0.0,0.0,0.0,0.0,0.0
1995-10-29,0.0,0.0,0.0,0.0,0.0
1995-10-30,0.0,0.0,0.0,0.0,0.0
1995-10-31,0.0,0.0,0.0,0.0,0.0
1995-11-01,0.0,0.0,0.0,10.5759,2.644
1995-11-02,0.0,0.0,0.0,0.0,0.0
1995-11-03,0.0,0.0,0.0,0.0,0.0
1995-11-04,0.0,0.0,0.0,0.0,0.0
1995-11-05,0.0,0.0,0.0,0.0,0.0
1995-11-06,0.0,0.0,0.0,0.0,0.0
1995-11-07,0.0,0.0,0.0,0.0,0.0
1995-11-08,0.0,0.0,0.0,0.0,0.0
1995-11-09,0.0,0.0,0.0,0.0,0.0
1995-11-10,0.0,0.0,0.0,0.0,0.0
1995-11-11,0.0,0.0,0.0,0.0,0.0
1995-11-12,0.0,0.0,0.0,0.0,0.0
1995-11-13,0.0,0.0,0.0,0.0,0.0
1995-11-14,0.0,0.0,0.0,0.0,0.0
1995-11-15,0.0,0.0,0.0,0.0,0.0
1995-11-16,0.0,0.0,0.0,0.0,0.0
1995-11-17,0.0,0.0,0.0,0.0,0.0
1995-11-18,0.0,0.0,0.0,0.0,0.0
1995-11-19,0.0,0.0,0.0,0.0,0.0
1995-11-20,0.0,0.0,0.0,0.0,0.0
1995-11-21,0.0,0.0,0.0,0.0,0.0
1995-11-22,0.0,0.0,0.0,0.0,0.0
1995-11-23,0.0,0.0,0.0,0.0,0.0
1995-11-24,0.0,0.0,0.0,0.0,0.0
1995-11-25,0.0,0.0,0.0,0.0,0.0
1995-11-26,0.0,0.0,0.0,0.0,0.0
1995-11-27,0.0,0.0,0.0,0.0,0.0
1995-11-28,0.0,0.0,0.0,0.0,0.0
1995-11-29,0.0,0.0,0.0,0.0,0.0
1995-11-30,0.0,0.0,0.0,0.0,0.0
1995-12-01,0.0,0.0,0.0,0.0,0.0
1995-12-02,0.0,0.0,0.0,0.0,0.0
1995-12-03,0.0,0.0,0.0,0.0,0.0
1995-12-04,0.0,0.0,0.0,0.0,0.0
1995-12-05,0.0,0.0,0.0,0.0,0.0
1995-12-06,0.0,0.0,0.0,0.0,0.0
1995-12-07,0.0,0.0,0.0,0.0,0.0
1995-12-08,0.0,0.0,0.0,0.0,0.0
1995-12-09,0.0,0.0,0.0,0.0,0.0
1995-12-10,0.0,0.0,0.0,0.0,0.0
1995-12-11,0.0,0.0,0.0,0.0,0.0
1995-12-12,0.0,0.0,0.0,0.0,0.0
1995-12-13,0.0,0.0,0.0,0.0,0.0
1995-12-14,0.0,0.0,0.0,0.0,0.0
1995-12-15,0.0,0.0,0.0,0.0,0.0
1995-12-16,0.0,0.0,0.0,0.0,0.0
1995-12-17,0.0,0.0,0.0,0.0,0.0
1995-12-18,0.0,0.0,0.0,0.0,0.0
1995-12-19,0.0,0.0,0.0,0.0,0.0
1995-12-20,0.0,0.0,0.0,0.0,0.0
1995-12-21,0.0,0.0,0.0,0.0,0.0
1995-12-22,0.0,0.0,0.0,0.0,0.0
1995-12-23,0.0,0.0,0.0,0.0,0.0
1995-12-24,0.0,0.0,0.0,0.0,0.0
1995-12-25,0.0,0.0,0.0,0.0,0.0
1995-12-26,0.0,0.0,0.0,0.0,0.0
1995-12-27,0.0,0.0,0.0,0.0,0.0
1995-12-28,0.0,0.0,0.0,0.0,0.0
1995-12-29,0.0,0.0,0.0,0.0,0.0
1995-12-30,0.0,0.0,0.0,0.0,0.0
1995-12-31,0.0,0.0,0.0,0.0,0.0
1996-01-01,0.0,0.0,0.0,0.0,0.0
1996-01-02,0.0,0.0,0.0,0.0,0.0
1996-01-03,0.0,0.0,0.0,0.0,0.0
1996-01-04,0.0,0.0,0.0,0.0,0.0
1996-01-05,0.0,0.0,0.0,0.0,0.0
1996-01-06,0.0,0.0,0.0,0.0,0.0
1996-01-07,0.0,0.0,0.0,0.0,0.0
1996-01-08,0.0,0.0,0.0,0.0,0.0
1996-01-09,0.0,0.0,0.0,0.0,0.0
1996-01-10,0.0,0.0,0.0,0.0,0.0
1996-01-11,0.0,0.0,0.0,0.0,0.0
1996-01-12,0.0,0.0,0.0,0.0,0.0
1996-01-13,0.0,0.0,0.0,0.0,0.0
1996-01-14,0.0,0.0,0.0,0.0,0.0
1996-01-15,0.0,0.0,0.0,0.0,0.0
1996-01-16,2.6037,0.0,0.2487,0.0,0.7131
1996-01-17,0.0,0.0,0.0,0.0,0.0
1996-01-18,0.0,0.0,0.0,0.0,0.0
1996-01-19,0.0,0.0,0.0,0.0,0.0
1996-01-20,0.0,0.0,0.0,0.0,0.0
1996-01-21,0.0,0.0,0.0,0.0,0.0
1996-01-22,0.0,0.0,0.0,0.0,0.0
1996-01-23,0.0,0.0,0.0,0.0,0.0
1996-01-24,0.0,0.0,0.0,0.0,0.0
1996-01-25,0.0,0.0,0.0,0.0,0.0
1996-01-26,0.0,0.0,0.0,0.0,0.0
1996-01-27,0.0,0.0,0.0,0.0,0.0
1996-01-28,0.0,0.0,0.0,0.0,0.0
1996-01-29,0.0,0.0,0.0,0.0,0.0
1996-01-30,0.0,0.0,0.0,0.0,0.0
1996-01-31,0.0,0.0,0.0,0.0,0.0
1996-02-01,0.0,0.0,0.0,0.0,0.0
1996-02-02,0.0,0.0,0.0,0.0,0.0
1996-02-03,0.0,0.0,0.0,0.0,0.0
1996-02-04,0.0,0.0,0.0,0.0,0.0
1996-02-05,0.0,0.0,0.0,0.0,0.0
1996-02-06,0.0,0.0,0.0,0.0,0.0
1996-02-07,0.0,0.0,0.0,0.0,0.0
1996-02-08,0.0,0.0,0.0,0.0,0.0
1996-02-09,0.0,0.0,0.0,0.0,0.0
1996-02-10,0.0,0.0,0.0,0.0,0.0
1996-02-11,0.0,0.0,0.0,0.0,0.0
1996-02-12,0.0,0.0,0.0,0.0,0.0
1996-02-13,0.0,0.0,0.0,0.0,0.0
1996-02-14,0.0,0.0,0.0,0.0,0.0
1996-02-15,0.0,0.0,0.0,0.0,0.0
1996-02-16,0.0,0.0,0.0,0.0,0.0
1996-02-17,0.0,0.0,0.0,0.0,0.0
1996-02-18,0.0,0.0,0.0,0.0,0.0
1996-02-19,0.0,0.0,0.0,0.0,0.0
1996-02-20,0.0,0.0,0.0,0.0,0.0
1996-02-21,0.0,0.0,0.0,0.0,0.0
1996-02-22,0.0,0.0,0.0,0.0,0.0
1996-02-23,0.0,0.0,0.0,0.0,0.0
1996-02-24,0.0,0.0,0.0,0.0,0.0
1996-02-25,0.0,0.0,0.0,0.0,0.0
1996-02-26,0.0,0.0,0.0,0.0,0.0
1996-02-27,0.0,0.0,0.0,0.0,0.0
1996-02-28,0.0,0.0,0.0,0.0,0.0
1996-02-29,0.0,0.0,0.0,0.0,0.0
1996-03-01,0.0,0.0,0.0,0.0,0.0
1996-03-02,0.0,0.0,0.0,0.0,0.0
1996-03-03,0.0,0.0,0.0,0.0,0.0
1996-03-04,0.0,0.0,0.0,0.0,0.0
1996-03-05,0.0,0.0,0.0,0.0,0.0
1996-03-06,0.0,0.0,0.0,0.0,0.0
1996-03-07,0.0,0.0,0.0,0.0,0.0
1996-03-08,0.0,0.0,0.0,0.0,0.0
1996-03-09,0.0,0.0,0.0,0.0,0.0
1996-03-10,0.0,0.0,0.0,0.0,0.0
1996-03-11,0.0,0.0,0.0,0.0,0.0
1996-03-12,0.0,0.0,0.0,0.0,0.0
1996-03-13,0.0,0.0,0.0,0.0,0.0
1996-03-14,0.0,0.0,0.0,0.0,0.0
1996-03-15,0.0,0.0,0.0,0.0,0.0
1996-03-16,0.0,0.0,0.0,0.0,0.0
1996-03-17,0.0,0.0,0.0,0.0,0.0
1996-03-18,0.0,0.0,0.0,0.0,0.0
1996-03-19,0.0,0.0,0.0,0.0,0.0
1996-03-20,0.0,0.0,0.0,0.0,0.0
1996-03-21,0.0,0.0,0.0,0.0,0.0
1996-03-22,0.0,0.0,0.0,0.0,0.0
1996-03-23,0.0,0.0,0.0,0.0,0.0
1996-03-24,0.0,0.0,0.0,0.0,0.0
1996-03-25,0.0,0.0,0.0,0.0,0.0
1996-03-26,0.0,0.0,0.0,0.0,0.0
1996-03-27,0.0,0.0,0.0,0.0,0.0
1996-03-28,0.0,0.0,0.0,0.0,0.0
1996-03-29,0.0,0.0,0.0,0.0,0.0
1996-03-30,0.0,0.0,0.0,0.0,0.0
1996-03-31,0.0,0.0,0.0,0.0,0.0
1996-04-01,0.0,0.0,0.0,0.0,0.0
1996-04-02,0.0,0.0,0.0,0.0,0.0
1996-04-03,0.0,0.0,0.0,0.0,0.0
1996-04-04,0.0,0.0,0.0,0.0,0.0
1996-04-05,0.0,0.0,0.0,0.0,0.0
1996-04-06,0.0,0.0,0.0,0.0,0.0
1996-04-07,0.0,0.0,0.0,0.0,0.0
1996-04-08,0.0,0.0,0.0,0.0,0.0
1996-04-09,0.0,0.0,0.0,0.0,0.0
1996-04-10,0.0,0.0,0.0,0.0,0.0
1996-04-11,0.0,0.0,0.0,0.0,0.0
1996-04-12,0.0,0.0,0.0,0.0,0.0
1996-04-13,0.0,0.0,0.0,0.0,0.0
1996-04-14,0.0,0.0,0.0,0.0,0.0
1996-04-15,0.0,0.0,0.0,0.0,0.0
1996-04-16,0.0,0.0,0.0,0.0,0.0
1996-04-17,0.0,0.0,0.0,0.0,0.0
1996-04-18,0.0,0.0,0.0,0.0,0.0
1996-04-19,0.0,0.0,0.0,0.0,0.0
1996-04-20,0.0,0.0,0.0,0.0,0.0
1996-04-21,0.0,0.0,0.0,0.0,0.0
1996-04-22,0.0,0.0,0.0,0.0,0.0
1996-04-23,0.0,0.0,0.0,0.0,0.0
1996-04-24,0.0,0.0,0.0,0.0,0.0
1996-04-25,0.0,0.0,0.0,0.0,0.0
1996-04-26,0.0,0.0,0.0,0.0,0.0
1996-04-27,0.0,0.0,0.0,0.0,0.0
1996-04-28,0.0,0.0,0.0,0.0,0.0
1996-04-29,0.0,0.0,0.0,0.0,0.0
1996-04-30,0.0,0.0,0.0,0.0,0.0
1996-05-01,0.0,0.0,0.0,0.0,0.0
1996-05-02,0.0,0.0,0.0,0.0,0.0
1996-05-03,0.0,0.0,0.0,0.0,0.0
1996-05-04,0.0,0.0,0.0,0.0,0.0
1996-05-05,0.0,0.0,0.0,0.0,0.0
1996-05-06,0.0,0.0,0.0,0.0,0.0
1996-05-07,0.0,0.0,0.0,0.0,0.0
1996-05-08,0.0,0.0,0.0,0.0,0.0
1996-05-09,0.0,0.0,0.0,0.0,0.0
1996-05-10,0.0,0.0,0.0,0.0,0.0
1996-05-11,0.0,0.0,0.0,0.0,0.0
1996-05-12,0.0,0.0,0.0,0.0,0.0
1996-05-13,0.0,0.0,0.0,0.0,0.0
1996-05-14,0.0,0.0,0.0,0.0,0.0
1996-05-15,0.0,0.0,0.0,0.0,0.0
1996-05-16,0.0,0.0,0.0,0.0,0.0
1996-05-17,0.0,0.0,0.0,0.0,0.0
1996-05-18,0.0,0.0,0.0,0.0,0.0
1996-05-19,0.0,0.0,0.0,0.0,0.0
1996-05-20,0.0,0.0,0.0,0.0,0.0
1996-05-21,0.0,0.0,0.0,0.0,0.0
1996-05-22,0.0,0.0,0.0,0.0,0.0
1996-05-23,0.0,0.0,0.0,0.0,0.0
1996-05-24,0.0,0.0,0.0,0.0,0.0
1996-05-25,0.0,0.0,0.0,0.0,0.0
1996-05-26,0.0,0.0,0.0,0.0,0.0
1996-05-27,0.0,0.0,0.0,0.0,0.0
1996-05-28,0.0,0.0,0.0,0.0,0.0
1996-05-29,0.0,0.0,0.0,0.0,0.0
1996-05-30,0.0,0.0,0.0,0.0,0.0
1996-05-31,0.0,0.0,0.0,0.0,0.0
1996-06-01,0.0,0.0,0.0,0.0,0.0
1996-06-02,0.0,0.0,0.0,0.0,0.0
1996-06-03,0.0,0.0,0.0,0.0,0.0
1996-06-04,0.0,0.0,0.0,0.0,0.0
1996-06-05,0.0,0.0,0.0,0.0,0.0
1996-06-06,0.0,0.0,0.0,0.0,0.0
1996-06-07,0.0,0.0,0.0,0.0,0.0
1996-06-08,0.0,0.3036,0.0,0.0,0.0759
1996-06-09,0.0,9.6075,1.0781,0.3161,2.7504
1996-06-10,0.0,0.0,0.0,8.9529,2.2382
1996-06-11,11.3517,0.2055,0.4619,0.0,3.0048
1996-06-12,16.8077,0.0,12.1121,0.1391,7.2647
1996-06-13,27.5494,21.3485,24.4121,25.3517,24.6654
1996-06-14,47.5648,23.64,12.7946,16.071,25.0176
1996-06-15,7.9162,17.4481,40.1238,38.254,25.9355
1996-06-16,35.7847,35.3503,23.8009,52.4206,36.8391
1996-06-17,0.0,0.0,0.539,9.7126,2.5629
1996-06-18,56.9858,19.9463,37.0494,13.497,31.8696
1996-06-19,16.6383,60.0628,26.8958,41.8453,36.3606
1996-06-20,6.667,15.8656,8.1059,16.1962,11.7087
1996-06-21,11.5186,17.336,2.0948,12.8844,10.9584
1996-06-22,0.0,0.0,5.0774,16.2943,5.3429
1996-06-23,0.1431,1.9832,0.8579,1.2818,1.0665
1996-06-24,7.7643,19.9704,2.5222,1.0954,7.8381
1996-06-25,7.8411,1.1594,19.5241,7.0084,8.8833
1996-06-26,0.0,0.0,0.0,0.1756,0.0439
1996-06-27,0.0,0.0,0.0,0.0,0.0
1996-06-28,0.0,0.0,0.0,0.0,0.0
1996-06-29,2.9227,18.5893,25.8314,6.0596,13.3508
1996-06-30,1.9558,2.2004,11.6006,12.2673,7.006
1996-07-01,1.1687,1.4498,19.7704,40.5513,15.735
1996-07-02,4.3239,3.7322,17.7188,54.3013,20.0191
1996-07-03,5.0208,5.4708,17.4903,48.4606,19.1106
1996-07-04,74.5779,3.1283,31.5715,37.5616,36.7098
1996-07-05,1.2632,0.7088,1.9594,0.363,1.0736
1996-07-06,0.1431,0.0,5.6035,0.9711,1.6794
1996-07-07,4.6017,5.0778,18.6039,19.3128,11.899
1996-07-08,4.1661,59.972,1.6405,0.0,16.4447
1996-07-09,32.4237,37.0025,26.0498,46.0561,35.383
1996-07-10,0.7632,0.154,1.137,0.1936,0.5619
1996-07-11,4.656,2.5762,8.6708,12.3839,7.0717
1996-07-12,39.8485,33.5922,52.6708,5.8628,32.9936
1996-07-13,39.5716,11.9042,44.0731,2.9872,24.634
1996-07-14,4.2667,32.2242,21.6384,2.643,15.1931
1996-07-15,119.5941,12.4805,46.4106,55.8501,58.5838
1996-07-16,35.6734,4.472,7.869,16.704,16.1796
1996-07-17,59.8939,36.357,37.246,17.573,37.7675
1996-07-18,29.0012,18.1813,29.6403,26.1543,25.7443
1996-07-19,125.7173,61.6753,53.0756,37.1949,69.4158
1996-07-20,87.7076,160.6152,77.5886,92.0685,104.495
1996-07-21,33.9969,77.4353,47.091,28.5729,46.774
1996-07-22,117.4819,210.2527,151.9661,137.8745,154.3938
1996-07-23,98.5655,117.8591,175.9929,232.8308,156.3121
1996-07-24,27.6704,63.567,55.8777,65.7205,53.2089
1996-07-25,3.3448,12.6716,5.4777,12.1593,8.4133
1996-07-26,3.446,15.1159,9.5794,13.976,10.5293
1996-07-27,8.5599,28.775,27.799,30.7821,23.979
1996-07-28,16.7195,14.9717,7.0465,32.4943,17.808
1996-07-29,4.8,18.5937,18.0446,31.3868,18.2063
1996-07-30,13.4925,36.4468,17.3803,21.5547,22.2186
1996-07-31,3.8825,34.3311,18.7713,84.7895,35.4436
1996-08-01,11.1267,21.3367,13.7255,22.4591,17.162
1996-08-02,3.1641,8.2054,15.8744,25.1092,13.0883
1996-08-03,5.4693,21.7719,15.452,24.8574,16.8877
1996-08-04,3.1523,10.629,6.1586,9.9415,7.4703
1996-08-05,9.146,15.0684,9.1533,7.9493,10.3293
1996-08-06,4.0376,18.6177,6.0832,5.0274,8.4415
1996-08-07,2.8256,23.0612,8.1592,9.916,10.9905
1996-08-08,4.3173,18.6162,10.2351,27.3097,15.1196
1996-08-09,9.2604,5.7618,28.9046,34.3002,19.5568
1996-08-10,4.1514,7.4553,5.1434,10.011,6.6903
1996-08-11,6.5267,6.8051,13.2963,10.8534,9.3704
1996-08-12,9.0678,6.4575,12.3496,8.9019,9.1942
1996-08-13,5.1506,11.5445,9.0828,7.1241,8.2255
1996-08-14,1.6532,25.7803,5.6983,8.855,10.4967
1996-08-15,16.9527,35.7146,24.0597,21.6162,24.5858
1996-08-16,4.5239,10.3595,5.4809,11.4202,7.9461
1996-08-17,6.0635,20.0347,15.0043,17.7208,14.7058
1996-08-18,0.4523,1.766,5.7082,5.3122,3.3097
1996-08-19,7.0822,25.7529,21.2921,47.5453,25.4181
1996-08-20,5.0506,14.4278,11.3631,11.4496,10.5728
1996-08-21,12.8919,12.5646,5.5964,12.5414,10.8986
1996-08-22,2.2779,9.2826,17.4858,25.9877,13.7585
1996-08-23,1.3687,3.1517,4.3909,5.2263,3.5344
1996-08-24,2.5521,0.0,18.4506,5.3069,6.5774
1996-08-25,54.4305,11.3543,10.6827,0.0,19.1169
1996-08-26,53.1256,55.3839,28.738,5.8222,35.7674
1996-08-27,0.3523,9.6863,0.7049,23.7062,8.6124
1996-08-28,3.4998,21.1015,15.9134,16.9373,14.363
1996-08-29,78.5608,30.8739,12.5519,37.7567,39.9358
1996-08-30,83.3709,45.3187,71.5776,44.8174,61.2711
1996-08-31,25.677,30.7543,26.1095,22.9361,26.3692
1996-09-01,0.2624,0.0,1.0355,0.9024,0.5501
1996-09-02,5.0258,0.0,0.539,0.9789,1.6359
1996-09-03,6.6306,4.4378,20.1196,0.2248,7.8532
1996-09-04,2.1963,0.0,16.0947,20.7298,9.7552
1996-09-05,1.0862,5.9102,1.2497,2.644,2.7225
1996-09-06,3.5761,8.1634,3.0504,3.9667,4.6891
1996-09-07,0.5046,2.8371,3.6006,1.0573,1.9999
1996-09-08,53.1899,41.4595,65.4064,40.0234,50.0198
1996-09-09,3.3713,32.4336,6.6798,1.5607,11.0113
1996-09-10,22.6781,79.1221,16.1404,11.841,32.4454
1996-09-11,8.2267,0.2339,2.7836,8.8718,5.029
1996-09-12,21.5379,8.7967,15.3763,1.1884,11.7248
1996-09-13,25.435,5.3796,21.4728,0.2031,13.1226
1996-09-14,131.0069,3.6274,8.4945,0.0,35.7822
1996-09-15,51.5153,20.4125,1.2459,10.7734,20.9868
1996-09-16,2.0422,13.2902,8.0559,15.1232,9.6279
1996-09-17,18.427,0.9989,9.5778,12.2225,10.3065
1996-09-18,10.1906,0.5582,22.8928,13.1021,11.6859
1996-09-19,6.165,15.4347,6.433,15.4621,10.8737
1996-09-20,4.8451,0.0,1.6882,0.0,1.6333
1996-09-21,2.1164,0.0,2.1319,0.0,1.0621
1996-09-22,0.0,1.0033,0.0,6.0295,1.7582
1996-09-23,14.0721,24.1797,20.9641,0.0,14.804
1996-09-24,0.0,16.4438,1.7592,48.1957,16.5997
1996-09-25,0.0,0.0,0.0,0.0,0.0
1996-09-26,0.4807,4.343,0.0,7.4104,3.0585
1996-09-27,0.0,0.0,0.0,0.0,0.0
1996-09-28,0.0,0.0,0.0,0.0,0.0
1996-09-29,0.0,1.344,3.7732,0.0,1.2793
1996-09-30,0.0,0.0,0.6101,0.0,0.1525
1996-10-01,0.0,0.0,0.0,0.0,0.0
1996-10-02,1.4422,8.8639,0.8461,0.3733,2.8814
1996-10-03,59.5061,86.605,56.2015,55.856,64.5422
1996-10-04,33.6465,24.3453,73.1682,32.5016,40.9154
1996-10-05,4.6451,6.6262,0.7503,9.3761,5.3494
1996-10-06,1.6696,0.1807,4.5161,0.0,1.5916
1996-10-07,0.0,0.0,0.0,0.0,0.0
1996-10-08,0.0,1.1148,0.0,3.5612,1.169
1996-10-09,0.0,1.92,0.0,0.0,0.48
1996-10-10,0.0,0.0,0.0,0.0,0.0
1996-10-11,0.0,0.0,0.0,0.0,0.0
1996-10-12,0.0,0.0,0.0,0.0,0.0
1996-10-13,0.0,0.0,0.0,0.0,0.0
1996-10-14,0.0,0.0,0.0,0.0,0.0
1996-10-15,0.0,0.0,0.0,0.0,0.0
1996-10-16,0.0,0.0,0.0,0.0,0.0
1996-10-17,0.0,0.0,0.0,0.0,0.0
1996-10-18,0.0,0.0,0.0,0.0,0.0
1996-10-19,0.0,0.0,0.0,0.0,0.0
1996-10-20,0.0,0.0,0.0,0.0,0.0
1996-10-21,8.9956,15.7939,0.8944,0.0,6.421
1996-10-22,1.6477,8.1,1.1786,2.0554,3.2454
1996-10-23,4.8853,41.2914,24.511,32.0717,25.6898
1996-10-24,0.0,3.3439,7.7361,5.4014,4.1204
1996-10-25,0.9063,0.0,8.3576,0.0,2.316
1996-10-26,10.9908,0.0,6.8169,0.8993,4.6768
1996-10-27,0.0,0.0,0.0,0.0,0.0
1996-10-28,0.0,0.0,0.0,0.0,0.0
1996-10-29,0.0,0.0,0.0,0.0,0.0
1996-10-30,0.0,0.0,0.0,0.0,0.0
1996-10-31,0.0,0.0,0.0,0.0,0.0
1996-11-01,0.0,0.0,0.0,0.0,0.0
1996-11-02,0.0,0.0,0.0,0.0,0.0
1996-11-03,0.0,0.0,0.0,0.0,0.0
1996-11-04,0.0,0.0,0.0,0.0,0.0
1996-11-05,0.0,0.0,0.0,0.0,0.0
1996-11-06,0.0,0.0,0.0,0.0,0.0
1996-11-07,0.0,0.0,0.0,0.0,0.0
1996-11-08,0.0,0.0,0.0,0.0,0.0
1996-11-09,1.7899,0.0,0.2843,2.644,1.1796
1996-11-10,0.0,0.0,0.0,0.2147,0.0537
1996-11-11,0.0,0.0,0.0,0.0,0.0
1996-11-12,0.0,0.0,0.0,0.0,0.0
1996-11-13,0.0,0.0,0.0,0.0,0.0
1996-11-14,0.0,0.0,0.0,0.0,0.0
1996-11-15,0.0,0.0,0.0,0.0,0.0
1996-11-16,0.0,0.0,0.0,0.0,0.0
1996-11-17,0.0,0.0,0.0,0.0,0.0
1996-11-18,0.0,0.0,0.0,0.0,0.0
1996-11-19,0.0,0.0,0.0,0.0,0.0
1996-11-20,0.0,0.0,0.0,0.0,0.0
1996-11-21,0.0,0.0,0.0,0.0,0.0
1996-11-22,0.0,0.0,0.0,0.0,0.0
1996-11-23,0.0,0.0,0.0,0.0,0.0
1996-11-24,0.0,0.0,0.0,0.0,0.0
1996-11-25,0.0,0.0,0.0,0.0,0.0
1996-11-26,0.0,0.0,0.0,0.0,0.0
1996-11-27,0.0,0.0,0.0,0.0,0.0
1996-11-28,0.0,0.0,0.0,0.0,0.0
1996-11-29,0.0,0.0,0.0,0.0,0.0
1996-11-30,0.0,0.0,0.0,0.0,0.0
1996-12-01,0.0,0.0,0.0,0.0,0.0
1996-12-02,0.0,0.0,0.0,0.0,0.0
1996-12-03,0.0,0.0,0.0,0.0,0.0
1996-12-04,0.0,0.0,0.0,0.0,0.0
1996-12-05,0.0,0.0,0.0,0.0,0.0
1996-12-06,0.0,0.0,0.0,0.0,0.0
1996-12-07,0.0,0.0,0.0,0.0,0.0
1996-12-08,0.0,0.0,0.0,0.0,0.0
1996-12-09,0.0,0.0,0.0,0.0,0.0
1996-12-10,0.0,0.0,0.0,0.0,0.0
1996-12-11,0.0,0.0,0.0,0.0,0.0
1996-12-12,0.0,0.0,0.0,0.0,0.0
1996-12-13,0.0,0.0,0.0,0.0,0.0
1996-12-14,0.0,0.0,0.0,0.0,0.0
1996-12-15,0.0,0.0,0.0,0.0,0.0
1996-12-16,0.0,0.0,0.0,0.0,0.0
1996-12-17,0.0,0.0,0.0,0.0,0.0
1996-12-18,0.0,0.0,0.0,0.0,0.0
1996-12-19,0.0,0.0,0.0,0.0,0.0
1996-12-20,0.0,0.0,0.0,0.0,0.0
1996-12-21,0.0,0.0,0.0,0.0,0.0
1996-12-22,0.0,0.0,0.0,0.0,0.0
1996-12-23,0.0,0.0,0.0,0.0,0.0
1996-12-24,0.0,0.0,0.0,0.0,0.0
1996-12-25,0.0,0.0,0.0,0.0,0.0
1996-12-26,0.0,0.0,0.0,0.0,0.0
1996-12-27,0.0,0.0,0.0,0.0,0.0
1996-12-28,0.0,0.0,0.0,0.0,0.0
1996-12-29,0.0,0.0,0.0,0.0,0.0
1996-12-30,0.0,0.0,0.0,0.0,0.0
1996-12-31,0.0,0.0,0.0,0.0,0.0
1997-01-01,0.0,0.0,0.0,0.0,0.0
1997-01-02,0.0,0.0,0.0,0.0,0.0
1997-01-03,0.0,0.0,0.0,0.0,0.0
1997-01-04,0.0,0.0,0.0,0.0,0.0
1997-01-05,0.0,0.0,0.0,0.0,0.0
1997-01-06,0.0,0.0,0.0,0.0,0.0
1997-01-07,0.0,0.0,0.0,0.0,0.0
1997-01-08,0.0,0.0,0.0,0.0,0.0
1997-01-09,0.0,0.0,0.0,0.0,0.0
1997-01-10,0.0,0.0,0.0,0.0,0.0
1997-01-11,0.0,0.0,0.0,0.0,0.0
1997-01-12,0.0,0.0,0.0,0.0,0.0
1997-01-13,0.0,0.0,0.0,0.0,0.0
1997-01-14,0.0,0.0,0.0,0.0,0.0
1997-01-15,0.0,0.0,0.0,0.0,0.0
1997-01-16,0.0,0.0,0.0,0.0,0.0
1997-01-17,0.0,0.0,0.0,0.0,0.0
1997-01-18,0.0,0.0,0.0,0.0,0.0
1997-01-19,0.0,0.0,0.0,0.0,0.0
1997-01-20,0.0,0.0,4.8765,0.1615,1.2595
1997-01-21,0.0,0.0,0.0,0.0,0.0
1997-01-22,0.0,0.0,0.0,0.0,0.0
1997-01-23,0.0,0.0,0.0,0.0,0.0
1997-01-24,0.0,0.0,0.0,0.0,0.0
1997-01-25,0.0,0.0,0.0,0.0,0.0
1997-01-26,0.0,0.0,0.0,0.0,0.0
1997-01-27,0.0,0.0,0.0,0.0,0.0
1997-01-28,0.0,0.0,0.0,0.0,0.0
1997-01-29,0.0,0.0,0.0,0.0,0.0
1997-01-30,0.0,0.0,0.0,0.0,0.0
1997-01-31,0.0,0.0,0.0,0.0,0.0
1997-02-01,0.0,0.0,0.0,0.0,0.0
1997-02-02,0.0,0.0,0.0,0.0,0.0
1997-02-03,0.0,0.0,0.0,0.0,0.0
1997-02-04,0.0,0.0,0.0,0.0,0.0
1997-02-05,0.0,0.0,0.0,0.0,0.0
1997-02-06,0.0,0.0,0.0,0.0,0.0
1997-02-07,0.0,0.0,0.0,0.0,0.0
1997-02-08,0.0,0.0,0.0,0.0,0.0
1997-02-09,0.0,0.0,0.0,0.0,0.0
1997-02-10,0.0,0.0,0.0,0.0,0.0
1997-02-11,0.0,0.0,0.0,0.0,0.0
1997-02-12,0.0,0.0,0.0,0.0,0.0
1997-02-13,0.0,0.0,0.0,0.0,0.0
1997-02-14,0.0,0.0,0.0,0.0,0.0
1997-02-15,0.0,0.0,0.0,0.0,0.0
1997-02-16,0.0,0.0,0.0,0.0,0.0
1997-02-17,0.0,0.0,0.0,0.0,0.0
1997-02-18,0.0,0.0,0.0,0.0,0.0
1997-02-19,0.0,0.0,0.0,0.0,0.0
1997-02-20,0.0,0.0,0.0,0.0,0.0
1997-02-21,0.0,0.0,0.0,0.0,0.0
1997-02-22,0.0,0.0,0.0,0.0,0.0
1997-02-23,0.0,0.0,0.0,0.0,0.0
1997-02-24,0.0,0.0,0.0,0.0,0.0
1997-02-25,0.0,0.0,0.0,0.0,0.0
1997-02-26,0.0,0.0,0.0,0.0,0.0
1997-02-27,0.0,0.0,0.0,0.0,0.0
1997-02-28,0.0,0.0,0.0,0.0,0.0
1997-03-01,0.0,0.0,0.0,0.0,0.0
1997-03-02,0.0,0.0,0.0,0.0,0.0
1997-03-03,0.0,0.0,0.0,0.0,0.0
1997-03-04,0.0,0.0,0.0,0.0,0.0
1997-03-05,0.0,0.0,0.0,0.0,0.0
1997-03-06,0.0,0.0,0.0,0.0,0.0
1997-03-07,0.0,0.0,0.0,0.0,0.0
1997-03-08,0.0,0.0,0.0,0.0,0.0
1997-03-09,0.0,0.0,0.0,0.0,0.0
1997-03-10,0.0,0.0,0.0,0.0,0.0
1997-03-11,0.0,0.0,0.0,0.0,0.0
1997-03-12,0.0,0.0,0.0,0.0,0.0
1997-03-13,0.0,0.0,0.0,0.0,0.0
1997-03-14,0.0,0.0,0.0,0.0,0.0
1997-03-15,0.0,0.0,0.0,0.0,0.0
1997-03-16,0.0,0.0,0.0,0.0,0.0
1997-03-17,0.0,0.0,0.0,0.0,0.0
1997-03-18,0.0,0.0,0.0,0.0,0.0
1997-03-19,0.0,0.0,0.0,0.0,0.0
1997-03-20,0.0,0.0,0.0,0.0,0.0
1997-03-21,0.0,0.0,0.0,0.0,0.0
1997-03-22,0.0,0.0,0.0,0.0,0.0
1997-03-23,0.0,0.0,0.0,0.0,0.0
1997-03-24,0.0,0.0,0.0,0.0,0.0
1997-03-25,0.0,0.0,0.0,0.0,0.0
1997-03-26,0.0,0.0,0.0,0.0,0.0
1997-03-27,0.0,0.0,0.0,0.0,0.0
1997-03-28,0.0,0.0,0.0,0.0,0.0
1997-03-29,0.0,0.0,0.0,0.0,0.0
1997-03-30,0.0,0.0,0.0,0.0,0.0
1997-03-31,0.0,0.0,0.0,0.0,0.0
1997-04-01,0.0,0.0,0.0,0.0,0.0
1997-04-02,0.0,0.0,0.0,0.0,0.0
1997-04-03,0.0,0.0,0.0,0.0,0.0
1997-04-04,0.0,0.0,0.0,0.0,0.0
1997-04-05,0.0,0.0,0.0,0.0,0.0
1997-04-06,0.0,0.0,0.0,0.0,0.0
1997-04-07,0.0,0.0,0.0,0.0,0.0
1997-04-08,0.0,0.0,0.0,0.0,0.0
1997-04-09,0.0,0.0,0.0,0.0,0.0
1997-04-10,0.0,0.0,0.0,0.0,0.0
1997-04-11,0.0,0.0,0.0,0.0,0.0
1997-04-12,0.0,0.0,0.0,0.0,0.0
1997-04-13,0.0,0.0,0.0,0.0,0.0
1997-04-14,0.0,0.0,0.0,0.0,0.0
1997-04-15,0.0,0.0,0.0,0.0,0.0
1997-04-16,0.0,0.0,0.0,0.0,0.0
1997-04-17,0.0,0.0,0.0,0.0,0.0
1997-04-18,0.0,0.0,0.0,0.0,0.0
1997-04-19,0.0,0.0,0.0,0.0,0.0
1997-04-20,0.0,0.0,0.0,0.0,0.0
1997-04-21,0.0,0.0,0.0,0.0,0.0
1997-04-22,0.0,0.0,0.0,0.0,0.0
1997-04-23,0.0,0.0,0.0,0.0,0.0
1997-04-24,0.0,0.0,0.0,0.0,0.0
1997-04-25,0.0,0.0,0.0,0.0,0.0
1997-04-26,0.0,0.0,0.0,0.0,0.0
1997-04-27,0.0,0.0,0.0,0.0,0.0
1997-04-28,0.0,0.0,0.0,0.0,0.0
1997-04-29,0.2566,0.0,0.0,0.0,0.0641
1997-04-30,0.0,0.0,0.5662,0.0,0.1416
1997-05-01,0.0,0.0,0.0,0.0,0.0
1997-05-02,0.0,0.0,0.0,0.0,0.0
1997-05-03,0.0,0.0,0.0,0.0,0.0
1997-05-04,0.0,0.0,0.0,0.0,0.0
1997-05-05,0.0,0.0,0.0,0.0,0.0
1997-05-06,0.0,0.0,0.0,0.0,0.0
1997-05-07,0.0,0.0,0.0,0.0,0.0
1997-05-08,0.0,0.0,0.0,0.0,0.0
1997-05-09,0.0,0.0,0.0,0.0,0.0
1997-05-10,0.0,0.0,0.0,0.0,0.0
1997-05-11,0.0,0.0,0.0,0.0,0.0
1997-05-12,0.0,0.0,0.0,0.0,0.0
1997-05-13,0.0,0.0,0.0,0.0,0.0
1997-05-14,0.0,0.0,0.0,0.0,0.0
1997-05-15,0.0,0.0,0.0,0.0,0.0
1997-05-16,0.0,0.0,0.0,0.0,0.0
1997-05-17,0.0,0.0,0.0,0.0,0.0
1997-05-18,0.0,0.0,0.0,0.0,0.0
1997-05-19,0.0,0.0,0.0,0.0,0.0
1997-05-20,0.0,0.0,0.0,0.0,0.0
1997-05-21,0.0,0.0,0.0,0.0,0.0
1997-05-22,0.0,0.0,0.0,0.0,0.0
1997-05-23,0.0,0.0,0.0,0.0,0.0
1997-05-24,0.0,0.0,0.0,0.0,0.0
1997-05-25,0.0,0.0,0.0,0.0,0.0
1997-05-26,0.0,0.0,0.0,0.0,0.0
1997-05-27,0.0,0.0,0.0,0.0,0.0
1997-05-28,0.0,0.0,0.0,0.0,0.0
1997-05-29,0.0,0.0,0.0,0.0,0.0
1997-05-30,0.0,0.0,0.0,0.0,0.0
1997-05-31,0.0,0.0,0.0,0.0,0.0
1997-06-01,25.396,1.033,0.0,0.0,6.6073
1997-06-02,13.3381,18.936,16.0667,4.4482,13.1973
1997-06-03,0.9714,0.0,0.5345,0.0,0.3765
1997-06-04,2.3321,5.2608,6.6595,0.9204,3.7932
1997-06-05,0.0,0.0,0.0,0.0,0.0
1997-06-06,4.8911,0.199,0.0,0.0,1.2725
1997-06-07,0.3922,0.3993,0.0,0.0,0.1979
1997-06-08,0.0,0.0,0.0,0.0,0.0
1997-06-09,0.0,0.0,0.0,0.0,0.0
1997-06-10,1.0728,1.3416,1.5852,3.7985,1.9495
1997-06-11,2.4457,2.304,32.5349,0.103,9.3469
1997-06-12,0.0,0.0,0.0,0.0,0.0
1997-06-13,35.1219,0.1133,0.6979,0.0,8.9833
1997-06-14,10.9703,31.1305,18.2256,0.576,15.2256
1997-06-15,4.6893,19.6736,22.714,2.9028,12.4949
1997-06-16,9.7299,38.693,16.3655,5.2882,17.5191
1997-06-17,13.4968,5.0567,32.9071,5.0425,14.1258
1997-06-18,45.4659,10.4499,32.4345,1.999,22.5873
1997-06-19,98.1761,66.4882,151.3501,34.5699,87.6461
1997-06-20,43.9824,32.9253,83.6259,18.4045,44.7345
1997-06-21,113.2239,65.6066,84.9667,27.3941,72.7978
1997-06-22,21.5255,12.6276,30.5254,11.4037,19.0206
1997-06-23,53.3816,33.8958,32.6837,18.7618,34.6807
1997-06-24,37.9657,63.3939,17.1604,15.1937,33.4284
1997-06-25,17.7398,19.1024,13.5744,5.9162,14.0832
1997-06-26,6.0255,12.9329,7.9135,1.41,7.0705
1997-06-27,0.2988,2.2489,5.1325,4.4722,3.0381
1997-06-28,12.508,21.9911,17.0607,25.2025,19.1906
1997-06-29,8.753,29.1964,4.1868,15.7372,14.4683
1997-06-30,10.6362,15.9466,35.784,28.2005,22.6418
1997-07-01,19.9791,3.1103,5.4898,22.1756,12.6887
1997-07-02,12.2562,78.3283,6.2652,14.3122,27.7905
1997-07-03,34.5364,21.7532,12.1914,1.1606,17.4104
1997-07-04,32.039,1.1847,29.1627,2.1492,16.1339
1997-07-05,52.0543,38.059,70.5693,45.8037,51.6216
1997-07-06,120.1989,123.8725,77.3996,58.9072,95.0945
1997-07-07,77.3704,44.137,85.4967,88.4503,73.8636
1997-07-08,58.7421,118.9485,81.3136,114.4988,93.3757
1997-07-09,10.694,18.2708,26.3233,55.5144,27.7006
1997-07-10,3.9978,5.7437,3.7141,4.2068,4.4156
1997-07-11,3.9931,18.2948,1.9922,2.2018,6.6205
1997-07-12,0.5054,1.2873,2.928,6.615,2.8339
1997-07-13,1.6801,1.7106,1.539,4.5354,2.3663
1997-07-14,0.6978,3.0562,1.2811,10.4787,3.8784
1997-07-15,0.1642,0.1093,1.3687,2.3705,1.0032
1997-07-16,2.1923,1.5901,2.5612,0.2884,1.658
1997-07-17,1.8135,2.2464,3.1994,2.197,2.3641
1997-07-18,0.6232,1.5164,0.8693,0.0,0.7522
1997-07-19,2.0929,4.0971,3.2581,2.3132,2.9403
1997-07-20,1.275,2.4614,1.3522,4.9295,2.5045
1997-07-21,0.3193,1.9545,0.7338,0.0,0.7519
1997-07-22,0.0,1.5956,0.7819,8.8671,2.8112
1997-07-23,0.0,2.9283,2.2927,6.4822,2.9258
1997-07-24,0.3906,7.9989,3.2664,5.7144,4.3426
1997-07-25,2.6605,16.3911,10.8599,38.9754,17.2217
1997-07-26,7.7378,20.839,8.2542,134.6845,42.8789
1997-07-27,58.0273,117.9484,92.934,97.3309,91.5602
1997-07-28,12.7956,16.1708,40.597,104.161,43.4311
1997-07-29,9.2088,42.7251,13.2683,18.1149,20.8293
1997-07-30,7.8082,28.9711,14.4064,18.4738,17.4149
1997-07-31,34.9148,50.7518,99.3877,113.5297,74.646
1997-08-01,7.3448,23.2758,18.1479,32.5397,20.327
1997-08-02,10.7905,25.5253,13.8187,10.1743,15.0772
1997-08-03,15.9461,23.604,8.4257,15.8265,15.9506
1997-08-04,5.4745,5.012,5.0534,9.2245,6.1911
1997-08-05,4.864,23.032,12.5481,32.1025,18.1366
1997-08-06,4.3579,24.1118,7.747,7.3574,10.8935
1997-08-07,5.847,13.759,5.1621,8.6925,8.3651
1997-08-08,5.7893,11.9073,6.02,11.2852,8.7505
1997-08-09,12.5349,9.3727,7.9225,15.6616,11.3729
1997-08-10,2.3076,1.9971,2.4419,2.9663,2.4282
1997-08-11,0.1797,0.0,0.8518,1.0762,0.5269
1997-08-12,5.2407,10.7954,5.4182,1.4662,5.7301
1997-08-13,13.8155,17.1147,32.5385,42.6666,26.5338
1997-08-14,3.6645,9.8661,17.2571,25.6208,14.1021
1997-08-15,1.7834,11.9782,4.9049,10.8677,7.3835
1997-08-16,3.1177,3.278,4.8067,3.9481,3.7876
1997-08-17,5.5982,6.1982,5.8926,4.8162,5.6263
1997-08-18,2.8146,1.0819,5.303,4.9906,3.5475
1997-08-19,2.5014,3.5903,2.7121,2.962,2.9414
1997-08-20,8.9836,13.6346,8.8224,11.9144,10.8388
1997-08-21,14.517,22.1686,17.5669,32.9511,21.8009
1997-08-22,93.9639,22.3312,29.0744,7.3321,38.1754
1997-08-23,292.4301,164.6603,131.7037,147.693,184.1218
1997-08-24,28.1138,62.267,58.1679,66.2174,53.6915
1997-08-25,35.4484,94.7481,38.8004,68.3713,59.3421
1997-08-26,27.4458,56.4443,23.9979,34.499,35.5968
1997-08-27,3.4685,14.6606,11.1528,15.1408,11.1057
1997-08-28,0.0,0.0,0.8455,0.9852,0.4577
1997-08-29,1.0805,3.2639,3.0532,1.8099,2.3019
1997-08-30,6.8959,15.3971,8.0197,11.836,10.5372
1997-08-31,0.8152,14.648,1.1374,0.3944,4.2488
1997-09-01,5.6521,0.3216,6.3114,2.4105,3.6739
1997-09-02,7.2494,0.409,1.3673,10.7547,4.9451
1997-09-03,28.3562,59.5996,27.1689,16.0516,32.7941
1997-09-04,8.062,11.9144,23.7743,10.0265,13.4443
1997-09-05,1.1922,0.192,1.247,0.0,0.6578
1997-09-06,0.0,0.192,0.0,0.0,0.048
1997-09-07,0.0,0.0,0.0,0.0,0.0
1997-09-08,0.0,1.7515,5.0958,0.0,1.7118
1997-09-09,2.7593,0.5892,5.1739,0.2805,2.2007
1997-09-10,3.2088,0.5613,0.8274,1.8115,1.6023
1997-09-11,4.3123,0.8448,5.9605,0.9941,3.0279
1997-09-12,7.4105,13.8082,8.5066,11.7104,10.3589
1997-09-13,1.5674,10.249,5.9373,6.3035,6.0143
1997-09-14,1.605,9.7293,15.0222,1.4185,6.9438
1997-09-15,6.0254,2.2478,10.0161,9.1863,6.8689
1997-09-16,17.2716,29.2986,26.023,2.9887,18.8955
1997-09-17,2.5325,0.0,2.7053,0.3252,1.3907
1997-09-18,1.3517,0.346,13.0464,0.0,3.686
1997-09-19,0.0,0.0,0.0,0.0,0.0
1997-09-20,0.0,0.0,0.5662,0.0,0.1416
1997-09-21,0.0,0.1538,0.9523,0.3051,0.3528
1997-09-22,2.368,0.0,2.3285,0.1561,1.2132
1997-09-23,0.2566,12.0492,3.7773,31.4482,11.8828
1997-09-24,30.2191,12.106,22.3761,17.7916,20.6232
1997-09-25,19.5947,77.8519,1.5265,8.4169,26.8475
1997-09-26,116.7621,70.5341,97.3852,47.9147,83.149
1997-09-27,85.5411,43.7188,161.7022,81.984,93.2365
1997-09-28,11.7455,7.8995,32.7886,26.0008,19.6086
1997-09-29,0.0,0.0,0.0,0.0,0.0
1997-09-30,0.0,0.0,0.0,0.0,0.0
1997-10-01,0.0,0.0,0.0,0.0,0.0
1997-10-02,0.0,0.0,0.0,0.0,0.0
1997-10-03,0.0,0.0,0.0,0.0,0.0
1997-10-04,0.0,0.0,0.0,0.0,0.0
1997-10-05,0.0,0.0,0.0,0.0,0.0
1997-10-06,0.0,0.0,0.0,0.0,0.0
1997-10-07,0.0,0.0,0.0,0.0,0.0
1997-10-08,0.0,0.0,0.0,0.0,0.0
1997-10-09,0.0,0.0,0.0,0.0,0.0
1997-10-10,0.0,0.0,0.0,0.0,0.0
1997-10-11,0.0,0.0,0.0,0.0,0.0
1997-10-12,0.0,0.0,0.0,0.0,0.0
1997-10-13,0.0,0.0,0.0,0.0,0.0
1997-10-14,0.0,0.0,0.0,0.0,0.0
1997-10-15,0.0,0.0,0.0,1.8114,0.4528
1997-10-16,0.0,0.0,0.0,0.0,0.0
1997-10-17,0.0,0.0,0.0,0.0,0.0
1997-10-18,0.0,0.0,0.0,0.0,0.0
1997-10-19,0.0,0.0,0.0,0.0,0.0
1997-10-20,0.0,0.0,0.0,0.0,0.0
1997-10-21,0.0,0.0,0.0,0.0,0.0
1997-10-22,0.0,0.0,0.0,0.0,0.0
1997-10-23,0.0,0.0,0.0,0.0,0.0
1997-10-24,0.0,0.0,0.0,0.0,0.0
1997-10-25,0.0,0.0,0.0,0.0,0.0
1997-10-26,0.0,0.0,0.6722,0.2154,0.2219
1997-10-27,0.0,0.0,0.0,0.0,0.0
1997-10-28,0.0,0.0,0.0,0.0,0.0
1997-10-29,0.0,0.0,0.0,0.0,0.0
1997-10-30,0.0,0.0,0.0,0.0,0.0
1997-10-31,0.0,0.0,0.0,0.0,0.0
1997-11-01,0.0,0.0,0.0,0.0,0.0
1997-11-02,0.0,0.0,0.0,0.0,0.0
1997-11-03,0.9833,0.0,0.6514,0.0,0.4087
1997-11-04,0.0,0.0,0.0,0.0,0.0
1997-11-05,0.0,0.0,0.0,0.0,0.0
1997-11-06,0.0,0.0,0.0,0.0,0.0
1997-11-07,0.0,0.0,0.0,0.0,0.0
1997-11-08,0.0,0.0,0.0,0.0,0.0
1997-11-09,0.0,0.0,0.0,0.0,0.0
1997-11-10,0.0,0.0,0.0,0.0,0.0
1997-11-11,0.0,0.4844,0.0,0.0,0.1211
1997-11-12,9.7929,2.5259,23.1023,49.1531,21.1435
1997-11-13,12.9553,214.1766,57.7408,54.4454,84.8295
1997-11-14,0.0,0.0,0.0,0.0,0.0
1997-11-15,0.0,0.0,0.0,0.0,0.0
1997-11-16,0.0,0.0,0.0,0.0,0.0
1997-11-17,0.0,0.0,0.0,0.0,0.0
1997-11-18,0.0,0.0,0.0,0.0,0.0
1997-11-19,0.0,0.0,0.0,0.0,0.0
1997-11-20,0.0,0.0,0.0,0.0,0.0
1997-11-21,0.0,0.0,0.0,0.0,0.0
1997-11-22,0.0,0.0,0.0,0.0,0.0
1997-11-23,0.0,0.0,0.0,0.0,0.0
1997-11-24,0.0,0.0,0.0,0.0,0.0
1997-11-25,0.0,0.0,0.0,0.0,0.0
1997-11-26,0.0,0.0,0.0,0.0,0.0
1997-11-27,0.0,0.0,0.0,0.0,0.0
1997-11-28,0.1823,0.0,1.0161,3.6311,1.2074
1997-11-29,0.832,0.0,0.6192,1.7758,0.8068
1997-11-30,0.0,0.0,0.0,0.1171,0.0293
1997-12-01,0.0,0.0,0.0,0.0,0.0
1997-12-02,0.0,0.0,0.0,0.0,0.0
1997-12-03,0.0,0.0,0.0,0.0,0.0
1997-12-04,0.0,0.0,0.0,0.0,0.0
1997-12-05,0.0,0.0,0.0,0.0,0.0
1997-12-06,0.0,0.0,0.0,0.0,0.0
1997-12-07,0.0,0.0,0.0,0.0,0.0
1997-12-08,24.2569,23.1462,16.5327,38.7548,25.6727
1997-12-09,8.2742,8.1689,7.1541,11.7674,8.8412
1997-12-10,0.0,0.0,0.0,0.0,0.0
1997-12-11,0.0,0.0,0.0,0.0,0.0
1997-12-12,0.0,0.0,0.0,0.0,0.0
1997-12-13,0.0,0.0,0.0,0.0,0.0
1997-12-14,0.0,0.0,0.0,0.0,0.0
1997-12-15,0.0,0.0,0.0,0.0,0.0
1997-12-16,0.0,0.0,0.0,0.0,0.0
1997-12-17,0.0,0.0,0.0,0.0,0.0
1997-12-18,0.0,0.0,0.0,0.0,0.0
1997-12-19,0.0,0.0,0.0,0.0,0.0
1997-12-20,0.0,0.0,0.0,0.0,0.0
1997-12-21,0.0,0.0,0.0,0.0,0.0
1997-12-22,0.0,0.0,0.0,0.0,0.0
1997-12-23,0.0,0.0,0.0,0.0,0.0
1997-12-24,0.0,0.0,0.0,0.0,0.0
1997-12-25,0.0,0.0,0.0,0.0,0.0
1997-12-26,0.0,0.0,0.0,0.0,0.0
1997-12-27,0.0,0.0,0.0,0.0,0.0
1997-12-28,0.0,0.0,0.0,0.0,0.0
1997-12-29,0.0,0.0,0.0,0.0,0.0
1997-12-30,0.0,0.0,0.0,0.0,0.0
1997-12-31,0.0,0.0,0.0,0.0,0.0
1998-01-01,0.0,0.0,0.0,0.0,0.0
1998-01-02,0.0,0.0,0.0,0.0,0.0
1998-01-03,0.0,0.0,0.0,0.0,0.0
1998-01-04,0.0,0.0,0.0,0.0,0.0
1998-01-05,0.0,0.0,0.0,0.0,0.0
1998-01-06,0.0,0.0,0.0,0.0,0.0
1998-01-07,0.0,0.0,0.0,0.0,0.0
1998-01-08,0.0,0.0,0.0,0.0,0.0
1998-01-09,0.0,0.0,0.0,0.0,0.0
1998-01-10,0.0,0.0,0.0,0.0,0.0
1998-01-11,0.0,0.0,0.0,0.0,0.0
1998-01-12,0.0,0.0,0.0,0.0,0.0
1998-01-13,0.0,0.0,0.0,0.0,0.0
1998-01-14,0.0,0.0,0.0,0.0,0.0
1998-01-15,0.0,0.0,0.0,0.0,0.0
1998-01-16,0.0,0.0,0.0,0.0,0.0
1998-01-17,0.0,0.0,0.0,0.0,0.0
1998-01-18,0.0,0.0,0.0,0.0,0.0
1998-01-19,0.0,0.0,0.0,0.0,0.0
1998-01-20,0.0,0.0,0.0,0.0,0.0
1998-01-21,0.0,0.0,0.0,0.0,0.0
1998-01-22,0.0,0.0,0.0,0.0,0.0
1998-01-23,0.0,0.0,0.0,0.0,0.0
1998-01-24,0.0,0.0,0.0,0.0,0.0
1998-01-25,0.0,0.0,0.0,0.0,0.0
1998-01-26,0.0,0.0,0.0,0.0,0.0
1998-01-27,0.0,0.0,0.0,0.0,0.0
1998-01-28,0.0,0.0,0.0,0.0,0.0
1998-01-29,0.0,0.0,0.0,0.0,0.0
1998-01-30,0.0,0.0,0.0,0.0,0.0
1998-01-31,0.0,0.0,0.0,0.0,0.0
1998-02-01,0.0,0.0,0.0,0.0,0.0
1998-02-02,0.0,0.0,0.0,0.0,0.0
1998-02-03,0.0,0.0,0.0,0.0,0.0
1998-02-04,0.0,0.0,0.0,0.0,0.0
1998-02-05,0.0,0.0,0.0,0.0,0.0
1998-02-06,0.0,0.0,0.0,0.0,0.0
1998-02-07,0.0,0.0,0.0,0.0,0.0
1998-02-08,0.0,0.0,0.0,0.0,0.0
1998-02-09,0.0,0.0,0.0,0.0,0.0
1998-02-10,0.0,0.0,0.0,0.0,0.0
1998-02-11,0.0,0.0,0.0,0.0,0.0
1998-02-12,0.0,0.0,0.0,0.0,0.0
1998-02-13,0.0,0.0,0.0,0.0,0.0
1998-02-14,0.0,0.0,0.0,0.0,0.0
1998-02-15,0.0,0.0,0.0,0.0,0.0
1998-02-16,0.0,0.0,0.0,0.0,0.0
1998-02-17,0.0,0.0,0.0,0.0,0.0
1998-02-18,0.0,0.0,0.0,0.0,0.0
1998-02-19,0.0,0.0,0.0,0.0,0.0
1998-02-20,0.0,0.0,0.0,0.0,0.0
1998-02-21,0.0,0.0,0.0,0.0,0.0
1998-02-22,0.0,0.0,0.0,0.0,0.0
1998-02-23,0.0,0.0,0.0,0.0,0.0
1998-02-24,0.0,0.0,0.0,0.0,0.0
1998-02-25,0.0,0.0,0.0,0.0,0.0
1998-02-26,0.0,0.0,0.0,0.0,0.0
1998-02-27,0.0,0.0,0.0,0.0,0.0
1998-02-28,0.0,0.0,0.0,0.0,0.0
1998-03-01,0.0,0.0,0.0,0.0,0.0
1998-03-02,0.0,0.0,0.0,0.0,0.0
1998-03-03,0.0,0.0,0.0,0.0,0.0
1998-03-04,0.0,0.0,0.0,0.0,0.0
1998-03-05,0.0,0.0,0.0,0.0,0.0
1998-03-06,0.0,0.0,0.0,0.0,0.0
1998-03-07,0.0,0.0,0.0,0.0,0.0
1998-03-08,0.0,0.0,0.0,0.0,0.0
1998-03-09,0.0,0.0,0.0,0.0,0.0
1998-03-10,0.0,0.0,0.0,0.0,0.0
1998-03-11,0.0,0.0,0.0,0.0,0.0
1998-03-12,0.0,0.0,0.0,0.0,0.0
1998-03-13,0.0,0.0,0.0,0.0,0.0
1998-03-14,0.0,0.0,0.0,0.0,0.0
1998-03-15,0.0,0.0,0.0,0.0,0.0
1998-03-16,0.0,0.0,0.0,0.0,0.0
1998-03-17,0.0,0.0,0.0,0.0,0.0
1998-03-18,0.0,0.0,0.0,0.0,0.0
1998-03-19,0.0,0.0,0.0,0.0,0.0
1998-03-20,0.0,0.0,0.0,0.0,0.0
1998-03-21,0.0,0.0,0.0,0.0,0.0
1998-03-22,0.0,0.0,0.0,0.0,0.0
1998-03-23,0.0,0.0,0.0,0.0,0.0
1998-03-24,0.0,0.0,0.0,0.0,0.0
1998-03-25,0.0,0.0,0.0,0.0,0.0
1998-03-26,0.0,0.0,0.0,0.0,0.0
1998-03-27,0.0,0.0,0.0,0.0,0.0
1998-03-28,0.0,0.0,0.0,0.0,0.0
1998-03-29,0.0,0.0,0.0,0.0,0.0
1998-03-30,0.0,0.0,0.0,0.0,0.0
1998-03-31,0.0,0.0,0.0,0.0,0.0
1998-04-01,0.0,0.0,0.0,0.0,0.0
1998-04-02,0.0,0.0,0.0,0.0,0.0
1998-04-03,0.0,0.0,0.0,0.0,0.0
1998-04-04,0.0,0.0,0.0,0.0,0.0
1998-04-05,0.0,0.0,0.0,0.0,0.0
1998-04-06,0.0,0.0,0.0,0.0,0.0
1998-04-07,0.0,0.0,0.0,0.0,0.0
1998-04-08,0.0,0.0,0.0,0.0,0.0
1998-04-09,0.0,0.0,0.0,0.0,0.0
1998-04-10,0.0,0.0,0.0,0.0,0.0
1998-04-11,0.0,0.0,0.0,0.0,0.0
1998-04-12,0.0,0.0,0.0,0.0,0.0
1998-04-13,0.0,0.0,0.0,0.0,0.0
1998-04-14,0.0,0.0,0.0,0.0,0.0
1998-04-15,0.0,0.0,0.0,0.0,0.0
1998-04-16,0.0,0.0,0.0,0.0,0.0
1998-04-17,0.0,0.0,0.0,0.0,0.0
1998-04-18,0.0,0.0,0.0,0.0,0.0
1998-04-19,0.0,0.0,0.0,0.0,0.0
1998-04-20,0.0,0.0,0.0,0.0,0.0
1998-04-21,0.0,0.0,0.0,0.0,0.0
1998-04-22,0.0,0.0,0.0,0.0,0.0
1998-04-23,0.0,0.0,0.0,0.0,0.0
1998-04-24,0.0,0.0,0.0,0.0,0.0
1998-04-25,0.0,0.0,0.0,0.0,0.0
1998-04-26,0.0,0.0,0.0,0.0,0.0
1998-04-27,0.0,0.0,0.0,0.0,0.0
1998-04-28,0.0,0.0,0.0,0.0,0.0
1998-04-29,0.0,0.0,0.0,0.0,0.0
1998-04-30,0.0,0.0,0.0,0.0,0.0
1998-05-01,0.0,0.0,0.0,0.0,0.0
1998-05-02,0.0,0.0,0.0,0.0,0.0
1998-05-03,0.0,0.0,0.0,0.0,0.0
1998-05-04,0.0,0.0,0.0,0.0,0.0
1998-05-05,0.0,0.0,0.0,0.0,0.0
1998-05-06,0.0,0.0,0.0,0.0,0.0
1998-05-07,0.0,0.0,0.0,0.0,0.0
1998-05-08,0.0,0.0,0.0,0.0,0.0
1998-05-09,0.0,0.0,0.0,0.0,0.0
1998-05-10,0.0,0.0,0.0,0.0,0.0
1998-05-11,0.0,0.0,0.0,0.0,0.0
1998-05-12,0.0,0.0,0.0,0.0,0.0
1998-05-13,0.0,0.0,0.0,0.0,0.0
1998-05-14,0.0,0.0,0.0,0.0,0.0
1998-05-15,0.0,0.0,0.0,0.0,0.0
1998-05-16,0.0,0.0,0.0,0.0,0.0
1998-05-17,0.0,0.0,0.0,0.0,0.0
1998-05-18,0.0,0.0,0.0,0.0,0.0
1998-05-19,0.0,0.0,0.0,0.0,0.0
1998-05-20,0.0,0.0,0.0,0.0,0.0
1998-05-21,0.0,0.0,0.0,0.0,0.0
1998-05-22,0.0,0.0,0.0,0.0,0.0
1998-05-23,0.0,0.0,0.0,0.0,0.0
1998-05-24,0.0,0.0,0.0,0.0,0.0
1998-05-25,0.0,0.0,0.0,0.0,0.0
1998-05-26,0.0,0.0,0.0,0.0,0.0
1998-05-27,0.0,0.0,0.0,0.0,0.0
1998-05-28,0.0,0.0,0.0,0.0,0.0
1998-05-29,0.0,0.0,0.0,0.0,0.0
1998-05-30,0.0,0.0,0.0,0.0,0.0
1998-05-31,0.0,0.0,0.0,0.0,0.0
1998-06-01,0.0,0.0,0.0,0.0,0.0
1998-06-02,0.0,0.0,0.0,0.0,0.0
1998-06-03,0.0,0.0,0.0,0.0,0.0
1998-06-04,0.0,0.0,0.0,0.0,0.0
1998-06-05,0.0,0.0,0.0,0.0,0.0
1998-06-06,0.0,0.0,0.0,0.0,0.0
1998-06-07,0.0,0.0,0.0,0.0,0.0
1998-06-08,0.0,0.1311,0.6722,24.0276,6.2077
1998-06-09,9.935,7.4034,8.6778,5.7236,7.9349
1998-06-10,6.1147,5.7142,3.2525,15.7355,7.7042
1998-06-11,2.564,5.8495,5.2273,4.7954,4.609
1998-06-12,2.5675,0.0,2.8525,0.0,1.355
1998-06-13,0.139,0.0,3.2282,2.7019,1.5173
1998-06-14,0.0,0.3305,19.3701,51.767,17.8669
1998-06-15,20.7188,0.1286,45.3587,10.7951,19.2503
1998-06-16,42.706,42.118,20.7923,34.7173,35.0834
1998-06-17,1.8609,2.2505,3.1878,19.7396,6.7597
1998-06-18,0.0,0.0,14.7212,0.0,3.6803
1998-06-19,0.0,0.0,0.5662,0.0,0.1416
1998-06-20,0.0,0.0,5.662,0.0,1.4155
1998-06-21,0.0,0.0,151.1754,0.0,37.7938
1998-06-22,7.8401,0.9653,57.925,0.0,16.6826
1998-06-23,26.8085,13.3725,17.7162,1.4929,14.8475
1998-06-24,21.0818,6.1394,0.9526,0.0,7.0435
1998-06-25,16.9416,1.7308,2.5243,0.0,5.2992
1998-06-26,8.1262,0.0,1.6334,0.0,2.4399
1998-06-27,52.8296,44.6636,23.2685,8.2677,32.2574
1998-06-28,58.2241,170.35,22.5399,60.4599,77.8935
1998-06-29,86.4395,78.3191,39.8945,80.2878,71.2352
1998-06-30,47.6619,84.1457,24.3884,86.1675,60.5909
1998-07-01,45.8049,10.405,50.8257,53.6647,40.1751
1998-07-02,85.448,8.6217,86.1247,88.049,67.0609
1998-07-03,68.4261,3.5534,45.64,58.779,44.0996
1998-07-04,11.803,15.319,23.2276,26.4099,19.1899
1998-07-05,14.6083,18.458,28.3595,68.2213,32.4118
1998-07-06,3.8573,2.6661,6.9085,14.7526,7.0461
1998-07-07,13.6263,9.7893,34.772,16.9256,18.7783
1998-07-08,37.1252,55.0495,108.0746,93.3153,73.3911
1998-07-09,3.4144,12.0384,7.4749,33.0933,14.0053
1998-07-10,2.0109,0.0,1.3982,3.7419,1.7877
1998-07-11,0.0,0.0,1.0835,1.0573,0.5352
1998-07-12,0.1907,1.9647,13.4406,2.9994,4.6489
1998-07-13,0.3665,5.8333,0.8975,1.1363,2.0584
1998-07-14,1.1941,5.9483,8.5479,5.1529,5.2108
1998-07-15,2.1019,6.0121,4.86,0.3092,3.3208
1998-07-16,2.2757,19.4816,7.0922,3.6855,8.1337
1998-07-17,7.2385,0.8535,3.9684,6.0198,4.5201
1998-07-18,15.1449,8.9303,11.3486,8.7868,11.0526
1998-07-19,4.4519,17.2366,3.139,2.8042,6.9079
1998-07-20,0.3616,0.9112,3.7227,0.7343,1.4325
1998-07-21,10.7533,1.1583,32.907,0.4466,11.3163
1998-07-22,1.4732,0.0,2.6732,0.0,1.0366
1998-07-23,4.9768,3.2871,9.0516,0.0,4.3289
1998-07-24,6.8539,0.7614,13.224,12.8914,8.4327
1998-07-25,7.6698,19.0139,10.1958,19.1905,14.0175
1998-07-26,31.3828,0.9647,11.7398,9.6365,13.4309
1998-07-27,17.698,0.4999,17.8791,26.6508,15.682
1998-07-28,67.3236,10.3094,51.8202,58.7771,47.0576
1998-07-29,56.8666,38.5501,73.9807,55.0636,56.1153
1998-07-30,7.3981,5.0211,6.5685,7.514,6.6254
1998-07-31,43.9245,15.0458,37.3116,83.2606,44.8856
1998-08-01,9.8383,8.877,11.3326,21.9003,12.987
1998-08-02,6.0865,6.4018,5.3212,6.6018,6.1028
1998-08-03,2.7361,1.2061,9.1992,3.1559,4.0743
1998-08-04,2.9147,15.1671,11.562,5.5354,8.7948
1998-08-05,8.6279,16.868,15.2312,24.4953,16.3056
1998-08-06,10.4069,38.2102,9.5305,16.5393,18.6717
1998-08-07,5.272,33.0813,6.4438,3.353,12.0375
1998-08-08,2.882,0.8301,10.2731,11.9305,6.4789
1998-08-09,3.6852,17.4008,17.1208,29.1933,16.85
1998-08-10,217.5773,33.6617,176.1732,96.2709,130.9208
1998-08-11,65.2989,1.8463,30.2139,8.4911,26.4626
1998-08-12,27.6284,48.245,39.3078,21.5532,34.1836
1998-08-13,10.702,21.9526,25.0978,19.2233,19.2439
1998-08-14,5.8413,15.0144,13.8566,17.3849,13.0243
1998-08-15,16.0499,39.6318,6.1355,10.4409,18.0645
1998-08-16,4.9008,2.6544,4.4492,2.3083,3.5782
1998-08-17,6.2488,0.5284,13.8037,5.8173,6.5995
1998-08-18,3.4579,9.818,2.2319,1.9087,4.3541
1998-08-19,1.6529,0.1666,1.5589,3.4331,1.7029
1998-08-20,2.8007,5.1504,5.2683,6.5209,4.9351
1998-08-21,16.849,0.1984,10.4477,5.315,8.2025
1998-08-22,0.5679,1.4199,1.0704,7.3293,2.5969
1998-08-23,3.7266,3.4185,3.5853,4.7384,3.8672
1998-08-24,7.5023,38.1001,11.2091,29.3081,21.5299
1998-08-25,0.5151,7.4162,3.3637,3.1142,3.6023
1998-08-26,42.6861,7.326,20.1237,29.3045,24.8601
1998-08-27,54.2854,26.1557,57.459,31.3166,42.3042
1998-08-28,39.3428,31.3556,49.2257,57.7095,44.4084
1998-08-29,43.1449,55.5971,39.3627,72.9756,52.7701
1998-08-30,18.5749,38.6137,23.4938,28.7944,27.3692
1998-08-31,9.76,24.4621,11.6969,19.6103,16.3823
1998-09-01,10.9565,14.1971,5.2307,6.8712,9.3139
1998-09-02,1.255,4.1747,3.1429,11.2455,4.9545
1998-09-03,1.8238,1.9817,1.9202,3.6843,2.3525
1998-09-04,3.1616,4.2883,1.1821,8.1466,4.1946
1998-09-05,0.0,0.0,0.0,6.3254,1.5814
1998-09-06,6.9594,0.1061,6.9175,1.5644,3.8868
1998-09-07,18.4765,92.5291,62.075,11.9634,46.261
1998-09-08,32.2093,27.2529,31.0641,26.0582,29.1461
1998-09-09,1.8735,13.9409,23.8246,30.2659,17.4762
1998-09-10,11.1211,19.4821,22.4913,9.3972,15.6229
1998-09-11,77.4352,42.8833,97.7276,29.4688,61.8787
1998-09-12,4.2834,6.6075,24.3785,7.4464,10.6789
1998-09-13,0.4515,0.519,1.2323,32.6948,8.7244
1998-09-14,13.0474,9.0713,6.915,31.1843,15.0545
1998-09-15,2.74,14.5979,73.4992,115.02,51.4643
1998-09-16,0.8462,0.5677,20.734,70.618,23.1915
1998-09-17,63.8182,93.2143,103.3112,182.2136,110.6393
1998-09-18,55.3266,212.9803,141.2036,147.8204,139.3327
1998-09-19,11.2489,3.9148,1.1884,0.0,4.088
1998-09-20,30.9876,8.5908,45.5415,3.6972,22.2043
1998-09-21,5.9229,2.7753,0.9738,1.2232,2.7238
1998-09-22,13.3713,8.9539,11.0265,37.758,17.7774
1998-09-23,16.9472,13.8511,6.7839,5.7583,10.8351
1998-09-24,0.0,0.7826,1.6986,0.0,0.6203
1998-09-25,0.0,0.0,4.5296,0.0,1.1324
1998-09-26,0.0,0.0,0.5662,0.0,0.1416
1998-09-27,2.8231,8.7797,5.7431,5.5869,5.7332
1998-09-28,6.9571,17.8902,39.8298,1.0256,16.4257
1998-09-29,3.9334,0.6908,7.2265,1.437,3.3219
1998-09-30,0.6686,0.2544,1.3397,18.8723,5.2837
1998-10-01,0.8146,0.1766,8.068,14.5451,5.9011
1998-10-02,0.0,0.7197,1.1404,1.0611,0.7303
1998-10-03,113.7189,113.9771,111.9554,29.5888,92.31
1998-10-04,59.371,45.1739,28.5397,11.9185,36.2508
1998-10-05,12.5744,50.8777,3.9564,18.1645,21.3933
1998-10-06,11.1174,2.6127,0.9461,1.8829,4.1398
1998-10-07,0.0,0.0,0.1536,0.0,0.0384
1998-10-08,13.5862,17.4795,35.5793,12.156,19.7003
1998-10-09,0.0,0.0,1.0704,19.5508,5.1553
1998-10-10,39.8803,3.3075,34.1877,16.999,23.5936
1998-10-11,10.392,28.1977,12.2364,4.6191,13.8613
1998-10-12,33.4963,43.5817,48.1789,46.0785,42.8338
1998-10-13,4.4304,10.9362,8.7369,8.8584,8.2405
1998-10-14,0.0,0.0,0.0,0.0,0.0
1998-10-15,1.3694,0.104,1.28,1.3686,1.0305
1998-10-16,2.6707,0.4587,6.3985,1.9913,2.8798
1998-10-17,18.5349,10.5974,27.1268,13.4109,17.4175
1998-10-18,2.427,1.6567,0.3026,4.4425,2.2072
1998-10-19,3.0023,0.0,3.9265,1.7627,2.1729
1998-10-20,0.0,0.0,0.0,0.0,0.0
1998-10-21,0.0,0.0,0.0,0.0,0.0
1998-10-22,0.0,0.0,0.0,0.0,0.0
1998-10-23,0.0,21.0425,0.0,0.0,5.2606
1998-10-24,16.6081,21.0425,12.3597,0.0,12.5026
1998-10-25,0.0,0.0,0.0,0.0,0.0
1998-10-26,0.0,0.0,0.0,0.0,0.0
1998-10-27,0.0,0.0,0.0,0.0,0.0
1998-10-28,0.0,0.0,0.0,0.0,0.0
1998-10-29,0.0,0.0,0.0,0.0,0.0
1998-10-30,0.0,0.0,0.0,0.0,0.0
1998-10-31,0.0,0.0,0.0,0.0,0.0
1998-11-01,0.0,0.0,0.0,0.0,0.0
1998-11-02,0.0,0.0,0.0,0.0,0.0
1998-11-03,0.0,5.2124,0.0,0.0,1.3031
1998-11-04,0.2239,0.1272,1.6274,14.044,4.0056
1998-11-05,3.0995,14.5354,7.6518,2.7984,7.0213
1998-11-06,0.0,0.0,0.0,0.0,0.0
1998-11-07,0.0,0.0,0.0,0.0,0.0
1998-11-08,0.0,7.2394,0.0,0.0,1.8098
1998-11-09,0.0,0.0,0.4189,0.0,0.1047
1998-11-10,11.3847,38.1144,1.0432,2.6745,13.3042
1998-11-11,1.1002,10.0897,0.9876,14.1564,6.5835
1998-11-12,0.0,0.0,0.0,0.3122,0.078
1998-11-13,0.0,0.0,0.0,0.0,0.0
1998-11-14,0.0,0.0,0.0,0.0,0.0
1998-11-15,0.0,0.0,0.0,0.0,0.0
1998-11-16,0.0,0.0,0.0,4.4066,1.1017
1998-11-17,0.0,0.0,0.0,0.0,0.0
1998-11-18,5.568,0.0,4.7099,5.288,3.8915
1998-11-19,0.0,0.0,0.0,0.0,0.0
1998-11-20,0.0,0.0,0.0,0.0,0.0
1998-11-21,0.0,0.0,0.0,0.0,0.0
1998-11-22,0.0,0.0,0.0,0.0,0.0
1998-11-23,0.0,0.0,0.0,0.0,0.0
1998-11-24,0.0,0.0,0.0,0.0,0.0
1998-11-25,0.0,0.0,0.0,0.0,0.0
1998-11-26,0.0,0.0,0.0,0.0,0.0
1998-11-27,0.0,0.0,0.0,0.0,0.0
1998-11-28,0.0,0.0,0.0,0.0,0.0
1998-11-29,0.0,0.0,0.0,0.0,0.0
1998-11-30,0.0,0.0,0.0,0.0,0.0
1998-12-01,0.0,0.0,0.0,0.0,0.0
1998-12-02,0.0,0.0,0.0,0.0,0.0
1998-12-03,0.0,0.0,0.0,0.0,0.0
1998-12-04,0.0,0.0,0.0,0.0,0.0
1998-12-05,0.0,0.0,0.0,0.0,0.0
1998-12-06,0.0,0.0,0.0,0.0,0.0
1998-12-07,0.0,0.0,0.0,0.0,0.0
1998-12-08,0.0,0.0,0.0,0.0,0.0
1998-12-09,0.0,0.0,0.0,0.0,0.0
1998-12-10,0.0,0.0,0.0,0.0,0.0
1998-12-11,0.0,0.0,0.0,0.0,0.0
1998-12-12,0.0,0.0,0.0,0.0,0.0
1998-12-13,0.0,0.0,0.0,0.0,0.0
1998-12-14,0.0,0.0,0.0,0.0,0.0
1998-12-15,0.0,0.0,0.0,0.0,0.0
1998-12-16,0.0,0.0,0.0,0.0,0.0
1998-12-17,0.0,0.0,0.0,0.0,0.0
1998-12-18,0.0,0.0,0.0,0.0,0.0
1998-12-19,0.0,0.0,0.0,0.0,0.0
1998-12-20,0.0,0.0,0.0,0.0,0.0
1998-12-21,0.0,0.0,0.0,0.0,0.0
1998-12-22,0.0,0.0,0.0,0.0,0.0
1998-12-23,0.0,0.0,0.0,0.0,0.0
1998-12-24,0.0,0.0,0.0,0.0,0.0
1998-12-25,0.0,0.0,0.0,0.0,0.0
1998-12-26,0.0,0.0,0.0,0.0,0.0
1998-12-27,0.0,0.0,0.0,0.0,0.0
1998-12-28,0.0,0.0,0.0,0.0,0.0
1998-12-29,0.0,0.0,0.0,0.0,0.0
1998-12-30,0.0,0.0,0.0,0.0,0.0
1998-12-31,0.0,0.0,0.0,0.0,0.0
1999-01-01,0.0,0.0,0.0,0.0,0.0
1999-01-02,0.0,0.0,0.0,0.0,0.0
1999-01-03,0.0,0.0,0.0,0.0,0.0
1999-01-04,0.0,0.0,0.0,0.0,0.0
1999-01-05,0.0,0.0,0.0,0.0,0.0
1999-01-06,0.0,0.0,0.0,0.0,0.0
1999-01-07,0.0,0.0,0.0,0.0,0.0
1999-01-08,0.0,0.0,0.0,0.0,0.0
1999-01-09,0.0,0.0,0.0,0.0,0.0
1999-01-10,0.0,0.0,0.0,0.0,0.0
1999-01-11,0.0,0.0,0.0,0.0,0.0
1999-01-12,0.0,0.0,0.0,0.0,0.0
1999-01-13,0.0,0.0,0.0,0.0,0.0
1999-01-14,0.0,0.0,0.0,0.0,0.0
1999-01-15,0.0,0.0,0.0,0.0,0.0
1999-01-16,0.0,0.0,0.0,0.0,0.0
1999-01-17,0.0,0.0,0.0,0.0,0.0
1999-01-18,0.0,0.0,0.0,0.0,0.0
1999-01-19,0.0,0.0,0.0,0.0,0.0
1999-01-20,0.0,0.0,0.0,0.0,0.0
1999-01-21,0.0,0.0,0.0,0.0,0.0
1999-01-22,0.0,0.0,0.0,0.0,0.0
1999-01-23,0.0,0.0,0.0,0.0,0.0
1999-01-24,0.0,0.0,0.0,0.0,0.0
1999-01-25,0.0,0.0,0.0,0.0,0.0
1999-01-26,0.0,0.0,0.0,0.0,0.0
1999-01-27,0.0,0.0,0.0,0.0,0.0
1999-01-28,0.0,0.0,0.0,0.0,0.0
1999-01-29,0.0,0.0,0.0,0.0,0.0
1999-01-30,0.0,0.0,0.0,0.0,0.0
1999-01-31,0.0,0.0,0.0,0.0,0.0
1999-02-01,0.0,0.0,0.0,0.0,0.0
1999-02-02,0.0,0.0,0.0,0.0,0.0
1999-02-03,0.0,0.0,0.0,0.0,0.0
1999-02-04,0.1523,0.0,0.0,0.0,0.0381
1999-02-05,0.0,0.0,0.0,0.0,0.0
1999-02-06,0.0,0.0,0.0,0.0,0.0
1999-02-07,0.0,0.0,0.0,0.0,0.0
1999-02-08,0.0,0.0,0.0,0.0,0.0
1999-02-09,0.0,0.0,0.0,0.0,0.0
1999-02-10,0.0,0.0,0.0,0.0,0.0
1999-02-11,0.0,0.0,0.0,0.0,0.0
1999-02-12,0.0,0.0,0.0,0.0,0.0
1999-02-13,0.0,0.0,0.0,0.0,0.0
1999-02-14,0.0,0.0,0.0,0.0,0.0
1999-02-15,0.0,0.0,0.0,0.0,0.0
1999-02-16,0.0,0.0,0.0,0.0,0.0
1999-02-17,0.0,0.0,0.0,0.0,0.0
1999-02-18,0.0,0.0,0.0,0.0,0.0
1999-02-19,0.0,0.0,0.0,0.0,0.0
1999-02-20,0.0,0.0,0.0,0.0,0.0
1999-02-21,0.0,0.0,0.0,0.0,0.0
1999-02-22,0.0,0.0,0.0,0.0,0.0
1999-02-23,0.0,0.0,0.0,0.0,0.0
1999-02-24,0.0,0.0,0.0,0.0,0.0
1999-02-25,0.0,0.0,0.0,0.0,0.0
1999-02-26,0.0,0.0,0.0,0.0,0.0
1999-02-27,0.0,0.0,0.0,0.0,0.0
1999-02-28,0.0,0.0,0.0,0.0,0.0
1999-03-01,0.0,0.0,0.0,0.0,0.0
1999-03-02,0.0,0.0,0.0,0.0,0.0
1999-03-03,0.0,0.0,0.0,0.0,0.0
1999-03-04,0.0,0.0,0.0,0.0,0.0
1999-03-05,0.0,0.0,0.0,0.0,0.0
1999-03-06,0.0,0.0,0.0,0.0,0.0
1999-03-07,0.0,0.0,0.0,0.0,0.0
1999-03-08,0.0,0.0,0.0,0.0,0.0
1999-03-09,0.0,0.0,0.0,0.0,0.0
1999-03-10,0.0,0.0,0.0,0.0,0.0
1999-03-11,0.0,0.0,0.0,0.0,0.0
1999-03-12,0.0,0.0,0.0,0.0,0.0
1999-03-13,0.0,0.0,0.0,0.0,0.0
1999-03-14,0.0,0.0,0.0,0.0,0.0
1999-03-15,0.0,0.0,0.0,0.0,0.0
1999-03-16,0.0,0.0,0.0,0.0,0.0
1999-03-17,0.0,0.0,0.0,0.0,0.0
1999-03-18,0.0,0.0,0.0,0.0,0.0
1999-03-19,0.0,0.0,0.0,0.0,0.0
1999-03-20,0.0,0.0,0.0,0.0,0.0
1999-03-21,0.0,0.0,0.0,0.0,0.0
1999-03-22,0.0,0.0,0.0,0.0,0.0
1999-03-23,0.0,0.0,0.0,0.0,0.0
1999-03-24,0.0,0.0,0.0,0.0,0.0
1999-03-25,0.0,0.0,0.0,0.0,0.0
1999-03-26,0.0,0.0,0.0,0.0,0.0
1999-03-27,0.0,0.0,0.0,0.0,0.0
1999-03-28,0.0,0.0,0.0,0.0,0.0
1999-03-29,0.0,0.0,0.0,0.0,0.0
1999-03-30,0.0,0.0,0.0,0.0,0.0
1999-03-31,0.0,0.0,0.0,0.0,0.0
1999-04-01,0.0,0.0,0.0,0.0,0.0
1999-04-02,0.0,0.0,0.0,0.0,0.0
1999-04-03,0.0,0.0,0.0,0.0,0.0
1999-04-04,0.0,0.0,0.0,0.0,0.0
1999-04-05,0.0,0.0,0.0,0.0,0.0
1999-04-06,0.0,0.0,0.0,0.0,0.0
1999-04-07,0.0,0.0,0.0,0.0,0.0
1999-04-08,0.0,0.0,0.0,0.0,0.0
1999-04-09,0.0,0.0,0.0,0.0,0.0
1999-04-10,0.0,0.0,0.0,0.0,0.0
1999-04-11,0.0,0.0,0.0,0.0,0.0
1999-04-12,0.0,0.0,0.0,0.0,0.0
1999-04-13,0.0,0.0,0.0,0.0,0.0
1999-04-14,0.0,0.0,0.0,0.0,0.0
1999-04-15,0.0,0.0,0.0,0.0,0.0
1999-04-16,0.0,0.0,0.0,0.0,0.0
1999-04-17,0.0,0.0,0.0,0.0,0.0
1999-04-18,0.0,0.0,0.0,0.0,0.0
1999-04-19,0.0,0.0,0.0,0.0,0.0
1999-04-20,0.0,0.0,0.0,0.0,0.0
1999-04-21,0.0,0.0,0.0,0.0,0.0
1999-04-22,0.0,0.0,0.0,0.0,0.0
1999-04-23,0.0,0.0,0.0,0.0,0.0
1999-04-24,0.0,0.0,0.0,0.0,0.0
1999-04-25,0.0,0.0,0.0,0.0,0.0
1999-04-26,0.0,0.0,0.0,0.0,0.0
1999-04-27,0.0,0.0,0.0,0.0,0.0
1999-04-28,0.0,0.0,0.0,0.0,0.0
1999-04-29,0.0,0.0,0.0,0.0,0.0
1999-04-30,0.0,0.0,0.0,0.0,0.0
1999-05-01,0.0,0.0,0.0,0.0,0.0
1999-05-02,0.0,0.0,0.0,0.0,0.0
1999-05-03,0.0,0.0,0.0,0.0,0.0
1999-05-04,0.0,0.0,0.0,0.0,0.0
1999-05-05,0.0,0.0,0.0,0.0,0.0
1999-05-06,0.0,0.0,0.0,0.0,0.0
1999-05-07,0.0,0.0,0.0,0.0,0.0
1999-05-08,0.0,0.0,0.0,0.0,0.0
1999-05-09,0.0,0.0,0.0,0.0,0.0
1999-05-10,0.0,0.0,0.0,0.0,0.0
1999-05-11,0.0,0.0,0.0,0.0,0.0
1999-05-12,0.0,0.0,0.0,0.0,0.0
1999-05-13,0.0,0.0,0.0,0.0,0.0
1999-05-14,0.0,0.0,0.0,0.0,0.0
1999-05-15,0.0,0.0,0.0,0.0,0.0
1999-05-16,0.0,0.0,0.0,0.0,0.0
1999-05-17,27.3486,32.7269,20.4904,0.0,20.1415
1999-05-18,0.0,0.0,0.0,0.0,0.0
1999-05-19,3.6477,0.3917,2.6757,0.0,1.6788
1999-05-20,8.0342,0.0,0.5633,0.0,2.1494
1999-05-21,1.288,3.3293,3.8023,0.0,2.1049
1999-05-22,1.4422,0.0,0.2112,0.0,0.4133
1999-05-23,39.295,1.9584,15.0686,0.0,14.0805
1999-05-24,0.0,0.0,0.0,0.0,0.0
1999-05-25,0.0,0.0,0.0,0.0,0.0
1999-05-26,0.0,0.0,0.0,0.0,0.0
1999-05-27,0.0,0.0,0.0,0.0,0.0
1999-05-28,0.0,0.0,0.0,0.0,0.0
1999-05-29,0.0,0.0,0.0,0.0,0.0
1999-05-30,0.0,0.0,0.0,0.0,0.0
1999-05-31,0.5239,0.0,0.4225,0.0,0.2366
1999-06-01,4.0276,14.2166,2.9854,7.6877,7.2293
1999-06-02,6.5457,24.965,15.8517,13.8805,15.3107
1999-06-03,39.2129,2.5765,28.6716,0.0,17.6152
1999-06-04,0.0,0.0,0.0,0.0,0.0
1999-06-05,0.0,0.0,0.0,0.0,0.0
1999-06-06,0.0,0.0,0.0,0.0,0.0
1999-06-07,0.0,0.0,0.0,0.0,0.0
1999-06-08,0.0,0.0,0.1408,0.0,0.0352
1999-06-09,0.4532,0.0,1.3379,0.0,0.4478
1999-06-10,0.0,0.0,0.0,0.0,0.0
1999-06-11,0.0,1.9584,0.0,0.0,0.4896
1999-06-12,0.6092,9.8226,0.0,4.4066,3.7096
1999-06-13,27.3339,0.5432,30.9985,44.2469,25.7806
1999-06-14,29.577,2.6423,26.3552,9.5877,17.0405
1999-06-15,0.0,2.2308,0.7743,0.0,0.7513
1999-06-16,2.6365,0.0,7.062,0.0,2.4246
1999-06-17,92.518,46.4381,111.7633,24.222,68.7353
1999-06-18,14.7595,7.8885,21.01,28.2533,17.9778
1999-06-19,10.859,30.4912,48.1346,58.0053,36.8725
1999-06-20,30.7447,98.691,13.2953,68.0733,52.7011
1999-06-21,10.9477,46.7111,13.6924,18.2751,22.4066
1999-06-22,24.7104,36.7794,43.2992,60.9556,41.4361
1999-06-23,205.476,26.0615,111.2461,137.0786,119.9655
1999-06-24,7.3816,19.0022,9.7965,18.0462,13.5566
1999-06-25,9.0101,47.6236,17.3515,42.0062,28.9978
1999-06-26,4.8569,9.6393,15.5018,61.4222,22.855
1999-06-27,2.1825,0.3792,5.9753,10.7841,4.8303
1999-06-28,5.3937,3.1192,3.7253,7.6707,4.9772
1999-06-29,2.377,8.8402,5.1148,8.4322,6.191
1999-06-30,2.5368,2.3808,1.5485,3.2124,2.4196
1999-07-01,2.2083,2.2522,0.0,0.0,1.1151
1999-07-02,1.5991,3.337,0.4864,1.9566,1.8448
1999-07-03,3.3503,0.4257,7.2807,7.7104,4.6918
1999-07-04,2.9698,6.0125,0.0,8.0881,4.2676
1999-07-05,0.1193,1.2298,0.5632,0.4325,0.5862
1999-07-06,0.0,0.0,0.0,0.0,0.0
1999-07-07,16.1068,3.1728,2.1763,1.9761,5.858
1999-07-08,64.1888,22.9438,63.9598,14.2926,41.3462
1999-07-09,5.5455,27.8726,19.4253,13.0991,16.4856
1999-07-10,3.7319,9.2307,9.2961,5.8993,7.0395
1999-07-11,33.4055,48.6962,48.9496,81.8737,53.2313
1999-07-12,1.9514,2.1397,2.8657,5.4507,3.1019
1999-07-13,20.3712,15.9442,4.6061,12.2754,13.2992
1999-07-14,5.7201,23.263,19.5677,123.6407,43.0479
1999-07-15,35.003,43.272,65.0987,117.9097,65.3208
1999-07-16,71.6869,41.1561,59.9445,132.5049,76.3231
1999-07-17,52.3076,80.2494,78.2107,112.4984,80.8165
1999-07-18,58.5328,64.3654,64.7724,69.8205,64.3728
1999-07-19,21.8937,147.8155,35.9918,78.6441,71.0863
1999-07-20,18.2241,37.8217,13.9938,19.1058,22.2864
1999-07-21,9.7514,25.1248,9.9009,20.5142,16.3228
1999-07-22,10.2094,9.6215,5.67,5.9378,7.8597
1999-07-23,3.5899,18.5614,8.2108,20.4397,12.7005
1999-07-24,0.0,2.028,1.2262,7.8618,2.779
1999-07-25,7.3819,3.4771,3.0432,9.1363,5.7596
1999-07-26,8.1667,15.6345,22.133,30.8625,19.1992
1999-07-27,8.2547,21.2869,21.7941,21.9052,18.3102
1999-07-28,5.0265,6.1293,14.279,18.7998,11.0587
1999-07-29,0.4807,0.6204,1.8023,3.8968,1.7001
1999-07-30,0.0,2.1811,0.8877,2.0277,1.2741
1999-07-31,2.8348,2.837,5.246,2.1649,3.2707
1999-08-01,7.1129,7.4032,4.106,3.2477,5.4674
1999-08-02,0.0,0.0,1.922,2.8231,1.1863
1999-08-03,6.5046,16.7362,6.1607,2.9216,8.0808
1999-08-04,0.9302,3.4049,4.9429,8.8149,4.5232
1999-08-05,9.3448,18.7955,15.7467,11.6098,13.8742
1999-08-06,74.1717,73.7157,41.2605,41.0747,57.5557
1999-08-07,8.6969,22.2608,25.4632,44.4793,25.2251
1999-08-08,10.9488,17.0748,10.1122,30.4471,17.1457
1999-08-09,3.3761,7.1797,5.5138,9.5794,6.4123
1999-08-10,2.0055,0.0,3.9711,1.4662,1.8607
1999-08-11,1.633,7.8864,2.6126,6.3188,4.6127
1999-08-12,5.5405,0.0,2.957,4.7057,3.3008
1999-08-13,1.4468,2.5525,2.8297,1.9387,2.1919
1999-08-14,0.0,0.0,0.6335,0.2405,0.2185
1999-08-15,0.5816,0.0,1.9439,6.8734,2.3497
1999-08-16,1.1376,1.5788,0.8658,4.6311,2.0533
1999-08-17,0.533,0.0,0.2111,1.0016,0.4364
1999-08-18,0.3477,0.0,0.3521,1.7627,0.6156
1999-08-19,4.4807,3.7506,3.816,2.3034,3.5877
1999-08-20,0.8963,0.0,3.705,3.9188,2.13
1999-08-21,0.6,0.0,0.4225,2.1725,0.7987
1999-08-22,0.8348,0.0,3.1191,5.2977,2.3129
1999-08-23,0.8193,0.0,0.845,1.7627,0.8567
1999-08-24,0.9954,4.1127,1.3389,0.9711,1.8545
1999-08-25,0.0,1.6126,0.0,0.0,0.4032
1999-08-26,5.167,8.3743,5.0281,6.3846,6.2385
1999-08-27,11.1892,14.4477,32.4705,21.7788,19.9716
1999-08-28,4.5138,4.4303,5.0717,18.603,8.1547
1999-08-29,8.9678,2.0143,8.4077,8.3027,6.9231
1999-08-30,0.0,2.5903,0.0,1.1253,0.9289
1999-08-31,3.6029,0.0,3.5551,1.1395,2.0744
1999-09-01,5.5066,7.0962,0.7886,0.9087,3.575
1999-09-02,2.1753,24.1541,2.6579,20.8196,12.4517
1999-09-03,4.2092,9.6816,5.1366,9.855,7.2206
1999-09-04,16.6057,5.9881,9.9531,3.9425,9.1223
1999-09-05,10.6726,27.0066,31.3898,17.7651,21.7085
1999-09-06,11.1448,24.6715,13.7423,14.5676,16.0315
1999-09-07,8.5764,8.0667,0.9025,1.1099,4.6639
1999-09-08,0.0,0.0,0.0,0.0,0.0
1999-09-09,0.0,0.136,1.3534,29.075,7.6411
1999-09-10,12.3945,76.7422,10.5415,29.1537,32.208
1999-09-11,16.68,17.0511,32.0531,24.7912,22.6439
1999-09-12,76.5537,50.481,55.7475,31.2835,53.5164
1999-09-13,117.7813,75.6147,61.9175,59.2174,78.6327
1999-09-14,6.4575,20.0441,13.6685,10.9096,12.7699
1999-09-15,2.8661,5.8752,1.8378,0.0,2.6448
1999-09-16,9.958,6.885,2.9233,0.9956,5.1905
1999-09-17,3.8521,7.9821,11.3221,3.6346,6.6977
1999-09-18,3.3983,0.0,0.1408,1.9968,1.384
1999-09-19,3.1652,0.0,0.4368,0.8993,1.1253
1999-09-20,2.2845,3.3293,1.0769,0.0,1.6727
1999-09-21,0.0,0.0,0.0,0.0,0.0
1999-09-22,2.1943,0.0,6.7103,0.0,2.2262
1999-09-23,2.0092,6.5254,4.325,22.5142,8.8435
1999-09-24,2.7414,0.3917,1.9003,2.6723,1.9264
1999-09-25,0.0,0.2374,0.593,0.3208,0.2878
1999-09-26,0.0,0.0,0.6546,1.0082,0.4157
1999-09-27,8.7967,15.6826,26.8545,0.1972,12.8828
1999-09-28,7.7704,8.5305,18.6717,4.0618,9.7586
1999-09-29,6.9444,17.6596,21.4994,12.9056,14.7523
1999-09-30,16.2488,31.7339,9.6206,9.576,16.7948
1999-10-01,7.1917,11.8861,16.8401,6.9293,10.7118
1999-10-02,13.9251,27.8842,27.4387,32.8479,25.524
1999-10-03,0.0,0.0,0.0,0.2342,0.0585
1999-10-04,0.0,3.1631,0.0,0.5269,0.9225
1999-10-05,3.6083,0.0,0.9858,0.0,1.1485
1999-10-06,0.6761,8.8179,2.7705,3.3434,3.902
1999-10-07,0.0,2.7418,0.0,28.2025,7.7361
1999-10-08,34.8962,88.1199,112.3892,32.4534,66.9647
1999-10-09,0.1523,13.5873,3.7894,8.9678,6.6242
1999-10-10,49.876,8.2986,21.517,1.2223,20.2285
1999-10-11,13.2954,15.6141,16.044,36.0113,20.2412
1999-10-12,0.0,0.0,0.0,0.0,0.0
1999-10-13,0.0,0.0,0.0,0.0,0.0
1999-10-14,0.0,0.0,0.4645,0.0,0.1161
1999-10-15,1.6696,24.7813,8.693,6.9179,10.5155
1999-10-16,0.0,0.0,0.0,0.0,0.0
1999-10-17,0.0,0.0,0.0,0.0,0.0
1999-10-18,0.0,0.0,0.0,0.0,0.0
1999-10-19,0.0,0.0,0.0,0.0,0.0
1999-10-20,0.0,0.0,0.0,0.0,0.0
1999-10-21,0.0,0.0,0.0,0.0,0.0
1999-10-22,0.0,0.0,0.0,0.0,0.0
1999-10-23,0.0,0.0,0.0,0.0,0.0
1999-10-24,0.0,0.0,0.0,0.0,0.0
1999-10-25,0.0,0.0,0.0,0.0,0.0
1999-10-26,0.0,0.0,0.0,0.0,0.0
1999-10-27,0.2284,0.0,0.0,0.0,0.0571
1999-10-28,0.0,0.0,0.0,0.0,0.0
1999-10-29,0.0,0.0,0.0,0.0,0.0
1999-10-30,0.0,0.0,0.0,0.0,0.0
1999-10-31,0.0,0.0,0.0,0.0,0.0
1999-11-01,0.0,0.0,0.0,0.0,0.0
1999-11-02,0.0,0.0,0.0,0.0,0.0
1999-11-03,0.0,0.0,0.0,0.0,0.0
1999-11-04,0.0,0.0,0.0,0.0,0.0
1999-11-05,0.0,0.0,0.0,0.0,0.0
1999-11-06,0.0,0.0,0.0,0.0,0.0
1999-11-07,0.0,0.0,0.0,0.0,0.0
1999-11-08,0.0,0.0,0.0,0.0,0.0
1999-11-09,0.0,0.0,0.0,0.0,0.0
1999-11-10,0.0,0.0,0.0,0.0,0.0
1999-11-11,0.0,0.0,0.0,0.0,0.0
1999-11-12,0.0,0.0,0.0,0.0,0.0
1999-11-13,0.0,0.0,0.0,0.0,0.0
1999-11-14,0.0,0.0,0.0,0.0,0.0
1999-11-15,0.0,0.0,0.0,0.0,0.0
1999-11-16,0.0,0.0,0.0,0.0,0.0
1999-11-17,0.0,0.0,0.0,0.0,0.0
1999-11-18,0.0,0.0,0.0,0.0,0.0
1999-11-19,0.0,0.0,0.0,0.0,0.0
1999-11-20,0.0,0.0,0.0,0.0,0.0
1999-11-21,0.0,0.0,0.0,0.0,0.0
1999-11-22,0.0,0.0,0.0,0.0,0.0
1999-11-23,0.0,0.0,0.0,0.0,0.0
1999-11-24,0.0,0.0,0.0,0.0,0.0
1999-11-25,0.0,0.0,0.0,0.0,0.0
1999-11-26,0.0,0.0,0.0,0.0,0.0
1999-11-27,0.0,0.0,0.0,0.0,0.0
1999-11-28,0.0,0.0,0.0,0.0,0.0
1999-11-29,0.0,0.0,0.0,0.0,0.0
1999-11-30,0.0,0.0,0.0,0.0,0.0
1999-12-01,0.0,0.0,0.0,0.0,0.0
1999-12-02,0.0,0.0,0.0,0.0,0.0
1999-12-03,0.0,0.0,0.0,0.0,0.0
1999-12-04,0.0,0.0,0.0,0.0,0.0
1999-12-05,0.0,0.0,0.0,0.0,0.0
1999-12-06,0.0,0.0,0.0,0.0,0.0
1999-12-07,0.0,0.0,0.0,0.0,0.0
1999-12-08,0.0,0.0,0.0,0.0,0.0
1999-12-09,0.0,0.0,0.0,0.0,0.0
1999-12-10,0.0,0.0,0.0,0.0,0.0
1999-12-11,0.0,0.0,0.0,0.0,0.0
1999-12-12,0.0,0.0,0.0,0.0,0.0
1999-12-13,0.0,0.0,0.0,0.0,0.0
1999-12-14,0.0,0.0,0.0,0.0,0.0
1999-12-15,0.0,0.0,0.0,0.0,0.0
1999-12-16,0.0,0.0,0.0,0.0,0.0
1999-12-17,0.0,0.0,0.0,0.0,0.0
1999-12-18,0.0,0.0,0.0,0.0,0.0
1999-12-19,0.0,0.0,0.0,0.0,0.0
1999-12-20,0.0,0.0,0.0,0.0,0.0
1999-12-21,0.0,0.0,0.0,0.0,0.0
1999-12-22,0.0,0.0,0.0,0.0,0.0
1999-12-23,0.0,0.0,0.0,0.0,0.0
1999-12-24,0.0,0.0,0.0,0.0,0.0
1999-12-25,0.0,0.0,0.0,0.0,0.0
1999-12-26,0.0,0.0,0.0,0.0,0.0
1999-12-27,0.0,0.0,0.0,0.0,0.0
1999-12-28,0.0,0.0,0.0,0.0,0.0
1999-12-29,0.0,0.0,0.0,0.0,0.0
1999-12-30,0.0,0.0,0.0,0.0,0.0
1999-12-31,0.0,0.0,0.0,0.0,0.0
2000-01-01,0.0,0.0,0.0,0.0,0.0
2000-01-02,0.0,0.0,0.0,0.0,0.0
2000-01-03,0.0,0.0,0.0,0.0,0.0
2000-01-04,0.0,0.0,0.0,0.0,0.0
2000-01-05,0.0,0.0,0.0,0.0,0.0
2000-01-06,0.0,0.0,0.0,0.0,0.0
2000-01-07,0.0,0.0,0.0,0.0,0.0
2000-01-08,0.0,0.0,0.0,0.0,0.0
2000-01-09,0.0,0.0,0.0,0.0,0.0
2000-01-10,0.0,0.0,0.0,0.0,0.0
2000-01-11,0.0,0.0,0.0,0.0,0.0
2000-01-12,0.0,0.0,0.0,0.0,0.0
2000-01-13,0.0,0.0,0.0,0.0,0.0
2000-01-14,0.0,0.0,0.0,0.0,0.0
2000-01-15,0.0,0.0,0.0,0.0,0.0
2000-01-16,0.0,0.0,0.0,0.0,0.0
2000-01-17,0.0,0.0,0.0,0.0,0.0
2000-01-18,0.0,0.0,0.0,0.0,0.0
2000-01-19,0.0,0.0,0.0,0.0,0.0
2000-01-20,0.0,0.0,0.0,0.0,0.0
2000-01-21,0.0,0.0,0.0,0.0,0.0
2000-01-22,0.0,0.0,0.0,0.0,0.0
2000-01-23,0.0,0.0,0.0,0.0,0.0
2000-01-24,0.0,0.0,0.0,0.0,0.0
2000-01-25,0.0,0.0,0.0,0.0,0.0
2000-01-26,0.0,0.0,0.0,0.0,0.0
2000-01-27,0.0,0.0,0.0,0.0,0.0
2000-01-28,0.0,0.0,0.0,0.0,0.0
2000-01-29,0.0,0.0,0.0,0.0,0.0
2000-01-30,0.0,0.0,0.0,0.0,0.0
2000-01-31,0.0,0.0,0.0,0.0,0.0
2000-02-01,0.0,0.0,0.0,0.0,0.0
2000-02-02,0.0,0.0,0.0,0.0,0.0
2000-02-03,0.0,0.0,0.0,0.0,0.0
2000-02-04,0.0,0.0,0.0,0.0,0.0
2000-02-05,0.0,0.0,0.0,0.0,0.0
2000-02-06,0.0,0.0,0.0,0.0,0.0
2000-02-07,0.0,0.0,0.0,0.0,0.0
2000-02-08,0.0,0.0,0.0,0.0,0.0
2000-02-09,0.0,0.0,0.0,0.0,0.0
2000-02-10,0.0,0.0,0.0,0.0,0.0
2000-02-11,0.0,0.0,0.0,0.0,0.0
2000-02-12,0.0,0.0,0.0,0.0,0.0
2000-02-13,0.0,0.0,0.0,0.0,0.0
2000-02-14,0.0,0.0,0.0,0.0,0.0
2000-02-15,0.0,0.0,0.0,0.0,0.0
2000-02-16,0.0,0.0,0.0,0.0,0.0
2000-02-17,0.0,0.0,0.0,0.0,0.0
2000-02-18,0.0,0.0,0.0,0.0,0.0
2000-02-19,0.0,0.0,0.0,0.0,0.0
2000-02-20,0.0,0.0,0.0,0.0,0.0
2000-02-21,0.0,0.0,0.0,0.0,0.0
2000-02-22,0.0,0.0,0.0,0.0,0.0
2000-02-23,0.0,0.0,0.0,0.0,0.0
2000-02-24,0.0,0.0,0.0,0.0,0.0
2000-02-25,0.0,0.0,0.0,0.0,0.0
2000-02-26,0.0,0.0,0.0,0.0,0.0
2000-02-27,0.0,0.0,0.0,0.0,0.0
2000-02-28,0.0,0.0,0.0,0.0,0.0
2000-02-29,0.0,0.0,0.0,0.0,0.0
2000-03-01,0.0,0.0,0.0,0.0,0.0
2000-03-02,0.0,0.0,0.0,0.0,0.0
2000-03-03,0.0,0.0,0.0,0.0,0.0
2000-03-04,0.0,0.0,0.0,0.0,0.0
2000-03-05,0.0,0.0,0.0,0.0,0.0
2000-03-06,0.0,0.0,0.0,0.0,0.0
2000-03-07,0.0,0.0,0.0,0.0,0.0
2000-03-08,0.0,0.0,0.0,0.0,0.0
2000-03-09,0.0,0.0,0.0,0.0,0.0
2000-03-10,0.0,0.0,0.0,0.0,0.0
2000-03-11,0.0,0.0,0.0,0.0,0.0
2000-03-12,0.0,0.0,0.0,0.0,0.0
2000-03-13,0.0,0.0,0.0,0.0,0.0
2000-03-14,0.0,0.0,0.0,0.0,0.0
2000-03-15,0.0,0.0,0.0,0.0,0.0
2000-03-16,0.0,0.0,0.0,0.0,0.0
2000-03-17,0.0,0.0,0.0,0.0,0.0
2000-03-18,0.0,0.0,0.0,0.0,0.0
2000-03-19,0.0,0.0,0.0,0.0,0.0
2000-03-20,0.0,0.0,0.0,0.0,0.0
2000-03-21,0.0,0.0,0.0,0.0,0.0
2000-03-22,0.0,0.0,0.0,0.0,0.0
2000-03-23,0.0,0.0,0.0,0.0,0.0
2000-03-24,0.0,0.0,0.0,0.0,0.0
2000-03-25,0.0,0.0,0.0,0.0,0.0
2000-03-26,0.0,0.0,0.0,0.0,0.0
2000-03-27,0.0,0.0,0.0,0.0,0.0
2000-03-28,0.0,0.0,0.0,0.0,0.0
2000-03-29,0.0,0.0,0.0,0.0,0.0
2000-03-30,0.0,0.0,0.0,0.0,0.0
2000-03-31,0.0,0.0,0.0,0.0,0.0
2000-04-01,0.0,0.0,0.0,0.0,0.0
2000-04-02,0.0,0.0,0.0,0.0,0.0
2000-04-03,0.0,0.0,0.0,0.0,0.0
2000-04-04,0.0,0.0,0.0,0.0,0.0
2000-04-05,0.0,0.0,0.0,0.0,0.0
2000-04-06,0.0,0.0,0.0,0.0,0.0
2000-04-07,0.0,0.0,0.0,0.0,0.0
2000-04-08,0.0,0.0,0.0,0.0,0.0
2000-04-09,0.0,0.0,0.0,0.0,0.0
2000-04-10,0.0,0.0,0.0,0.0,0.0
2000-04-11,0.0,0.0,0.0,0.0,0.0
2000-04-12,0.0,0.0,0.0,0.0,0.0
2000-04-13,0.0,0.0,0.0,0.0,0.0
2000-04-14,0.0,0.0,0.0,0.0,0.0
2000-04-15,0.0,0.0,0.0,0.0,0.0
2000-04-16,0.0,0.0,0.0,0.0,0.0
2000-04-17,0.0,0.0,0.0,0.0,0.0
2000-04-18,0.0,0.0,0.0,0.0,0.0
2000-04-19,0.0,0.0,0.0,0.0,0.0
2000-04-20,0.0,0.0,0.0,0.0,0.0
2000-04-21,0.0,0.0,0.0,0.0,0.0
2000-04-22,0.0,0.0,0.0,0.0,0.0
2000-04-23,0.0,0.0,0.0,0.0,0.0
2000-04-24,0.0,0.0,0.0,0.0,0.0
2000-04-25,0.0,0.0,0.0,0.0,0.0
2000-04-26,0.0,0.0,0.0,0.0,0.0
2000-04-27,0.0,0.0,0.0,0.0,0.0
2000-04-28,0.0,0.0,0.0,0.0,0.0
2000-04-29,0.0,0.0,0.0,0.0,0.0
2000-04-30,0.0,0.0,0.0,0.0,0.0
2000-05-01,0.0,0.0,0.0,0.0,0.0
2000-05-02,0.0,0.0,0.0,0.0,0.0
2000-05-03,0.0,0.0,0.0,0.0,0.0
2000-05-04,0.0,0.0,0.0,0.0,0.0
2000-05-05,0.0,0.0,0.0,0.0,0.0
2000-05-06,0.0,0.0,0.0,0.0,0.0
2000-05-07,0.0,0.0,0.0,0.0,0.0
2000-05-08,0.0,0.0,0.0,0.0,0.0
2000-05-09,0.0,0.0,0.0,0.0,0.0
2000-05-10,0.0,0.0,0.0,0.0,0.0
2000-05-11,0.0,0.0,0.0,0.0,0.0
2000-05-12,0.0,0.0,0.0,0.0,0.0
2000-05-13,0.0,0.0,0.0,0.0,0.0
2000-05-14,0.0,0.0,0.0,0.0,0.0
2000-05-15,0.0,0.0,0.0,0.0,0.0
2000-05-16,17.6666,0.0,0.0,0.0,4.4166
2000-05-17,21.6698,5.1792,16.5737,2.3811,11.4509
2000-05-18,78.5,48.7906,105.6569,34.8194,66.9417
2000-05-19,104.7516,100.7037,166.4633,80.8945,113.2033
2000-05-20,1.2109,1.2464,2.6757,0.2147,1.3369
2000-05-21,0.0,0.0,0.0,0.0,0.0
2000-05-22,0.0,0.0,0.0,0.0,0.0
2000-05-23,0.3339,0.2177,0.9858,0.0,0.3843
2000-05-24,0.0,0.0,0.2817,0.0,0.0704
2000-05-25,0.0,0.0,0.0,0.0,0.0
2000-05-26,0.4293,0.2798,1.2674,0.0,0.4941
2000-05-27,0.0,0.596,0.0,0.1951,0.1978
2000-05-28,2.9667,1.8346,8.9865,0.1436,3.4828
2000-05-29,0.1523,0.0,0.0,0.0,0.0381
2000-05-30,5.2337,2.7676,12.2275,0.3294,5.1395
2000-05-31,1.4779,5.4226,6.8286,0.2097,3.4847
2000-06-01,4.5155,3.1677,5.0626,2.9408,3.9216
2000-06-02,24.3436,31.9781,13.8436,49.3448,29.8775
2000-06-03,16.8215,2.1161,3.1614,1.887,5.9965
2000-06-04,28.9781,23.8995,21.953,23.5488,24.5949
2000-06-05,0.0,0.0,0.1408,0.0,0.0352
2000-06-06,23.3328,32.1007,31.7267,37.7284,31.2221
2000-06-07,0.3477,1.2795,0.6479,1.9008,1.044
2000-06-08,5.8468,24.8005,14.4204,19.4782,16.1365
2000-06-09,132.5352,78.7781,146.5402,27.9126,96.4415
2000-06-10,6.3781,3.786,2.5342,2.1196,3.7045
2000-06-11,0.9138,3.0303,1.3946,5.3755,2.6785
2000-06-12,0.0,0.0,0.0,0.0,0.0
2000-06-13,1.0009,2.4613,2.7183,2.0601,2.0602
2000-06-14,0.4761,0.7826,1.0649,0.3403,0.666
2000-06-15,0.2284,5.5496,5.0475,0.1421,2.7419
2000-06-16,2.2083,0.6558,0.2534,1.0614,1.0447
2000-06-17,0.2284,0.3235,0.2745,0.0,0.2066
2000-06-18,0.0,0.0,0.0,0.0,0.0
2000-06-19,0.0,0.0,0.0,0.0,0.0
2000-06-20,0.0,0.0,0.0,0.0,0.0
2000-06-21,0.0,0.0,0.0,0.0,0.0
2000-06-22,0.0,0.0,0.0,0.0,0.0
2000-06-23,1.267,5.6436,3.1266,10.6704,5.1769
2000-06-24,6.0934,10.9826,8.6893,13.8639,9.9073
2000-06-25,1.1201,27.966,8.6475,41.782,19.8789
2000-06-26,17.1422,11.061,16.3351,2.7413,11.8199
2000-06-27,19.0876,27.0426,13.8102,38.2049,24.5363
2000-06-28,10.9612,14.5339,20.0367,5.1357,12.6669
2000-06-29,27.6385,33.2744,38.4523,10.4909,27.464
2000-06-30,23.5398,35.7153,49.5073,10.4909,29.8133
2000-07-01,16.5118,20.499,22.9458,20.6929,20.1624
2000-07-02,26.0508,11.9534,16.3514,7.1534,15.3772
2000-07-03,21.1532,54.569,41.6826,53.5655,42.7426
2000-07-04,232.013,84.2371,174.8982,49.8386,135.2467
2000-07-05,56.6732,27.7172,39.2967,14.2227,34.4774
2000-07-06,38.6538,47.0077,50.3326,42.373,44.5918
2000-07-07,26.9999,108.0412,90.8822,140.0508,91.4935
2000-07-08,156.9303,121.0975,182.849,97.7881,139.6662
2000-07-09,83.642,94.8782,107.7854,90.1362,94.1104
2000-07-10,87.3316,100.7078,89.0687,117.0719,98.545
2000-07-11,13.4781,43.2771,21.5692,53.2544,32.8947
2000-07-12,143.2138,104.4096,100.8468,90.4618,109.733
2000-07-13,226.311,288.7812,351.4923,270.5079,284.2731
2000-07-14,8.7236,25.111,17.9168,44.766,24.1294
2000-07-15,4.123,22.8567,7.7068,44.766,19.8631
2000-07-16,2.1595,6.8804,5.7179,8.7015,5.8648
2000-07-17,0.3046,2.1796,0.4864,3.8168,1.6969
2000-07-18,0.4,9.6271,3.7068,16.0756,7.4524
2000-07-19,2.4247,12.4719,6.6464,13.6518,8.7987
2000-07-20,1.8055,11.9247,7.3781,8.2877,7.349
2000-07-21,0.9063,7.3378,4.2609,14.4592,6.741
2000-07-22,0.9092,5.3734,2.1538,6.5105,3.7367
2000-07-23,1.2184,0.8442,0.2111,1.7658,1.0099
2000-07-24,1.823,0.0,0.2112,0.0,0.5085
2000-07-25,0.0,1.3708,0.0,0.4488,0.4549
2000-07-26,0.0,2.1453,1.1012,1.7196,1.2415
2000-07-27,0.0,0.0,0.0,0.0,0.0
2000-07-28,0.1193,0.0,0.3521,0.0,0.1179
2000-07-29,0.0,0.0,0.0,0.0,0.0
2000-07-30,0.0,1.0132,0.0,0.3317,0.3362
2000-07-31,0.0,0.0,0.0,0.1763,0.0441
2000-08-01,0.0,0.894,0.0,0.2927,0.2967
2000-08-02,0.0,0.3235,0.5371,0.0,0.2152
2000-08-03,0.9092,0.0,0.2112,0.0,0.2801
2000-08-04,1.1448,0.7463,3.3799,0.0,1.3177
2000-08-05,1.8127,1.1816,5.3515,0.0,2.0865
2000-08-06,0.4569,0.0,0.0,0.0,0.1142
2000-08-07,0.0,0.0,0.0,0.0,0.0
2000-08-08,0.0,15.1046,4.1021,26.5077,11.4286
2000-08-09,0.1193,9.7298,2.8896,17.853,7.6479
2000-08-10,11.7701,27.2675,13.4559,30.026,20.6299
2000-08-11,117.788,140.5918,139.1636,156.2508,138.4486
2000-08-12,41.2482,23.626,24.9034,25.7228,28.8751
2000-08-13,9.261,33.4206,25.2816,48.838,29.2003
2000-08-14,0.7523,4.3267,2.1969,5.5792,3.2138
2000-08-15,4.2083,3.2872,2.4009,3.0072,3.2259
2000-08-16,2.2853,3.1261,2.2882,2.9122,2.653
2000-08-17,0.9063,17.1985,9.6459,18.1898,11.4851
2000-08-18,1.1201,3.6813,3.7898,4.0312,3.1556
2000-08-19,2.8201,4.3843,5.0696,3.7986,4.0182
2000-08-20,1.7523,3.1438,3.5352,1.1345,2.3914
2000-08-21,3.5376,7.0397,5.1127,6.0743,5.4411
2000-08-22,63.0995,29.6092,24.5365,36.8597,38.5262
2000-08-23,72.5671,23.0131,37.6195,17.5212,37.6802
2000-08-24,42.5307,10.6732,21.5331,3.3497,19.5217
2000-08-25,76.356,53.5158,72.8134,40.384,60.7673
2000-08-26,8.3781,3.7881,4.1549,2.9704,4.8229
2000-08-27,13.8716,14.8886,17.0682,10.7234,14.138
2000-08-28,64.4092,51.6681,63.9575,45.9623,56.4993
2000-08-29,33.302,42.9133,31.8581,46.5847,38.6645
2000-08-30,14.4046,15.2164,14.1976,16.7963,15.1537
2000-08-31,11.3359,10.7303,9.3705,13.9784,11.3538
2000-09-01,18.4044,34.4052,29.1319,35.4636,29.3513
2000-09-02,7.6899,16.0018,9.1976,21.9565,13.7114
2000-09-03,1.3357,1.7751,4.239,0.2358,1.8964
2000-09-04,2.4945,3.3754,1.5631,3.9625,2.8489
2000-09-05,0.6678,2.1847,2.3939,0.4161,1.4156
2000-09-06,8.1681,2.7253,2.0417,2.9071,3.9606
2000-09-07,0.4569,0.0,0.0,0.0,0.1142
2000-09-08,0.3339,0.5153,0.9858,0.8813,0.6791
2000-09-09,7.0965,0.6065,1.0846,0.0,2.1969
2000-09-10,0.2284,0.298,0.0,0.0,0.1316
2000-09-11,0.2385,1.6438,0.7041,4.4066,1.7483
2000-09-12,0.0,1.4824,0.8173,0.3724,0.668
2000-09-13,0.2284,0.0,0.0,0.0,0.0571
2000-09-14,0.0,0.0,0.0,0.0,0.0
2000-09-15,0.0,0.0,0.0,0.0,0.0
2000-09-16,0.0,0.0,0.0,0.0,0.0
2000-09-17,0.0,0.0,0.0,0.0,0.0
2000-09-18,0.0,0.0,0.0,0.0,0.0
2000-09-19,0.0,0.0,0.0,0.0,0.0
2000-09-20,0.0,0.0,0.0,0.0,0.0
2000-09-21,4.323,0.4353,1.9716,0.0,1.6825
2000-09-22,35.2495,8.3934,6.2653,10.6295,15.1344
2000-09-23,19.0486,10.5893,15.2795,17.8507,15.692
2000-09-24,0.0,1.1907,0.1694,3.5612,1.2303
2000-09-25,0.3046,0.0,0.0,0.0,0.0761
2000-09-26,0.0,0.2977,0.0,0.8813,0.2948
2000-09-27,4.9707,13.1434,7.3129,23.9132,12.335
2000-09-28,0.4569,0.2489,0.2111,0.0,0.2292
2000-09-29,0.0,0.9954,0.8446,0.0,0.46
2000-09-30,0.0,1.1907,0.2541,3.5792,1.256
2000-10-01,0.0,1.7908,1.2669,0.9002,0.9895
2000-10-02,5.3851,4.2247,9.1538,4.6408,5.8511
2000-10-03,0.0,0.0,0.0,0.0,0.0
2000-10-04,0.0,0.0,0.0,0.0,0.0
2000-10-05,0.0,0.0,0.0,0.0,0.0
2000-10-06,0.0,3.6412,1.465,7.1382,3.0611
2000-10-07,0.0,1.639,0.0,0.5366,0.5439
2000-10-08,3.133,3.6072,2.6977,4.8933,3.5828
2000-10-09,0.8201,10.3822,2.4799,18.2579,7.985
2000-10-10,0.0,1.2373,0.6348,3.6151,1.3718
2000-10-11,0.0,0.0,0.0,0.0,0.0
2000-10-12,9.3496,10.4252,32.1741,7.3815,14.8326
2000-10-13,0.0,0.0,0.0,0.0,0.0
2000-10-14,0.0,0.0,0.0,0.0,0.0
2000-10-15,0.0,0.0,0.0,0.0,0.0
2000-10-16,0.0,0.0,0.0,0.0,0.0
2000-10-17,0.0,0.0,0.0,0.0,0.0
2000-10-18,0.0,0.0,0.0,0.0,0.0
2000-10-19,0.0,0.0,0.0,0.0,0.0
2000-10-20,0.0,0.0,0.0,0.0,0.0
2000-10-21,0.0,0.0,0.0,0.0,0.0
2000-10-22,0.0,0.0,0.0,0.0,0.0
2000-10-23,0.0,0.0,0.0,0.0,0.0
2000-10-24,0.0,0.0,0.0,0.0,0.0
2000-10-25,0.0,0.0,0.0,0.0,0.0
2000-10-26,0.0,0.0,0.0,0.0,0.0
2000-10-27,0.0,0.0,0.0,0.0,0.0
2000-10-28,0.0,0.0,0.0,0.0,0.0
2000-10-29,0.0,0.0,0.0,0.0,0.0
2000-10-30,0.0,0.0,0.0,0.0,0.0
2000-10-31,0.0,0.0,0.0,0.0,0.0
2000-11-01,0.0,0.0,0.0,0.0,0.0
2000-11-02,0.0,0.0,0.0,0.0,0.0
2000-11-03,0.0,0.0,0.0,0.0,0.0
2000-11-04,0.0,0.0,0.0,0.0,0.0
2000-11-05,0.0,0.0,0.0,0.0,0.0
2000-11-06,0.0,0.0,0.0,0.0,0.0
2000-11-07,0.0,0.0,0.0,0.0,0.0
2000-11-08,0.0,0.0,0.0,0.0,0.0
2000-11-09,0.0,0.0,0.0,0.0,0.0
2000-11-10,0.0,0.0,0.0,0.0,0.0
2000-11-11,0.0,0.0,0.0,0.0,0.0
2000-11-12,0.0,0.0,0.0,0.0,0.0
2000-11-13,0.0,0.0,0.0,0.0,0.0
2000-11-14,0.0,0.0,0.0,0.0,0.0
2000-11-15,0.0,0.0,0.0,0.0,0.0
2000-11-16,0.0,0.0,0.0,0.0,0.0
2000-11-17,0.0,0.0,0.0,0.0,0.0
2000-11-18,0.0,0.0,0.0,0.0,0.0
2000-11-19,0.0,0.0,0.0,0.0,0.0
2000-11-20,0.0,0.0,0.0,0.0,0.0
2000-11-21,0.0,0.0,0.0,0.0,0.0
2000-11-22,0.0,0.0,0.0,0.0,0.0
2000-11-23,0.0,0.0,0.0,0.0,0.0
2000-11-24,0.0,0.0,0.0,0.0,0.0
2000-11-25,0.0,0.0,0.0,0.0,0.0
2000-11-26,0.0,0.0,0.0,0.0,0.0
2000-11-27,0.0,0.0,0.0,0.0,0.0
2000-11-28,0.0,0.0,0.0,0.0,0.0
2000-11-29,0.0,0.0,0.0,0.0,0.0
2000-11-30,0.0,0.0,0.0,0.0,0.0
2000-12-01,0.0,0.0,0.0,0.0,0.0
2000-12-02,0.0,0.0,0.0,0.0,0.0
2000-12-03,0.0,0.0,0.0,0.0,0.0
2000-12-04,0.0,0.0,0.0,0.0,0.0
2000-12-05,0.0,0.0,0.0,0.0,0.0
2000-12-06,0.0,0.0,0.0,0.0,0.0
2000-12-07,0.0,0.0,0.0,0.0,0.0
2000-12-08,0.0,0.0,0.0,0.0,0.0
2000-12-09,0.0,0.0,0.0,0.0,0.0
2000-12-10,0.0,0.0,0.0,0.0,0.0
2000-12-11,0.0,0.0,0.0,0.0,0.0
2000-12-12,0.0,0.0,0.0,0.0,0.0
2000-12-13,0.0,0.0,0.0,0.0,0.0
2000-12-14,0.0,0.0,0.0,0.0,0.0
2000-12-15,0.0,0.0,0.0,0.0,0.0
2000-12-16,0.0,0.0,0.0,0.0,0.0
2000-12-17,0.0,0.0,0.0,0.0,0.0
2000-12-18,0.0,0.0,0.0,0.0,0.0
2000-12-19,0.0,0.0,0.0,0.0,0.0
2000-12-20,0.0,0.0,0.0,0.0,0.0
2000-12-21,0.0,0.0,0.0,0.0,0.0
2000-12-22,0.0,0.0,0.0,0.0,0.0
2000-12-23,0.0,0.0,0.0,0.0,0.0
2000-12-24,0.0,0.0,0.0,0.0,0.0
2000-12-25,0.0,0.0,0.0,0.0,0.0
2000-12-26,0.0,0.0,0.0,0.0,0.0
2000-12-27,0.0,0.0,0.0,0.0,0.0
2000-12-28,0.0,0.0,0.0,0.0,0.0
2000-12-29,0.0,0.0,0.4236,0.0,0.1059
2000-12-30,0.0,0.3576,0.0,0.1171,0.1187
2000-12-31,9.6313,1.6325,4.4086,0.288,3.9901
2001-01-01,1.0101,2.9376,1.4083,7.0506,3.1017
2001-01-02,0.0,0.0,0.0,0.0,0.0
2001-01-03,0.0,0.0,0.0,0.0,0.0
2001-01-04,0.0,0.0,0.0,0.0,0.0
2001-01-05,0.0,0.0,0.0,0.0,0.0
2001-01-06,0.0,0.0,0.0,0.0,0.0
2001-01-07,0.0,0.0,0.0,0.0,0.0
2001-01-08,0.0,0.0,0.0,0.0,0.0
2001-01-09,0.0,0.0,0.0,0.0,0.0
2001-01-10,0.0,0.0,0.0,0.0,0.0
2001-01-11,0.0,0.0,0.0,0.0,0.0
2001-01-12,0.0,0.0,0.0,0.0,0.0
2001-01-13,0.0,0.0,0.0,0.0,0.0
2001-01-14,0.0,0.0,0.0,0.0,0.0
2001-01-15,0.0,0.0,0.0,0.0,0.0
2001-01-16,0.0,0.0,0.0,0.0,0.0
2001-01-17,0.0,0.0,0.0,0.0,0.0
2001-01-18,0.0,0.0,0.0,0.0,0.0
2001-01-19,0.0,0.0,0.0,0.0,0.0
2001-01-20,0.0,0.0,0.0,0.0,0.0
2001-01-21,0.0,0.0,0.0,0.0,0.0
2001-01-22,0.0,0.0,0.0,0.0,0.0
2001-01-23,0.0,0.0,0.0,0.0,0.0
2001-01-24,0.0,0.0,0.0,0.0,0.0
2001-01-25,0.0,0.0,0.0,0.0,0.0
2001-01-26,0.0,0.0,0.0,0.0,0.0
2001-01-27,0.0,0.0,0.0,0.0,0.0
2001-01-28,0.0,0.0,0.0,0.0,0.0
2001-01-29,0.0,0.0,0.0,0.0,0.0
2001-01-30,0.0,0.0,0.0,0.0,0.0
2001-01-31,0.0,0.0,0.0,0.0,0.0
2001-02-01,0.0,0.0,0.0,0.0,0.0
2001-02-02,0.0,0.0,0.0,0.0,0.0
2001-02-03,0.0,0.0,0.0,0.0,0.0
2001-02-04,0.0,0.0,0.0,0.0,0.0
2001-02-05,0.0,0.0,0.0,0.0,0.0
2001-02-06,0.0,0.0,0.0,0.0,0.0
2001-02-07,0.0,0.0,0.0,0.0,0.0
2001-02-08,0.0,0.0,0.0,0.0,0.0
2001-02-09,0.0,0.0,0.0,0.0,0.0
2001-02-10,0.0,0.0,0.0,0.0,0.0
2001-02-11,0.0,0.0,0.0,0.0,0.0
2001-02-12,0.0,0.0,0.0,0.0,0.0
2001-02-13,0.0,0.0,0.0,0.0,0.0
2001-02-14,0.0,0.0,0.0,0.0,0.0
2001-02-15,0.0,0.0,0.0,0.0,0.0
2001-02-16,0.0,0.0,0.0,0.0,0.0
2001-02-17,0.0,0.0,0.0,0.0,0.0
2001-02-18,0.0,0.0,0.0,0.0,0.0
2001-02-19,0.0,0.0,0.0,0.0,0.0
2001-02-20,0.0,0.0,0.0,0.0,0.0
2001-02-21,0.0,0.0,0.0,0.0,0.0
2001-02-22,0.0,0.0,0.0,0.0,0.0
2001-02-23,0.0,0.0,0.0,0.0,0.0
2001-02-24,0.0,0.0,0.0,0.0,0.0
2001-02-25,0.0,0.0,0.0,0.0,0.0
2001-02-26,0.0,0.0,0.0,0.0,0.0
2001-02-27,0.0,0.0,0.0,0.0,0.0
2001-02-28,0.0,0.0,0.0,0.0,0.0
2001-03-01,0.0,0.0,0.0,0.0,0.0
2001-03-02,0.0,0.0,0.0,0.0,0.0
2001-03-03,0.0,0.0,0.0,0.0,0.0
2001-03-04,0.0,0.0,0.0,0.0,0.0
2001-03-05,0.0,0.0,0.0,0.0,0.0
2001-03-06,0.0,0.0,0.0,0.0,0.0
2001-03-07,0.0,0.0,0.0,0.0,0.0
2001-03-08,0.0,0.0,0.0,0.0,0.0
2001-03-09,0.0,0.0,0.0,0.0,0.0
2001-03-10,0.0,0.0,0.0,0.0,0.0
2001-03-11,0.0,0.0,0.0,0.0,0.0
2001-03-12,0.0,0.0,0.0,0.0,0.0
2001-03-13,0.0,0.0,0.0,0.0,0.0
2001-03-14,0.0,0.0,0.0,0.0,0.0
2001-03-15,0.0,0.0,0.0,0.0,0.0
2001-03-16,0.0,0.0,0.0,0.0,0.0
2001-03-17,0.0,0.0,0.0,0.0,0.0
2001-03-18,0.0,0.0,0.0,0.0,0.0
2001-03-19,0.0,0.0,0.0,0.0,0.0
2001-03-20,0.0,0.0,0.0,0.0,0.0
2001-03-21,0.0,0.0,0.0,0.0,0.0
2001-03-22,0.0,0.0,0.0,0.0,0.0
2001-03-23,0.0,0.0,0.0,0.0,0.0
2001-03-24,0.0,0.0,0.0,0.0,0.0
2001-03-25,0.0,0.0,0.0,0.0,0.0
2001-03-26,0.0,0.0,0.0,0.0,0.0
2001-03-27,0.0,0.0,0.0,0.0,0.0
2001-03-28,0.0,0.0,0.0,0.0,0.0
2001-03-29,0.0,0.0,0.0,0.0,0.0
2001-03-30,0.0,0.0,0.0,0.0,0.0
2001-03-31,0.0,0.0,0.0,0.0,0.0
2001-04-01,0.0,0.0,0.0,0.0,0.0
2001-04-02,0.0,0.0,0.0,0.0,0.0
2001-04-03,0.0,0.0,0.0,0.0,0.0
2001-04-04,0.0,0.0,0.0,0.0,0.0
2001-04-05,0.0,0.0,0.0,0.0,0.0
2001-04-06,0.0,0.0,0.0,0.0,0.0
2001-04-07,0.0,0.0,0.0,0.0,0.0
2001-04-08,1.1,0.0,0.7746,0.0,0.4687
2001-04-09,0.0,0.0,0.0,0.0,0.0
2001-04-10,0.0,0.0,0.0,0.0,0.0
2001-04-11,0.0,0.0,0.0,0.0,0.0
2001-04-12,0.0,0.0,0.0,0.0,0.0
2001-04-13,0.0,0.0,0.0,0.0,0.0
2001-04-14,0.0,0.0,0.0,0.0,0.0
2001-04-15,0.0,0.0,0.0,0.0,0.0
2001-04-16,0.0,0.0,0.0,0.0,0.0
2001-04-17,0.0,0.0,0.0,0.0,0.0
2001-04-18,0.0,0.0,0.0,0.0,0.0
2001-04-19,0.0,0.0,0.0,0.0,0.0
2001-04-20,0.0,0.0,0.0,0.0,0.0
2001-04-21,0.0,0.0,0.0,0.0,0.0
2001-04-22,0.0,0.0,0.0,0.0,0.0
2001-04-23,0.0,0.0,0.0,0.0,0.0
2001-04-24,0.0,0.0,0.0,0.0,0.0
2001-04-25,0.0,0.0,0.0,0.0,0.0
2001-04-26,0.0,0.0,0.0,0.0,0.0
2001-04-27,0.0,0.0,0.0,0.0,0.0
2001-04-28,0.0,0.0,0.0,0.0,0.0
2001-04-29,0.0,0.0,0.0,0.0,0.0
2001-04-30,0.0,0.0,0.0,0.0,0.0
2001-05-01,0.0,0.0,0.0,0.0,0.0
2001-05-02,0.0,0.0,0.0,0.0,0.0
2001-05-03,0.0,0.0,0.0,0.0,0.0
2001-05-04,0.0,0.0,0.0,0.0,0.0
2001-05-05,0.0,0.0,0.0,0.0,0.0
2001-05-06,0.0,0.0,0.0,0.0,0.0
2001-05-07,0.0,0.0,0.0,0.0,0.0
2001-05-08,0.0,0.0,0.0,0.0,0.0
2001-05-09,0.0,0.0,0.0,0.0,0.0
2001-05-10,0.0,0.0,0.0,0.0,0.0
2001-05-11,0.0,0.0,0.0,0.0,0.0
2001-05-12,0.0,0.0,0.0,0.0,0.0
2001-05-13,0.0,0.0,0.0,0.0,0.0
2001-05-14,0.0,0.0,0.0,0.0,0.0
2001-05-15,0.0,0.0,0.0,0.0,0.0
2001-05-16,0.0,0.0,0.0,0.0,0.0
2001-05-17,0.0,0.0,0.0,0.0,0.0
2001-05-18,0.0,0.0,0.0,0.0,0.0
2001-05-19,0.0,0.0,0.0,0.0,0.0
2001-05-20,2.9754,0.0,0.0,0.0,0.7439
2001-05-21,0.0,0.0,0.0,0.0,0.0
2001-05-22,0.0,0.0,0.0,0.0,0.0
2001-05-23,0.0,0.0,0.0,0.0,0.0
2001-05-24,0.0,0.0,0.0,0.0,0.0
2001-05-25,0.0,0.0,0.0,0.0,0.0
2001-05-26,0.3798,0.0,0.3756,0.0,0.1889
2001-05-27,1.7726,0.0,2.3476,0.0,1.03
2001-05-28,7.2647,4.9419,17.8416,0.0,7.5121
2001-05-29,0.3324,3.9321,0.7512,0.0,1.2539
2001-05-30,0.1899,0.0,0.0,0.1077,0.0744
2001-05-31,2.5956,6.2669,0.1878,0.0,2.2626
2001-06-01,0.0,0.0,0.0,0.0,0.0
2001-06-02,0.0,2.9376,0.0,0.0,0.7344
2001-06-03,0.0,2.9376,0.0,0.0,0.7344
2001-06-04,0.0,0.0,0.0,0.0,0.0
2001-06-05,0.4432,2.5459,3.6622,0.0,1.6628
2001-06-06,0.0,0.1121,0.0,1.9905,0.5256
2001-06-07,1.2979,0.0,6.761,0.0,2.0147
2001-06-08,11.957,12.9029,4.5824,30.3051,14.9368
2001-06-09,16.0693,12.2541,41.91,25.2418,23.8688
2001-06-10,33.4238,34.6091,33.869,16.3846,29.5716
2001-06-11,52.529,8.9802,18.5026,2.9285,20.7351
2001-06-12,27.7413,20.3072,57.6533,10.4897,29.0479
2001-06-13,13.6161,14.162,19.7798,27.1015,18.6649
2001-06-14,17.6771,25.4924,20.7895,88.9134,38.2181
2001-06-15,91.7828,155.4259,154.7758,136.5377,134.6305
2001-06-16,10.9266,27.6314,43.378,84.1872,41.5308
2001-06-17,100.7913,124.711,123.664,83.0651,108.0579
2001-06-18,50.0611,104.5914,66.7762,83.548,76.2442
2001-06-19,3.4394,4.3983,1.9692,3.2065,3.2534
2001-06-20,0.7992,5.1102,2.3315,0.0,2.0602
2001-06-21,2.2196,6.9003,1.2823,3.5688,3.4927
2001-06-22,1.5579,2.956,2.0774,1.7702,2.0904
2001-06-23,0.0,0.0,0.0,0.0,0.0
2001-06-24,0.0,0.0,0.4259,0.1996,0.1564
2001-06-25,0.0,0.0,0.2274,0.0,0.0568
2001-06-26,1.3578,2.3633,13.6749,2.9635,5.0899
2001-06-27,14.9333,8.1016,1.1161,4.9106,7.2654
2001-06-28,16.6053,31.8421,13.1937,10.3629,18.001
2001-06-29,2.5112,1.9921,3.7943,0.9995,2.3243
2001-06-30,0.4987,6.4857,0.2283,0.9172,2.0325
2001-07-01,7.5124,11.8526,22.2196,12.3588,13.4859
2001-07-02,34.3564,71.3332,47.073,45.8621,49.6562
2001-07-03,8.8816,24.319,14.129,35.835,20.7912
2001-07-04,45.1251,67.3345,66.1525,86.7134,66.3314
2001-07-05,23.9508,51.7351,19.0186,58.9661,38.4176
2001-07-06,4.5851,22.6377,15.9023,21.9705,16.2739
2001-07-07,29.7033,42.9595,14.0728,57.125,35.9652
2001-07-08,169.4684,29.641,98.7232,8.5067,76.5848
2001-07-09,103.5075,272.0009,141.8683,90.2474,151.906
2001-07-10,54.3567,87.3037,119.4679,113.3464,93.6187
2001-07-11,4.9414,11.9873,8.2091,18.2418,10.8449
2001-07-12,10.0026,22.2113,14.2675,40.136,21.6544
2001-07-13,11.2831,16.4443,26.853,27.7543,20.5837
2001-07-14,7.8256,11.9153,9.655,16.8217,11.5544
2001-07-15,9.1724,7.149,10.0916,7.5644,8.4944
2001-07-16,8.3035,9.1243,11.198,13.3767,10.5006
2001-07-17,0.1908,2.0858,2.3631,34.352,9.7479
2001-07-18,0.0,4.1412,0.8121,5.9323,2.7214
2001-07-19,3.4851,2.2836,11.2034,12.8267,7.4497
2001-07-20,5.1173,7.1127,9.1126,6.8766,7.0548
2001-07-21,2.4063,8.5054,4.8332,5.9311,5.419
2001-07-22,2.7422,4.93,2.3579,4.0898,3.53
2001-07-23,7.1385,23.889,6.4098,20.5803,14.5044
2001-07-24,3.4101,33.4547,5.3399,14.2839,14.1222
2001-07-25,2.2661,2.4126,1.2685,3.5728,2.38
2001-07-26,3.3147,4.7934,4.0025,3.9913,4.0255
2001-07-27,4.4391,2.0368,13.1676,4.9962,6.1599
2001-07-28,5.7991,18.0704,5.368,7.8935,9.2828
2001-07-29,1.7092,16.1511,2.5303,13.3829,8.4434
2001-07-30,5.0284,26.5728,6.5109,8.8742,11.7466
2001-07-31,5.1604,10.3162,10.9516,12.2932,9.6804
2001-08-01,2.1322,11.914,0.3388,20.9409,8.8315
2001-08-02,0.0,5.1772,1.4142,6.6556,3.3117
2001-08-03,0.8,4.34,1.3435,7.009,3.3731
2001-08-04,29.3151,7.9147,13.2694,7.2994,14.4496
2001-08-05,20.3709,9.3529,12.916,21.4287,16.0171
2001-08-06,3.3595,19.7678,10.4372,28.3717,15.484
2001-08-07,1.3641,19.2868,10.1494,32.2992,15.7749
2001-08-08,26.1888,33.7799,27.7471,21.0107,27.1816
2001-08-09,55.4277,80.4991,66.1295,88.021,72.5193
2001-08-10,14.0708,27.0657,40.1785,56.6961,34.5028
2001-08-11,21.3061,33.3207,40.3466,45.0491,35.0056
2001-08-12,19.723,40.1337,17.9334,118.8133,49.1508
2001-08-13,12.9483,16.1972,19.7699,12.9588,15.4686
2001-08-14,15.6147,33.2785,16.6127,29.6524,23.7896
2001-08-15,76.5647,100.7952,72.4498,106.5161,89.0814
2001-08-16,38.2567,85.3604,40.0848,105.7364,67.3596
2001-08-17,6.8385,18.9104,6.1139,38.0686,17.4828
2001-08-18,3.1558,17.1583,9.2796,7.7088,9.3256
2001-08-19,3.477,4.9735,3.9221,2.9008,3.8184
2001-08-20,0.3816,4.9015,1.4655,0.1694,1.7295
2001-08-21,11.6626,3.9714,3.6547,2.3138,5.4006
2001-08-22,0.0,4.5449,0.782,1.2553,1.6456
2001-08-23,4.2906,6.1178,10.1614,5.8165,6.5966
2001-08-24,3.0825,4.9411,5.2114,3.9367,4.2929
2001-08-25,8.3431,11.9646,6.1964,0.0,6.626
2001-08-26,7.0773,8.8587,0.2112,0.0,4.0368
2001-08-27,2.5239,4.3085,1.8308,0.0,2.1658
2001-08-28,2.5227,0.0,6.5485,0.0,2.2678
2001-08-29,7.1899,3.6213,4.5351,4.2637,4.9025
2001-08-30,0.7394,2.7473,2.8163,0.107,1.6025
2001-08-31,0.733,0.0,0.1408,0.0,0.2185
2001-09-01,0.1523,0.0,0.0,3.5253,0.9194
2001-09-02,0.5477,11.768,2.4166,10.1857,6.2295
2001-09-03,0.6339,31.6004,2.7402,9.3824,11.0892
2001-09-04,4.8201,2.0109,6.1606,1.9002,3.7229
2001-09-05,1.3945,2.9376,0.2628,2.48,1.7687
2001-09-06,0.7871,0.9792,2.6404,0.0,1.1017
2001-09-07,1.3247,0.0,2.725,0.9072,1.2392
2001-09-08,0.0,0.0,0.0,0.8813,0.2203
2001-09-09,0.0,0.0,0.0,0.0,0.0
2001-09-10,0.0,0.0,0.0,0.0,0.0
2001-09-11,0.0,0.0,3.6182,8.2329,2.9628
2001-09-12,2.8759,2.9376,8.555,5.299,4.9169
2001-09-13,0.0,3.3293,0.0,0.0,0.8323
2001-09-14,0.0,0.0,0.0,0.0,0.0
2001-09-15,0.0,0.0,0.0,0.0,0.0
2001-09-16,0.0,0.0,0.0,0.0,0.0
2001-09-17,14.4683,0.0,0.0,0.0,3.6171
2001-09-18,2.0164,37.4056,9.4357,16.9909,16.4621
2001-09-19,13.6888,14.208,33.0469,22.2464,20.7975
2001-09-20,4.0313,53.4559,0.5074,24.527,20.6304
2001-09-21,16.2276,19.4127,16.7086,57.0602,27.3523
2001-09-22,16.0768,45.5313,23.0595,16.8211,25.3722
2001-09-23,0.6761,0.0,0.846,3.6151,1.2843
2001-09-24,1.9799,7.6663,0.0,0.2342,2.4701
2001-09-25,0.0,0.0,0.0,0.0,0.0
2001-09-26,0.0,5.9124,6.419,0.2129,3.1361
2001-09-27,9.5986,5.4448,24.1254,46.3775,21.3866
2001-09-28,0.0,0.0,0.0,0.0,0.0
2001-09-29,0.0,0.0,0.0,1.7627,0.4407
2001-09-30,0.0,0.0,0.0,0.0,0.0
2001-10-01,0.0,0.0,0.0,0.0,0.0
2001-10-02,0.2385,0.0,0.7041,0.0,0.2356
2001-10-03,0.0,0.0,0.0,0.8813,0.2203
2001-10-04,1.4954,0.0,1.2674,0.0,0.6907
2001-10-05,0.0,0.0,0.0,0.0,0.0
2001-10-06,25.8053,16.686,0.4225,0.7025,10.9041
2001-10-07,15.2713,8.9717,24.9333,33.2571,20.6084
2001-10-08,14.9635,17.8007,10.972,16.7088,15.1113
2001-10-09,13.565,33.6674,27.2088,29.7908,26.058
2001-10-10,0.0,0.0,0.0,9.846,2.4615
2001-10-11,0.0,0.0,0.0,0.0,0.0
2001-10-12,0.0,0.0,0.0,0.0,0.0
2001-10-13,0.2385,39.1681,0.7041,0.0,10.0277
2001-10-14,0.0,0.1296,0.0,8.472,2.1504
2001-10-15,0.0,0.0,0.0,0.0,0.0
2001-10-16,0.0,0.0,0.0,0.1171,0.0293
2001-10-17,0.0,0.0,0.0,0.0,0.0
2001-10-18,0.0,0.0,0.0,0.0,0.0
2001-10-19,0.0,0.0,0.0,0.0,0.0
2001-10-20,1.4468,0.0,0.0,0.0,0.3617
2001-10-21,0.0,0.0,0.0,0.0,0.0
2001-10-22,0.0,0.0,0.0,0.0,0.0
2001-10-23,0.0,0.0,0.0,0.0,0.0
2001-10-24,0.0,0.0,0.0,0.0,0.0
2001-10-25,0.0,0.0,0.0,0.0,0.0
2001-10-26,0.0,0.0,0.0,0.0,0.0
2001-10-27,0.0,0.0,0.0,0.0,0.0
2001-10-28,0.0,0.0,0.0,0.0,0.0
2001-10-29,0.0,0.0,0.0,0.0,0.0
2001-10-30,0.0,0.0,0.0,0.0,0.0
2001-10-31,0.0,0.0,0.0,0.0,0.0
2001-11-01,0.0,0.0,0.0,0.0,0.0
2001-11-02,0.0,0.0,0.0,0.0,0.0
2001-11-03,0.0,0.0,0.0,0.0,0.0
2001-11-04,0.0,0.0,0.0,0.0,0.0
2001-11-05,0.0,0.0,0.0,0.0,0.0
2001-11-06,0.0,0.0,0.0,0.0,0.0
2001-11-07,0.0,0.0,0.0,0.0,0.0
2001-11-08,0.0,0.0,0.0,0.0,0.0
2001-11-09,0.0,0.0,0.0,0.0,0.0
2001-11-10,0.0,0.0,0.0,0.0,0.0
2001-11-11,0.0,0.0,0.0,0.0,0.0
2001-11-12,0.0,0.0,0.0,0.0,0.0
2001-11-13,0.0,0.0,0.0,0.0,0.0
2001-11-14,0.0,0.0,0.0,0.0,0.0
2001-11-15,0.0,0.0,0.0,0.0,0.0
2001-11-16,0.0,0.0,0.0,0.0,0.0
2001-11-17,0.0,0.0,0.0,0.0,0.0
2001-11-18,0.0,0.0,0.0,0.0,0.0
2001-11-19,0.0,0.0,0.0,0.0,0.0
2001-11-20,0.0,0.0,0.0,0.0,0.0
2001-11-21,0.0,0.0,0.0,0.0,0.0
2001-11-22,0.0,0.0,0.0,0.0,0.0
2001-11-23,0.0,0.0,0.0,0.0,0.0
2001-11-24,0.0,0.0,0.0,0.0,0.0
2001-11-25,0.0,0.0,0.0,0.0,0.0
2001-11-26,0.0,0.0,0.0,0.0,0.0
2001-11-27,0.0,0.0,0.0,0.0,0.0
2001-11-28,0.0,0.0,0.0,0.0,0.0
2001-11-29,0.0,0.0,0.0,0.0,0.0
2001-11-30,0.0,0.0,0.0,0.0,0.0
2001-12-01,0.0,0.0,0.0,0.0,0.0
2001-12-02,0.0,0.0,0.0,0.0,0.0
2001-12-03,0.0,0.0,0.0,0.0,0.0
2001-12-04,0.0,0.0,0.0,0.0,0.0
2001-12-05,0.0,0.0,0.0,0.0,0.0
2001-12-06,0.0,0.0,0.0,0.0,0.0
2001-12-07,0.0,0.0,0.0,0.0,0.0
2001-12-08,0.0,0.0,0.0,0.0,0.0
2001-12-09,0.0,0.0,0.0,0.0,0.0
2001-12-10,0.0,0.0,0.0,0.0,0.0
2001-12-11,0.0,0.0,0.0,0.0,0.0
2001-12-12,0.0,0.0,0.0,0.0,0.0
2001-12-13,0.0,0.0,0.0,0.0,0.0
2001-12-14,0.0,0.0,0.0,0.0,0.0
2001-12-15,0.0,0.0,0.0,0.0,0.0
2001-12-16,0.0,0.0,0.0,0.0,0.0
2001-12-17,0.0,0.0,0.0,0.0,0.0
2001-12-18,0.0,0.0,0.0,0.0,0.0
2001-12-19,0.0,0.0,0.0,0.0,0.0
2001-12-20,0.0,0.0,0.0,0.0,0.0
2001-12-21,0.0,0.0,0.0,0.0,0.0
2001-12-22,0.0,0.0,0.0,0.0,0.0
2001-12-23,0.0,0.0,0.0,0.0,0.0
2001-12-24,0.0,0.0,0.0,0.0,0.0
2001-12-25,0.0,0.0,0.0,0.0,0.0
2001-12-26,0.0,0.0,0.0,0.0,0.0
2001-12-27,0.0,0.0,0.0,0.0,0.0
2001-12-28,0.0,0.0,0.0,0.0,0.0
2001-12-29,0.0,0.0,0.0,0.0,0.0
2001-12-30,0.0,0.0,0.0,0.0,0.0
2001-12-31,0.0,0.0,0.0,0.0,0.0
2002-01-01,0.0,0.0,0.0,0.0,0.0
2002-01-02,0.0,0.0,0.0,0.0,0.0
2002-01-03,0.0,0.0,0.0,0.0,0.0
2002-01-04,0.0,0.0,0.0,0.0,0.0
2002-01-05,0.0,0.0,0.0,0.0,0.0
2002-01-06,0.0,0.0,0.0,0.0,0.0
2002-01-07,0.0,0.0,0.0,0.0,0.0
2002-01-08,0.0,0.0,0.0,0.0,0.0
2002-01-09,0.0,0.0,0.0,0.0,0.0
2002-01-10,0.0,0.0,0.0,0.0,0.0
2002-01-11,0.0,0.0,0.0,0.0,0.0
2002-01-12,0.0,0.0,0.0,0.0,0.0
2002-01-13,0.0,0.0,0.0,0.0,0.0
2002-01-14,0.0,0.0,0.0,0.0,0.0
2002-01-15,0.0,0.0,0.0,0.0,0.0
2002-01-16,0.0,0.0,0.0,0.0,0.0
2002-01-17,0.0,0.0,0.0,0.0,0.0
2002-01-18,0.0,0.0,0.0,0.0,0.0
2002-01-19,0.0,0.0,0.0,0.0,0.0
2002-01-20,0.0,0.0,0.0,0.0,0.0
2002-01-21,0.0,0.0,0.0,0.0,0.0
2002-01-22,0.0,0.0,0.0,0.0,0.0
2002-01-23,0.0,0.0,0.0,0.0,0.0
2002-01-24,0.0,0.0,0.0,0.0,0.0
2002-01-25,0.0,0.0,0.0,0.0,0.0
2002-01-26,0.0,0.0,0.0,0.0,0.0
2002-01-27,0.0,0.0,0.0,0.0,0.0
2002-01-28,0.0,0.0,0.0,0.0,0.0
2002-01-29,0.0,0.0,0.0,0.0,0.0
2002-01-30,0.0,0.0,0.0,0.0,0.0
2002-01-31,0.0,0.0,0.0,0.0,0.0
2002-02-01,0.0,0.0,0.0,0.0,0.0
2002-02-02,0.0,0.0,0.0,0.0,0.0
2002-02-03,0.0,0.0,0.0,0.0,0.0
2002-02-04,0.0,0.0,0.0,0.0,0.0
2002-02-05,0.0,0.0,0.0,0.0,0.0
2002-02-06,0.0,0.0,0.0,0.0,0.0
2002-02-07,0.0,0.0,0.0,0.0,0.0
2002-02-08,0.0,0.0,0.0,0.0,0.0
2002-02-09,0.0,0.0,0.0,0.0,0.0
2002-02-10,0.0,0.0,0.0,0.0,0.0
2002-02-11,0.0,0.0,0.0,0.0,0.0
2002-02-12,0.0,0.0,0.0,0.0,0.0
2002-02-13,0.0,0.0,0.0,0.0,0.0
2002-02-14,0.0,0.0,0.0,0.0,0.0
2002-02-15,0.0,0.0,0.0,0.0,0.0
2002-02-16,0.0,0.0,0.0,0.0,0.0
2002-02-17,0.0,0.0,0.0,0.0,0.0
2002-02-18,0.0,0.0,0.0,0.0,0.0
2002-02-19,0.0,0.0,0.0,0.0,0.0
2002-02-20,0.0,0.0,0.0,0.0,0.0
2002-02-21,0.0,0.0,0.0,0.0,0.0
2002-02-22,0.0,0.0,0.0,0.0,0.0
2002-02-23,0.0,0.0,0.0,0.0,0.0
2002-02-24,0.0,0.0,0.0,0.0,0.0
2002-02-25,0.0,0.0,0.0,0.0,0.0
2002-02-26,0.0,0.0,0.0,0.0,0.0
2002-02-27,0.0,0.0,0.0,0.0,0.0
2002-02-28,0.0,0.0,0.0,0.0,0.0
2002-03-01,0.0,0.0,0.0,0.0,0.0
2002-03-02,0.0,0.0,0.0,0.0,0.0
2002-03-03,0.0,0.0,0.0,0.0,0.0
2002-03-04,0.0,0.0,0.0,0.0,0.0
2002-03-05,0.0,0.0,0.0,0.0,0.0
2002-03-06,0.0,0.0,0.0,0.0,0.0
2002-03-07,0.0,0.0,0.0,0.0,0.0
2002-03-08,0.0,0.0,0.0,0.0,0.0
2002-03-09,0.0,0.0,0.0,0.0,0.0
2002-03-10,0.0,0.0,0.0,0.0,0.0
2002-03-11,0.0,0.0,0.0,0.0,0.0
2002-03-12,0.0,0.0,0.0,0.0,0.0
2002-03-13,0.0,0.0,0.0,0.0,0.0
2002-03-14,11.3178,0.0,0.1408,0.0,2.8647
2002-03-15,0.0,0.0,0.0,0.0,0.0
2002-03-16,0.0,0.0,0.0,0.0,0.0
2002-03-17,0.0,0.0,0.0,0.0,0.0
2002-03-18,0.0,0.0,0.0,0.0,0.0
2002-03-19,0.0,0.0,0.0,0.0,0.0
2002-03-20,0.0,0.0,0.0,0.0,0.0
2002-03-21,0.0,0.0,0.0,0.0,0.0
2002-03-22,0.0,0.0,0.0,0.0,0.0
2002-03-23,0.0,0.0,0.0,0.0,0.0
2002-03-24,0.0,0.0,0.0,0.0,0.0
2002-03-25,0.0,0.0,0.0,0.0,0.0
2002-03-26,0.0,0.0,0.0,0.0,0.0
2002-03-27,0.0,0.0,0.0,0.0,0.0
2002-03-28,0.0,0.0,0.0,0.0,0.0
2002-03-29,0.0,0.0,0.0,0.0,0.0
2002-03-30,0.0,0.0,0.0,0.0,0.0
2002-03-31,0.0,0.0,0.0,0.0,0.0
2002-04-01,0.0,0.0,0.0,0.0,0.0
2002-04-02,0.0,0.0,0.0,0.0,0.0
2002-04-03,0.0,0.0,0.0,0.0,0.0
2002-04-04,0.0,0.0,0.0,0.0,0.0
2002-04-05,0.0,0.0,0.0,0.0,0.0
2002-04-06,0.0,0.0,0.0,0.0,0.0
2002-04-07,0.0,0.0,0.0,0.0,0.0
2002-04-08,0.0,0.0,0.0,0.0,0.0
2002-04-09,0.0,0.0,0.0,0.0,0.0
2002-04-10,0.0,0.0,0.0,0.0,0.0
2002-04-11,0.0,0.0,0.0,0.0,0.0
2002-04-12,0.0,0.0,0.0,0.0,0.0
2002-04-13,0.0,0.0,0.0,0.0,0.0
2002-04-14,0.0,0.0,0.0,0.0,0.0
2002-04-15,0.0,0.0,0.0,0.0,0.0
2002-04-16,0.0,0.0,0.0,0.0,0.0
2002-04-17,0.0,0.0,0.0,0.0,0.0
2002-04-18,0.0,0.0,0.0,0.0,0.0
2002-04-19,0.0,0.0,0.0,0.0,0.0
2002-04-20,0.0,0.0,0.0,0.0,0.0
2002-04-21,0.0,0.0,0.0,0.0,0.0
2002-04-22,0.0,0.0,0.0,0.0,0.0
2002-04-23,0.0,0.0,0.0,0.0,0.0
2002-04-24,0.0,0.0,0.0,0.0,0.0
2002-04-25,0.0,0.0,0.0,0.0,0.0
2002-04-26,0.0,0.0,0.0,0.0,0.0
2002-04-27,0.0,0.0,0.0,0.0,0.0
2002-04-28,0.0,0.0,0.0,0.0,0.0
2002-04-29,0.0,0.0,0.0,0.0,0.0
2002-04-30,0.0,0.0,0.0,0.0,0.0
2002-05-01,0.0,0.0,0.0,0.0,0.0
2002-05-02,0.0,0.0,0.0,0.0,0.0
2002-05-03,0.0,0.0,0.0,0.0,0.0
2002-05-04,0.0,0.0,0.0,0.0,0.0
2002-05-05,0.0,0.0,0.0,0.0,0.0
2002-05-06,0.0,0.0,0.0,0.0,0.0
2002-05-07,0.0,0.0,0.0,0.0,0.0
2002-05-08,0.0,0.0,0.0,0.0,0.0
2002-05-09,0.0,0.0,0.0,0.0,0.0
2002-05-10,0.0,0.0,0.0,0.0,0.0
2002-05-11,0.0,0.0,0.0,0.0,0.0
2002-05-12,0.0,0.0,0.0,0.0,0.0
2002-05-13,0.0,0.0,0.0,0.0,0.0
2002-05-14,0.0,0.0,0.0,0.0,0.0
2002-05-15,0.0,0.0,0.0,0.0,0.0
2002-05-16,0.0,0.0,0.0,0.0,0.0
2002-05-17,0.0,0.0,0.0,0.0,0.0
2002-05-18,0.0,0.0,0.0,0.0,0.0
2002-05-19,0.1523,0.0,0.0,0.0,0.0381
2002-05-20,0.2284,0.0,0.0,0.0,0.0571
2002-05-21,0.1523,0.0,0.0,0.0,0.0381
2002-05-22,0.0,0.0,0.0,0.0,0.0
2002-05-23,0.0,0.0,0.0,0.0,0.0
2002-05-24,0.0,0.0,0.0,0.0,0.0
2002-05-25,0.0,0.0,0.0,0.0,0.0
2002-05-26,0.0,0.0,0.0,0.0,0.0
2002-05-27,0.0,0.0,0.0,0.0,0.0
2002-05-28,0.9761,0.0,0.6337,0.0,0.4024
2002-05-29,0.1523,0.0,0.0,0.0,0.0381
2002-05-30,0.0,0.0,0.0,0.0,0.0
2002-05-31,0.0,0.0,0.0,0.0,0.0
2002-06-01,0.0,0.2576,1.7128,44.2588,11.5573
2002-06-02,0.0,0.0,0.0,0.0,0.0
2002-06-03,0.0,0.0,0.0,0.0,0.0
2002-06-04,0.0,0.0,0.0,0.0,0.0
2002-06-05,0.0,0.0,0.0,0.0,0.0
2002-06-06,0.0,0.0,0.0,0.0,0.0
2002-06-07,0.0,0.0,0.0,0.0,0.0
2002-06-08,0.0,0.0,0.0,0.0,0.0
2002-06-09,0.0,0.0,0.0,0.5269,0.1317
2002-06-10,7.3865,0.0,0.0,15.5095,5.724
2002-06-11,2.1834,0.0,4.6473,1.7627,2.1484
2002-06-12,8.9558,11.8732,11.2112,18.827,12.7168
2002-06-13,0.0,0.0,0.0,0.0,0.0
2002-06-14,6.4877,4.2126,29.2405,35.8,18.9352
2002-06-15,6.5836,3.0633,2.1553,20.6366,8.1097
2002-06-16,27.8635,3.3405,18.9124,0.9825,12.7747
2002-06-17,60.4998,14.7889,61.536,8.8299,36.4137
2002-06-18,37.9046,28.9531,41.3092,43.1777,37.8362
2002-06-19,20.0658,47.3317,30.7616,22.9864,30.2864
2002-06-20,36.1853,10.0315,30.3654,9.2991,21.4703
2002-06-21,83.6636,13.4799,48.323,46.3121,47.9446
2002-06-22,22.1838,7.8949,16.3775,21.6252,17.0204
2002-06-23,13.4897,12.302,20.5216,16.374,15.6718
2002-06-24,9.7328,66.8271,33.8235,107.7819,54.5413
2002-06-25,3.4606,8.0949,2.551,25.4429,9.8874
2002-06-26,19.9138,24.0154,32.9794,107.4966,46.1013
2002-06-27,49.0909,104.4988,86.7275,285.5414,131.4647
2002-06-28,3.7652,32.6646,5.2155,15.2393,14.2211
2002-06-29,14.9509,20.4572,42.6016,115.8557,48.4664
2002-06-30,6.6836,13.4004,3.6844,46.9323,17.6752
2002-07-01,0.1193,1.1903,1.0285,0.0,0.5845
2002-07-02,0.0,0.9935,0.1551,2.0343,0.7957
2002-07-03,1.7753,0.0,0.7039,1.9282,1.1018
2002-07-04,0.4807,1.9575,0.2816,0.8845,0.9011
2002-07-05,1.1448,0.6351,3.3799,2.0749,1.8087
2002-07-06,0.0,0.9792,0.4223,0.0,0.3504
2002-07-07,4.0037,0.5609,2.1121,4.2568,2.7334
2002-07-08,0.0,0.0,0.9079,0.1306,0.2596
2002-07-09,4.4468,2.3501,2.5769,1.7696,2.7858
2002-07-10,8.358,6.872,1.0983,5.604,5.4831
2002-07-11,1.7055,3.9695,2.5146,8.1154,4.0762
2002-07-12,0.2523,2.0262,2.651,5.7439,2.6683
2002-07-13,0.0,0.0,0.8519,0.9097,0.4404
2002-07-14,0.2284,0.0,0.6968,1.7731,0.6746
2002-07-15,3.4267,17.9095,3.7818,2.662,6.945
2002-07-16,3.1816,5.8807,6.2056,1.2589,4.1317
2002-07-17,2.167,4.9471,3.3398,2.8751,3.3322
2002-07-18,1.0477,2.11,7.5626,50.5852,15.3264
2002-07-19,12.4267,67.2496,14.3496,36.2448,32.5677
2002-07-20,1.3092,20.7794,9.8564,42.3037,18.5622
2002-07-21,2.7796,9.0934,7.6122,10.7941,7.5698
2002-07-22,16.5086,46.693,8.0291,17.4781,22.1772
2002-07-23,15.2494,27.4525,17.83,28.5,22.258
2002-07-24,3.5219,3.3151,10.7768,16.8078,8.6054
2002-07-25,15.5044,45.3103,19.2311,10.8215,22.7168
2002-07-26,1.8376,14.7111,2.247,3.1769,5.4931
2002-07-27,0.6339,104.0468,1.5776,4.6994,27.7394
2002-07-28,0.3193,32.161,2.3932,3.0041,9.4694
2002-07-29,0.6284,19.6037,1.3796,0.8977,5.6273
2002-07-30,0.0,13.0044,0.2323,0.2181,3.3637
2002-07-31,0.1523,0.9792,0.0,0.0,0.2829
2002-08-01,0.0,0.2949,2.5773,8.1709,2.7608
2002-08-02,4.0891,0.0,3.6534,3.8763,2.9047
2002-08-03,0.0,0.0,1.1427,9.3094,2.613
2002-08-04,27.814,53.6379,23.3687,18.8113,30.908
2002-08-05,129.5706,62.3838,96.277,105.1682,98.3499
2002-08-06,27.1764,16.6532,27.1699,37.1296,27.0323
2002-08-07,98.6571,187.4157,171.3321,121.1761,144.6453
2002-08-08,65.9275,115.4059,116.3703,280.544,144.5619
2002-08-09,11.0112,48.7629,22.9667,57.4289,35.0424
2002-08-10,86.6836,88.2301,78.0796,88.7272,85.4301
2002-08-11,24.6215,32.2215,20.6781,46.8297,31.0877
2002-08-12,15.8925,44.7894,23.5515,44.835,32.2671
2002-08-13,7.6322,11.9362,6.5765,17.3792,10.881
2002-08-14,1.5523,1.9947,3.0553,11.2675,4.4674
2002-08-15,3.6138,5.3053,2.7257,2.1539,3.4497
2002-08-16,2.1816,11.3939,4.5491,7.3809,6.3764
2002-08-17,18.1821,11.3891,4.38,3.2902,9.3103
2002-08-18,13.881,19.1162,6.1606,8.5106,11.9171
2002-08-19,3.4037,16.7188,1.5705,1.4619,5.7887
2002-08-20,0.0,1.9716,0.5704,2.022,1.141
2002-08-21,0.0,0.1417,0.8446,2.0094,0.7489
2002-08-22,0.1523,3.4628,0.1269,2.7504,1.6231
2002-08-23,0.9284,8.2865,1.0633,0.9065,2.7962
2002-08-24,0.9063,5.93,3.5844,7.5436,4.4911
2002-08-25,22.7179,48.2177,35.704,35.1618,35.4504
2002-08-26,3.2586,9.9408,9.8273,30.2266,13.3133
2002-08-27,8.0488,5.1089,1.7326,4.7693,4.9149
2002-08-28,5.0696,1.976,8.0206,3.0167,4.5207
2002-08-29,3.7414,4.32,1.6345,2.9462,3.1605
2002-08-30,17.0571,19.3738,23.1916,9.0631,17.1714
2002-08-31,16.4179,15.9647,24.9689,9.5272,16.7197
2002-09-01,20.8416,68.2129,12.943,40.7707,35.6921
2002-09-02,10.5965,20.7336,3.5074,29.6564,16.1235
2002-09-03,0.9477,6.0767,3.6515,54.2845,16.2401
2002-09-04,8.4871,47.6852,14.1062,83.3907,38.4173
2002-09-05,5.177,19.2626,15.3504,76.8512,29.1603
2002-09-06,0.0,1.022,1.7116,18.7242,5.3644
2002-09-07,2.6606,0.0,0.4224,0.0,0.7708
2002-09-08,0.3046,0.0,0.0,0.0,0.0761
2002-09-09,0.0,0.96,0.0,0.0,0.24
2002-09-10,2.7414,0.0,0.0,0.0,0.6854
2002-09-11,0.0,0.96,0.0,0.0,0.24
2002-09-12,0.0,0.0,0.0,0.0,0.0
2002-09-13,0.0,0.0,0.0,0.0,0.0
2002-09-14,0.0,0.0,0.0,0.0,0.0
2002-09-15,0.0,0.0,0.0,0.0,0.0
2002-09-16,0.0,0.0,0.0,0.0,0.0
2002-09-17,2.2181,0.0,6.5485,0.0,2.1917
2002-09-18,16.6963,11.9818,17.0726,19.5467,16.3244
2002-09-19,4.5689,0.0,2.1562,1.9617,2.1717
2002-09-20,0.167,0.0,0.4929,0.0,0.165
2002-09-21,2.8937,0.0,0.0,0.0,0.7234
2002-09-22,2.9917,0.0,3.6615,0.0,1.6633
2002-09-23,40.7713,0.0,34.7985,2.7428,19.5781
2002-09-24,3.9267,8.8924,0.3521,0.0,3.2928
2002-09-25,0.2761,0.0,0.1408,0.0,0.1042
2002-09-26,0.0,0.0,0.0,0.0,0.0
2002-09-27,0.0,0.0,0.0,0.0,0.0
2002-09-28,0.0,0.0,0.0,0.0,0.0
2002-09-29,0.0,61.4509,2.2872,40.359,26.0243
2002-09-30,0.0,1.2302,0.0,0.0,0.3075
2002-10-01,0.0,0.0,0.0,0.0,0.0
2002-10-02,0.0,0.0,0.0,0.0,0.0
2002-10-03,0.0,0.0,0.0,0.0,0.0
2002-10-04,0.0,0.0,0.0,0.0,0.0
2002-10-05,0.0,0.0,0.0,0.0,0.0
2002-10-06,0.0,0.0,0.0,0.0,0.0
2002-10-07,0.0,0.0,0.0,0.0,0.0
2002-10-08,0.0,0.0,0.0,0.0,0.0
2002-10-09,0.0,0.0,0.0,0.0,0.0
2002-10-10,0.0,0.0,0.0,0.0,0.0
2002-10-11,0.0,0.0,0.0,0.0,0.0
2002-10-12,0.0,0.0,0.0,0.0,0.0
2002-10-13,0.0,0.0,0.0,0.0,0.0
2002-10-14,0.0,3.8399,0.0,0.0,0.96
2002-10-15,0.0,0.0,0.0,0.0,0.0
2002-10-16,0.0,0.0,0.0,0.0,0.0
2002-10-17,0.0,0.0,0.0,0.0,0.0
2002-10-18,0.0,0.0,0.0,0.0,0.0
2002-10-19,0.0,0.0,0.0,0.0,0.0
2002-10-20,0.0,0.0,0.0,0.0,0.0
2002-10-21,0.0,0.0,0.0,0.0,0.0
2002-10-22,0.533,0.0,0.0,0.0,0.1333
2002-10-23,0.0,0.0,0.0,0.0,0.0
2002-10-24,0.0,0.0,0.0,0.0,0.0
2002-10-25,0.0,0.0,0.0,0.0,0.0
2002-10-26,0.0,0.0,0.0,0.0,0.0
2002-10-27,0.0,0.0,0.0,0.0,0.0
2002-10-28,0.0,0.0,0.0,0.0,0.0
2002-10-29,0.0,0.0,0.0,0.0,0.0
2002-10-30,0.0,0.0,0.0,0.0,0.0
2002-10-31,0.0,0.0,0.0,0.0,0.0
2002-11-01,0.0,0.0,0.0,0.0,0.0
2002-11-02,0.0,0.0,0.0,0.0,0.0
2002-11-03,0.0,0.0,0.0,0.0,0.0
2002-11-04,0.0,0.0,0.0,0.0,0.0
2002-11-05,0.0,0.0,0.0,0.0,0.0
2002-11-06,0.0,0.0,0.0,0.0,0.0
2002-11-07,0.0,0.0,0.0,0.0,0.0
2002-11-08,0.0,0.0,0.0,0.0,0.0
2002-11-09,0.0,0.0,0.0,0.0,0.0
2002-11-10,0.0,0.0,0.0,0.0,0.0
2002-11-11,0.0,0.0,0.0,0.0,0.0
2002-11-12,0.0,0.0,0.0,0.0,0.0
2002-11-13,0.0,0.0,0.0,0.0,0.0
2002-11-14,0.0,0.0,0.0,0.0,0.0
2002-11-15,0.0,0.0,0.0,0.0,0.0
2002-11-16,0.0,0.0,0.0,0.0,0.0
2002-11-17,0.0,0.0,0.0,0.0,0.0
2002-11-18,0.0,0.0,0.0,0.0,0.0
2002-11-19,0.0,0.0,0.0,0.0,0.0
2002-11-20,0.0,0.0,0.0,0.0,0.0
2002-11-21,0.0,0.0,0.0,0.0,0.0
2002-11-22,0.0,0.0,0.0,0.0,0.0
2002-11-23,0.0,0.0,0.0,0.0,0.0
2002-11-24,0.0,0.0,0.0,0.0,0.0
2002-11-25,0.0,0.0,0.0,0.0,0.0
2002-11-26,0.0,0.0,0.0,0.0,0.0
2002-11-27,0.0,0.0,0.0,0.0,0.0
2002-11-28,0.0,0.0,0.0,0.0,0.0
2002-11-29,0.0,0.0,0.0,0.0,0.0
2002-11-30,0.0,0.0,0.0,0.0,0.0
2002-12-01,0.0,0.0,0.0,0.0,0.0
2002-12-02,0.0,0.0,0.0,0.0,0.0
2002-12-03,0.0,0.0,0.0,0.0,0.0
2002-12-04,0.0,0.0,0.0,0.0,0.0
2002-12-05,0.0,0.0,0.0,0.0,0.0
2002-12-06,0.0,0.0,0.0,0.0,0.0
2002-12-07,0.0,0.0,0.0,0.0,0.0
2002-12-08,0.0,0.0,0.0,0.0,0.0
2002-12-09,0.0,0.0,0.0,0.0,0.0
2002-12-10,0.0,0.0,0.0,0.0,0.0
2002-12-11,0.0,0.0,0.0,0.0,0.0
2002-12-12,0.0,0.0,0.0,0.0,0.0
2002-12-13,0.0,0.0,0.0,0.0,0.0
2002-12-14,0.0,0.0,0.0,0.0,0.0
2002-12-15,0.0,0.0,0.0,0.0,0.0
2002-12-16,0.0,0.0,0.0,0.0,0.0
2002-12-17,0.0,0.0,0.0,0.0,0.0
2002-12-18,0.0,0.0,0.0,0.0,0.0
2002-12-19,0.0,0.0,0.0,0.0,0.0
2002-12-20,0.0,0.0,0.0,0.0,0.0
2002-12-21,0.0,0.0,0.0,0.0,0.0
2002-12-22,0.0,0.0,0.0,0.0,0.0
2002-12-23,0.0,0.0,0.0,0.0,0.0
2002-12-24,0.0,0.0,0.0,0.0,0.0
2002-12-25,0.0,0.0,0.0,0.0,0.0
2002-12-26,0.0,0.0,0.0,0.0,0.0
2002-12-27,0.0,0.0,0.0,0.0,0.0
2002-12-28,0.0,0.0,0.0,0.0,0.0
2002-12-29,0.0,0.0,0.0,0.0,0.0
2002-12-30,0.0,0.0,0.0,0.0,0.0
2002-12-31,0.3523,0.0,0.1408,0.0,0.1233
2003-01-01,0.0,0.0,0.0,0.0,0.0
2003-01-02,0.0,0.0,0.0,0.0,0.0
2003-01-03,0.0,0.0,0.0,0.0,0.0
2003-01-04,0.0,0.0,0.0,0.0,0.0
2003-01-05,0.0,0.0,0.0,0.0,0.0
2003-01-06,0.0,0.0,0.0,0.0,0.0
2003-01-07,0.0,0.0,0.0,0.0,0.0
2003-01-08,0.0,0.0,0.0,0.0,0.0
2003-01-09,0.0,0.0,0.0,0.0,0.0
2003-01-10,0.0,0.0,0.0,0.0,0.0
2003-01-11,0.0,0.0,0.0,0.0,0.0
2003-01-12,0.0,0.0,0.0,0.0,0.0
2003-01-13,0.0,0.0,0.0,0.0,0.0
2003-01-14,0.0,0.0,0.0,0.0,0.0
2003-01-15,0.0,0.0,0.0,0.0,0.0
2003-01-16,0.0,0.0,0.0,0.0,0.0
2003-01-17,0.0,0.0,0.0,0.0,0.0
2003-01-18,0.0,0.0,0.0,0.0,0.0
2003-01-19,0.0,0.0,0.0,0.0,0.0
2003-01-20,0.0,0.0,0.0,0.0,0.0
2003-01-21,0.0,0.0,0.0,0.0,0.0
2003-01-22,0.0,0.0,0.0,0.0,0.0
2003-01-23,0.0,0.0,0.0,0.0,0.0
2003-01-24,0.0,0.0,0.0,0.0,0.0
2003-01-25,0.0,0.0,0.0,0.0,0.0
2003-01-26,0.0,0.0,0.0,0.0,0.0
2003-01-27,0.0,0.0,0.0,0.0,0.0
2003-01-28,0.0,0.0,0.0,0.0,0.0
2003-01-29,0.0,0.0,0.0,0.0,0.0
2003-01-30,0.0,0.0,0.0,0.0,0.0
2003-01-31,0.0,0.0,0.0,0.0,0.0
2003-02-01,0.0,0.0,0.0,0.0,0.0
2003-02-02,0.0,0.0,0.0,0.0,0.0
2003-02-03,0.0,0.0,0.0,0.0,0.0
2003-02-04,0.0,0.0,0.0,0.0,0.0
2003-02-05,0.0,0.0,0.0,0.0,0.0
2003-02-06,0.0,0.0,0.0,0.0,0.0
2003-02-07,0.0,0.0,0.0,0.0,0.0
2003-02-08,0.0,0.0,0.0,0.0,0.0
2003-02-09,0.0,0.0,0.0,0.0,0.0
2003-02-10,0.0,0.0,0.0,0.0,0.0
2003-02-11,0.0,0.0,0.0,0.0,0.0
2003-02-12,0.0,0.0,0.0,0.0,0.0
2003-02-13,0.0,0.0,0.0,0.0,0.0
2003-02-14,0.0,0.0,0.0,0.0,0.0
2003-02-15,0.0,0.0,0.0,0.0,0.0
2003-02-16,0.0,0.0,0.0,0.0,0.0
2003-02-17,0.0,0.0,0.0,0.0,0.0
2003-02-18,0.0,0.0,0.0,0.0,0.0
2003-02-19,1.954,0.0,3.5207,0.0,1.3687
2003-02-20,0.0,0.0,0.0,0.0,0.0
2003-02-21,0.0,0.0,0.0,0.0,0.0
2003-02-22,0.0,0.0,0.0,0.0,0.0
2003-02-23,0.0,0.0,0.0,0.0,0.0
2003-02-24,0.0,0.0,0.0,0.0,0.0
2003-02-25,0.0,0.0,0.0,0.0,0.0
2003-02-26,0.0,0.0,0.0,0.0,0.0
2003-02-27,0.0,0.0,0.0,0.0,0.0
2003-02-28,0.0,0.0,0.0,0.0,0.0
2003-03-01,0.0,0.0,0.0,0.0,0.0
2003-03-02,0.0,0.0,0.0,0.0,0.0
2003-03-03,0.0,0.0,0.0,0.0,0.0
2003-03-04,0.0,0.0,0.0,0.0,0.0
2003-03-05,0.0,0.0,0.0,0.0,0.0
2003-03-06,0.0,0.0,0.0,0.0,0.0
2003-03-07,0.0,0.0,0.0,0.0,0.0
2003-03-08,0.0,0.0,0.0,0.0,0.0
2003-03-09,0.0,0.0,0.0,0.0,0.0
2003-03-10,0.0,0.0,0.0,0.0,0.0
2003-03-11,0.0,0.0,0.0,0.0,0.0
2003-03-12,0.0,0.0,0.0,0.0,0.0
2003-03-13,0.0,0.0,0.0,0.0,0.0
2003-03-14,0.0,0.0,0.0,0.0,0.0
2003-03-15,0.0,0.0,0.0,0.0,0.0
2003-03-16,0.0,0.0,0.0,0.0,0.0
2003-03-17,0.0,0.0,0.0,0.0,0.0
2003-03-18,0.0,0.0,0.0,0.0,0.0
2003-03-19,0.0,0.0,0.0,0.0,0.0
2003-03-20,0.0,0.0,0.0,0.0,0.0
2003-03-21,0.0,0.0,0.0,0.0,0.0
2003-03-22,0.0,0.0,0.0,0.0,0.0
2003-03-23,0.0,0.0,0.0,0.0,0.0
2003-03-24,0.0,0.0,0.0,0.0,0.0
2003-03-25,0.0,0.0,0.0,0.0,0.0
2003-03-26,0.0,0.0,0.0,0.0,0.0
2003-03-27,0.0,0.0,0.0,0.0,0.0
2003-03-28,0.0,0.0,0.0,0.0,0.0
2003-03-29,0.0,0.0,0.0,0.0,0.0
2003-03-30,0.0,0.0,0.0,0.0,0.0
2003-03-31,0.0,0.0,0.0,0.0,0.0
2003-04-01,0.0,0.0,0.0,0.0,0.0
2003-04-02,0.0,0.0,0.0,0.0,0.0
2003-04-03,0.0,0.0,0.0,0.0,0.0
2003-04-04,0.0,0.0,0.0,0.0,0.0
2003-04-05,0.0,0.0,0.0,0.0,0.0
2003-04-06,0.0,0.0,0.0,0.0,0.0
2003-04-07,0.0,0.0,0.0,0.0,0.0
2003-04-08,0.0,0.0,0.0,0.0,0.0
2003-04-09,0.0,0.0,0.0,0.0,0.0
2003-04-10,0.0,0.0,0.0,0.0,0.0
2003-04-11,0.0,0.0,0.0,0.0,0.0
2003-04-12,0.0,0.0,0.0,0.0,0.0
2003-04-13,0.0,0.0,0.0,0.0,0.0
2003-04-14,0.0,0.0,0.0,0.0,0.0
2003-04-15,0.0,0.0,0.0,0.0,0.0
2003-04-16,0.0,0.0,0.0,0.0,0.0
2003-04-17,0.0,0.0,0.0,0.0,0.0
2003-04-18,0.0,0.0,0.0,0.0,0.0
2003-04-19,0.0,0.0,0.0,0.0,0.0
2003-04-20,0.0,0.0,0.0,0.0,0.0
2003-04-21,0.0,0.0,0.0,0.0,0.0
2003-04-22,0.0,0.0,0.0,0.0,0.0
2003-04-23,0.0,0.0,0.0,0.0,0.0
2003-04-24,0.0,0.0,0.0,0.0,0.0
2003-04-25,0.0,0.0,0.0,0.0,0.0
2003-04-26,0.0,0.0,0.0,0.0,0.0
2003-04-27,0.0,0.0,0.0,0.0,0.0
2003-04-28,0.0,0.0,0.0,0.0,0.0
2003-04-29,0.0,0.0,0.0,0.0,0.0
2003-04-30,0.0,0.0,0.0,0.0,0.0
2003-05-01,0.0,0.0,0.0,0.0,0.0
2003-05-02,0.0,0.0,0.0,0.0,0.0
2003-05-03,0.0,0.0,0.0,0.0,0.0
2003-05-04,0.0,0.0,0.0,0.0,0.0
2003-05-05,0.0,0.0,0.0,0.0,0.0
2003-05-06,0.0,0.0,0.0,0.0,0.0
2003-05-07,0.0,0.0,0.0,0.0,0.0
2003-05-08,0.0,0.0,0.0,0.0,0.0
2003-05-09,0.0,0.0,0.0,0.0,0.0
2003-05-10,0.0,0.0,0.0,0.0,0.0
2003-05-11,0.0,0.0,0.0,0.0,0.0
2003-05-12,0.0,0.0,0.0,0.0,0.0
2003-05-13,0.0,0.0,0.0,0.0,0.0
2003-05-14,0.0,0.0,0.0,0.0,0.0
2003-05-15,0.0,0.0,0.0,0.0,0.0
2003-05-16,0.0,0.0,0.0,0.0,0.0
2003-05-17,0.0,0.0,0.0,0.0,0.0
2003-05-18,0.0,0.0,0.0,0.0,0.0
2003-05-19,0.0,4.0086,0.0,0.0,1.0022
2003-05-20,0.0,0.0,0.0,0.0,0.0
2003-05-21,0.0,0.0,0.0,0.0,0.0
2003-05-22,0.0,0.0,0.0,0.0,0.0
2003-05-23,0.0,0.0,0.0,0.0,0.0
2003-05-24,0.0,0.0,0.0,0.0,0.0
2003-05-25,0.0,88.4221,0.0,0.0,22.1055
2003-05-26,0.0,0.0,0.0,0.0,0.0
2003-05-27,0.0,0.0,0.0,0.0,0.0
2003-05-28,0.0,0.0,0.0,0.0,0.0
2003-05-29,0.0,0.0,0.0,0.0,0.0
2003-05-30,0.0,0.0,0.0,0.0,0.0
2003-05-31,0.0,0.0,0.0,0.0,0.0
2003-06-01,0.0,0.0,9.9959,132.5545,35.6376
2003-06-02,0.0,0.0,0.0,0.0,0.0
2003-06-03,0.0,0.0,0.0,0.0,0.0
2003-06-04,0.0,0.0,0.0,0.0,0.0
2003-06-05,0.0,0.0,0.0,0.0,0.0
2003-06-06,0.0,4.2673,0.0,0.0,1.0668
2003-06-07,0.0,83.7725,0.0,0.0,20.9431
2003-06-08,0.0,89.0986,0.0,0.0,22.2747
2003-06-09,0.0,0.0,0.0,0.0,0.0
2003-06-10,1.9799,0.0,0.0,0.0,0.495
2003-06-11,50.7397,4.9966,7.0625,0.1564,15.7388
2003-06-12,9.9287,6.966,4.5763,9.2849,7.689
2003-06-13,21.361,9.0317,28.3067,11.982,17.6703
2003-06-14,15.554,4.1739,17.2994,0.0,9.2568
2003-06-15,6.4204,57.7807,2.3931,0.1713,16.6914
2003-06-16,19.4251,52.5864,36.9027,38.2511,36.7913
2003-06-17,11.1521,7.8774,18.7228,11.0202,12.1931
2003-06-18,59.236,34.0362,19.0768,33.7266,36.5189
2003-06-19,137.4918,194.8802,101.8476,91.5464,131.4415
2003-06-20,108.8462,126.3098,144.6769,79.1808,114.7534
2003-06-21,11.0072,32.3253,29.7291,104.9016,44.4908
2003-06-22,1.1138,2.0732,1.0289,5.401,2.4042
2003-06-23,2.0273,8.1591,10.7182,22.8608,10.9413
2003-06-24,0.0,1.3775,0.592,0.176,0.5364
2003-06-25,6.9512,88.5177,20.262,29.7467,36.3694
2003-06-26,34.1112,37.7153,27.4333,30.4428,32.4256
2003-06-27,9.1342,5.3774,3.9599,5.8115,6.0707
2003-06-28,132.1779,98.7952,122.6873,102.4461,114.0266
2003-06-29,38.1118,39.8282,89.2578,56.4838,55.9204
2003-06-30,27.6686,56.3531,87.649,138.8331,77.626
2003-07-01,6.7357,4.159,19.1647,51.7848,20.4611
2003-07-02,1.1422,1.175,0.8878,0.0,0.8013
2003-07-03,0.0,0.0,0.0,0.1855,0.0464
2003-07-04,28.0604,30.7253,28.5056,15.5682,25.7149
2003-07-05,74.4454,29.2801,25.4761,8.6583,34.465
2003-07-06,15.6201,4.2673,15.3497,0.9755,9.0531
2003-07-07,91.5138,84.001,85.2184,75.8139,84.1368
2003-07-08,73.8641,89.3655,76.7821,55.2412,73.8132
2003-07-09,29.3085,32.4487,53.9712,41.596,39.3311
2003-07-10,0.1908,5.0376,3.311,13.773,5.5781
2003-07-11,11.9652,23.216,14.025,10.7199,14.9815
2003-07-12,28.3888,23.4584,36.2676,38.1553,31.5675
2003-07-13,22.8364,2.0369,2.9007,2.7979,7.643
2003-07-14,50.6911,17.4004,33.5314,4.5786,26.5504
2003-07-15,118.807,173.3659,178.3313,103.7182,143.5556
2003-07-16,19.6175,21.8458,22.8196,45.7409,27.506
2003-07-17,53.8181,62.4162,64.3522,94.7399,68.8316
2003-07-18,14.5168,21.6788,34.0614,9.4108,19.9169
2003-07-19,2.0273,3.3348,6.4075,1.8665,3.409
2003-07-20,0.5807,0.0,1.0701,1.9298,0.8952
2003-07-21,10.7563,6.9309,0.662,0.0,4.5873
2003-07-22,11.2773,16.8317,4.6909,12.0233,11.2058
2003-07-23,1.3586,2.1197,5.8448,9.5011,4.706
2003-07-24,7.9851,39.9968,16.8588,29.953,23.6984
2003-07-25,4.9586,24.9472,9.4815,34.042,18.3573
2003-07-26,9.4376,13.9583,10.5817,26.5268,15.1261
2003-07-27,12.8735,15.3953,11.8892,27.3761,16.8835
2003-07-28,74.7119,308.8241,107.3499,110.0701,150.239
2003-07-29,11.8552,38.7832,18.3871,25.4278,23.6133
2003-07-30,2.7101,9.2213,3.788,7.085,5.7011
2003-07-31,2.1704,2.3501,8.3512,1.8584,3.6825
2003-08-01,0.1908,0.0,4.3976,25.6134,7.5504
2003-08-02,5.5173,15.9992,12.9024,23.933,14.588
2003-08-03,10.8037,44.375,15.1882,64.0203,33.5968
2003-08-04,14.8433,24.6763,10.4038,54.5653,26.1222
2003-08-05,3.654,28.5789,10.6779,19.9726,15.7209
2003-08-06,3.5925,14.8087,11.9355,18.2485,12.1463
2003-08-07,62.7709,89.9552,64.0525,112.4344,82.3032
2003-08-08,50.3056,19.5614,65.3423,35.1522,42.5904
2003-08-09,12.6857,3.1408,27.5832,63.5256,26.7338
2003-08-10,21.2287,4.3162,10.3789,10.7673,11.6728
2003-08-11,7.2952,1.0569,16.647,15.2294,10.0571
2003-08-12,4.1044,1.8211,13.5965,14.1041,8.4065
2003-08-13,7.0853,3.8443,11.0104,13.8448,8.9462
2003-08-14,3.0624,15.8819,4.9866,8.7205,8.1628
2003-08-15,6.0963,12.8758,8.0847,4.249,7.8265
2003-08-16,0.4239,6.0884,2.1931,12.6462,5.3379
2003-08-17,3.6037,3.1608,1.9152,6.5057,3.7964
2003-08-18,0.3239,15.1221,1.4008,1.0346,4.4703
2003-08-19,6.1267,2.0238,4.6057,2.0564,3.7031
2003-08-20,8.3313,11.9104,7.6355,24.7636,13.1602
2003-08-21,3.1037,5.3883,2.3235,4.9707,3.9466
2003-08-22,0.0,5.8868,5.0832,2.8179,3.447
2003-08-23,1.467,70.6856,7.136,27.6307,26.7298
2003-08-24,31.6651,61.9581,51.1351,28.3138,43.268
2003-08-25,3.7468,15.3434,4.008,10.8955,8.4984
2003-08-26,1.2853,3.4174,2.2824,5.9399,3.2313
2003-08-27,3.7908,0.1331,5.4231,6.9786,4.0814
2003-08-28,9.1442,10.8287,3.3941,9.9697,8.3342
2003-08-29,17.1768,6.8207,24.972,6.8567,13.9566
2003-08-30,25.0538,16.8215,30.5339,27.2363,24.9114
2003-08-31,11.1868,6.4061,20.9723,26.6918,16.3143
2003-09-01,2.6678,0.0,5.241,7.3762,3.8213
2003-09-02,0.733,0.9858,2.1681,23.9599,6.9617
2003-09-03,3.8676,0.3304,11.2526,4.5984,5.0122
2003-09-04,8.9212,30.0983,5.4505,7.0677,12.8844
2003-09-05,9.8764,9.967,2.2183,4.8643,6.7315
2003-09-06,0.2862,7.0569,1.6908,3.7384,3.1931
2003-09-07,3.2678,0.9858,7.1858,2.2639,3.4258
2003-09-08,2.2147,0.4494,4.5776,12.6364,4.9695
2003-09-09,0.0,2.4203,0.4829,12.6556,3.8897
2003-09-10,1.6219,0.9897,4.7881,0.0,1.8499
2003-09-11,42.6663,45.4699,30.2071,22.841,35.2961
2003-09-12,10.1994,6.2265,4.903,24.3708,11.4249
2003-09-13,11.0764,10.1412,4.53,28.8753,13.6557
2003-09-14,0.0,5.4544,0.3664,0.0,1.4552
2003-09-15,6.2212,3.4516,1.6897,0.8908,3.0633
2003-09-16,1.9319,20.3872,5.7035,0.0,7.0056
2003-09-17,2.7414,0.0,0.0,0.0,0.6854
2003-09-18,0.3046,0.0,0.0,0.0,0.0761
2003-09-19,1.9799,0.9389,0.2111,0.8845,1.0036
2003-09-20,0.0,3.9367,0.5214,6.2083,2.6666
2003-09-21,7.6253,17.6683,15.6322,2.0923,10.7545
2003-09-22,13.6641,2.5736,16.0541,3.6623,8.9885
2003-09-23,10.0311,2.6252,12.6921,7.4228,8.1928
2003-09-24,3.2687,25.7512,16.367,37.9444,20.8328
2003-09-25,12.8761,3.3981,16.4093,9.5551,10.5597
2003-09-26,78.9842,3.3339,67.416,17.696,41.8575
2003-09-27,0.9486,22.8009,4.6479,13.7063,10.5259
2003-09-28,39.5727,14.3828,38.774,62.157,38.7216
2003-09-29,1.454,0.1958,3.5909,6.1756,2.8541
2003-09-30,0.4569,0.6365,0.0,1.7627,0.714
2003-10-01,0.0,0.7834,0.0,0.0,0.1958
2003-10-02,0.0,0.0,0.1779,2.7427,0.7302
2003-10-03,6.3127,0.1769,11.1689,12.6463,7.5762
2003-10-04,0.0,0.0,0.0,0.0,0.0
2003-10-05,0.0,0.0,0.0,0.0,0.0
2003-10-06,0.0,0.0,0.0,0.0,0.0
2003-10-07,0.0,0.0,0.0,0.1736,0.0434
2003-10-08,0.0,0.0,0.1779,2.7427,0.7302
2003-10-09,0.0,0.0,0.0,8.2605,2.0651
2003-10-10,0.0,2.1542,0.0,0.0,0.5385
2003-10-11,0.0,0.0,0.0,0.0,0.0
2003-10-12,0.0,0.0,0.0,0.0,0.0
2003-10-13,0.0,0.0,0.0,0.0,0.0
2003-10-14,0.0,0.0,0.0,0.0,0.0
2003-10-15,0.0,0.0,0.0,0.0,0.0
2003-10-16,0.0,0.0,0.0,0.0,0.0
2003-10-17,0.0,0.0,0.0,0.0,0.0
2003-10-18,0.0,0.0,0.0,0.0,0.0
2003-10-19,0.0,0.0,0.0,0.0,0.0
2003-10-20,0.0,0.0,0.0,0.0,0.0
2003-10-21,0.0,0.0,0.0,0.0,0.0
2003-10-22,0.0,0.0,0.0,0.0,0.0
2003-10-23,0.0,0.0,0.0,0.0,0.0
2003-10-24,0.0,0.0,0.0,0.0,0.0
2003-10-25,0.0,0.0,0.0,0.0,0.0
2003-10-26,0.0,0.0,0.0,0.0,0.0
2003-10-27,0.0,0.0,0.0,0.0,0.0
2003-10-28,0.0,0.0,0.0,0.0,0.0
2003-10-29,0.0,0.0,0.0,0.0,0.0
2003-10-30,0.0,0.0,0.0,0.0,0.0
2003-10-31,0.0,0.0,0.0,0.0,0.0
2003-11-01,0.0,0.0,0.0,0.0,0.0
2003-11-02,0.0,0.0,0.0,0.0,0.0
2003-11-03,0.0,0.0,0.0,0.0,0.0
2003-11-04,0.0,0.0,0.0,0.0,0.0
2003-11-05,0.0,0.0,0.0,0.0,0.0
2003-11-06,0.0,0.0,0.0,0.0,0.0
2003-11-07,0.0,0.0,0.0,0.0,0.0
2003-11-08,0.0,0.0,0.0,0.0,0.0
2003-11-09,0.0,0.0,0.0,0.0,0.0
2003-11-10,0.0,0.0,0.0,0.0,0.0
2003-11-11,0.0,0.0,0.0,0.0,0.0
2003-11-12,0.0,0.0,0.0,0.0,0.0
2003-11-13,0.0,0.0,0.0,0.0,0.0
2003-11-14,0.0,0.0,0.0,0.0,0.0
2003-11-15,0.0,0.0,0.0,0.0,0.0
2003-11-16,0.0,0.0,0.0,0.0,0.0
2003-11-17,0.0,0.0,0.0,0.0,0.0
2003-11-18,0.0,0.0,0.0,0.0,0.0
2003-11-19,0.0,0.0,0.0,0.0,0.0
2003-11-20,0.0,0.0,0.0,0.0,0.0
2003-11-21,0.0,0.0,0.0,0.0,0.0
2003-11-22,0.0,0.0,0.0,0.0,0.0
2003-11-23,0.0,0.0,0.0,0.0,0.0
2003-11-24,0.0,0.0,0.0,0.0,0.0
2003-11-25,0.0,0.0,0.0,0.0,0.0
2003-11-26,0.0,0.0,0.0,0.0,0.0
2003-11-27,0.0,0.0,0.0,0.0,0.0
2003-11-28,0.0,0.0,0.0,0.0,0.0
2003-11-29,0.0,0.0,0.0,0.0,0.0
2003-11-30,0.0,0.0,0.0,0.0,0.0
2003-12-01,0.0,0.0,0.0,0.0,0.0
2003-12-02,0.0,0.0,0.0,0.0,0.0
2003-12-03,0.0,0.0,0.0,0.0,0.0
2003-12-04,0.0,0.0,0.0,0.0,0.0
2003-12-05,0.0,0.0,0.0,0.0,0.0
2003-12-06,0.0,0.0,0.0,0.0,0.0
2003-12-07,0.0,0.0,0.0,0.0,0.0
2003-12-08,0.0,0.0,0.0,0.0,0.0
2003-12-09,0.0,0.0,0.0,0.0,0.0
2003-12-10,0.0,0.0,0.0,0.0,0.0
2003-12-11,0.0,0.0,0.0,0.0,0.0
2003-12-12,0.0,0.0,0.0,0.0,0.0
2003-12-13,0.0,0.0,0.0,0.0,0.0
2003-12-14,0.0,0.0,0.0,0.0,0.0
2003-12-15,0.0,0.0,0.0,0.0,0.0
2003-12-16,0.0,0.0,0.0,0.0,0.0
2003-12-17,0.0,0.0,0.0,0.0,0.0
2003-12-18,0.0,0.0,0.0,0.0,0.0
2003-12-19,0.0,0.0,0.0,0.0,0.0
2003-12-20,0.0,0.0,0.0,0.0,0.0
2003-12-21,0.0,0.0,0.0,0.0,0.0
2003-12-22,0.0,0.0,0.0,0.0,0.0
2003-12-23,0.0,0.0,0.0,0.0,0.0
2003-12-24,0.0,0.0,0.0,0.0,0.0
2003-12-25,0.0,0.0,0.0,0.0,0.0
2003-12-26,0.0,0.0,0.0,0.0,0.0
2003-12-27,0.0,0.0,0.0,0.0,0.0
2003-12-28,0.0,0.0,0.0,0.0,0.0
2003-12-29,0.0,0.0,0.0,0.0,0.0
2003-12-30,0.0,0.0,0.0,0.0,0.0
2003-12-31,0.0,0.0,0.0,0.0,0.0
2004-01-01,0.0,0.0,0.0,0.0,0.0
2004-01-02,0.0,0.0,0.0,0.0,0.0
2004-01-03,0.0,0.0,0.0,0.0,0.0
2004-01-04,0.0,0.0,0.0,0.0,0.0
2004-01-05,0.0,0.0,0.0,0.0,0.0
2004-01-06,0.0,0.0,0.0,0.0,0.0
2004-01-07,0.0,0.0,0.0,0.0,0.0
2004-01-08,0.0,0.0,0.0,0.0,0.0
2004-01-09,0.0,0.0,0.0,0.0,0.0
2004-01-10,0.0,0.0,0.0,0.0,0.0
2004-01-11,0.0,0.0,0.0,0.0,0.0
2004-01-12,0.0,0.0,0.0,0.0,0.0
2004-01-13,0.0,0.0,0.0,0.0,0.0
2004-01-14,0.0,0.0,0.0,0.0,0.0
2004-01-15,0.0,0.0,0.0,0.0,0.0
2004-01-16,0.0,0.0,0.0,0.0,0.0
2004-01-17,0.0,0.0,0.0,0.0,0.0
2004-01-18,0.0,0.0,0.0,0.0,0.0
2004-01-19,0.0,0.0,0.0,0.0,0.0
2004-01-20,0.0,0.0,0.0,0.0,0.0
2004-01-21,0.0,0.0,0.0,0.0,0.0
2004-01-22,0.0,0.0,0.0,0.0,0.0
2004-01-23,0.0,0.0,0.0,0.0,0.0
2004-01-24,0.0,0.0,0.0,0.0,0.0
2004-01-25,0.0,0.0,0.0,0.0,0.0
2004-01-26,0.0,0.0,0.0,0.0,0.0
2004-01-27,0.0,0.0,0.0,0.0,0.0
2004-01-28,0.0,0.0,0.0,0.0,0.0
2004-01-29,0.0,0.0,0.0,0.0,0.0
2004-01-30,0.0,0.0,0.0,0.0,0.0
2004-01-31,0.0,0.0,0.0,0.0,0.0
2004-02-01,0.0,0.0,0.0,0.0,0.0
2004-02-02,0.0,0.0,0.0,0.0,0.0
2004-02-03,0.0,0.0,0.0,0.0,0.0
2004-02-04,0.0,0.0,0.0,0.0,0.0
2004-02-05,0.0,0.0,0.0,0.0,0.0
2004-02-06,0.0,0.0,0.0,0.0,0.0
2004-02-07,0.0,0.0,0.0,0.0,0.0
2004-02-08,0.0,0.0,0.0,0.0,0.0
2004-02-09,0.0,0.0,0.0,0.0,0.0
2004-02-10,0.0,0.0,0.0,0.0,0.0
2004-02-11,0.0,0.0,0.0,0.0,0.0
2004-02-12,0.0,0.0,0.0,0.0,0.0
2004-02-13,0.0,0.0,0.0,0.0,0.0
2004-02-14,0.0,0.0,0.0,0.0,0.0
2004-02-15,0.0,0.0,0.0,0.0,0.0
2004-02-16,0.0,0.0,0.0,0.0,0.0
2004-02-17,0.0,0.0,0.0,0.0,0.0
2004-02-18,0.0,0.0,0.0,0.0,0.0
2004-02-19,0.0,0.0,0.0,0.0,0.0
2004-02-20,0.0,0.0,0.0,0.0,0.0
2004-02-21,0.0,0.0,0.0,0.0,0.0
2004-02-22,0.0,0.0,0.0,0.0,0.0
2004-02-23,0.0,0.0,0.0,0.0,0.0
2004-02-24,0.0,0.0,0.0,0.0,0.0
2004-02-25,0.0,0.0,0.0,0.0,0.0
2004-02-26,0.0,0.0,0.0,0.0,0.0
2004-02-27,0.0,0.0,0.0,0.0,0.0
2004-02-28,0.0,0.0,0.0,0.0,0.0
2004-02-29,0.0,0.0,0.0,0.0,0.0
2004-03-01,0.0,0.0,0.0,0.0,0.0
2004-03-02,0.0,0.0,0.0,0.0,0.0
2004-03-03,0.0,0.0,0.0,0.0,0.0
2004-03-04,0.0,0.0,0.0,0.0,0.0
2004-03-05,0.0,0.0,0.0,0.0,0.0
2004-03-06,0.0,0.0,0.0,0.0,0.0
2004-03-07,0.0,0.0,0.0,0.0,0.0
2004-03-08,0.0,0.0,0.0,0.0,0.0
2004-03-09,0.0,0.0,0.0,0.0,0.0
2004-03-10,0.0,0.0,0.0,0.0,0.0
2004-03-11,0.0,0.0,0.0,0.0,0.0
2004-03-12,0.0,0.0,0.0,0.0,0.0
2004-03-13,0.0,0.0,0.0,0.0,0.0
2004-03-14,0.0,0.0,0.0,0.0,0.0
2004-03-15,0.0,0.0,0.0,0.0,0.0
2004-03-16,0.0,0.0,0.0,0.0,0.0
2004-03-17,0.0,0.0,0.0,0.0,0.0
2004-03-18,0.0,0.0,0.0,0.0,0.0
2004-03-19,0.0,0.0,0.0,0.0,0.0
2004-03-20,0.0,0.0,0.0,0.0,0.0
2004-03-21,0.0,0.0,0.0,0.0,0.0
2004-03-22,0.0,0.0,0.0,0.0,0.0
2004-03-23,0.0,0.0,0.0,0.0,0.0
2004-03-24,0.0,0.0,0.0,0.0,0.0
2004-03-25,0.0,0.0,0.0,0.0,0.0
2004-03-26,0.0,0.0,0.0,0.0,0.0
2004-03-27,0.0,0.0,0.0,0.0,0.0
2004-03-28,0.0,0.0,0.0,0.0,0.0
2004-03-29,0.0,0.0,0.0,0.0,0.0
2004-03-30,0.0,0.0,0.0,0.0,0.0
2004-03-31,0.0,0.0,0.0,0.0,0.0
2004-04-01,0.0,0.0,0.0,0.0,0.0
2004-04-02,0.0,0.0,0.0,0.0,0.0
2004-04-03,0.0,0.0,0.0,0.0,0.0
2004-04-04,0.0,0.0,0.0,0.0,0.0
2004-04-05,0.0,0.0,0.0,0.0,0.0
2004-04-06,0.0,0.0,0.0,0.0,0.0
2004-04-07,0.0,0.0,0.0,0.0,0.0
2004-04-08,0.0,0.0,0.0,0.0,0.0
2004-04-09,0.0,0.0,0.0,0.0,0.0
2004-04-10,0.0,0.0,0.0,0.0,0.0
2004-04-11,0.0,0.0,0.0,0.0,0.0
2004-04-12,0.0,0.0,0.0,0.0,0.0
2004-04-13,0.0,0.0,0.0,0.0,0.0
2004-04-14,0.0,0.0,0.0,0.0,0.0
2004-04-15,0.0,0.0,0.0,0.0,0.0
2004-04-16,0.0,0.0,0.0,0.0,0.0
2004-04-17,0.0,0.0,0.0,0.0,0.0
2004-04-18,10.8768,47.305,3.7902,1.0471,15.7548
2004-04-19,0.0,0.0,0.0,0.0,0.0
2004-04-20,0.0,0.0,0.0,0.0,0.0
2004-04-21,0.0,0.0,0.0,0.0,0.0
2004-04-22,0.0,0.0,0.0,0.0,0.0
2004-04-23,0.0,0.0,0.0,0.0,0.0
2004-04-24,0.0,0.0,0.0,0.0,0.0
2004-04-25,0.0,0.0,0.0,0.0,0.0
2004-04-26,0.0,0.0,0.0,0.0,0.0
2004-04-27,0.0,0.0,0.0,0.0,0.0
2004-04-28,0.0,0.0,0.0,0.0,0.0
2004-04-29,0.0,0.0,0.0,0.0,0.0
2004-04-30,0.0,0.0,0.0,0.0,0.0
2004-05-01,0.0,0.0,0.0,0.0,0.0
2004-05-02,0.0,0.0,0.0,0.0,0.0
2004-05-03,0.0,0.0,0.0,0.0,0.0
2004-05-04,0.0,0.0,0.0,0.0,0.0
2004-05-05,0.3642,0.0,0.5657,0.0,0.2325
2004-05-06,0.0,0.0,0.0,0.0,0.0
2004-05-07,0.4993,0.0,0.1012,0.0,0.1501
2004-05-08,2.5529,0.0,3.0314,0.0,1.3961
2004-05-09,0.0,0.0,0.0,0.0,0.0
2004-05-10,4.3017,0.0,0.8718,0.0,1.2934
2004-05-11,0.1619,0.0,0.2514,0.0,0.1033
2004-05-12,0.0,0.0,0.0,0.0,0.0
2004-05-13,0.0,0.0,0.0,0.0,0.0
2004-05-14,0.0,0.0,0.0,0.0,0.0
2004-05-15,0.1214,0.0,0.1886,0.0,0.0775
2004-05-16,0.0,0.0,0.0,0.0,0.0
2004-05-17,0.0,0.0,0.0,0.0,0.0
2004-05-18,22.5691,0.0,34.7417,0.6699,14.4952
2004-05-19,6.8017,0.0,3.5099,0.0,2.5779
2004-05-20,1.9905,0.0,2.2616,0.0,1.063
2004-05-21,0.0,0.0,0.0,0.0,0.0
2004-05-22,0.0,0.0,0.0,0.0,0.0
2004-05-23,0.1214,0.0,0.1886,0.0,0.0775
2004-05-24,0.0,0.0,0.0,0.0,0.0
2004-05-25,0.0,0.0,0.0,0.0,0.0
2004-05-26,0.0,0.0,0.0,0.0,0.0
2004-05-27,0.0,0.0,0.0,0.0,0.0
2004-05-28,0.0,0.0,0.0,0.0,0.0
2004-05-29,0.0,0.0,0.0,0.0,0.0
2004-05-30,0.0,0.0,0.0,0.0,0.0
2004-05-31,0.2833,0.0,0.44,0.0,0.1808
2004-06-01,0.0,0.0,0.0,0.0,0.0
2004-06-02,0.2304,0.0,0.0,0.0,0.0576
2004-06-03,0.0,0.0,0.0,0.0,0.0
2004-06-04,0.0,0.0,0.0,0.0,0.0
2004-06-05,1.5778,11.9691,1.6731,0.2298,3.8624
2004-06-06,0.5301,3.861,0.0,0.0,1.0978
2004-06-07,1.0739,0.0,0.2248,0.0,0.3247
2004-06-08,0.3073,0.0,0.0,0.0,0.0768
2004-06-09,0.0,0.3191,4.9601,21.6495,6.7322
2004-06-10,2.0013,0.0,1.442,4.0617,1.8762
2004-06-11,4.9237,1.3514,1.2089,0.0,1.871
2004-06-12,2.3052,0.0,2.3002,3.5024,2.0269
2004-06-13,9.2214,0.0,4.0004,0.0,3.3054
2004-06-14,22.1155,22.5283,16.419,2.7603,15.9558
2004-06-15,73.2348,59.275,58.7061,38.0892,57.3263
2004-06-16,36.5046,43.4603,30.6035,32.4385,35.7517
2004-06-17,26.0228,28.1229,33.1492,32.3208,29.9039
2004-06-18,70.5821,47.909,69.5724,43.0109,57.7686
2004-06-19,22.0123,192.6093,8.7912,7.6956,57.7771
2004-06-20,3.369,0.1249,4.2858,8.1574,3.9843
2004-06-21,0.1668,5.995,0.0,0.0,1.5405
2004-06-22,0.0,0.0,0.0,0.0,0.0
2004-06-23,0.0,0.0,0.0,0.0,0.0
2004-06-24,0.0,0.0,0.0,0.0,0.0
2004-06-25,5.6375,4.1179,3.7176,2.2449,3.9295
2004-06-26,2.8125,18.2233,4.3331,3.6558,7.2562
2004-06-27,2.4091,8.073,3.5894,12.3184,6.5975
2004-06-28,0.2423,5.8608,0.6113,2.2246,2.2348
2004-06-29,1.1799,9.3979,1.0708,3.2732,3.7305
2004-06-30,3.1383,21.4839,5.0397,13.3421,10.751
2004-07-01,2.8451,22.2927,6.969,19.1637,12.8176
2004-07-02,2.6256,5.4041,8.5559,21.6107,9.5491
2004-07-03,4.3813,13.5776,1.5705,2.3562,5.4714
2004-07-04,86.7161,122.1895,96.2466,41.8384,86.7476
2004-07-05,61.5953,17.5045,36.4391,3.1984,29.6843
2004-07-06,52.9719,48.8368,28.0844,23.0888,38.2455
2004-07-07,2.306,0.4169,8.5923,26.5281,9.4608
2004-07-08,0.589,0.0,1.187,2.1438,0.98
2004-07-09,7.2601,32.11,4.1964,5.9182,12.3712
2004-07-10,2.6404,10.3867,2.6594,8.2953,5.9954
2004-07-11,5.5948,0.317,10.7254,11.3721,7.0023
2004-07-12,3.6764,6.0358,7.4174,28.5368,11.4166
2004-07-13,1.3571,3.5921,1.6929,5.099,2.9353
2004-07-14,6.5049,4.8663,3.0209,2.2641,4.164
2004-07-15,34.6033,93.5224,32.1814,20.6919,45.2497
2004-07-16,21.8844,5.5058,13.0709,1.5153,10.4941
2004-07-17,0.9294,0.0,0.3305,0.0,0.315
2004-07-18,8.8896,1.3618,7.3685,0.1462,4.4415
2004-07-19,4.8506,0.0,5.3552,0.0,2.5514
2004-07-20,23.2832,2.3531,25.0846,2.6064,13.3318
2004-07-21,25.3558,44.0344,18.2179,32.2839,29.973
2004-07-22,3.4245,19.2568,8.1023,17.9813,12.1912
2004-07-23,6.3398,22.3124,14.9586,51.1145,23.6813
2004-07-24,27.1586,21.232,34.8589,27.3643,27.6534
2004-07-25,29.9077,19.5741,29.1082,5.8815,21.1179
2004-07-26,60.8827,34.5294,69.3723,6.2188,42.7508
2004-07-27,57.2764,91.6909,42.5356,17.3473,52.2126
2004-07-28,6.2072,32.646,8.6252,17.2599,16.1846
2004-07-29,81.042,96.4497,83.1719,58.4217,79.7713
2004-07-30,104.8681,100.6932,80.485,63.4494,87.3739
2004-07-31,82.855,54.5551,69.963,38.3094,61.4206
2004-08-01,47.2938,72.3823,49.1086,55.4931,56.0694
2004-08-02,145.5851,213.542,128.1701,107.7648,148.7655
2004-08-03,71.2494,88.5284,62.4345,81.7629,75.9938
2004-08-04,80.0326,134.8563,103.1422,93.0925,102.7809
2004-08-05,104.5359,95.3767,83.9643,46.3477,82.5562
2004-08-06,92.5136,62.4053,106.1586,65.2934,81.5927
2004-08-07,12.6701,9.1235,10.8873,7.1022,9.9458
2004-08-08,6.499,16.7054,9.9355,22.9835,14.0308
2004-08-09,11.834,9.6252,16.2378,18.1934,13.9726
2004-08-10,11.865,21.893,16.0641,22.4311,18.0633
2004-08-11,16.1616,21.5849,26.2163,31.9555,23.9796
2004-08-12,82.9351,105.6748,94.4505,92.1119,93.7931
2004-08-13,6.5286,6.2633,5.9832,11.0168,7.448
2004-08-14,1.1038,5.8655,1.2231,2.2344,2.6067
2004-08-15,7.7766,43.9004,10.7964,15.7382,19.5529
2004-08-16,5.3499,21.5705,9.9992,18.2457,13.7913
2004-08-17,24.2654,11.4258,38.853,19.7909,23.5838
2004-08-18,5.1216,22.3626,7.2765,22.0983,14.2147
2004-08-19,9.4659,8.6392,12.1499,18.8711,12.2815
2004-08-20,12.5069,8.8833,13.1954,23.9222,14.627
2004-08-21,30.5999,45.6729,24.6788,14.9703,28.9805
2004-08-22,20.0007,61.7428,39.4411,65.6731,46.7144
2004-08-23,3.0206,15.5502,4.1306,10.347,8.2621
2004-08-24,35.0126,34.7592,16.3942,7.9948,23.5402
2004-08-25,28.4991,30.8925,17.1857,14.7741,22.8378
2004-08-26,1.7818,8.7338,1.6592,0.1784,3.0883
2004-08-27,0.0,0.0,0.0,0.0,0.0
2004-08-28,0.0,0.0,0.0,0.0,0.0
2004-08-29,0.0,0.0,0.0,0.0,0.0
2004-08-30,0.0,0.0,0.0,0.0,0.0
2004-08-31,0.1152,0.0,0.0,0.0,0.0288
2004-09-01,4.4148,24.3586,4.7859,2.797,9.0891
2004-09-02,1.2436,0.7922,2.4801,8.1641,3.17
2004-09-03,0.0,0.0,0.0,0.0,0.0
2004-09-04,0.0,0.0,0.0,0.0,0.0
2004-09-05,0.0,0.0,0.0,0.0,0.0
2004-09-06,2.3045,0.0,0.4671,0.0,0.6929
2004-09-07,28.7377,25.885,25.9394,25.6085,26.5427
2004-09-08,6.792,0.0,1.8623,1.172,2.4566
2004-09-09,11.4163,5.7189,7.5778,2.5135,6.8066
2004-09-10,22.6304,18.7051,13.1989,14.6736,17.302
2004-09-11,2.6538,2.2108,3.5025,10.8835,4.8126
2004-09-12,4.6501,2.085,4.9016,2.4417,3.5196
2004-09-13,3.2375,0.0,5.0283,0.0,2.0664
2004-09-14,11.4327,0.0,7.0718,0.1056,4.6525
2004-09-15,3.2361,0.1195,3.9131,0.0,1.8172
2004-09-16,12.2155,0.1537,10.0224,2.3198,6.1779
2004-09-17,4.6614,4.8939,4.8524,0.1673,3.6438
2004-09-18,6.3796,2.2815,2.98,0.0,2.9103
2004-09-19,0.0,0.0,0.0,0.0,0.0
2004-09-20,6.9513,10.8663,9.1472,2.4363,7.3503
2004-09-21,19.7334,20.5898,29.4494,22.6166,23.0973
2004-09-22,1.3767,14.8334,0.6031,1.4243,4.5594
2004-09-23,1.1654,6.033,0.9529,3.3852,2.8841
2004-09-24,1.7116,19.5892,8.5629,35.6328,16.3741
2004-09-25,0.0,0.289,1.5384,6.188,2.0038
2004-09-26,3.2193,3.101,3.6211,5.4992,3.8601
2004-09-27,0.0,0.0,0.0,0.0,0.0
2004-09-28,1.857,0.0,1.2125,0.0,0.7674
2004-09-29,0.4088,6.3262,1.9337,7.6446,4.0783
2004-09-30,12.4194,3.0586,7.477,4.4742,6.8573
2004-10-01,5.1434,0.2835,1.7967,0.0,1.8059
2004-10-02,0.0,0.0,0.0,0.0,0.0
2004-10-03,5.963,3.9568,5.7228,0.1647,3.9518
2004-10-04,0.6299,1.9357,0.1168,0.0,0.6706
2004-10-05,8.4958,0.1363,5.9934,8.9415,5.8918
2004-10-06,0.0,0.0,0.4856,2.1263,0.653
2004-10-07,2.9885,0.0,4.4859,0.0,1.8686
2004-10-08,0.7284,0.0,1.1314,0.0,0.4649
2004-10-09,0.0,0.0,0.0,0.0,0.0
2004-10-10,0.0,0.0,0.0,0.0,0.0
2004-10-11,7.4511,0.0,2.1724,2.8995,3.1307
2004-10-12,6.2989,0.0,1.3428,0.2899,1.9829
2004-10-13,0.0,0.0,0.0,0.0,0.0
2004-10-14,0.0,0.0,0.0,0.0,0.0
2004-10-15,0.0,0.0,0.0,0.0,0.0
2004-10-16,0.0,0.0,0.0,0.0,0.0
2004-10-17,0.0,0.0,0.0,0.0,0.0
2004-10-18,0.0,0.0,0.0,0.0,0.0
2004-10-19,0.0,0.0,0.0,0.0,0.0
2004-10-20,0.0,0.0,0.0,0.0,0.0
2004-10-21,0.0,0.0,0.0,0.0,0.0
2004-10-22,0.0,0.0,0.0,0.0,0.0
2004-10-23,0.0,0.0,0.0,0.0,0.0
2004-10-24,0.0,0.0,0.0,0.0,0.0
2004-10-25,0.0,0.0,0.0,0.0,0.0
2004-10-26,0.0,0.0,0.0,0.0,0.0
2004-10-27,0.0,0.0,0.0,0.0,0.0
2004-10-28,0.0,0.0,0.0,0.0,0.0
2004-10-29,0.0,0.0,0.0,0.0,0.0
2004-10-30,0.1536,0.0,0.0,0.0,0.0384
2004-10-31,0.0,0.0,0.0,0.0,0.0
2004-11-01,0.0,0.0,0.0,0.0,0.0
2004-11-02,0.0,0.0,0.0,0.0,0.0
2004-11-03,0.7723,0.0,0.2658,0.0,0.2595
2004-11-04,0.8512,0.0,0.3365,0.0,0.2969
2004-11-05,0.0,0.0,0.0,0.0,0.0
2004-11-06,0.0,0.0,0.0,0.0,0.0
2004-11-07,0.0,0.0,0.0,0.0,0.0
2004-11-08,0.0,0.0,0.0,0.0,0.0
2004-11-09,0.3073,0.3566,0.0,0.0,0.166
2004-11-10,0.0,0.0,0.0,0.0,0.0
2004-11-11,0.0,0.0,0.0,0.0,0.0
2004-11-12,0.0,0.0,0.0,0.0,0.0
2004-11-13,0.0,0.0,0.0,0.0,0.0
2004-11-14,0.0,0.0,0.0,0.0,0.0
2004-11-15,0.0,0.0,0.0,0.0,0.0
2004-11-16,0.0,0.0,0.0,0.0,0.0
2004-11-17,0.0,0.0,0.0,0.0,0.0
2004-11-18,0.0,0.0,0.0,0.0,0.0
2004-11-19,0.0,0.0,0.0,0.0,0.0
2004-11-20,0.0,0.0,0.0,0.0,0.0
2004-11-21,0.0,0.0,0.0,0.0,0.0
2004-11-22,0.0,0.0,0.0,0.0,0.0
2004-11-23,0.0,0.0,0.0,0.0,0.0
2004-11-24,0.0,0.0,0.0,0.0,0.0
2004-11-25,0.0,0.0,0.0,0.0,0.0
2004-11-26,0.0,0.0,0.0,0.0,0.0
2004-11-27,0.0,0.0,0.0,0.0,0.0
2004-11-28,0.0,0.0,0.0,0.0,0.0
2004-11-29,0.0,0.0,0.0,0.0,0.0
2004-11-30,0.0,0.0,0.0,0.0,0.0
2004-12-01,0.0,0.0,0.0,0.0,0.0
2004-12-02,0.0,0.0,0.0,0.0,0.0
2004-12-03,0.0,0.0,0.0,0.0,0.0
2004-12-04,0.0,0.0,0.0,0.0,0.0
2004-12-05,0.0,0.0,0.0,0.0,0.0
2004-12-06,0.0,0.0,0.0,0.0,0.0
2004-12-07,0.0,0.0,0.0,0.0,0.0
2004-12-08,0.0,0.0,0.0,0.0,0.0
2004-12-09,0.0,0.0,0.0,0.0,0.0
2004-12-10,0.0,0.0,0.0,0.0,0.0
2004-12-11,0.0,0.0,0.0,0.0,0.0
2004-12-12,0.0,0.0,0.0,0.0,0.0
2004-12-13,0.0,0.0,0.0,0.0,0.0
2004-12-14,0.0,0.0,0.0,0.0,0.0
2004-12-15,0.0,0.0,0.0,0.0,0.0
2004-12-16,0.0,0.0,0.0,0.0,0.0
2004-12-17,0.0,0.0,0.0,0.0,0.0
2004-12-18,0.0,0.0,0.0,0.0,0.0
2004-12-19,0.0,0.0,0.0,0.0,0.0
2004-12-20,0.0,0.0,0.0,0.0,0.0
2004-12-21,0.0,0.0,0.0,0.0,0.0
2004-12-22,0.0,0.0,0.0,0.0,0.0
2004-12-23,0.0,0.0,0.0,0.0,0.0
2004-12-24,0.0,0.0,0.0,0.0,0.0
2004-12-25,0.0,0.0,0.0,0.0,0.0
2004-12-26,0.0,0.0,0.0,0.0,0.0
2004-12-27,0.0,0.0,0.0,0.0,0.0
2004-12-28,0.0,0.0,0.0,0.0,0.0
2004-12-29,0.0,0.0,0.0,0.0,0.0
2004-12-30,0.0,0.0,0.0,0.0,0.0
2004-12-31,0.0,0.0,0.0,0.0,0.0
2005-01-01,0.0,0.0,0.0,0.0,0.0
2005-01-02,0.0,0.0,0.0,0.0,0.0
2005-01-03,0.0,0.0,0.0,0.0,0.0
2005-01-04,0.0,0.0,0.0,0.0,0.0
2005-01-05,0.0,0.0,0.0,0.0,0.0
2005-01-06,0.0,0.0,0.0,0.0,0.0
2005-01-07,0.0,0.0,0.0,0.0,0.0
2005-01-08,0.0,0.0,0.0,0.0,0.0
2005-01-09,0.0,0.0,0.0,0.0,0.0
2005-01-10,0.0,0.0,0.0,0.0,0.0
2005-01-11,0.0,0.0,0.0,0.0,0.0
2005-01-12,0.0,0.0,0.0,0.0,0.0
2005-01-13,0.0,0.0,0.0,0.0,0.0
2005-01-14,0.0,0.0,0.0,0.0,0.0
2005-01-15,0.0,0.0,0.0,0.0,0.0
2005-01-16,0.0,0.0,0.0,0.0,0.0
2005-01-17,0.0,0.0,0.0,0.0,0.0
2005-01-18,0.0,0.0,0.0,0.0,0.0
2005-01-19,0.0,0.0,0.0,0.0,0.0
2005-01-20,0.0,0.0,0.0,0.0,0.0
2005-01-21,0.0,0.0,0.0,0.0,0.0
2005-01-22,0.0,0.0,0.0,0.0,0.0
2005-01-23,0.0,0.0,0.0,0.0,0.0
2005-01-24,0.0,0.0,0.0,0.0,0.0
2005-01-25,0.0,0.0,0.0,0.0,0.0
2005-01-26,0.0,0.0,0.0,0.0,0.0
2005-01-27,0.0,0.0,0.0,0.0,0.0
2005-01-28,0.0,0.0,0.0,0.0,0.0
2005-01-29,0.0,0.0,0.0,0.0,0.0
2005-01-30,0.0,0.0,0.0,0.0,0.0
2005-01-31,0.4703,0.8414,0.4018,0.4959,0.5524
2005-02-01,0.0,0.0,0.0,0.0,0.0
2005-02-02,0.0,0.0,0.0,0.0,0.0
2005-02-03,0.0,0.0,0.0,0.0,0.0
2005-02-04,0.0,0.0,0.0,0.0,0.0
2005-02-05,0.0,0.0,0.0,0.0,0.0
2005-02-06,0.0,0.0,0.0,0.0,0.0
2005-02-07,0.0,0.0,0.0,0.0,0.0
2005-02-08,0.0,0.0,0.0,0.0,0.0
2005-02-09,0.0,0.0,0.0,0.0,0.0
2005-02-10,0.0,0.0,0.0,0.0,0.0
2005-02-11,0.0,0.0,0.0,0.0,0.0
2005-02-12,0.0,0.0,0.0,0.0,0.0
2005-02-13,0.0,0.0,0.0,0.0,0.0
2005-02-14,0.0,0.0,0.0,0.0,0.0
2005-02-15,0.0,0.0,0.0,0.0,0.0
2005-02-16,0.0,0.0,0.0,0.0,0.0
2005-02-17,0.0,0.0,0.0,0.0,0.0
2005-02-18,0.0,0.0,0.0,0.0,0.0
2005-02-19,0.0,0.0,0.0,0.0,0.0
2005-02-20,0.0,0.0,0.0,0.0,0.0
2005-02-21,0.0,0.0,0.0,0.0,0.0
2005-02-22,0.0,0.0,0.0,0.0,0.0
2005-02-23,0.0,0.0,0.0,0.0,0.0
2005-02-24,0.0,0.0,0.0,0.0,0.0
2005-02-25,0.0,0.0,0.0,0.0,0.0
2005-02-26,0.0,0.0,0.0,0.0,0.0
2005-02-27,0.0,0.0,0.0,0.0,0.0
2005-02-28,0.0,0.0,0.0,0.0,0.0
2005-03-01,0.0,0.0,0.0,0.0,0.0
2005-03-02,0.0,0.0,0.0,0.0,0.0
2005-03-03,0.0,0.0,0.0,0.0,0.0
2005-03-04,0.0,0.0,0.0,0.0,0.0
2005-03-05,0.0,0.0,0.0,0.0,0.0
2005-03-06,0.0,0.0,0.0,0.0,0.0
2005-03-07,0.0,0.0,0.0,0.0,0.0
2005-03-08,0.0,0.0,0.0,0.0,0.0
2005-03-09,0.102,0.0,0.1607,0.1446,0.1018
2005-03-10,0.0,0.0,0.0,0.0,0.0
2005-03-11,0.0,0.0,0.0,0.0,0.0
2005-03-12,0.0,0.0,0.0,0.0,0.0
2005-03-13,0.0,0.0,0.0,0.0,0.0
2005-03-14,0.0,0.0,0.0,0.0,0.0
2005-03-15,0.0,0.0,0.0,0.0,0.0
2005-03-16,0.0,0.0,0.0,0.0,0.0
2005-03-17,0.0,0.0,0.0,0.0,0.0
2005-03-18,0.0,0.0,0.0,0.0,0.0
2005-03-19,0.0,0.0,0.0,0.0,0.0
2005-03-20,0.0,0.0,0.0,0.0,0.0
2005-03-21,0.0,0.0,0.0,0.0,0.0
2005-03-22,0.0,0.0,0.0,0.0,0.0
2005-03-23,0.0,0.0,0.0,0.0,0.0
2005-03-24,0.0,0.0,0.0,0.0,0.0
2005-03-25,0.0,0.0,0.0,0.0,0.0
2005-03-26,0.0,0.0,0.0,0.0,0.0
2005-03-27,0.0,0.0,0.0,0.0,0.0
2005-03-28,0.0,0.0,0.0,0.0,0.0
2005-03-29,0.0,0.0,0.0,0.0,0.0
2005-03-30,0.0,0.0,0.0,0.0,0.0
2005-03-31,0.0,0.0,0.0,0.0,0.0
2005-04-01,0.0,0.0,0.0,0.0,0.0
2005-04-02,0.0,0.0,0.0,0.0,0.0
2005-04-03,0.0,0.0,0.0,0.0,0.0
2005-04-04,0.0,0.0,0.0,0.0,0.0
2005-04-05,0.0,0.0,0.0,0.0,0.0
2005-04-06,0.0,0.0,0.0,0.0,0.0
2005-04-07,0.0,0.0,0.0,0.0,0.0
2005-04-08,0.0,0.0,0.0,0.0,0.0
2005-04-09,0.0,0.0,0.0,0.0,0.0
2005-04-10,0.0,0.0,0.0,0.0,0.0
2005-04-11,0.0,0.0,0.0,0.0,0.0
2005-04-12,0.0,0.0,0.0,0.0,0.0
2005-04-13,0.0,0.0,0.0,0.0,0.0
2005-04-14,0.0,0.0,0.0,0.0,0.0
2005-04-15,0.0,0.0,0.0,0.0,0.0
2005-04-16,0.0,0.0,0.0,0.0,0.0
2005-04-17,0.0,0.0,0.0,0.0,0.0
2005-04-18,0.0,0.0,0.0,0.0,0.0
2005-04-19,0.0,0.0,0.0,0.0,0.0
2005-04-20,0.0,0.0,0.0,0.0,0.0
2005-04-21,0.0,0.0,0.0,0.0,0.0
2005-04-22,0.0,0.0,0.0,0.0,0.0
2005-04-23,0.0,0.0,0.0,0.0,0.0
2005-04-24,0.0,0.0,0.0,0.0,0.0
2005-04-25,0.0,0.0,0.0,0.0,0.0
2005-04-26,0.0,0.0,0.0,0.0,0.0
2005-04-27,0.0,0.0,0.0,0.0,0.0
2005-04-28,0.0,0.0,0.0,0.0,0.0
2005-04-29,0.0,0.0,0.0,0.0,0.0
2005-04-30,0.0,0.0,0.0,0.0,0.0
2005-05-01,0.0,0.0,0.0,0.0,0.0
2005-05-02,0.0,0.0,0.0,0.0,0.0
2005-05-03,0.0,0.0,0.0,0.0,0.0
2005-05-04,0.153,0.1434,0.2277,0.1615,0.1714
2005-05-05,0.0,0.0,0.0,0.0,0.0
2005-05-06,0.0,0.0,0.0,0.0,0.0
2005-05-07,0.0,0.0,0.0,0.0,0.0
2005-05-08,0.0,0.0,0.0,0.0,0.0
2005-05-09,0.0,0.0,0.0,0.0,0.0
2005-05-10,0.0,0.0,0.0,0.0,0.0
2005-05-11,0.0,0.0,0.0,0.0,0.0
2005-05-12,0.0,0.0,0.0,0.0,0.0
2005-05-13,0.0,0.0,0.0,0.0,0.0
2005-05-14,0.0,0.0,0.0,0.0,0.0
2005-05-15,0.0,0.0,0.0,0.0,0.0
2005-05-16,0.0,0.0,0.0,0.0,0.0
2005-05-17,0.0,0.0,0.0,0.0,0.0
2005-05-18,0.0,0.0,0.0,0.0,0.0
2005-05-19,0.0,0.0,0.0,0.0,0.0
2005-05-20,0.0,0.0,0.0,0.0,0.0
2005-05-21,0.0,0.0,0.0,0.0,0.0
2005-05-22,0.0,0.0,0.0,0.0,0.0
2005-05-23,0.0,0.0,0.0,0.0,0.0
2005-05-24,0.0,0.0,0.0,0.0,0.0
2005-05-25,0.0,0.0,0.0,0.0,0.0
2005-05-26,0.0,0.0,0.0,0.0,0.0
2005-05-27,0.0,0.0,0.0,0.0,0.0
2005-05-28,0.0,0.0,0.0,0.0,0.0
2005-05-29,0.0,0.0,0.0,0.0,0.0
2005-05-30,0.0,0.0,0.0,0.0,0.0
2005-05-31,0.0,0.0,0.0,0.0,0.0
2005-06-01,0.0,0.0,0.0,0.0,0.0
2005-06-02,0.3754,0.2675,0.1226,0.2084,0.2435
2005-06-03,0.0,0.0,0.0,0.0,0.0
2005-06-04,0.0,0.0,0.0,0.0,0.0
2005-06-05,0.0,0.0,0.0,0.0,0.0
2005-06-06,0.0,0.0,0.0,0.0,0.0
2005-06-07,0.0,0.0,0.0,0.0,0.0
2005-06-08,0.0,0.0,0.0,0.0,0.0
2005-06-09,0.0,0.0,0.0,0.0,0.0
2005-06-10,0.0,0.0,0.0,0.0,0.0
2005-06-11,1.1363,0.7024,0.3678,0.6251,0.7079
2005-06-12,0.0,0.3847,0.1068,0.2315,0.1807
2005-06-13,8.0948,13.3204,7.3079,10.1569,9.72
2005-06-14,0.2862,0.2094,0.2066,0.4106,0.2782
2005-06-15,0.1457,0.9765,0.271,0.5876,0.4952
2005-06-16,1.7745,3.0452,3.191,3.4852,2.874
2005-06-17,0.8448,0.6018,0.2758,0.4689,0.5478
2005-06-18,18.0395,11.15,5.8385,9.924,11.238
2005-06-19,33.6597,53.1114,33.9449,42.6681,40.846
2005-06-20,13.8197,15.9937,14.5506,16.4558,15.205
2005-06-21,28.6208,28.0498,30.4549,28.4584,28.896
2005-06-22,52.4521,46.1646,54.6004,49.1652,50.5956
2005-06-23,160.506,167.6402,131.1604,150.054,152.3401
2005-06-24,67.5894,66.7168,96.6976,77.5385,77.1356
2005-06-25,43.7494,39.3834,45.1427,39.9257,42.0503
2005-06-26,21.1958,21.2645,20.1983,25.1362,21.9487
2005-06-27,22.0607,22.0114,26.4146,24.2177,23.6761
2005-06-28,49.0782,48.5457,62.0709,51.641,52.8339
2005-06-29,19.7232,21.4932,20.4574,24.3265,21.5001
2005-06-30,22.1622,26.6475,15.1141,24.2715,22.0488
2005-07-01,21.4137,26.5037,23.2352,26.5858,24.4346
2005-07-02,36.3285,36.5486,34.5392,38.4168,36.4583
2005-07-03,15.7374,19.1105,12.2531,15.6014,15.6756
2005-07-04,6.9255,10.3111,9.3972,11.1764,9.4526
2005-07-05,5.8201,12.851,6.2243,9.8149,8.6776
2005-07-06,0.3085,1.5045,0.5516,0.9855,0.8375
2005-07-07,0.4956,0.4411,0.1954,0.3541,0.3715
2005-07-08,1.0353,1.0786,1.5905,1.2469,1.2378
2005-07-09,0.0,0.0,0.0,0.0,0.0
2005-07-10,0.0,0.0,0.0,0.0,0.0
2005-07-11,1.2381,1.1179,0.4395,0.7663,0.8904
2005-07-12,0.5199,3.5984,0.347,0.6118,1.2693
2005-07-13,0.3345,0.2508,0.2837,0.469,0.3345
2005-07-14,7.2905,6.8424,9.0521,7.6032,7.697
2005-07-15,0.0,0.5058,0.271,0.5876,0.3411
2005-07-16,0.0,0.0,0.0,0.0,0.0
2005-07-17,3.1015,3.2377,4.6945,3.8363,3.7175
2005-07-18,26.0808,23.2647,28.6875,23.4232,25.364
2005-07-19,23.52,19.6661,18.2679,18.2155,19.9174
2005-07-20,34.4071,37.3094,26.9435,35.7739,33.6085
2005-07-21,103.8893,106.6594,104.9342,106.3777,105.4651
2005-07-22,65.8635,80.2421,59.0135,78.9816,71.0252
2005-07-23,11.2721,14.1045,13.1722,13.1677,12.9291
2005-07-24,7.7226,8.5408,11.9305,9.6062,9.45
2005-07-25,7.3113,14.1664,7.4454,11.4312,10.0886
2005-07-26,6.8773,10.2009,10.588,9.7584,9.3562
2005-07-27,492.4177,423.4402,732.4574,537.4056,546.4302
2005-07-28,24.7669,22.2728,20.983,22.8466,22.7173
2005-07-29,18.4591,21.4158,18.7743,18.5845,19.3084
2005-07-30,51.6567,53.2525,54.2326,50.9266,52.5171
2005-07-31,62.0827,54.9884,62.7422,58.0891,59.4756
2005-08-01,184.6973,183.6061,193.635,178.0756,185.0035
2005-08-02,120.3159,133.0061,139.8843,132.7889,131.4988
2005-08-03,26.5163,28.5519,36.5131,32.2988,30.97
2005-08-04,6.8575,9.02,6.7477,7.7585,7.5959
2005-08-05,12.281,14.7088,14.5803,14.2736,13.9609
2005-08-06,6.7528,8.5398,4.607,7.1465,6.7615
2005-08-07,8.2152,9.6035,9.2648,8.2957,8.8448
2005-08-08,1.6077,3.1524,1.302,1.6025,1.9161
2005-08-09,6.0834,8.9312,5.4228,6.1265,6.641
2005-08-10,0.9035,1.2943,0.6688,1.0446,0.9778
2005-08-11,2.1967,3.3885,2.6846,3.2654,2.8838
2005-08-12,5.5971,6.1418,5.7676,5.9317,5.8596
2005-08-13,2.6508,2.6445,2.0735,2.1657,2.3836
2005-08-14,4.3787,4.9031,4.0029,3.7529,4.2594
2005-08-15,1.2616,1.4401,0.6523,1.0128,1.0917
2005-08-16,3.476,4.1819,3.0454,3.5783,3.5704
2005-08-17,15.9947,18.6181,15.5022,15.9344,16.5124
2005-08-18,5.0004,6.6287,4.3804,5.5729,5.3956
2005-08-19,5.8669,8.2719,7.7604,7.8032,7.4256
2005-08-20,7.4648,10.5369,5.5656,8.3467,7.9785
2005-08-21,21.9428,28.4767,22.1719,26.9194,24.8777
2005-08-22,1.7857,3.9903,2.5572,2.6585,2.7479
2005-08-23,1.9544,3.6599,1.9542,2.9428,2.6278
2005-08-24,0.0,0.3441,0.0,0.0,0.086
2005-08-25,3.436,3.2787,4.556,3.3829,3.6634
2005-08-26,0.3396,0.9475,0.3934,0.5749,0.5638
2005-08-27,8.3125,7.9622,7.793,7.8769,7.9861
2005-08-28,2.5356,3.913,4.2308,4.397,3.7691
2005-08-29,0.3285,0.234,0.157,0.3903,0.2774
2005-08-30,0.0,0.0,0.0,0.0,0.0
2005-08-31,0.0,0.2065,0.0,0.0,0.0516
2005-09-01,0.0,0.9625,0.0,0.0,0.2406
2005-09-02,0.0,0.0,0.0,0.0,0.0
2005-09-03,0.7849,1.9554,0.4116,0.4741,0.9065
2005-09-04,49.7194,40.8668,38.4084,37.7,41.6736
2005-09-05,23.7668,22.7834,27.2168,24.3159,24.5207
2005-09-06,9.5868,10.1304,9.9448,12.7228,10.5962
2005-09-07,0.8628,0.6666,1.0029,0.8023,0.8337
2005-09-08,10.0387,9.593,6.6912,9.011,8.8335
2005-09-09,7.293,8.8021,8.8862,8.4364,8.3544
2005-09-10,218.0168,199.871,212.2089,197.8545,206.9878
2005-09-11,31.0371,31.4648,33.1619,30.2752,31.4848
2005-09-12,78.5805,72.3552,80.9897,70.98,75.7263
2005-09-13,20.9858,28.4229,22.0727,25.7525,24.3085
2005-09-14,22.3778,23.8304,19.9845,22.7414,22.2335
2005-09-15,10.8357,15.3526,16.1349,15.5919,14.4788
2005-09-16,5.885,5.8667,5.6319,5.8481,5.8079
2005-09-17,7.3932,8.9769,8.1287,8.3935,8.2231
2005-09-18,10.9649,10.2815,14.8524,11.6422,11.9352
2005-09-19,3.6334,4.0089,5.1768,5.1991,4.5046
2005-09-20,12.2445,13.5019,11.3496,13.1649,12.5652
2005-09-21,18.8752,20.1222,23.0144,19.3829,20.3487
2005-09-22,51.4141,60.3555,70.3227,61.9064,60.9997
2005-09-23,61.8809,64.9757,74.8264,65.9086,66.8979
2005-09-24,5.2549,7.4961,3.2758,3.8024,4.9573
2005-09-25,1.1584,0.9992,1.8638,1.4677,1.3723
2005-09-26,0.4331,0.3566,0.6226,0.4567,0.4673
2005-09-27,0.0,0.0,0.0,0.0,0.0
2005-09-28,0.0,0.0,0.0,0.0,0.0
2005-09-29,0.0,0.0,0.0,0.0,0.0
2005-09-30,0.1516,1.2263,0.6681,1.4707,0.8792
2005-10-01,7.1685,7.327,6.8469,7.4216,7.191
2005-10-02,0.0,0.0,0.0,0.0,0.0
2005-10-03,4.5694,18.6029,10.0905,20.7705,13.5083
2005-10-04,14.9,17.5947,21.8174,19.5965,18.4772
2005-10-05,0.0,0.0,0.0,0.0,0.0
2005-10-06,0.0,0.0,0.1921,0.8043,0.2491
2005-10-07,0.0,0.0,0.0,0.0,0.0
2005-10-08,0.0,0.0,0.0,0.0,0.0
2005-10-09,0.0,0.0,0.0,0.0,0.0
2005-10-10,0.0,0.0,0.0,0.0,0.0
2005-10-11,0.0,0.0,0.0,0.0,0.0
2005-10-12,0.0,0.0,0.0,0.0,0.0
2005-10-13,0.0,0.0,0.0,0.0,0.0
2005-10-14,0.0,0.0,0.0,0.0,0.0
2005-10-15,0.0,0.0,0.0,0.0,0.0
2005-10-16,0.0,0.0,0.0,0.0,0.0
2005-10-17,0.0,0.0,0.0,0.0,0.0
2005-10-18,1.8279,2.3225,1.1513,2.2376,1.8848
2005-10-19,0.0,0.0,0.0,0.0,0.0
2005-10-20,0.0,0.0,0.0,0.0,0.0
2005-10-21,0.0,0.0,0.0,0.0,0.0
2005-10-22,0.0,0.0,0.0,0.0,0.0
2005-10-23,0.0,0.0,0.0,0.0,0.0
2005-10-24,0.0,0.0,0.0,0.0,0.0
2005-10-25,0.0,0.0,0.0,0.0,0.0
2005-10-26,0.0,0.0,0.0,0.0,0.0
2005-10-27,0.4964,0.5438,0.5677,0.8663,0.6185
2005-10-28,0.0,0.0,0.0,0.0,0.0
2005-10-29,0.0,0.0,0.0,0.0,0.0
2005-10-30,0.0,0.0,0.0,0.0,0.0
2005-10-31,0.0,0.0,0.0,0.0,0.0
2005-11-01,0.0,0.0,0.0,0.0,0.0
2005-11-02,0.0,0.0,0.0,0.0,0.0
2005-11-03,0.0,0.0,0.0,0.0,0.0
2005-11-04,0.0,0.0,0.0,0.0,0.0
2005-11-05,0.0,0.0,0.0,0.0,0.0
2005-11-06,0.0,0.0,0.0,0.0,0.0
2005-11-07,0.0,0.0,0.0,0.0,0.0
2005-11-08,0.0,0.0,0.0,0.0,0.0
2005-11-09,0.0,0.0,0.0,0.0,0.0
2005-11-10,0.0,0.0,0.0,0.0,0.0
2005-11-11,0.0,0.0,0.0,0.0,0.0
2005-11-12,0.0,0.0,0.0,0.0,0.0
2005-11-13,0.0,0.0,0.0,0.0,0.0
2005-11-14,0.0,0.0,0.0,0.0,0.0
2005-11-15,0.0,0.0,0.0,0.0,0.0
2005-11-16,0.0,0.0,0.0,0.0,0.0
2005-11-17,0.0,0.0,0.0,0.0,0.0
2005-11-18,0.0,0.0,0.0,0.0,0.0
2005-11-19,0.0,0.0,0.0,0.0,0.0
2005-11-20,0.0,0.0,0.0,0.0,0.0
2005-11-21,0.0,0.0,0.0,0.0,0.0
2005-11-22,0.0,0.0,0.0,0.0,0.0
2005-11-23,0.0,0.0,0.0,0.0,0.0
2005-11-24,0.0,0.0,0.0,0.0,0.0
2005-11-25,0.0,0.0,0.0,0.0,0.0
2005-11-26,0.0,0.0,0.0,0.0,0.0
2005-11-27,0.0,0.0,0.0,0.0,0.0
2005-11-28,0.0,0.0,0.0,0.0,0.0
2005-11-29,0.0,0.0,0.0,0.0,0.0
2005-11-30,0.0,0.0,0.0,0.0,0.0
2005-12-01,0.0,0.0,0.0,0.0,0.0
2005-12-02,0.0,0.0,0.0,0.0,0.0
2005-12-03,0.0,0.0,0.0,0.0,0.0
2005-12-04,0.0,0.0,0.0,0.0,0.0
2005-12-05,0.0,0.0,0.0,0.0,0.0
2005-12-06,0.0,0.0,0.0,0.0,0.0
2005-12-07,0.0,0.0,0.0,0.0,0.0
2005-12-08,0.0,0.0,0.0,0.0,0.0
2005-12-09,0.0,0.0,0.0,0.0,0.0
2005-12-10,0.0,0.0,0.0,0.0,0.0
2005-12-11,0.0,0.0,0.0,0.0,0.0
2005-12-12,0.0,0.0,0.0,0.0,0.0
2005-12-13,0.0,0.0,0.0,0.0,0.0
2005-12-14,0.0,0.0,0.0,0.0,0.0
2005-12-15,0.0,0.0,0.0,0.0,0.0
2005-12-16,0.0,0.0,0.0,0.0,0.0
2005-12-17,0.0,0.0,0.0,0.0,0.0
2005-12-18,0.0,0.0,0.0,0.0,0.0
2005-12-19,0.0,0.0,0.0,0.0,0.0
2005-12-20,0.0,0.0,0.0,0.0,0.0
2005-12-21,0.0,0.0,0.0,0.0,0.0
2005-12-22,0.0,0.0,0.0,0.0,0.0
2005-12-23,0.0,0.0,0.0,0.0,0.0
2005-12-24,0.0,0.0,0.0,0.0,0.0
2005-12-25,0.0,0.0,0.0,0.0,0.0
2005-12-26,0.0,0.0,0.0,0.0,0.0
2005-12-27,0.0,0.0,0.0,0.0,0.0
2005-12-28,0.0,0.0,0.0,0.0,0.0
2005-12-29,0.0,0.0,0.0,0.0,0.0
2005-12-30,0.0,0.0,0.0,0.0,0.0
2005-12-31,0.0,0.0,0.0,0.0,0.0
2006-01-01,0.0,0.0,0.0,0.0,0.0
2006-01-02,0.0,0.0,0.0,0.0,0.0
2006-01-03,0.0,0.0,0.0,0.0,0.0
2006-01-04,0.0,0.0,0.0,0.0,0.0
2006-01-05,0.0,0.0,0.0,0.0,0.0
2006-01-06,0.0,0.0,0.0,0.0,0.0
2006-01-07,0.0,0.0,0.0,0.0,0.0
2006-01-08,0.0,0.0,0.0,0.0,0.0
2006-01-09,0.0,0.0,0.0,0.0,0.0
2006-01-10,0.0,0.0,0.0,0.0,0.0
2006-01-11,0.0,0.0,0.0,0.0,0.0
2006-01-12,0.0,0.0,0.0,0.0,0.0
2006-01-13,0.0,0.0,0.0,0.0,0.0
2006-01-14,0.0,0.0,0.0,0.0,0.0
2006-01-15,0.0,0.0,0.0,0.0,0.0
2006-01-16,0.0,0.0,0.0,0.0,0.0
2006-01-17,0.0,0.0,0.0,0.0,0.0
2006-01-18,0.0,0.0,0.0,0.0,0.0
2006-01-19,0.0,0.0,0.0,0.0,0.0
2006-01-20,0.0,0.0,0.0,0.0,0.0
2006-01-21,0.0,0.0,0.0,0.0,0.0
2006-01-22,0.0,0.0,0.0,0.0,0.0
2006-01-23,0.0,0.0,0.0,0.0,0.0
2006-01-24,0.0,0.0,0.0,0.0,0.0
2006-01-25,0.0,0.0,0.0,0.0,0.0
2006-01-26,0.0,0.0,0.0,0.0,0.0
2006-01-27,0.0,0.0,0.0,0.0,0.0
2006-01-28,0.0,0.0,0.0,0.0,0.0
2006-01-29,0.0,0.0,0.0,0.0,0.0
2006-01-30,0.0,0.0,0.0,0.0,0.0
2006-01-31,0.0,0.0,0.0,0.0,0.0
2006-02-01,0.0,0.0,0.0,0.0,0.0
2006-02-02,0.0,0.0,0.0,0.0,0.0
2006-02-03,0.0,0.0,0.0,0.0,0.0
2006-02-04,0.0,0.0,0.0,0.0,0.0
2006-02-05,0.0,0.0,0.0,0.0,0.0
2006-02-06,0.0,0.0,0.0,0.0,0.0
2006-02-07,0.0,0.0,0.0,0.0,0.0
2006-02-08,0.0,0.0,0.0,0.0,0.0
2006-02-09,0.0,0.0,0.0,0.0,0.0
2006-02-10,0.0,0.0,0.0,0.0,0.0
2006-02-11,0.0,0.0,0.0,0.0,0.0
2006-02-12,0.0,0.0,0.0,0.0,0.0
2006-02-13,0.0,0.0,0.0,0.0,0.0
2006-02-14,0.0,0.0,0.0,0.0,0.0
2006-02-15,0.0,0.0,0.0,0.0,0.0
2006-02-16,0.0,0.0,0.0,0.0,0.0
2006-02-17,0.0,0.0,0.0,0.0,0.0
2006-02-18,0.0,0.0,0.0,0.0,0.0
2006-02-19,0.0,0.0,0.0,0.0,0.0
2006-02-20,0.0,0.0,0.0,0.0,0.0
2006-02-21,0.0,0.0,0.0,0.0,0.0
2006-02-22,0.0,0.0,0.0,0.0,0.0
2006-02-23,0.0,0.0,0.0,0.0,0.0
2006-02-24,0.0,0.0,0.0,0.0,0.0
2006-02-25,0.0,0.0,0.0,0.0,0.0
2006-02-26,0.0,0.0,0.0,0.0,0.0
2006-02-27,0.0,0.0,0.0,0.0,0.0
2006-02-28,0.0,0.0,0.0,0.0,0.0
2006-03-01,0.0,0.0,0.0,0.0,0.0
2006-03-02,0.0,0.0,0.0,0.0,0.0
2006-03-03,0.0,0.0,0.0,0.0,0.0
2006-03-04,0.0,0.0,0.0,0.0,0.0
2006-03-05,0.0,0.0,0.0,0.0,0.0
2006-03-06,0.0,0.0,0.0,0.0,0.0
2006-03-07,0.0,0.0,0.0,0.0,0.0
2006-03-08,0.0,0.0,0.0,0.0,0.0
2006-03-09,0.7545,0.0,0.8087,0.0,0.3908
2006-03-10,8.088,0.0,8.2849,0.1659,4.1347
2006-03-11,0.0,0.0,0.0,0.0,0.0
2006-03-12,0.0,0.0,0.0,0.0,0.0
2006-03-13,0.0,0.0,0.0,0.0,0.0
2006-03-14,0.0,0.0,0.0,0.0,0.0
2006-03-15,0.0,0.0,0.0,0.0,0.0
2006-03-16,0.0,0.0,0.0,0.0,0.0
2006-03-17,0.0,0.0,0.0,0.0,0.0
2006-03-18,0.0,0.0,0.0,0.0,0.0
2006-03-19,0.0,0.0,0.0,0.0,0.0
2006-03-20,0.0,0.0,0.0,0.0,0.0
2006-03-21,0.0,0.0,0.0,0.0,0.0
2006-03-22,0.0,0.0,0.0,0.0,0.0
2006-03-23,0.0,0.0,0.0,0.0,0.0
2006-03-24,0.0,0.0,0.0,0.0,0.0
2006-03-25,0.0,0.0,0.0,0.0,0.0
2006-03-26,0.0,0.0,0.0,0.0,0.0
2006-03-27,0.0,0.0,0.0,0.0,0.0
2006-03-28,0.0,0.0,0.0,0.0,0.0
2006-03-29,0.0,0.0,0.0,0.0,0.0
2006-03-30,0.0,0.0,0.0,0.0,0.0
2006-03-31,0.0,0.0,0.0,0.0,0.0
2006-04-01,0.0,0.0,0.0,0.0,0.0
2006-04-02,0.0,0.0,0.0,0.0,0.0
2006-04-03,0.0,0.0,0.0,0.0,0.0
2006-04-04,0.0,0.0,0.0,0.0,0.0
2006-04-05,0.0,0.0,0.0,0.0,0.0
2006-04-06,0.0,0.0,0.0,0.0,0.0
2006-04-07,0.0,0.0,0.0,0.0,0.0
2006-04-08,0.0,0.0,0.0,0.0,0.0
2006-04-09,0.0,0.0,0.0,0.0,0.0
2006-04-10,0.0,0.0,0.0,0.0,0.0
2006-04-11,0.0,0.0,0.0,0.0,0.0
2006-04-12,0.0,0.0,0.0,0.0,0.0
2006-04-13,0.0,0.0,0.0,0.0,0.0
2006-04-14,0.0,0.0,0.0,0.0,0.0
2006-04-15,0.0,0.0,0.0,0.0,0.0
2006-04-16,0.0,0.0,0.0,0.0,0.0
2006-04-17,0.0,0.0,0.0,0.0,0.0
2006-04-18,0.0,0.0,0.0,0.0,0.0
2006-04-19,0.0,0.0,0.0,0.0,0.0
2006-04-20,0.0,0.0,0.0,0.0,0.0
2006-04-21,0.0,0.0,0.0,0.0,0.0
2006-04-22,0.0,0.0,0.0,0.0,0.0
2006-04-23,0.0,0.0,0.0,0.0,0.0
2006-04-24,0.0,0.0,0.0,0.0,0.0
2006-04-25,0.0,0.0,0.0,0.0,0.0
2006-04-26,0.0,0.0,0.0,0.0,0.0
2006-04-27,0.0,0.0,0.0,0.0,0.0
2006-04-28,0.0,0.0,0.0,0.0,0.0
2006-04-29,0.0,0.0,0.0,0.0,0.0
2006-04-30,0.0,0.0,0.0,0.0,0.0
2006-05-01,0.0,0.0,0.0,0.0,0.0
2006-05-02,0.0,0.0,0.0,0.0,0.0
2006-05-03,0.0,0.0,0.0,0.0,0.0
2006-05-04,0.0,0.0,0.0,0.0,0.0
2006-05-05,0.0,0.0,0.0,0.0,0.0
2006-05-06,0.0,0.0,0.0,0.0,0.0
2006-05-07,0.0,0.0,0.0,0.0,0.0
2006-05-08,0.0,0.0,0.0,0.0,0.0
2006-05-09,0.0,0.0,0.0,0.0,0.0
2006-05-10,0.0,0.0,0.0,0.0,0.0
2006-05-11,0.0,0.0,0.0,0.0,0.0
2006-05-12,0.0,0.0,0.0,0.0,0.0
2006-05-13,0.0,0.0,0.0,0.0,0.0
2006-05-14,0.0,0.0,0.0,0.0,0.0
2006-05-15,0.0,0.0,0.0,0.0,0.0
2006-05-16,0.0,0.0,0.0,0.0,0.0
2006-05-17,0.0,0.0,0.0,0.0,0.0
2006-05-18,0.0,0.0,0.0,0.0,0.0
2006-05-19,0.0,0.0,0.0,0.0,0.0
2006-05-20,0.0,0.0,0.0,0.0,0.0
2006-05-21,0.0,0.0,0.0,0.0,0.0
2006-05-22,0.0,0.0,0.0,0.0,0.0
2006-05-23,0.0,0.0,0.0,0.0,0.0
2006-05-24,0.0,0.0,0.0,0.0,0.0
2006-05-25,0.0,0.0,0.0,0.0,0.0
2006-05-26,0.0,0.0,0.0,0.0,0.0
2006-05-27,0.0,0.0,0.0,0.0,0.0
2006-05-28,0.0,0.0,0.0,0.0,0.0
2006-05-29,0.0,0.0,0.0,0.0,0.0
2006-05-30,0.0,0.0,0.0,0.0,0.0
2006-05-31,73.2885,47.6472,44.4848,20.7876,46.552
2006-06-01,134.9104,81.6395,145.3431,78.7269,110.155
2006-06-02,27.3583,71.7504,20.1397,24.0005,35.8122
2006-06-03,3.4767,3.0553,5.9499,20.7916,8.3184
2006-06-04,15.1977,11.983,8.4144,9.0258,11.1552
2006-06-05,0.0,0.0,0.0,0.0,0.0
2006-06-06,22.9213,110.0689,7.8719,2.3715,35.8084
2006-06-07,1.8368,0.0,2.2304,0.0,1.0168
2006-06-08,0.0,0.0,0.2649,1.1598,0.3562
2006-06-09,0.0,0.0,0.1257,0.0,0.0314
2006-06-10,0.0,2.8958,0.0,0.0,0.7239
2006-06-11,1.8821,11.6136,0.3871,0.2026,3.5213
2006-06-12,0.8498,0.1196,2.6885,6.0178,2.4189
2006-06-13,0.0,0.0,0.0,0.0,0.0
2006-06-14,0.3882,0.2968,0.188,0.0,0.2182
2006-06-15,0.2166,1.1788,0.0,0.0,0.3488
2006-06-16,2.8849,0.0,3.7545,0.0,1.6599
2006-06-17,0.4993,0.0,1.2932,5.2191,1.7529
2006-06-18,3.8975,2.1668,5.8059,0.1468,3.0043
2006-06-19,0.7682,0.0,0.1557,0.0,0.231
2006-06-20,3.6409,0.0,0.9511,0.0,1.148
2006-06-21,0.1468,2.8485,4.2978,18.7916,6.5212
2006-06-22,0.3688,7.8417,1.8853,8.2465,4.5856
2006-06-23,21.5149,17.3579,24.3544,37.4737,25.1752
2006-06-24,11.1021,16.158,12.923,19.1851,14.8421
2006-06-25,17.5223,22.7851,15.379,13.3997,17.2715
2006-06-26,8.0334,5.8833,1.9726,0.1318,4.0053
2006-06-27,45.0847,31.5127,40.179,27.458,36.0586
2006-06-28,66.009,30.469,86.9755,48.0548,57.8771
2006-06-29,15.1883,46.0454,25.3218,51.4918,34.5118
2006-06-30,48.4594,76.7147,42.0399,55.3342,55.6371
2006-07-01,82.2091,108.3186,61.128,56.3145,76.9926
2006-07-02,42.2641,53.7745,53.3639,36.0539,46.3641
2006-07-03,136.4493,97.4858,133.7651,62.456,107.5391
2006-07-04,154.0512,237.159,138.3425,84.7271,153.5699
2006-07-05,196.3476,139.4511,185.9235,81.5279,150.8125
2006-07-06,112.7396,110.9863,106.0368,66.074,98.9592
2006-07-07,3.6308,11.4485,6.2574,7.4345,7.1928
2006-07-08,1.0896,1.4199,1.3355,2.1674,1.5031
2006-07-09,4.5592,2.1639,2.3565,5.275,3.5886
2006-07-10,0.8701,2.5032,1.9854,6.0499,2.8521
2006-07-11,8.2654,4.1335,9.5341,15.0475,9.2451
2006-07-12,4.8018,11.9824,6.5795,6.489,7.4632
2006-07-13,4.6128,8.0213,4.3661,7.1744,6.0436
2006-07-14,5.928,119.8256,3.249,4.1722,33.2937
2006-07-15,1.398,1.0501,1.7388,3.3179,1.8762
2006-07-16,3.0245,8.8217,2.1824,4.2231,4.5629
2006-07-17,2.4978,4.0599,3.3318,6.3043,4.0484
2006-07-18,0.3826,4.1457,3.6632,15.1449,5.8341
2006-07-19,6.7349,19.5746,8.0549,21.8943,14.0647
2006-07-20,5.5446,29.4019,8.1341,18.3461,15.3567
2006-07-21,12.1633,12.1483,12.9445,20.0747,14.3327
2006-07-22,30.045,73.8975,30.4099,44.656,44.7521
2006-07-23,62.0969,110.4802,61.9733,66.2845,75.2087
2006-07-24,21.9254,29.3429,31.2648,45.7955,32.0821
2006-07-25,8.2632,13.9601,6.7541,11.1724,10.0374
2006-07-26,10.1988,28.5974,13.3747,7.8543,15.0063
2006-07-27,10.4439,15.9343,9.8871,12.2077,12.1182
2006-07-28,15.9918,50.4406,24.062,47.34,34.4586
2006-07-29,25.07,45.8457,27.9548,51.6443,37.6287
2006-07-30,20.3328,46.1136,19.1036,32.2147,29.4412
2006-07-31,16.9201,13.3861,25.6999,34.0532,22.5148
2006-08-01,13.0918,34.2216,19.3205,41.7464,27.0951
2006-08-02,16.4821,19.1113,28.3988,50.2105,28.5507
2006-08-03,3.5565,8.0428,5.5685,15.0543,8.0555
2006-08-04,1.0185,8.8111,1.3031,4.208,3.8352
2006-08-05,6.6556,15.6707,3.4497,2.4704,7.0616
2006-08-06,73.0173,83.97,92.6675,65.0165,78.6678
2006-08-07,207.2483,308.5598,187.9154,89.5525,198.319
2006-08-08,104.1129,154.4718,126.4128,108.5816,123.3948
2006-08-09,60.2553,92.4081,93.063,104.9803,87.6767
2006-08-10,6.3585,9.7818,9.72,20.8606,11.6802
2006-08-11,18.3148,40.8126,21.886,48.8601,32.4684
2006-08-12,5.0046,22.6689,5.0394,11.4496,11.0406
2006-08-13,9.6096,16.2966,10.3456,17.271,13.3807
2006-08-14,8.1803,12.2348,7.0336,9.2328,9.1704
2006-08-15,16.9753,32.6551,17.4263,15.7425,20.6998
2006-08-16,32.9333,78.2638,43.8504,33.3572,47.1012
2006-08-17,103.8001,168.58,106.4715,94.0379,118.2224
2006-08-18,6.0619,13.149,10.0303,18.9226,12.0409
2006-08-19,2.5345,0.3791,1.2214,0.0,1.0337
2006-08-20,5.8481,2.0797,8.6216,5.5869,5.5341
2006-08-21,4.7448,17.5027,4.2985,9.8074,9.0884
2006-08-22,0.661,8.8311,1.1568,4.211,3.715
2006-08-23,11.9099,19.311,11.614,16.5055,14.8351
2006-08-24,1.9283,12.1506,0.7932,0.227,3.7748
2006-08-25,16.0099,3.2591,25.2242,22.0762,16.6424
2006-08-26,3.5204,4.0789,6.0939,9.9968,5.9225
2006-08-27,6.6775,14.6984,11.2752,11.4242,11.0188
2006-08-28,7.0514,16.0817,8.2971,10.4265,10.4642
2006-08-29,3.9703,17.5142,4.7084,3.4629,7.4139
2006-08-30,3.8743,18.6116,4.4735,12.3209,9.8201
2006-08-31,1.7856,4.2706,2.0236,3.2092,2.8223
2006-09-01,1.4431,1.6265,0.4891,0.2362,0.9487
2006-09-02,36.1465,34.1582,41.6645,26.8556,34.7062
2006-09-03,6.5216,19.6334,8.3369,19.1329,13.4062
2006-09-04,12.386,1.2507,4.1215,0.0,4.4395
2006-09-05,29.3967,12.5792,35.806,21.5049,24.8217
2006-09-06,22.7559,15.0469,26.0557,9.8762,18.4337
2006-09-07,4.3611,7.36,7.898,7.1985,6.7044
2006-09-08,0.0,0.0,0.0,0.0,0.0
2006-09-09,0.0,0.9866,0.0,0.0,0.2467
2006-09-10,0.0,0.0,0.0,0.0,0.0
2006-09-11,0.5027,1.3514,0.2035,0.0,0.5144
2006-09-12,0.5015,2.5638,2.5019,8.9386,3.6264
2006-09-13,0.8335,2.3604,1.6798,2.1877,1.7653
2006-09-14,2.288,0.2887,1.166,0.0,0.9357
2006-09-15,40.3901,17.8214,62.192,11.4931,32.9742
2006-09-16,9.6936,59.6841,8.9054,12.916,22.7998
2006-09-17,13.4602,116.5587,17.371,11.3069,39.6742
2006-09-18,21.0461,22.98,12.0101,15.4979,17.8835
2006-09-19,14.9898,46.5813,15.2951,23.4457,25.078
2006-09-20,0.0,0.5792,0.0,0.0,0.1448
2006-09-21,17.2632,8.9197,4.7087,2.3378,8.3074
2006-09-22,2.9123,8.7043,3.3747,1.3607,4.088
2006-09-23,0.2792,0.0,0.3298,0.0,0.1522
2006-09-24,1.8616,0.1406,2.8913,0.0,1.2234
2006-09-25,0.0,0.0,0.1257,0.0,0.0314
2006-09-26,0.0,0.0,0.0,0.0,0.0
2006-09-27,2.7106,0.0,3.6583,2.1846,2.1384
2006-09-28,0.9238,0.101,0.2419,0.0,0.3167
2006-09-29,2.5495,0.0,3.9598,0.0,1.6273
2006-09-30,11.0273,10.0845,13.9256,0.4409,8.8696
2006-10-01,10.3801,26.326,17.6163,16.5588,17.7203
2006-10-02,144.4444,47.4676,103.5016,26.5656,80.4948
2006-10-03,39.0954,5.3837,64.0491,17.8664,31.5986
2006-10-04,0.0,0.1026,1.5971,6.9588,2.1646
2006-10-05,13.6662,16.4665,3.6062,0.2924,8.5078
2006-10-06,0.1468,2.5576,0.0,0.0,0.6761
2006-10-07,0.0,0.0,0.0,0.0,0.0
2006-10-08,0.0,0.0,0.0,0.0,0.0
2006-10-09,0.0,0.0,0.0,0.0,0.0
2006-10-10,0.3687,0.2154,0.1458,0.0,0.1825
2006-10-11,6.9364,0.1929,3.9271,10.7389,5.4488
2006-10-12,0.0,0.0,0.0,0.0,0.0
2006-10-13,0.0,0.0,0.0,0.0,0.0
2006-10-14,0.0,0.0,0.0,0.0,0.0
2006-10-15,0.0,0.0,0.0,0.0,0.0
2006-10-16,0.0,0.0,0.0,0.0,0.0
2006-10-17,0.0,0.0,0.0,0.0,0.0
2006-10-18,0.0,0.0,0.0,0.0,0.0
2006-10-19,0.0,0.0,0.0,0.0,0.0
2006-10-20,0.0,0.0,0.0,0.0,0.0
2006-10-21,0.0,0.0,0.0,0.0,0.0
2006-10-22,0.0,0.0,0.0,0.0,0.0
2006-10-23,0.0,0.0,0.0,0.0,0.0
2006-10-24,0.0,0.0,0.0,0.0,0.0
2006-10-25,0.0,0.0,0.0,0.0,0.0
2006-10-26,0.0,0.0,0.0,0.0,0.0
2006-10-27,0.0,0.0,0.0,0.0,0.0
2006-10-28,0.0,0.0,0.0,0.0,0.0
2006-10-29,0.0,0.0,0.0,0.0,0.0
2006-10-30,0.0,0.0,0.0,0.0,0.0
2006-10-31,0.0,0.0,0.0,0.0,0.0
2006-11-01,0.0,0.0,0.0,0.0,0.0
2006-11-02,0.0,0.0,0.0,0.0,0.0
2006-11-03,0.0,0.0,0.0,0.0,0.0
2006-11-04,0.0,0.0,0.0,0.0,0.0
2006-11-05,0.0,0.0,0.0,0.0,0.0
2006-11-06,6.7645,68.7258,3.2782,1.1893,19.9895
2006-11-07,0.0,0.0,0.0,0.0,0.0
2006-11-08,0.0,0.0,0.0,0.0,0.0
2006-11-09,0.0,0.0,0.0,0.0,0.0
2006-11-10,0.0,0.0,0.0,0.0,0.0
2006-11-11,0.0,0.0,0.0,0.0,0.0
2006-11-12,0.0,0.0,0.0,0.0,0.0
2006-11-13,0.0,0.0,0.0,0.0,0.0
2006-11-14,0.0,0.0,0.0,0.0,0.0
2006-11-15,0.0,0.0,0.0,0.0,0.0
2006-11-16,0.0,0.0,0.0,0.0,0.0
2006-11-17,0.0,0.0,0.0,0.0,0.0
2006-11-18,0.0,0.0,0.0,0.0,0.0
2006-11-19,0.0,0.0,0.0,0.0,0.0
2006-11-20,0.0,0.0,0.0,0.0,0.0
2006-11-21,0.0,0.0,0.0,0.0,0.0
2006-11-22,0.0,0.0,0.0,0.0,0.0
2006-11-23,0.0,0.0,0.0,0.0,0.0
2006-11-24,0.0,0.0,0.0,0.0,0.0
2006-11-25,0.0,0.0,0.0,0.0,0.0
2006-11-26,0.0,0.0,0.0,0.0,0.0
2006-11-27,0.0,0.0,0.0,0.0,0.0
2006-11-28,0.0,0.0,0.0,0.0,0.0
2006-11-29,0.0,0.0,0.0,0.0,0.0
2006-11-30,0.0,0.0,0.0,0.0,0.0
2006-12-01,0.0,0.0,0.0,0.0,0.0
2006-12-02,0.0,0.0,0.0,0.0,0.0
2006-12-03,0.0,0.0,0.0,0.0,0.0
2006-12-04,0.0,0.0,0.0,0.0,0.0
2006-12-05,0.0,0.0,0.0,0.0,0.0
2006-12-06,0.0,0.0,0.0,0.0,0.0
2006-12-07,0.0,0.0,0.0,0.0,0.0
2006-12-08,0.0,0.0,0.0,0.0,0.0
2006-12-09,0.0,0.0,0.0,0.0,0.0
2006-12-10,0.0,0.0,0.0,0.0,0.0
2006-12-11,0.0,0.0,0.0,0.0,0.0
2006-12-12,0.0,0.0,0.0,0.0,0.0
2006-12-13,0.0,0.0,0.0,0.0,0.0
2006-12-14,0.0,0.0,0.0,0.0,0.0
2006-12-15,0.0,0.0,0.0,0.0,0.0
2006-12-16,0.0,0.0,0.0,0.0,0.0
2006-12-17,0.0,0.0,0.0,0.0,0.0
2006-12-18,0.0,0.0,0.0,0.0,0.0
2006-12-19,0.0,0.0,0.0,0.0,0.0
2006-12-20,0.0,0.0,0.0,0.0,0.0
2006-12-21,0.0,0.0,0.0,0.0,0.0
2006-12-22,0.0,0.0,0.0,0.0,0.0
2006-12-23,0.0,0.0,0.0,0.0,0.0
2006-12-24,0.0,0.0,0.0,0.0,0.0
2006-12-25,0.0,0.0,0.0,0.0,0.0
2006-12-26,0.0,0.0,0.0,0.0,0.0
2006-12-27,0.0,0.0,0.0,0.0,0.0
2006-12-28,0.0,0.0,0.0,0.0,0.0
2006-12-29,0.0,0.0,0.0,0.0,0.0
2006-12-30,0.0,0.0,0.0,0.0,0.0
2006-12-31,0.0,0.0,0.0,0.0,0.0
2007-01-01,0.0,0.0,0.0,0.0,0.0
2007-01-02,0.0,0.0,0.0,0.0,0.0
2007-01-03,0.0,0.0,0.0,0.0,0.0
2007-01-04,0.0,0.0,0.0,0.0,0.0
2007-01-05,0.0,0.0,0.0,0.0,0.0
2007-01-06,0.0,0.0,0.0,0.0,0.0
2007-01-07,0.0,0.0,0.0,0.0,0.0
2007-01-08,0.0,0.0,0.0,0.0,0.0
2007-01-09,0.0,0.0,0.0,0.0,0.0
2007-01-10,0.0,0.0,0.0,0.0,0.0
2007-01-11,0.0,0.0,0.0,0.0,0.0
2007-01-12,0.0,0.0,0.0,0.0,0.0
2007-01-13,0.0,0.0,0.0,0.0,0.0
2007-01-14,0.0,0.0,0.0,0.0,0.0
2007-01-15,0.0,0.0,0.0,0.0,0.0
2007-01-16,0.0,0.0,0.0,0.0,0.0
2007-01-17,0.0,0.0,0.0,0.0,0.0
2007-01-18,0.0,0.0,0.0,0.0,0.0
2007-01-19,0.0,0.0,0.0,0.0,0.0
2007-01-20,0.0,0.0,0.0,0.0,0.0
2007-01-21,0.0,0.0,0.0,0.0,0.0
2007-01-22,0.0,0.0,0.0,0.0,0.0
2007-01-23,0.0,0.0,0.0,0.0,0.0
2007-01-24,0.0,0.0,0.0,0.0,0.0
2007-01-25,0.0,0.0,0.0,0.0,0.0
2007-01-26,0.0,0.0,0.0,0.0,0.0
2007-01-27,0.0,0.0,0.0,0.0,0.0
2007-01-28,0.0,0.0,0.0,0.0,0.0
2007-01-29,0.0,0.0,0.0,0.0,0.0
2007-01-30,0.0,0.0,0.0,0.0,0.0
2007-01-31,0.0,0.0,0.0,0.0,0.0
2007-02-01,0.0,0.0,0.0,0.0,0.0
2007-02-02,0.0,0.0,0.0,0.0,0.0
2007-02-03,0.0,0.0,0.0,0.0,0.0
2007-02-04,0.0,0.0,0.0,0.0,0.0
2007-02-05,0.0,0.0,0.0,0.0,0.0
2007-02-06,0.0,0.0,0.0,0.0,0.0
2007-02-07,0.0,0.0,0.0,0.0,0.0
2007-02-08,0.0,0.0,0.0,0.0,0.0
2007-02-09,0.0,0.0,0.0,0.0,0.0
2007-02-10,0.0,0.0,0.0,0.0,0.0
2007-02-11,0.0,0.0,0.0,0.0,0.0
2007-02-12,0.0,0.0,0.0,0.0,0.0
2007-02-13,0.0,0.0,0.0,0.0,0.0
2007-02-14,0.0,0.0,0.0,0.0,0.0
2007-02-15,0.0,0.0,0.0,0.0,0.0
2007-02-16,0.0,0.0,0.0,0.0,0.0
2007-02-17,0.0,0.0,0.0,0.0,0.0
2007-02-18,0.0,0.0,0.0,0.0,0.0
2007-02-19,0.0,0.0,0.0,0.0,0.0
2007-02-20,0.0,0.0,0.0,0.0,0.0
2007-02-21,0.0,0.0,0.0,0.0,0.0
2007-02-22,0.0,0.0,0.0,0.0,0.0
2007-02-23,0.0,0.0,0.0,0.0,0.0
2007-02-24,0.0,0.0,0.0,0.0,0.0
2007-02-25,0.0,0.0,0.0,0.0,0.0
2007-02-26,0.0,0.0,0.0,0.0,0.0
2007-02-27,0.0,0.0,0.0,0.0,0.0
2007-02-28,0.0,0.0,0.0,0.0,0.0
2007-03-01,0.0,0.0,0.0,0.0,0.0
2007-03-02,0.0,0.0,0.0,0.0,0.0
2007-03-03,0.0,0.0,0.0,0.0,0.0
2007-03-04,0.0,0.0,0.0,0.0,0.0
2007-03-05,0.0,0.0,0.0,0.0,0.0
2007-03-06,0.0,0.0,0.0,0.0,0.0
2007-03-07,0.0,0.0,0.0,0.0,0.0
2007-03-08,0.0,0.0,0.0,0.0,0.0
2007-03-09,0.0,0.0,0.0,0.0,0.0
2007-03-10,0.0,0.0,0.0,0.0,0.0
2007-03-11,0.0,0.0,0.0,0.0,0.0
2007-03-12,0.0,0.0,0.0,0.0,0.0
2007-03-13,0.0,0.0,0.0,0.0,0.0
2007-03-14,0.0,0.0,0.0,0.0,0.0
2007-03-15,0.0,0.0,0.0,0.0,0.0
2007-03-16,0.0,0.0,0.0,0.0,0.0
2007-03-17,0.0,0.0,0.0,0.0,0.0
2007-03-18,0.0,0.0,0.0,0.0,0.0
2007-03-19,0.0,0.0,0.0,0.0,0.0
2007-03-20,0.0,0.0,0.0,0.0,0.0
2007-03-21,0.0,0.0,0.0,0.0,0.0
2007-03-22,0.0,0.0,0.0,0.0,0.0
2007-03-23,0.0,0.0,0.0,0.0,0.0
2007-03-24,0.0,0.0,0.0,0.0,0.0
2007-03-25,0.0,0.0,0.0,0.0,0.0
2007-03-26,0.0,0.0,0.0,0.0,0.0
2007-03-27,0.0,0.0,0.0,0.0,0.0
2007-03-28,0.0,0.0,0.0,0.0,0.0
2007-03-29,0.0,0.0,0.0,0.0,0.0
2007-03-30,0.0,0.0,0.0,0.0,0.0
2007-03-31,0.0,0.0,0.0,0.0,0.0
2007-04-01,0.0,0.0,0.0,0.0,0.0
2007-04-02,0.0,0.0,0.0,0.0,0.0
2007-04-03,0.0,0.0,0.0,0.0,0.0
2007-04-04,0.0,0.0,0.0,0.0,0.0
2007-04-05,0.0,0.0,0.0,0.0,0.0
2007-04-06,0.0,0.0,0.0,0.0,0.0
2007-04-07,0.0,0.0,0.0,0.0,0.0
2007-04-08,0.0,0.0,0.0,0.0,0.0
2007-04-09,0.0,0.0,0.0,0.0,0.0
2007-04-10,0.0,0.0,0.0,0.0,0.0
2007-04-11,0.0,0.0,0.0,0.0,0.0
2007-04-12,0.0,0.0,0.0,0.0,0.0
2007-04-13,0.0,0.0,0.0,0.0,0.0
2007-04-14,0.0,0.0,0.0,0.0,0.0
2007-04-15,0.0,0.0,0.0,0.0,0.0
2007-04-16,0.0,0.0,0.0,0.0,0.0
2007-04-17,0.0,0.0,0.0,0.1478,0.0369
2007-04-18,0.0,0.0,0.0,0.0,0.0
2007-04-19,0.0,0.0,0.0,0.0,0.0
2007-04-20,0.0,0.0,0.0,0.0,0.0
2007-04-21,0.0,0.0,0.0,0.0,0.0
2007-04-22,0.0,0.0,0.0,0.0,0.0
2007-04-23,0.0,0.0,0.0,0.0,0.0
2007-04-24,0.0,0.0,0.0,0.0,0.0
2007-04-25,0.0,0.0,0.0,0.0,0.0
2007-04-26,0.0,0.0,0.0,0.0,0.0
2007-04-27,0.0,0.0,0.0,0.0,0.0
2007-04-28,0.0,0.0,0.0,0.0,0.0
2007-04-29,0.0,0.0,0.0,0.0,0.0
2007-04-30,0.0,0.0,0.0,0.0,0.0
2007-05-01,0.0,0.0,0.0,0.0,0.0
2007-05-02,0.0,0.0,0.0,0.0,0.0
2007-05-03,0.0,0.0,0.0,0.0,0.0
2007-05-04,1.9189,0.0,0.9041,0.0,0.7057
2007-05-05,0.0,0.0,0.0,0.0,0.0
2007-05-06,0.0,0.0,0.0,0.0,0.0
2007-05-07,0.0,0.0,0.0,0.0,0.0
2007-05-08,0.0,0.0,0.0,0.0,0.0
2007-05-09,0.0,0.0,0.0,0.0,0.0
2007-05-10,0.0,0.0,0.0,0.0,0.0
2007-05-11,0.0,0.0,0.0,0.0,0.0
2007-05-12,0.0,0.0,0.0,0.0,0.0
2007-05-13,0.0,0.0,0.0,0.0,0.0
2007-05-14,0.0,0.0,0.0,0.0,0.0
2007-05-15,0.0,0.0,0.0,0.0,0.0
2007-05-16,0.0,0.0,0.0,0.0,0.0
2007-05-17,0.0,0.0,0.0,0.0,0.0
2007-05-18,65.6643,82.6322,35.7944,2.8301,46.7302
2007-05-19,0.0,0.0,0.0,0.0,0.0
2007-05-20,0.0,0.0,0.0,0.0,0.0
2007-05-21,0.0,0.0,0.0,0.0,0.0
2007-05-22,0.0,0.0,0.0,0.0,0.0
2007-05-23,0.0,0.0,0.0,0.0,0.0
2007-05-24,0.0,0.0,0.0,0.0,0.0
2007-05-25,0.0,0.0,0.0,0.0,0.0
2007-05-26,0.0,0.0,0.0,0.0,0.0
2007-05-27,76.0965,53.471,36.026,2.1365,41.9325
2007-05-28,70.3445,82.6322,37.9994,2.8301,48.4515
2007-05-29,0.4812,0.9653,0.3765,0.0,0.4558
2007-05-30,0.0,0.0,0.0,0.0,0.0
2007-05-31,0.0,0.0,0.0,0.0,0.0
2007-06-01,4.8569,4.0912,7.715,9.9289,6.648
2007-06-02,0.138,1.0387,0.2148,0.0,0.3479
2007-06-03,0.8056,5.3096,1.7565,1.3015,2.2933
2007-06-04,6.0547,41.6441,10.4309,3.1324,15.3155
2007-06-05,0.0,0.0,0.0,0.0,0.0
2007-06-06,0.0,0.0,0.0,0.0,0.0
2007-06-07,0.4704,1.5444,0.4613,0.0,0.619
2007-06-08,0.0,0.0,0.0,0.0,0.0
2007-06-09,0.0,0.0,0.0,0.0,0.0
2007-06-10,0.4056,0.0,0.1911,0.0,0.1492
2007-06-11,0.702,0.0,0.3308,0.0,0.2582
2007-06-12,0.276,1.9305,0.4297,0.0,0.6591
2007-06-13,1.4413,1.3514,0.8888,0.0,0.9204
2007-06-14,3.3868,15.3992,14.0611,20.9901,13.4593
2007-06-15,15.5622,47.7361,23.3833,19.659,26.5851
2007-06-16,2.7533,4.4111,3.9442,4.1333,3.8105
2007-06-17,3.1825,5.0193,2.2785,0.0,2.6201
2007-06-18,10.0892,5.3388,8.4697,7.6977,7.8989
2007-06-19,21.3207,30.7403,35.3029,46.7242,33.522
2007-06-20,7.3713,9.3726,10.9404,13.1799,10.216
2007-06-21,25.1621,18.9749,14.6201,6.7215,16.3697
2007-06-22,1.7286,6.0598,9.0019,14.9887,7.9447
2007-06-23,24.7704,21.0195,24.1949,23.2096,23.2986
2007-06-24,93.9626,78.3452,85.4801,75.2774,83.2663
2007-06-25,80.885,69.904,108.5758,135.871,98.809
2007-06-26,13.3155,26.6275,17.9904,18.7138,19.1618
2007-06-27,20.3364,23.3163,20.0066,19.4317,20.7727
2007-06-28,15.9591,23.5789,29.4877,40.9702,27.499
2007-06-29,112.2797,57.5289,70.6527,42.2816,70.6857
2007-06-30,144.7751,90.2142,85.0723,41.472,90.3834
2007-07-01,96.977,239.4474,113.7561,83.1437,133.3311
2007-07-02,115.0056,141.6725,131.8286,142.8519,132.8397
2007-07-03,78.2576,72.0503,87.3939,100.8722,84.6435
2007-07-04,31.5189,33.2419,71.9072,113.9178,62.6465
2007-07-05,31.7412,28.1232,29.1963,27.7847,29.2113
2007-07-06,8.5795,35.729,28.8711,40.6726,28.463
2007-07-07,2.4423,2.5652,7.6637,13.0406,6.428
2007-07-08,3.9137,3.0672,3.9046,4.3894,3.8187
2007-07-09,5.2134,5.1308,11.0626,16.6351,9.5105
2007-07-10,3.4712,7.9288,5.5803,6.4652,5.8614
2007-07-11,11.4924,5.5319,12.5414,16.0168,11.3956
2007-07-12,3.7834,4.129,9.3872,14.804,8.0259
2007-07-13,12.3331,29.4203,14.1904,10.705,16.6622
2007-07-14,9.3862,11.1391,15.2561,21.0178,14.1998
2007-07-15,4.7132,7.6635,17.0556,28.8438,14.569
2007-07-16,0.686,2.9987,3.3284,5.3541,3.0918
2007-07-17,0.4874,0.0,2.1701,3.9937,1.6628
2007-07-18,2.871,12.2764,3.6668,1.3399,5.0385
2007-07-19,3.8728,6.8686,2.9697,1.1937,3.7262
2007-07-20,1.3112,0.0,0.4293,0.0,0.4351
2007-07-21,1.247,3.8928,1.7074,1.1481,1.9988
2007-07-22,15.5155,5.4789,7.9359,2.7799,7.9276
2007-07-23,0.1953,0.0,0.7546,1.5728,0.6307
2007-07-24,0.6247,0.1766,6.163,11.9834,4.7369
2007-07-25,0.0,0.0,0.0,0.0,0.0
2007-07-26,0.0,0.0,0.0,0.0,0.0
2007-07-27,0.9049,0.0,0.4263,0.0,0.3328
2007-07-28,138.9564,138.2176,133.3918,125.6896,134.0639
2007-07-29,79.0632,143.238,96.2177,94.115,103.1585
2007-07-30,130.0792,26.0858,64.5183,31.1042,62.9469
2007-07-31,10.9532,1.1432,4.3678,0.2439,4.177
2007-08-01,1.0721,3.492,1.6124,1.2208,1.8493
2007-08-02,37.759,9.7018,17.1017,3.9835,17.1365
2007-08-03,50.0062,28.8215,27.0269,3.2262,27.2702
2007-08-04,101.8238,78.4121,86.3011,77.4726,86.0024
2007-08-05,42.0396,78.1685,55.4178,58.7179,58.5859
2007-08-06,64.2792,58.6578,71.0924,81.99,69.0049
2007-08-07,17.7386,20.3826,33.7935,49.3897,30.3261
2007-08-08,98.1391,154.3735,104.2961,95.9842,113.1982
2007-08-09,6.0201,2.2561,23.5885,43.0923,18.7392
2007-08-10,6.1998,18.4706,19.9061,29.5765,18.5382
2007-08-11,4.871,17.3283,11.5586,14.3586,12.0291
2007-08-12,5.6107,10.0981,12.4735,18.2871,11.6173
2007-08-13,7.0043,20.9438,11.0514,10.5143,12.3784
2007-08-14,1.7925,4.4659,11.6967,20.9908,9.7365
2007-08-15,6.0936,4.2503,14.6396,22.9057,11.9723
2007-08-16,9.3546,2.8691,8.209,9.3248,7.4394
2007-08-17,0.6351,2.0605,3.5332,6.0791,3.077
2007-08-18,2.3465,6.2997,3.0118,2.5744,3.5581
2007-08-19,2.6996,13.6303,5.4519,4.7037,6.6214
2007-08-20,13.7186,25.2586,30.5633,43.7672,28.3269
2007-08-21,9.647,11.0105,5.0922,0.4462,6.549
2007-08-22,5.344,26.8241,10.8178,9.0789,13.0162
2007-08-23,2.3995,4.6848,10.8917,18.6792,9.1638
2007-08-24,2.4135,3.1778,1.3811,0.2586,1.8078
2007-08-25,0.0,0.0,0.0,0.0,0.0
2007-08-26,7.6655,13.9476,11.0119,12.376,11.2502
2007-08-27,12.3006,0.3354,6.9352,4.5932,6.0411
2007-08-28,47.1225,11.5781,22.2612,7.4943,22.114
2007-08-29,16.7473,25.7653,40.0511,61.3951,35.9897
2007-08-30,62.2988,142.1645,88.3733,87.1605,94.9993
2007-08-31,24.3359,38.7761,37.6697,47.2093,36.9977
2007-09-01,8.5234,13.5376,33.2264,56.8764,28.0409
2007-09-02,16.8532,23.7418,21.517,24.806,21.7295
2007-09-03,5.3105,2.3008,4.224,4.1703,4.0014
2007-09-04,5.1057,6.6527,2.9531,0.1882,3.7249
2007-09-05,15.3794,27.0333,18.6449,18.2488,19.8266
2007-09-06,17.0808,43.2012,36.5445,48.5041,36.3327
2007-09-07,7.8779,13.599,22.0021,34.5991,19.5195
2007-09-08,5.9958,5.895,15.3086,24.9514,13.0377
2007-09-09,0.6556,0.0,0.2146,0.0,0.2175
2007-09-10,0.0,0.0,0.0,0.0,0.0
2007-09-11,0.0,0.0,0.0,0.0,0.0
2007-09-12,0.0,0.0,0.0,0.0,0.0
2007-09-13,0.0,0.0,0.0,0.0,0.0
2007-09-14,0.0,0.0,0.0,0.0,0.0
2007-09-15,4.0375,0.2015,7.3931,11.6059,5.8095
2007-09-16,2.2057,3.861,1.6385,0.0,1.9263
2007-09-17,2.0809,3.861,1.5797,0.0,1.8804
2007-09-18,1.358,0.0,0.4513,0.0,0.4523
2007-09-19,106.6675,39.2816,80.1741,64.7453,72.7171
2007-09-20,108.9418,113.515,75.8963,42.1728,85.1315
2007-09-21,30.9726,24.3087,22.6151,15.6452,23.3854
2007-09-22,20.7355,17.739,11.7176,3.0879,13.32
2007-09-23,9.5243,2.4953,3.8102,0.1774,4.0018
2007-09-24,15.2066,12.4098,9.5304,3.6524,10.1998
2007-09-25,8.4199,11.5812,7.346,4.5178,7.9662
2007-09-26,28.4704,35.4748,20.1456,9.9864,23.5193
2007-09-27,0.702,0.0,0.3308,0.0,0.2582
2007-09-28,17.3931,3.2921,7.3246,0.2033,7.0533
2007-09-29,38.3672,18.9845,35.6133,37.5325,32.6244
2007-09-30,22.981,5.3464,8.3722,0.4541,9.2884
2007-10-01,0.0,0.0,0.0,0.0,0.0
2007-10-02,0.0,0.0,0.0,0.0,0.0
2007-10-03,0.0,0.0,0.0,0.0,0.0
2007-10-04,0.0,0.0,0.0,0.0,0.0
2007-10-05,0.0,0.0,0.0,0.0,0.0
2007-10-06,0.0,0.0,0.0,0.0,0.0
2007-10-07,0.0,0.0,0.0,0.0,0.0
2007-10-08,0.0,0.0,0.0,0.0,0.0
2007-10-09,0.546,0.1302,0.2573,0.0,0.2334
2007-10-10,0.0,0.0,0.0,0.0,0.0
2007-10-11,0.0,0.0,0.0,0.0,0.0
2007-10-12,0.0,0.0,0.0,0.0,0.0
2007-10-13,0.0,0.0,0.0,0.0,0.0
2007-10-14,0.0,0.0,0.0,0.0,0.0
2007-10-15,0.0,0.0,0.0,0.0,0.0
2007-10-16,0.0,0.0,0.0,0.0,0.0
2007-10-17,0.0,0.0,0.0,0.0,0.0
2007-10-18,0.0,0.0,0.0,0.0,0.0
2007-10-19,0.0,0.0,0.0,0.0,0.0
2007-10-20,0.0,0.0,0.0,0.0,0.0
2007-10-21,0.0,0.0,0.0,0.0,0.0
2007-10-22,0.0,0.0,0.0,0.0,0.0
2007-10-23,0.0,0.0,0.0,0.0,0.0
2007-10-24,0.0,0.0,0.0,0.0,0.0
2007-10-25,0.0,0.0,0.0,0.0,0.0
2007-10-26,0.0,0.0,0.0,0.0,0.0
2007-10-27,0.0,0.0,0.0,0.0,0.0
2007-10-28,0.0,0.0,0.0,0.0,0.0
2007-10-29,0.0,0.0,0.0,0.0,0.0
2007-10-30,0.0,0.0,0.0,0.0,0.0
2007-10-31,0.0,0.0,0.0,0.0,0.0
2007-11-01,0.0,0.0,0.0,0.0,0.0
2007-11-02,0.0,0.0,0.0,0.0,0.0
2007-11-03,0.0,0.0,0.0,0.0,0.0
2007-11-04,0.0,0.0,0.0,0.0,0.0
2007-11-05,0.0,0.0,0.0,0.0,0.0
2007-11-06,0.0,0.0,0.0,0.0,0.0
2007-11-07,0.0,0.0,0.0,0.0,0.0
2007-11-08,0.0,0.0,0.0,0.0,0.0
2007-11-09,0.0,0.0,0.0,0.0,0.0
2007-11-10,0.0,0.0,0.0,0.0,0.0
2007-11-11,0.0,0.0,0.0,0.0,0.0
2007-11-12,0.0,0.0,0.0,0.0,0.0
2007-11-13,0.0,0.0,0.0,0.0,0.0
2007-11-14,0.0,0.0,0.0,0.0,0.0
2007-11-15,0.0,0.0,0.0,0.0,0.0
2007-11-16,0.0,0.0,0.0,0.0,0.0
2007-11-17,0.0,0.0,0.0,0.0,0.0
2007-11-18,0.0,0.0,0.0,0.0,0.0
2007-11-19,0.0,0.0,0.0,0.0,0.0
2007-11-20,0.0,0.0,0.0,0.0,0.0
2007-11-21,0.0,0.0,0.0,0.0,0.0
2007-11-22,0.0,0.0,0.0,0.0,0.0
2007-11-23,0.0,0.0,0.0,0.0,0.0
2007-11-24,0.0,0.0,0.0,0.0,0.0
2007-11-25,0.0,0.0,0.0,0.0,0.0
2007-11-26,0.0,0.0,0.0,0.0,0.0
2007-11-27,0.0,0.0,0.0,0.0,0.0
2007-11-28,0.0,0.0,0.0,0.0,0.0
2007-11-29,0.0,0.0,0.0,0.0,0.0
2007-11-30,0.0,0.0,0.0,0.0,0.0
2007-12-01,0.0,0.0,0.0,0.0,0.0
2007-12-02,0.0,0.0,0.0,0.0,0.0
2007-12-03,0.0,0.0,0.0,0.0,0.0
2007-12-04,0.0,0.0,0.0,0.0,0.0
2007-12-05,0.0,0.0,0.0,0.0,0.0
2007-12-06,0.0,0.0,0.0,0.0,0.0
2007-12-07,0.0,0.0,0.0,0.0,0.0
2007-12-08,0.0,0.0,0.0,0.0,0.0
2007-12-09,0.0,0.0,0.0,0.0,0.0
2007-12-10,0.0,0.0,0.0,0.0,0.0
2007-12-11,0.0,0.0,0.0,0.0,0.0
2007-12-12,0.0,0.0,0.0,0.0,0.0
2007-12-13,0.0,0.0,0.0,0.0,0.0
2007-12-14,0.0,0.0,0.0,0.0,0.0
2007-12-15,0.0,0.0,0.0,0.0,0.0
2007-12-16,0.0,0.0,0.0,0.0,0.0
2007-12-17,0.0,0.0,0.0,0.0,0.0
2007-12-18,0.0,0.0,0.0,0.0,0.0
2007-12-19,0.0,0.0,0.0,0.0,0.0
2007-12-20,0.0,0.0,0.0,0.0,0.0
2007-12-21,0.0,0.0,0.0,0.0,0.0
2007-12-22,0.0,0.0,0.0,0.0,0.0
2007-12-23,0.0,0.0,0.0,0.0,0.0
2007-12-24,0.0,0.0,0.0,0.0,0.0
2007-12-25,0.0,0.0,0.0,0.0,0.0
2007-12-26,0.0,0.0,0.0,0.0,0.0
2007-12-27,0.0,0.0,0.0,0.0,0.0
2007-12-28,0.0,0.0,0.0,0.0,0.0
2007-12-29,0.0,0.0,0.0,0.0,0.0
2007-12-30,0.0,0.0,0.0,0.0,0.0
2007-12-31,0.0,0.0,0.0,0.0,0.0
2008-01-01,0.0,0.0,0.0,0.0,0.0
2008-01-02,0.0,0.0,0.0,0.0,0.0
2008-01-03,0.0,0.0,0.0,0.0,0.0
2008-01-04,0.0,0.0,0.0,0.0,0.0
2008-01-05,0.0,0.0,0.0,0.0,0.0
2008-01-06,0.0,0.0,0.0,0.0,0.0
2008-01-07,0.0,0.0,0.0,0.0,0.0
2008-01-08,0.0,0.0,0.0,0.0,0.0
2008-01-09,0.0,0.0,0.0,0.0,0.0
2008-01-10,0.0,0.0,0.0,0.0,0.0
2008-01-11,0.0,0.0,0.0,0.0,0.0
2008-01-12,0.0,0.0,0.0,0.0,0.0
2008-01-13,0.0,0.0,0.0,0.0,0.0
2008-01-14,0.0,0.0,0.0,0.0,0.0
2008-01-15,0.0,0.0,0.0,0.0,0.0
2008-01-16,0.0,0.0,0.0,0.0,0.0
2008-01-17,0.0,0.0,0.0,0.0,0.0
2008-01-18,0.0,0.0,0.0,0.0,0.0
2008-01-19,0.0,0.0,0.0,0.0,0.0
2008-01-20,0.0,0.0,0.0,0.0,0.0
2008-01-21,0.0,0.0,0.0,0.0,0.0
2008-01-22,0.0,0.0,0.0,0.0,0.0
2008-01-23,0.0,0.0,0.0,0.0,0.0
2008-01-24,0.0,0.0,0.0,0.0,0.0
2008-01-25,0.0,0.0,0.0,0.0,0.0
2008-01-26,0.0,0.0,0.0,0.0,0.0
2008-01-27,0.0,0.0,0.0,0.0,0.0
2008-01-28,0.0,0.0,0.0,0.0,0.0
2008-01-29,0.0,0.0,0.0,0.0,0.0
2008-01-30,0.0,0.0,0.0,0.0,0.0
2008-01-31,0.0,0.0,0.0,0.0,0.0
2008-02-01,0.0,0.0,0.0,0.0,0.0
2008-02-02,0.0,0.0,0.0,0.0,0.0
2008-02-03,0.0,0.0,0.0,0.0,0.0
2008-02-04,0.0,0.0,0.0,0.0,0.0
2008-02-05,0.0,0.0,0.0,0.0,0.0
2008-02-06,0.0,0.0,0.0,0.0,0.0
2008-02-07,0.0,0.0,0.0,0.0,0.0
2008-02-08,0.0,0.0,0.0,0.0,0.0
2008-02-09,0.0,0.0,0.0,0.0,0.0
2008-02-10,0.0,0.0,0.0,0.0,0.0
2008-02-11,0.0,0.0,0.0,0.0,0.0
2008-02-12,0.0,0.0,0.0,0.0,0.0
2008-02-13,0.0,0.0,0.0,0.0,0.0
2008-02-14,0.0,0.0,0.0,0.0,0.0
2008-02-15,0.0,0.0,0.0,0.0,0.0
2008-02-16,0.0,0.0,0.0,0.0,0.0
2008-02-17,0.0,0.0,0.0,0.0,0.0
2008-02-18,0.0,0.0,0.0,0.0,0.0
2008-02-19,0.0,0.0,0.0,0.0,0.0
2008-02-20,0.0,0.0,0.0,0.0,0.0
2008-02-21,0.0,0.0,0.0,0.0,0.0
2008-02-22,0.0,0.0,0.0,0.0,0.0
2008-02-23,0.0,0.0,0.0,0.0,0.0
2008-02-24,0.0,0.0,0.0,0.0,0.0
2008-02-25,0.0,0.0,0.0,0.0,0.0
2008-02-26,0.0,0.0,0.0,0.0,0.0
2008-02-27,0.0,0.0,0.0,0.0,0.0
2008-02-28,0.0,0.0,0.0,0.0,0.0
2008-02-29,0.0,0.0,0.0,0.0,0.0
2008-03-01,0.0,0.0,0.0,0.0,0.0
2008-03-02,0.0,0.0,0.0,0.0,0.0
2008-03-03,0.0,0.0,0.0,0.0,0.0
2008-03-04,0.0,0.0,0.0,0.0,0.0
2008-03-05,0.0,0.0,0.0,0.0,0.0
2008-03-06,0.0,0.0,0.0,0.0,0.0
2008-03-07,0.0,0.0,0.0,0.0,0.0
2008-03-08,0.0,0.0,0.0,0.0,0.0
2008-03-09,0.0,0.0,0.0,0.0,0.0
2008-03-10,0.0,0.0,0.0,0.0,0.0
2008-03-11,0.0,0.0,0.0,0.0,0.0
2008-03-12,0.0,0.0,0.0,0.0,0.0
2008-03-13,0.0,0.0,0.0,0.0,0.0
2008-03-14,0.0,0.0,0.0,0.0,0.0
2008-03-15,0.0,0.0,0.0,0.0,0.0
2008-03-16,0.0,0.0,0.0,0.0,0.0
2008-03-17,0.0,0.0,0.0,0.0,0.0
2008-03-18,0.0,0.0,0.0,0.0,0.0
2008-03-19,0.0,0.0,0.0,0.0,0.0
2008-03-20,0.0,0.0,0.0,0.0,0.0
2008-03-21,0.0,0.0,0.0,0.0,0.0
2008-03-22,0.0,0.0,0.0,0.0,0.0
2008-03-23,0.0,0.0,0.0,0.0,0.0
2008-03-24,0.0,0.0,0.0,0.0,0.0
2008-03-25,0.0,0.0,0.0,0.0,0.0
2008-03-26,0.0,0.0,0.0,0.0,0.0
2008-03-27,0.0,0.0,0.0,0.0,0.0
2008-03-28,0.0,0.0,0.0,0.0,0.0
2008-03-29,0.0,0.0,0.0,0.0,0.0
2008-03-30,0.0,0.0,0.0,0.0,0.0
2008-03-31,0.0,0.0,0.0,0.0,0.0
2008-04-01,0.0,0.0,0.0,0.0,0.0
2008-04-02,0.0,0.0,0.0,0.0,0.0
2008-04-03,0.0,0.0,0.0,0.0,0.0
2008-04-04,0.0,0.0,0.0,0.0,0.0
2008-04-05,0.0,0.0,0.0,0.0,0.0
2008-04-06,0.0,0.0,0.0,0.0,0.0
2008-04-07,0.0,0.0,0.0,0.0,0.0
2008-04-08,1.7433,1.4276,1.3394,1.1891,1.4248
2008-04-09,5.0103,5.9234,5.2039,5.7262,5.4659
2008-04-10,0.2016,0.3674,0.3054,0.394,0.3171
2008-04-11,0.0,0.0,0.0,0.0,0.0
2008-04-12,0.0,0.0,0.0,0.0,0.0
2008-04-13,0.0,0.0,0.0,0.0,0.0
2008-04-14,0.0,0.0,0.0,0.0,0.0
2008-04-15,0.0,0.0,0.0,0.0,0.0
2008-04-16,0.0,0.0,0.0,0.0,0.0
2008-04-17,0.0,0.0,0.0,0.0,0.0
2008-04-18,0.0,0.0,0.0,0.0,0.0
2008-04-19,0.0,0.0,0.0,0.0,0.0
2008-04-20,0.0,0.0,0.0,0.0,0.0
2008-04-21,0.0,0.0,0.0,0.0,0.0
2008-04-22,0.0,0.0,0.0,0.0,0.0
2008-04-23,0.0,0.0,0.0,0.0,0.0
2008-04-24,0.0,0.0,0.0,0.0,0.0
2008-04-25,0.0,0.0,0.0,0.0,0.0
2008-04-26,0.0,0.0,0.0,0.0,0.0
2008-04-27,0.0,0.0,0.0,0.0,0.0
2008-04-28,0.0,0.0,0.0,0.0,0.0
2008-04-29,0.0,0.0,0.0,0.0,0.0
2008-04-30,0.0,0.0,0.0,0.0,0.0
2008-05-01,0.0,0.0,0.0,0.0,0.0
2008-05-02,0.0,0.0,0.0,0.0,0.0
2008-05-03,0.0,0.0,0.0,0.0,0.0
2008-05-04,0.0,0.0,0.0,0.0,0.0
2008-05-05,0.0,0.0,0.0,0.0,0.0
2008-05-06,0.0,0.0,0.0,0.0,0.0
2008-05-07,0.0,0.0,0.0,0.0,0.0
2008-05-08,0.0,0.0,0.0,0.0,0.0
2008-05-09,0.0,0.0,0.0,0.0,0.0
2008-05-10,0.0,0.0,0.0,0.0,0.0
2008-05-11,0.0,0.0,0.0,0.0,0.0
2008-05-12,0.0,0.0,0.0,0.0,0.0
2008-05-13,0.0,0.0,0.0,0.0,0.0
2008-05-14,0.0,0.0,0.0,0.0,0.0
2008-05-15,0.0,0.0,0.0,0.0,0.0
2008-05-16,0.0,0.0,0.0,0.0,0.0
2008-05-17,0.0,0.0,0.0,0.0,0.0
2008-05-18,0.0,0.0,0.0,0.0,0.0
2008-05-19,0.0,0.0,0.0,0.0,0.0
2008-05-20,0.0,0.0,0.0,0.0,0.0
2008-05-21,0.0,0.0,0.0,0.0,0.0
2008-05-22,0.0,0.0,0.0,0.0,0.0
2008-05-23,0.0,0.0,0.0,0.0,0.0
2008-05-24,0.0,0.0,0.0,0.0,0.0
2008-05-25,0.0,0.0,0.0,0.0,0.0
2008-05-26,0.0,0.0,0.0,0.0,0.0
2008-05-27,0.0,0.0,0.0,0.0,0.0
2008-05-28,0.0,0.0,0.0,0.0,0.0
2008-05-29,0.0,0.0,0.0,0.0,0.0
2008-05-30,0.0,0.0,0.0,0.0,0.0
2008-05-31,0.0,0.0,0.0,0.0,0.0
2008-06-01,0.0,0.0,0.0,0.0,0.0
2008-06-02,0.0,0.0,0.0,0.0,0.0
2008-06-03,0.0,0.0,0.0,0.0,0.0
2008-06-04,0.0,0.0,0.0,0.0,0.0
2008-06-05,8.276,13.5624,11.6923,14.5121,12.0107
2008-06-06,2.7991,2.3032,2.1873,1.9494,2.3098
2008-06-07,18.2172,17.1437,17.1597,16.6319,17.2881
2008-06-08,0.6541,0.6594,0.7661,0.7606,0.7101
2008-06-09,4.4744,4.0889,4.1842,3.9853,4.1832
2008-06-10,11.6186,10.9778,11.509,11.1445,11.3125
2008-06-11,7.1763,6.4894,7.1699,6.747,6.8956
2008-06-12,20.7542,20.3372,19.9589,19.7724,20.2057
2008-06-13,1.7233,1.6733,1.9035,1.8593,1.7899
2008-06-14,24.9761,22.8631,23.3616,22.2332,23.3585
2008-06-15,46.9308,43.9865,44.2898,42.8107,44.5044
2008-06-16,0.2881,0.338,0.4879,0.501,0.4038
2008-06-17,0.0,0.0,0.0,0.0,0.0
2008-06-18,0.4496,0.4548,0.4099,0.4166,0.4327
2008-06-19,0.0,0.0,0.0,0.0,0.0
2008-06-20,0.0,0.0,0.0,0.0,0.0
2008-06-21,0.0,0.0,0.0,0.0,0.0
2008-06-22,1.8369,1.5514,1.4991,1.3588,1.5615
2008-06-23,0.1556,0.1713,0.2766,0.2712,0.2187
2008-06-24,6.374,6.5582,6.2949,6.4134,6.4101
2008-06-25,1.233,1.133,1.136,1.0856,1.1469
2008-06-26,5.7507,7.8557,7.509,8.5982,7.4284
2008-06-27,6.3795,5.673,6.1032,5.7173,5.9682
2008-06-28,0.4867,0.8682,0.7491,0.948,0.763
2008-06-29,0.4926,0.5426,0.8659,0.8545,0.6889
2008-06-30,22.4565,19.1109,19.7747,18.003,19.8363
2008-07-01,77.0731,75.1393,74.5373,73.5784,75.082
2008-07-02,122.9529,121.0453,121.1858,120.228,121.353
2008-07-03,35.0579,33.7937,33.4242,32.7913,33.7668
2008-07-04,33.7336,33.1834,34.959,34.5331,34.1023
2008-07-05,25.5255,23.8625,24.304,23.3901,24.2705
2008-07-06,1.228,1.3332,1.6686,1.6928,1.4807
2008-07-07,0.0,0.0,0.0,0.0,0.0
2008-07-08,6.5861,5.6757,5.4041,4.9732,5.6598
2008-07-09,3.0214,3.3528,3.8333,3.963,3.5426
2008-07-10,4.1516,5.1172,5.4832,5.9399,5.173
2008-07-11,104.5322,108.3572,112.5964,114.1617,109.9119
2008-07-12,56.6314,56.9079,55.5054,55.7749,56.2049
2008-07-13,6.9214,6.7239,7.7398,7.5551,7.2351
2008-07-14,3.8327,3.4222,3.5631,3.3262,3.536
2008-07-15,4.4422,4.1553,4.7171,4.5192,4.4585
2008-07-16,54.5264,48.2802,46.4464,43.4941,48.1868
2008-07-17,5.981,5.5203,6.6847,6.3596,6.1364
2008-07-18,0.7002,0.6686,0.8599,0.8274,0.764
2008-07-19,0.4667,0.514,0.8013,0.8013,0.6458
2008-07-20,6.4676,7.1753,7.9244,8.1996,7.4417
2008-07-21,1.4967,1.6098,1.6834,1.7356,1.6314
2008-07-22,17.5498,15.6661,14.7428,13.8794,15.4595
2008-07-23,7.7377,6.8642,6.438,6.0369,6.7692
2008-07-24,1.847,1.5418,1.5171,1.367,1.5682
2008-07-25,8.0328,9.564,10.3366,10.9957,9.7323
2008-07-26,8.1155,8.2496,8.9152,8.8888,8.5423
2008-07-27,11.9995,11.2493,13.0263,12.5022,12.1943
2008-07-28,71.5811,67.1034,63.6324,61.7117,66.0071
2008-07-29,49.0967,46.539,47.681,46.3185,47.4088
2008-07-30,151.3106,143.7931,144.4376,140.6902,145.0579
2008-07-31,22.7826,20.6303,20.7081,19.6086,20.9324
2008-08-01,4.3346,3.8714,4.3504,4.0728,4.1573
2008-08-02,49.4669,47.6119,47.8774,46.9557,47.978
2008-08-03,43.6005,41.524,44.2694,42.9896,43.0959
2008-08-04,51.9086,49.8432,49.357,48.396,49.8762
2008-08-05,42.3669,40.1697,40.7281,39.6079,40.7181
2008-08-06,31.8449,29.6374,29.725,28.541,29.9371
2008-08-07,50.6044,47.3785,47.6112,45.9789,47.8933
2008-08-08,12.1568,12.5435,13.0429,13.2042,12.7369
2008-08-09,28.0362,28.7385,30.0599,30.3243,29.2897
2008-08-10,70.8825,68.0017,66.2771,65.0212,67.5456
2008-08-11,262.0239,262.4929,258.8013,259.4057,260.681
2008-08-12,141.8504,143.6892,145.6102,146.4179,144.3919
2008-08-13,87.8807,85.8387,86.7962,85.7252,86.5602
2008-08-14,41.5232,42.26,42.1472,42.5309,42.1153
2008-08-15,35.1343,34.4183,36.3393,35.8143,35.4266
2008-08-16,20.5855,19.0541,18.9607,18.2119,19.2031
2008-08-17,7.0206,7.1047,7.325,7.3421,7.1981
2008-08-18,3.7101,4.1969,4.2478,4.4908,4.1614
2008-08-19,0.1642,0.2431,0.2641,0.3023,0.2434
2008-08-20,0.0,0.0,0.0,0.0,0.0
2008-08-21,0.0,0.105,0.0,0.1133,0.0546
2008-08-22,0.3658,0.6105,0.5695,0.6963,0.5605
2008-08-23,3.1871,3.4345,3.2678,3.4012,3.3226
2008-08-24,5.2698,4.6356,4.7814,4.4368,4.7809
2008-08-25,0.0,0.0,0.0,0.0,0.0
2008-08-26,0.0,0.0,0.0,0.0,0.0
2008-08-27,12.4829,10.3833,10.1332,9.1054,10.5262
2008-08-28,0.1815,0.1999,0.3126,0.312,0.2515
2008-08-29,0.0,0.0,0.0,0.0,0.0
2008-08-30,0.0,0.0,0.0,0.0,0.0
2008-08-31,0.0,0.0,0.0,0.0,0.0
2008-09-01,0.0,0.0,0.0,0.0,0.0
2008-09-02,13.4545,14.5121,15.2615,15.7436,14.7429
2008-09-03,15.4514,16.5062,18.0014,18.4205,17.0949
2008-09-04,0.0,0.0,0.0,0.0,0.0
2008-09-05,36.6507,35.2986,32.9938,32.5277,34.3677
2008-09-06,19.8525,21.7053,19.5219,20.6364,20.429
2008-09-07,7.5539,7.0485,8.3941,8.0337,7.7575
2008-09-08,0.5587,0.9061,0.8907,1.0607,0.854
2008-09-09,23.8259,22.6287,22.8109,22.2063,22.868
2008-09-10,18.5605,19.2422,18.2242,18.6362,18.6658
2008-09-11,14.0124,15.8991,14.6891,15.7382,15.0847
2008-09-12,12.9185,12.8291,12.2983,12.2917,12.5844
2008-09-13,14.4357,16.4011,17.2634,18.1469,16.5618
2008-09-14,11.8882,12.3512,12.6386,12.8505,12.4321
2008-09-15,38.0257,38.4021,37.9513,38.1726,38.1379
2008-09-16,19.6754,19.3279,20.5081,20.231,19.9356
2008-09-17,53.1938,52.3438,52.8251,52.3599,52.6806
2008-09-18,34.4898,36.074,34.9708,35.8779,35.3531
2008-09-19,120.4412,113.6239,113.0379,109.702,114.2013
2008-09-20,78.0419,90.2254,83.5097,90.2492,85.5066
2008-09-21,3.1503,2.732,2.6289,2.4293,2.7351
2008-09-22,0.0,0.0,0.0,0.0,0.0
2008-09-23,0.0,0.0,0.0,0.0,0.0
2008-09-24,0.0,0.0,0.0,0.0,0.0
2008-09-25,0.0,0.0,0.0,0.0,0.0
2008-09-26,0.0,0.0,0.0,0.0,0.0
2008-09-27,0.0,0.0,0.0,0.0,0.0
2008-09-28,0.0,0.0,0.0,0.0,0.0
2008-09-29,0.0,0.0,0.0,0.0,0.0
2008-09-30,0.0,0.0,0.0,0.0,0.0
2008-10-01,0.0,0.0,0.0,0.0,0.0
2008-10-02,0.0,0.0,0.0,0.0,0.0
2008-10-03,0.0,0.0,0.0,0.0,0.0
2008-10-04,15.0484,16.4825,15.7043,16.5018,15.9343
2008-10-05,0.1453,0.119,0.1116,0.0,0.094
2008-10-06,7.5414,8.8203,7.876,8.6028,8.2101
2008-10-07,1.5839,2.8864,2.3993,3.0959,2.4914
2008-10-08,1.5046,1.2468,1.205,1.0799,1.2591
2008-10-09,0.0,0.0,0.0,0.0,0.0
2008-10-10,3.2316,3.792,4.1354,4.3921,3.8878
2008-10-11,0.0,0.0,0.0,0.0,0.0
2008-10-12,0.0,0.0,0.0,0.0,0.0
2008-10-13,0.0,0.0,0.0,0.0,0.0
2008-10-14,0.0,0.0,0.0,0.0,0.0
2008-10-15,0.0,0.0,0.0,0.0,0.0
2008-10-16,0.0,0.0,0.0,0.0,0.0
2008-10-17,0.0,0.0,0.0,0.0,0.0
2008-10-18,0.0,0.0,0.0,0.0,0.0
2008-10-19,0.0,0.0,0.0,0.0,0.0
2008-10-20,0.0,0.0,0.0,0.0,0.0
2008-10-21,0.0,0.0,0.0,0.0,0.0
2008-10-22,0.0,0.0,0.0,0.0,0.0
2008-10-23,0.0,0.0,0.0,0.0,0.0
2008-10-24,0.0,0.0,0.0,0.0,0.0
2008-10-25,0.0,0.0,0.0,0.0,0.0
2008-10-26,0.0,0.0,0.0,0.0,0.0
2008-10-27,0.0,0.0,0.0,0.0,0.0
2008-10-28,0.0,0.0,0.0,0.0,0.0
2008-10-29,0.0,0.0,0.0,0.0,0.0
2008-10-30,0.0,0.0,0.0,0.0,0.0
2008-10-31,0.0,0.0,0.0,0.0,0.0
2008-11-01,0.0,0.0,0.0,0.0,0.0
2008-11-02,0.0,0.0,0.0,0.0,0.0
2008-11-03,0.0,0.0,0.0,0.0,0.0
2008-11-04,0.0,0.0,0.0,0.0,0.0
2008-11-05,0.0,0.0,0.0,0.0,0.0
2008-11-06,0.0,0.0,0.0,0.0,0.0
2008-11-07,0.0,0.0,0.0,0.0,0.0
2008-11-08,0.0,0.0,0.0,0.0,0.0
2008-11-09,0.0,0.0,0.0,0.0,0.0
2008-11-10,0.0,0.0,0.0,0.0,0.0
2008-11-11,0.0,0.0,0.0,0.0,0.0
2008-11-12,0.0,0.0,0.0,0.0,0.0
2008-11-13,0.0,0.0,0.0,0.0,0.0
2008-11-14,0.0,0.0,0.0,0.0,0.0
2008-11-15,0.0,0.0,0.0,0.0,0.0
2008-11-16,0.0,0.0,0.0,0.0,0.0
2008-11-17,0.0,0.0,0.0,0.0,0.0
2008-11-18,0.0,0.0,0.0,0.0,0.0
2008-11-19,0.0,0.0,0.0,0.0,0.0
2008-11-20,0.0,0.0,0.0,0.0,0.0
2008-11-21,0.144,0.2624,0.2181,0.2814,0.2265
2008-11-22,0.0,0.0,0.0,0.0,0.0
2008-11-23,0.0,0.0,0.0,0.0,0.0
2008-11-24,0.0,0.0,0.0,0.0,0.0
2008-11-25,0.0,0.0,0.0,0.0,0.0
2008-11-26,0.0,0.0,0.0,0.0,0.0
2008-11-27,0.0,0.0,0.0,0.0,0.0
2008-11-28,0.0,0.0,0.0,0.0,0.0
2008-11-29,0.0,0.0,0.0,0.0,0.0
2008-11-30,0.0,0.0,0.0,0.0,0.0
2008-12-01,13.5641,12.8784,11.2891,10.9896,12.1803
2008-12-02,0.0,0.0,0.0,0.0,0.0
2008-12-03,0.0,0.0,0.0,0.0,0.0
2008-12-04,0.0,0.0,0.0,0.0,0.0
2008-12-05,0.0,0.0,0.0,0.0,0.0
2008-12-06,0.0,0.0,0.0,0.0,0.0
2008-12-07,0.0,0.0,0.0,0.0,0.0
2008-12-08,0.0,0.0,0.0,0.0,0.0
2008-12-09,0.0,0.0,0.0,0.0,0.0
2008-12-10,0.0,0.0,0.0,0.0,0.0
2008-12-11,0.0,0.0,0.0,0.0,0.0
2008-12-12,0.0,0.0,0.0,0.0,0.0
2008-12-13,0.0,0.0,0.0,0.0,0.0
2008-12-14,0.0,0.0,0.0,0.0,0.0
2008-12-15,0.0,0.0,0.0,0.0,0.0
2008-12-16,0.0,0.0,0.0,0.0,0.0
2008-12-17,0.0,0.0,0.0,0.0,0.0
2008-12-18,0.0,0.0,0.0,0.0,0.0
2008-12-19,0.0,0.0,0.0,0.0,0.0
2008-12-20,0.0,0.0,0.0,0.0,0.0
2008-12-21,0.0,0.0,0.0,0.0,0.0
2008-12-22,0.0,0.0,0.0,0.0,0.0
2008-12-23,0.0,0.0,0.0,0.0,0.0
2008-12-24,0.0,0.0,0.0,0.0,0.0
2008-12-25,0.0,0.0,0.0,0.0,0.0
2008-12-26,0.0,0.0,0.0,0.0,0.0
2008-12-27,0.0,0.0,0.0,0.0,0.0
2008-12-28,0.0,0.0,0.0,0.0,0.0
2008-12-29,0.0,0.0,0.0,0.0,0.0
2008-12-30,0.0,0.0,0.0,0.0,0.0
2008-12-31,0.0,0.0,0.0,0.0,0.0
2009-01-01,0.0,0.0,0.0,0.0,0.0
2009-01-02,0.0,0.0,0.0,0.0,0.0
2009-01-03,0.0,0.0,0.0,0.0,0.0
2009-01-04,0.0,0.0,0.0,0.0,0.0
2009-01-05,0.0,0.0,0.0,0.0,0.0
2009-01-06,0.0,0.0,0.0,0.0,0.0
2009-01-07,0.0,0.0,0.0,0.0,0.0
2009-01-08,0.0,0.0,0.0,0.0,0.0
2009-01-09,0.0,0.0,0.0,0.0,0.0
2009-01-10,0.0,0.0,0.0,0.0,0.0
2009-01-11,0.0,0.0,0.0,0.0,0.0
2009-01-12,0.0,0.0,0.0,0.0,0.0
2009-01-13,0.0,0.0,0.0,0.0,0.0
2009-01-14,0.0,0.0,0.0,0.0,0.0
2009-01-15,0.0,0.0,0.0,0.0,0.0
2009-01-16,0.0,0.0,0.0,0.0,0.0
2009-01-17,0.0,0.0,0.0,0.0,0.0
2009-01-18,0.0,0.0,0.0,0.0,0.0
2009-01-19,0.0,0.0,0.0,0.0,0.0
2009-01-20,0.0,0.0,0.0,0.0,0.0
2009-01-21,0.0,0.0,0.0,0.0,0.0
2009-01-22,0.0,0.0,0.0,0.0,0.0
2009-01-23,0.0,0.0,0.0,0.0,0.0
2009-01-24,0.0,0.0,0.0,0.0,0.0
2009-01-25,0.0,0.0,0.0,0.0,0.0
2009-01-26,0.0,0.0,0.0,0.0,0.0
2009-01-27,0.0,0.0,0.0,0.0,0.0
2009-01-28,0.0,0.0,0.0,0.0,0.0
2009-01-29,0.0,0.0,0.0,0.0,0.0
2009-01-30,0.0,0.0,0.0,0.0,0.0
2009-01-31,0.0,0.0,0.0,0.0,0.0
2009-02-01,0.0,0.0,0.0,0.0,0.0
2009-02-02,0.0,0.0,0.0,0.0,0.0
2009-02-03,0.0,0.0,0.0,0.0,0.0
2009-02-04,0.0,0.0,0.0,0.0,0.0
2009-02-05,0.0,0.0,0.0,0.0,0.0
2009-02-06,0.0,0.0,0.0,0.0,0.0
2009-02-07,0.0,0.0,0.0,0.0,0.0
2009-02-08,0.0,0.0,0.0,0.0,0.0
2009-02-09,0.0,0.0,0.0,0.0,0.0
2009-02-10,0.0,0.0,0.0,0.0,0.0
2009-02-11,0.0,0.0,0.0,0.0,0.0
2009-02-12,0.0,0.0,0.0,0.0,0.0
2009-02-13,0.0,0.0,0.0,0.0,0.0
2009-02-14,0.0,0.0,0.0,0.0,0.0
2009-02-15,0.0,0.0,0.0,0.0,0.0
2009-02-16,0.0,0.0,0.0,0.0,0.0
2009-02-17,0.0,0.0,0.0,0.0,0.0
2009-02-18,0.0,0.0,0.0,0.0,0.0
2009-02-19,0.0,0.0,0.0,0.0,0.0
2009-02-20,0.0,0.0,0.0,0.0,0.0
2009-02-21,0.0,0.0,0.0,0.0,0.0
2009-02-22,0.0,0.0,0.0,0.0,0.0
2009-02-23,0.0,0.0,0.0,0.0,0.0
2009-02-24,0.0,0.0,0.0,0.0,0.0
2009-02-25,0.0,0.0,0.0,0.0,0.0
2009-02-26,0.0,0.0,0.0,0.0,0.0
2009-02-27,0.0,0.0,0.0,0.0,0.0
2009-02-28,0.0,0.0,0.0,0.0,0.0
2009-03-01,0.0,0.0,0.0,0.0,0.0
2009-03-02,0.0,0.0,0.0,0.0,0.0
2009-03-03,0.0,0.0,0.0,0.0,0.0
2009-03-04,0.0,0.0,0.0,0.0,0.0
2009-03-05,0.0,0.0,0.0,0.0,0.0
2009-03-06,0.0,0.0,0.0,0.0,0.0
2009-03-07,0.0,0.0,0.0,0.0,0.0
2009-03-08,0.0,0.0,0.0,0.0,0.0
2009-03-09,0.0,0.0,0.0,0.0,0.0
2009-03-10,0.0,0.0,0.0,0.0,0.0
2009-03-11,0.3412,2.7591,1.4784,3.2052,1.946
2009-03-12,0.0,0.0,0.0,0.0,0.0
2009-03-13,0.0,0.0,0.0,0.0,0.0
2009-03-14,0.0,0.0,0.0,0.0,0.0
2009-03-15,0.0,0.0,0.0,0.0,0.0
2009-03-16,0.0,0.0,0.0,0.0,0.0
2009-03-17,0.0,0.0,0.0,0.0,0.0
2009-03-18,0.0,0.0,0.0,0.0,0.0
2009-03-19,0.0,0.0,0.0,0.0,0.0
2009-03-20,0.0,0.0,0.0,0.0,0.0
2009-03-21,0.0,0.0,0.0,0.0,0.0
2009-03-22,0.0,0.0,0.0,0.0,0.0
2009-03-23,0.0,0.0,0.0,0.0,0.0
2009-03-24,0.0,0.0,0.0,0.0,0.0
2009-03-25,0.0,0.0,0.0,0.0,0.0
2009-03-26,0.0,0.0,0.0,0.0,0.0
2009-03-27,0.0,0.0,0.0,0.0,0.0
2009-03-28,0.0,0.0,0.0,0.0,0.0
2009-03-29,0.0,0.0,0.0,0.0,0.0
2009-03-30,0.0,0.0,0.0,0.0,0.0
2009-03-31,0.0,0.0,0.0,0.0,0.0
2009-04-01,0.0,0.0,0.0,0.0,0.0
2009-04-02,0.0,0.0,0.0,0.0,0.0
2009-04-03,0.0,0.0,0.0,0.0,0.0
2009-04-04,0.0,0.0,0.0,0.0,0.0
2009-04-05,0.0,0.0,0.0,0.0,0.0
2009-04-06,0.0,0.0,0.0,0.0,0.0
2009-04-07,0.0,0.0,0.0,0.0,0.0
2009-04-08,0.0,0.0,0.0,0.0,0.0
2009-04-09,0.0,0.0,0.0,0.0,0.0
2009-04-10,0.0,0.0,0.0,0.0,0.0
2009-04-11,0.0,0.0,0.0,0.0,0.0
2009-04-12,0.0,0.0,0.0,0.0,0.0
2009-04-13,0.0,0.0,0.0,0.0,0.0
2009-04-14,0.0,0.0,0.0,0.0,0.0
2009-04-15,0.0,0.0,0.0,0.0,0.0
2009-04-16,0.0,0.0,0.0,0.0,0.0
2009-04-17,0.0,0.0,0.0,0.0,0.0
2009-04-18,0.0,0.0,0.0,0.0,0.0
2009-04-19,0.0,0.0,0.0,0.0,0.0
2009-04-20,0.0,0.0,0.0,0.0,0.0
2009-04-21,0.0,0.0,0.0,0.0,0.0
2009-04-22,0.0,0.0,0.0,0.0,0.0
2009-04-23,0.0,0.0,0.0,0.0,0.0
2009-04-24,0.0,0.0,0.0,0.0,0.0
2009-04-25,0.0,0.0,0.0,0.0,0.0
2009-04-26,0.0,0.0,0.0,0.0,0.0
2009-04-27,0.0,0.0,0.0,0.0,0.0
2009-04-28,0.0,0.0,0.0,0.0,0.0
2009-04-29,0.0,0.0,0.0,0.0,0.0
2009-04-30,0.0,0.0,0.0,0.0,0.0
2009-05-01,0.0,0.0,0.0,0.0,0.0
2009-05-02,0.0,0.0,0.0,0.0,0.0
2009-05-03,0.0,0.0,0.0,0.0,0.0
2009-05-04,0.0,0.0,0.0,0.0,0.0
2009-05-05,0.0,0.0,0.0,0.0,0.0
2009-05-06,0.0,0.0,0.0,0.0,0.0
2009-05-07,0.0,0.0,0.0,0.0,0.0
2009-05-08,0.0,0.0,0.0,0.0,0.0
2009-05-09,0.0,0.0,0.0,0.0,0.0
2009-05-10,0.0,0.0,0.0,0.0,0.0
2009-05-11,0.3412,2.7591,1.4784,3.2052,1.946
2009-05-12,0.0,0.0,0.0,0.0,0.0
2009-05-13,0.0,0.0,0.0,0.0,0.0
2009-05-14,0.0,0.0,0.0,0.0,0.0
2009-05-15,0.0,0.0,0.0,0.0,0.0
2009-05-16,0.0,0.0,0.0,0.0,0.0
2009-05-17,0.0,0.0,0.0,0.0,0.0
2009-05-18,0.0,0.0,0.0,0.0,0.0
2009-05-19,0.0,0.0,0.0,0.0,0.0
2009-05-20,0.0,0.0,0.0,0.0,0.0
2009-05-21,1.2324,0.9123,0.5802,0.7606,0.8714
2009-05-22,0.0,0.0,0.0,0.0,0.0
2009-05-23,0.0,0.0,0.0,0.0,0.0
2009-05-24,0.0,0.0,0.0,0.0,0.0
2009-05-25,0.0,0.0,0.0,0.0,0.0
2009-05-26,0.0,0.0,0.0,0.0,0.0
2009-05-27,0.0,0.0,0.0,0.0,0.0
2009-05-28,0.0,0.0,0.0,0.0,0.0
2009-05-29,0.0,0.0,0.0,0.0,0.0
2009-05-30,0.0,0.0,0.0,0.0,0.0
2009-05-31,0.0,0.0,0.0,0.0,0.0
2009-06-01,0.0,0.0,0.0,0.0,0.0
2009-06-02,0.0,0.0,0.0,0.0,0.0
2009-06-03,0.0,0.0,0.0,0.0,0.0
2009-06-04,0.0,0.1533,0.0,0.1781,0.0829
2009-06-05,0.1441,0.1691,0.0,0.0,0.0783
2009-06-06,0.0,0.0,0.0,0.0,0.0
2009-06-07,0.0,0.1883,0.0,0.0,0.0471
2009-06-08,2.4459,1.8036,0.8133,1.3901,1.6132
2009-06-09,0.0,0.0,0.0,0.0,0.0
2009-06-10,0.0,0.0,0.0,0.0,0.0
2009-06-11,0.0,0.0,0.0,0.0,0.0
2009-06-12,0.0,0.0,0.0,0.0,0.0
2009-06-13,0.0,0.0,0.0,0.0,0.0
2009-06-14,0.0,0.0,0.0,0.0,0.0
2009-06-15,0.0,0.0,0.0,0.0,0.0
2009-06-16,0.0,0.0,0.0,0.0,0.0
2009-06-17,0.0,0.0,0.0,0.0,0.0
2009-06-18,0.0,0.0,0.0,0.0,0.0
2009-06-19,0.0,0.2753,0.0,0.0,0.0688
2009-06-20,4.3222,4.7109,2.4184,2.844,3.5739
2009-06-21,0.7301,0.7543,0.4803,1.24,0.8012
2009-06-22,1.7542,2.3573,2.2503,1.7349,2.0242
2009-06-23,3.7733,6.2282,3.5027,7.0612,5.1414
2009-06-24,10.2502,11.5561,9.4185,11.1476,10.5931
2009-06-25,12.3393,12.9741,14.468,13.5896,13.3428
2009-06-26,45.3037,42.2993,37.4679,39.2479,41.0797
2009-06-27,97.1826,103.5841,98.8848,104.4753,101.0317
2009-06-28,16.7193,18.4393,19.3407,18.4502,18.2374
2009-06-29,39.5034,43.1777,35.4611,42.2457,40.097
2009-06-30,8.8004,15.6896,14.4861,17.5201,14.1241
2009-07-01,2.9687,2.9879,2.6466,2.6726,2.819
2009-07-02,5.9867,11.5334,6.5552,11.3111,8.8466
2009-07-03,51.3695,57.4859,53.5399,55.6645,54.515
2009-07-04,28.2294,26.4587,22.7469,23.7808,25.304
2009-07-05,183.696,164.5761,206.9602,169.6661,181.2246
2009-07-06,2.2452,2.2033,2.3536,2.1004,2.2256
2009-07-07,2.9313,5.1607,3.8021,5.7053,4.3998
2009-07-08,52.2483,51.258,40.685,47.2989,47.8726
2009-07-09,29.0236,35.1299,39.63,37.8097,35.3983
2009-07-10,48.6688,47.4873,40.2911,43.9593,45.1016
2009-07-11,18.6243,19.0462,18.4638,18.7012,18.7089
2009-07-12,13.1862,13.6121,10.6989,11.4421,12.2348
2009-07-13,7.6939,7.8796,11.3863,9.0147,8.9936
2009-07-14,133.3405,129.6594,137.6286,126.6391,131.8169
2009-07-15,180.3259,172.4653,227.8308,185.0724,191.4236
2009-07-16,17.0172,20.0515,18.9937,18.5883,18.6627
2009-07-17,13.0071,14.8402,16.1833,13.5395,14.3925
2009-07-18,20.9895,19.3254,16.4577,17.6601,18.6082
2009-07-19,15.0,13.8497,15.3159,13.1088,14.3186
2009-07-20,17.9952,18.0421,20.5452,21.4996,19.5205
2009-07-21,15.347,21.2198,17.7593,22.0445,19.0926
2009-07-22,12.0967,14.7103,14.6543,17.0752,14.6341
2009-07-23,28.8387,33.6522,34.1213,33.3487,32.4902
2009-07-24,37.961,37.9697,47.3348,39.3999,40.6664
2009-07-25,3.6362,7.1953,4.927,7.2042,5.7407
2009-07-26,3.1572,3.7573,4.7151,4.2758,3.9764
2009-07-27,7.0061,11.2673,7.6053,10.0,8.9697
2009-07-28,5.6049,6.5799,6.725,5.6224,6.133
2009-07-29,1.7284,2.5452,1.6799,1.4459,1.8498
2009-07-30,0.8325,1.2573,0.9099,0.9346,0.9836
2009-07-31,1.0445,1.5266,1.4609,1.0628,1.2737
2009-08-01,0.3448,0.2915,0.3529,0.3073,0.3241
2009-08-02,0.7869,1.1369,1.0423,0.9161,0.9706
2009-08-03,0.6341,2.2649,0.8903,1.2615,1.2627
2009-08-04,0.0,0.2065,0.0,0.0,0.0516
2009-08-05,0.2139,0.2261,0.4017,0.3592,0.3002
2009-08-06,0.3992,0.4081,0.4321,0.3751,0.4036
2009-08-07,2.487,2.3378,2.7248,2.2748,2.4561
2009-08-08,0.0,0.5162,0.0,0.0,0.129
2009-08-09,0.1576,2.1504,0.4021,0.9208,0.9077
2009-08-10,0.6284,1.088,0.6505,0.7452,0.778
2009-08-11,1.4291,1.7633,0.9156,1.2402,1.3371
2009-08-12,5.3708,7.2548,8.0665,8.3093,7.2504
2009-08-13,1.643,2.4661,1.7564,1.5338,1.8498
2009-08-14,0.7916,1.3885,0.7365,0.9847,0.9753
2009-08-15,0.5197,1.0803,0.805,1.1083,0.8783
2009-08-16,5.1848,6.4789,6.8887,5.9655,6.1295
2009-08-17,2.0255,1.5208,0.7195,1.1478,1.3534
2009-08-18,0.229,0.5091,0.241,0.525,0.376
2009-08-19,0.7667,0.7902,0.3058,0.4445,0.5768
2009-08-20,32.7291,36.497,57.6362,44.2367,42.7747
2009-08-21,38.1615,37.942,48.2299,42.3367,41.6675
2009-08-22,8.1869,11.4464,7.4035,11.53,9.6417
2009-08-23,25.153,20.4594,19.0856,19.1158,20.9534
2009-08-24,16.411,23.7656,24.2702,20.6224,21.2673
2009-08-25,42.0422,41.7325,33.9754,38.5662,39.0791
2009-08-26,21.2155,20.3965,19.1632,20.6236,20.3497
2009-08-27,0.4128,3.5339,1.4249,3.1086,2.12
2009-08-28,1.9329,2.5386,2.268,2.1745,2.2285
2009-08-29,3.7785,8.0077,6.2026,6.4922,6.1203
2009-08-30,20.308,20.613,21.0601,20.0427,20.5059
2009-08-31,5.5785,6.9222,6.1314,6.5419,6.2935
2009-09-01,5.2573,6.0215,8.0923,6.987,6.5895
2009-09-02,51.4894,49.6411,46.1982,48.0362,48.8412
2009-09-03,11.2654,15.9641,9.2193,12.7625,12.3028
2009-09-04,176.178,168.9254,164.9542,167.1917,169.3123
2009-09-05,24.5564,36.4764,17.1244,27.2642,26.3553
2009-09-06,18.4512,17.8063,14.2703,16.0976,16.6563
2009-09-07,16.3933,19.8362,19.3657,19.5662,18.7904
2009-09-08,5.5977,4.6375,4.8424,4.7428,4.9551
2009-09-09,7.0663,6.7979,2.7584,4.8679,5.3726
2009-09-10,0.0,0.2065,0.0,0.1121,0.0796
2009-09-11,0.0,0.3231,0.106,0.2133,0.1606
2009-09-12,3.4427,3.8619,5.4112,4.5761,4.323
2009-09-13,0.0,1.7512,0.1592,0.9539,0.7161
2009-09-14,32.663,29.6774,14.6966,22.6656,24.9256
2009-09-15,20.9111,20.1868,9.9815,15.3671,16.6116
2009-09-16,4.8808,3.477,1.3997,2.5132,3.0677
2009-09-17,0.0,0.0,0.0,0.0,0.0
2009-09-18,0.0,0.0,0.0,0.0,0.0
2009-09-19,0.0,0.0,0.0,0.0,0.0
2009-09-20,0.0,0.0,0.0,0.0,0.0
2009-09-21,0.0,0.0,0.0,0.0,0.0
2009-09-22,1.8054,1.4975,1.6018,1.5502,1.6137
2009-09-23,36.3702,38.002,35.628,36.8818,36.7205
2009-09-24,1.1116,1.9729,1.6705,1.8042,1.6398
2009-09-25,0.2464,1.9927,0.563,1.3073,1.0273
2009-09-26,0.408,0.3824,0.6553,0.5113,0.4892
2009-09-27,0.0,0.0,0.0,0.0,0.0
2009-09-28,0.0,0.0,0.0,0.0,0.0
2009-09-29,1.2671,0.9027,0.3634,0.6525,0.7964
2009-09-30,0.0,0.0,0.0,0.0,0.0
2009-10-01,0.3627,0.3806,0.556,0.4303,0.4324
2009-10-02,0.0,0.0,0.0,0.0,0.0
2009-10-03,2.2572,2.1031,2.6499,2.2116,2.3055
2009-10-04,44.287,44.1968,36.4852,40.4463,41.3538
2009-10-05,74.8517,74.4528,76.4218,77.5039,75.8075
2009-10-06,65.6693,67.475,90.0149,70.9024,73.5154
2009-10-07,4.356,4.2381,2.5737,3.9145,3.7706
2009-10-08,0.0,0.5506,0.0,0.0,0.1376
2009-10-09,0.0,0.0,0.0,0.0,0.0
2009-10-10,0.0,0.0,0.0,0.0,0.0
2009-10-11,0.0,0.0,0.0,0.0,0.0
2009-10-12,0.0,0.0,0.0,0.0,0.0
2009-10-13,0.362,2.4265,0.6735,1.4601,1.2305
2009-10-14,0.0,0.0,0.0,0.0,0.0
2009-10-15,0.0,0.0,0.0,0.0,0.0
2009-10-16,0.0,0.0,0.0,0.0,0.0
2009-10-17,0.0,0.0,0.0,0.0,0.0
2009-10-18,0.0,0.0,0.0,0.0,0.0
2009-10-19,0.0,0.0,0.0,0.0,0.0
2009-10-20,0.0,0.0,0.0,0.0,0.0
2009-10-21,0.0,0.0,0.0,0.0,0.0
2009-10-22,0.0,0.0,0.0,0.0,0.0
2009-10-23,0.0,0.0,0.0,0.0,0.0
2009-10-24,0.0,0.0,0.0,0.0,0.0
2009-10-25,0.0,0.0,0.0,0.0,0.0
2009-10-26,0.0,0.0,0.0,0.0,0.0
2009-10-27,0.0,0.0,0.0,0.0,0.0
2009-10-28,0.0,0.0,0.0,0.0,0.0
2009-10-29,0.0,0.0,0.0,0.0,0.0
2009-10-30,0.0,0.0,0.0,0.0,0.0
2009-10-31,0.0,0.0,0.0,0.0,0.0
2009-11-01,0.0,0.0,0.0,0.0,0.0
2009-11-02,0.0,0.0,0.0,0.0,0.0
2009-11-03,0.0,0.0,0.0,0.0,0.0
2009-11-04,0.0,0.0,0.0,0.0,0.0
2009-11-05,0.0,0.0,0.0,0.0,0.0
2009-11-06,0.0,0.0,0.0,0.0,0.0
2009-11-07,0.0,0.0,0.0,0.0,0.0
2009-11-08,0.0,0.0,0.0,0.0,0.0
2009-11-09,0.0,0.0,0.0,0.0,0.0
2009-11-10,0.983,5.8721,3.131,6.7447,4.1827
2009-11-11,37.4666,37.2196,36.1846,36.7914,36.9156
2009-11-12,34.2726,30.3427,28.7366,27.1528,30.1262
2009-11-13,0.4606,3.7248,1.9959,4.327,2.6271
2009-11-14,0.0,0.0,0.0,0.0,0.0
2009-11-15,24.8386,19.2945,15.7603,17.3313,19.3062
2009-11-16,0.0,1.9958,0.0,0.0,0.499
2009-11-17,0.0,0.0,0.0,0.0,0.0
2009-11-18,0.0,0.0,0.0,0.0,0.0
2009-11-19,0.0,0.0,0.0,0.0,0.0
2009-11-20,0.0,0.0,0.0,0.0,0.0
2009-11-21,0.0,0.0,0.0,0.0,0.0
2009-11-22,0.0,0.0,0.0,0.0,0.0
2009-11-23,0.0,0.0,0.0,0.0,0.0
2009-11-24,0.0,0.0,0.0,0.0,0.0
2009-11-25,0.2464,1.9927,1.0678,2.3148,1.4054
2009-11-26,0.0,0.0,0.0,0.0,0.0
2009-11-27,0.0,0.0,0.0,0.0,0.0
2009-11-28,0.0,0.0,0.0,0.0,0.0
2009-11-29,0.0,0.0,0.0,0.0,0.0
2009-11-30,0.0,0.0,0.0,0.0,0.0
2009-12-01,0.0,0.0,0.0,0.0,0.0
2009-12-02,0.0,0.0,0.0,0.0,0.0
2009-12-03,0.0,0.0,0.0,0.0,0.0
2009-12-04,0.0,0.0,0.0,0.0,0.0
2009-12-05,0.0,0.0,0.0,0.0,0.0
2009-12-06,0.0,0.0,0.0,0.0,0.0
2009-12-07,0.0,0.0,0.0,0.0,0.0
2009-12-08,0.0,0.0,0.0,0.0,0.0
2009-12-09,0.0,0.0,0.0,0.0,0.0
2009-12-10,0.0,0.0,0.0,0.0,0.0
2009-12-11,0.0,0.0,0.0,0.0,0.0
2009-12-12,0.0,0.0,0.0,0.0,0.0
2009-12-13,0.0,0.0,0.0,0.0,0.0
2009-12-14,0.0,0.0,0.0,0.0,0.0
2009-12-15,0.0,0.0,0.0,0.0,0.0
2009-12-16,0.0,0.0,0.0,0.0,0.0
2009-12-17,0.0,0.0,0.0,0.0,0.0
2009-12-18,0.0,0.0,0.0,0.0,0.0
2009-12-19,0.0,0.0,0.0,0.0,0.0
2009-12-20,0.0,0.0,0.0,0.0,0.0
2009-12-21,0.0,0.0,0.0,0.0,0.0
2009-12-22,0.0,0.0,0.0,0.0,0.0
2009-12-23,0.0,0.0,0.0,0.0,0.0
2009-12-24,0.0,0.0,0.0,0.0,0.0
2009-12-25,0.0,0.0,0.0,0.0,0.0
2009-12-26,0.0,0.0,0.0,0.0,0.0
2009-12-27,0.0,0.0,0.0,0.0,0.0
2009-12-28,0.0,0.0,0.0,0.0,0.0
2009-12-29,0.0,0.0,0.0,0.0,0.0
2009-12-30,0.0,0.0,0.0,0.0,0.0
2009-12-31,0.0,0.0,0.0,0.0,0.0
2010-01-01,0.0,0.0,0.0,0.0,0.0
2010-01-02,0.0,0.0,0.0,0.0,0.0
2010-01-03,0.0,0.0,0.0,0.0,0.0
2010-01-04,0.0,0.0,0.0,0.0,0.0
2010-01-05,0.0,0.0,0.0,0.0,0.0
2010-01-06,0.0,0.0,0.0,0.0,0.0
2010-01-07,0.0,0.0,0.0,0.0,0.0
2010-01-08,0.0,0.0,0.0,0.0,0.0
2010-01-09,0.0,0.0,0.0,0.0,0.0
2010-01-10,0.0,0.0,0.0,0.0,0.0
2010-01-11,0.0,0.0,0.0,0.0,0.0
2010-01-12,0.0,0.0,0.0,0.0,0.0
2010-01-13,0.0,0.0,0.0,0.0,0.0
2010-01-14,0.0,0.0,0.0,0.0,0.0
2010-01-15,0.0,0.0,0.0,0.0,0.0
2010-01-16,0.0,0.0,0.0,0.0,0.0
2010-01-17,0.0,0.0,0.0,0.0,0.0
2010-01-18,0.0,0.0,0.0,0.0,0.0
2010-01-19,0.0,0.0,0.0,0.0,0.0
2010-01-20,0.0,0.0,0.0,0.0,0.0
2010-01-21,0.0,0.0,0.0,0.0,0.0
2010-01-22,0.0,0.0,0.0,0.0,0.0
2010-01-23,0.0,0.0,0.0,0.0,0.0
2010-01-24,0.0,0.0,0.0,0.0,0.0
2010-01-25,0.0,0.0,0.0,0.0,0.0
2010-01-26,0.0,0.0,0.0,0.0,0.0
2010-01-27,0.0,0.0,0.0,0.0,0.0
2010-01-28,0.0,0.0,0.0,0.0,0.0
2010-01-29,0.0,0.0,0.0,0.0,0.0
2010-01-30,0.0,0.0,0.0,0.0,0.0
2010-01-31,0.0,0.0,0.0,0.0,0.0
2010-02-01,0.0,0.0,0.0,0.0,0.0
2010-02-02,0.0,0.0,0.0,0.0,0.0
2010-02-03,0.0,0.0,0.0,0.0,0.0
2010-02-04,0.0,0.0,0.0,0.0,0.0
2010-02-05,0.0,0.0,0.0,0.0,0.0
2010-02-06,0.0,0.0,0.0,0.0,0.0
2010-02-07,0.0,0.0,0.0,0.0,0.0
2010-02-08,0.0,0.0,0.0,0.0,0.0
2010-02-09,0.0,0.0,0.0,0.0,0.0
2010-02-10,0.0,0.0,0.0,0.0,0.0
2010-02-11,0.0,0.0,0.0,0.0,0.0
2010-02-12,0.0,0.0,0.0,0.0,0.0
2010-02-13,0.0,0.0,0.0,0.0,0.0
2010-02-14,0.0,0.0,0.0,0.0,0.0
2010-02-15,0.0,0.0,0.0,0.0,0.0
2010-02-16,0.0,0.0,0.0,0.0,0.0
2010-02-17,0.0,0.0,0.0,0.0,0.0
2010-02-18,0.0,0.0,0.0,0.0,0.0
2010-02-19,0.0,0.0,0.0,0.0,0.0
2010-02-20,0.0,0.0,0.0,0.0,0.0
2010-02-21,0.0,0.0,0.0,0.0,0.0
2010-02-22,0.0,0.0,0.0,0.0,0.0
2010-02-23,0.0,0.0,0.0,0.0,0.0
2010-02-24,0.0,0.0,0.0,0.0,0.0
2010-02-25,0.0,0.0,0.0,0.0,0.0
2010-02-26,0.0,0.0,0.0,0.0,0.0
2010-02-27,0.0,0.0,0.0,0.0,0.0
2010-02-28,0.0,0.0,0.0,0.0,0.0
2010-03-01,0.0,0.0,0.0,0.0,0.0
2010-03-02,0.0,0.0,0.0,0.0,0.0
2010-03-03,0.0,0.0,0.0,0.0,0.0
2010-03-04,0.0,0.0,0.0,0.0,0.0
2010-03-05,0.0,0.0,0.0,0.0,0.0
2010-03-06,0.0,0.0,0.0,0.0,0.0
2010-03-07,0.0,0.0,0.0,0.0,0.0
2010-03-08,0.0,0.0,0.0,0.0,0.0
2010-03-09,0.0,0.0,0.0,0.0,0.0
2010-03-10,0.0,0.0,0.0,0.0,0.0
2010-03-11,0.0,0.0,0.0,0.0,0.0
2010-03-12,0.0,0.0,0.0,0.0,0.0
2010-03-13,0.0,0.0,0.0,0.0,0.0
2010-03-14,0.0,0.0,0.0,0.0,0.0
2010-03-15,0.0,0.0,0.0,0.0,0.0
2010-03-16,0.0,0.0,0.0,0.0,0.0
2010-03-17,0.0,0.0,0.0,0.0,0.0
2010-03-18,0.0,0.0,0.0,0.0,0.0
2010-03-19,0.0,0.0,0.0,0.0,0.0
2010-03-20,0.0,0.0,0.0,0.0,0.0
2010-03-21,0.0,0.0,0.0,0.0,0.0
2010-03-22,0.0,0.0,0.0,0.0,0.0
2010-03-23,0.0,0.0,0.0,0.0,0.0
2010-03-24,0.0,0.0,0.0,0.0,0.0
2010-03-25,0.0,0.0,0.0,0.0,0.0
2010-03-26,0.0,0.0,0.0,0.0,0.0
2010-03-27,0.0,0.0,0.0,0.0,0.0
2010-03-28,0.0,0.0,0.0,0.0,0.0
2010-03-29,0.0,0.0,0.0,0.0,0.0
2010-03-30,0.0,0.0,0.0,0.0,0.0
2010-03-31,0.0,0.0,0.0,0.0,0.0
2010-04-01,0.0,0.0,0.0,0.0,0.0
2010-04-02,0.0,0.0,0.0,0.0,0.0
2010-04-03,0.0,0.0,0.0,0.0,0.0
2010-04-04,0.0,0.0,0.0,0.0,0.0
2010-04-05,0.0,0.0,0.0,0.0,0.0
2010-04-06,0.0,0.0,0.0,0.0,0.0
2010-04-07,0.0,0.0,0.0,0.0,0.0
2010-04-08,0.0,0.0,0.0,0.0,0.0
2010-04-09,0.0,0.0,0.0,0.0,0.0
2010-04-10,0.0,0.0,0.0,0.0,0.0
2010-04-11,0.0,0.0,0.0,0.0,0.0
2010-04-12,0.0,0.0,0.0,0.0,0.0
2010-04-13,0.0,0.0,0.0,0.0,0.0
2010-04-14,0.0,0.0,0.0,0.0,0.0
2010-04-15,0.0,0.0,0.0,0.0,0.0
2010-04-16,0.0,0.0,0.0,0.0,0.0
2010-04-17,0.0,0.0,0.0,0.0,0.0
2010-04-18,0.0,0.0,0.0,0.0,0.0
2010-04-19,0.0,0.0,0.0,0.0,0.0
2010-04-20,0.0,0.0,0.0,0.0,0.0
2010-04-21,0.0,0.0,0.0,0.0,0.0
2010-04-22,0.0,0.0,0.0,0.0,0.0
2010-04-23,0.0,0.0,0.0,0.0,0.0
2010-04-24,0.0,0.0,0.0,0.0,0.0
2010-04-25,0.0,0.0,0.0,0.0,0.0
2010-04-26,0.0,0.0,0.0,0.0,0.0
2010-04-27,0.0,0.0,0.0,0.0,0.0
2010-04-28,0.0,0.0,0.0,0.0,0.0
2010-04-29,0.0,0.0,0.0,0.0,0.0
2010-04-30,0.3514,0.0,0.3861,0.0,0.1844
2010-05-01,0.0,0.0,0.0,0.0,0.0
2010-05-02,0.0,0.0,0.0,0.0,0.0
2010-05-03,0.0,0.0,0.0,0.0,0.0
2010-05-04,0.0,0.0,0.0,0.0,0.0
2010-05-05,0.0,0.0,0.0,0.0,0.0
2010-05-06,0.0,0.0,0.0,0.0,0.0
2010-05-07,0.0,0.0,0.0,0.0,0.0
2010-05-08,0.0,0.0,0.0,0.0,0.0
2010-05-09,0.0,0.0,0.0,0.0,0.0
2010-05-10,0.0,0.0,0.0,0.0,0.0
2010-05-11,0.0,0.0,0.0,0.0,0.0
2010-05-12,0.0,0.0,0.0,0.0,0.0
2010-05-13,0.0,0.0,0.0,0.0,0.0
2010-05-14,0.0,0.0,0.0,0.0,0.0
2010-05-15,0.0,0.0,0.0,0.0,0.0
2010-05-16,0.0,0.0,0.0,0.0,0.0
2010-05-17,0.0,0.0,0.0,0.0,0.0
2010-05-18,0.0,0.0,0.0,0.0,0.0
2010-05-19,0.0,0.0,0.0,0.0,0.0
2010-05-20,0.0,0.0,0.0,0.0,0.0
2010-05-21,0.0,0.0,0.0,0.0,0.0
2010-05-22,0.0,0.0,0.0,0.0,0.0
2010-05-23,0.0,0.0,0.0,0.0,0.0
2010-05-24,0.0,0.0,0.0,0.0,0.0
2010-05-25,0.0,0.0,0.0,0.0,0.0
2010-05-26,0.0,0.0,0.0,0.0,0.0
2010-05-27,0.0,0.0,0.0,0.0,0.0
2010-05-28,0.0,0.0,0.0,0.0,0.0
2010-05-29,0.0,0.0,0.0,0.0,0.0
2010-05-30,0.0,0.0,0.0,0.0,0.0
2010-05-31,0.0,0.0,0.0,0.0,0.0
2010-06-01,0.5414,0.0,0.0,0.0,0.1353
2010-06-02,5.3682,0.1474,8.8276,0.369,3.678
2010-06-03,0.0,0.0,0.0,0.0,0.0
2010-06-04,1.4311,0.0,0.2758,0.0,0.4267
2010-06-05,0.0,0.0,0.2274,0.0,0.0568
2010-06-06,0.0,0.0,0.6346,0.0,0.1587
2010-06-07,4.6769,0.0,10.2152,8.9612,5.9633
2010-06-08,8.1119,54.8176,10.9414,10.2091,21.02
2010-06-09,24.05,14.8038,48.8791,9.8763,24.4023
2010-06-10,1.2152,1.6598,2.7528,11.8634,4.3728
2010-06-11,27.9058,44.4707,18.8304,37.9689,32.2939
2010-06-12,1.3842,3.4327,1.6335,2.0056,2.114
2010-06-13,8.9769,0.0,0.5116,0.9664,2.6137
2010-06-14,14.473,0.0,0.0,0.0,3.6183
2010-06-15,60.4271,24.9425,48.8501,43.0829,44.3256
2010-06-16,79.883,61.1883,76.9564,51.4652,67.3732
2010-06-17,71.3608,125.8054,35.3954,69.0268,75.3971
2010-06-18,1.9778,4.0006,0.0,0.0,1.4946
2010-06-19,89.9429,63.1002,36.8157,37.6691,56.882
2010-06-20,1.6772,5.0062,4.5435,8.9904,5.0543
2010-06-21,3.7663,0.0,5.1736,0.0,2.235
2010-06-22,15.3319,0.0,0.1137,0.0,3.8614
2010-06-23,106.5073,48.5798,92.2738,59.0981,76.6148
2010-06-24,63.1119,87.4696,64.3319,27.1523,60.5164
2010-06-25,152.9712,52.5708,100.1157,36.958,85.6539
2010-06-26,11.185,2.2378,12.0445,6.999,8.1166
2010-06-27,0.0,0.0,0.0,0.0,0.0
2010-06-28,13.8397,2.4523,26.7231,5.3184,12.0834
2010-06-29,15.5803,6.7692,21.3992,9.1815,13.2325
2010-06-30,4.423,0.0,3.5982,0.9854,2.2517
2010-07-01,3.245,3.289,8.2382,1.6572,4.1074
2010-07-02,22.7794,47.896,37.7517,36.3936,36.2052
2010-07-03,0.2952,0.0,0.5554,0.9726,0.4558
2010-07-04,130.7815,84.0863,99.3968,31.3286,86.3983
2010-07-05,3.6199,5.1379,5.5283,8.1315,5.6044
2010-07-06,52.9816,6.9303,48.94,39.8895,37.1853
2010-07-07,29.745,29.6372,35.8173,15.6048,27.7011
2010-07-08,62.8895,46.4512,54.6869,95.2208,64.8121
2010-07-09,61.2981,49.9639,77.0338,60.1142,62.1025
2010-07-10,33.0196,8.4439,18.0492,3.3795,15.723
2010-07-11,29.4708,52.184,40.6062,8.146,32.6017
2010-07-12,1.1274,6.6394,3.0176,9.0929,4.9693
2010-07-13,29.1281,19.5373,41.1635,11.9656,25.4486
2010-07-14,10.2203,12.3128,26.6055,33.5597,20.6746
2010-07-15,4.9237,6.4452,16.4305,20.6456,12.1113
2010-07-16,8.6999,6.3168,21.7712,8.0347,11.2057
2010-07-17,50.3434,79.3208,46.0281,37.7284,53.3552
2010-07-18,14.1835,4.1322,17.6494,6.9178,10.7207
2010-07-19,28.2106,32.2289,26.9875,23.2241,27.6628
2010-07-20,14.3054,14.4359,19.0872,23.2756,17.776
2010-07-21,29.5164,5.2842,14.0975,22.7927,17.9227
2010-07-22,77.4016,140.2141,79.7195,87.2454,96.1452
2010-07-23,51.74,134.4563,84.9398,96.5832,91.9298
2010-07-24,41.515,43.5849,42.7519,59.2982,46.7875
2010-07-25,156.0172,138.5436,116.2659,133.4488,136.0689
2010-07-26,20.6638,24.5564,26.955,42.6687,28.711
2010-07-27,49.935,72.1773,62.5918,65.5792,62.5708
2010-07-28,12.6609,29.8842,28.2398,26.9353,24.43
2010-07-29,8.9676,17.3565,10.4941,29.0539,16.468
2010-07-30,44.3031,57.1842,24.1604,21.3581,36.7514
2010-07-31,50.5331,19.6367,44.011,19.8827,33.5159
2010-08-01,77.9151,47.527,102.5099,145.084,93.259
2010-08-02,21.1612,46.7524,15.0519,28.8094,27.9437
2010-08-03,30.0288,29.5115,40.0781,63.2486,40.7168
2010-08-04,22.0298,29.1422,28.5985,35.9713,28.9354
2010-08-05,5.3257,7.0575,1.732,2.085,4.05
2010-08-06,0.6627,0.1704,1.573,9.7562,3.0406
2010-08-07,1.6469,3.2887,3.6707,4.0568,3.1658
2010-08-08,34.2663,37.0241,51.2498,67.3685,47.4772
2010-08-09,1.5863,7.9715,4.8505,2.1017,4.1275
2010-08-10,13.3912,18.9576,7.6794,7.9187,11.9867
2010-08-11,0.5066,0.1441,2.421,6.7961,2.4669
2010-08-12,16.0389,3.8381,25.9426,32.4473,19.5667
2010-08-13,13.4336,7.1743,14.4801,6.9836,10.5179
2010-08-14,15.2943,4.3494,4.0949,8.907,8.1614
2010-08-15,8.6396,8.0302,10.7458,8.9493,9.0912
2010-08-16,2.7154,0.0,10.6811,22.5087,8.9763
2010-08-17,83.2405,11.8629,91.0215,0.431,46.639
2010-08-18,129.3598,52.2406,73.2979,21.5837,69.1205
2010-08-19,64.3845,45.8117,74.0187,29.5891,53.451
2010-08-20,21.2837,40.6312,23.5024,6.2017,22.9048
2010-08-21,42.3577,19.3825,15.8824,8.3732,21.499
2010-08-22,5.0254,26.1601,8.4898,5.0386,11.1785
2010-08-23,3.1687,9.4346,5.251,1.6834,4.8844
2010-08-24,6.2749,7.0284,8.4297,13.8779,8.9027
2010-08-25,7.2896,24.1688,19.7442,34.8514,21.5135
2010-08-26,41.6137,69.7627,19.0776,10.2366,35.1726
2010-08-27,16.2203,13.1594,20.7103,2.0035,13.0234
2010-08-28,6.0277,47.3079,14.6294,74.6259,35.6477
2010-08-29,26.9827,102.962,51.7046,101.3098,70.7398
2010-08-30,102.3713,107.7028,151.343,130.8783,123.0738
2010-08-31,105.5853,108.1362,114.8868,174.4023,125.7526
2010-09-01,96.7796,160.7622,84.2058,105.1416,111.7223
2010-09-02,4.6233,24.299,9.5495,10.9656,12.3594
2010-09-03,3.0334,12.1946,3.2189,3.039,5.3715
2010-09-04,0.6878,4.9948,1.2497,0.9894,1.9804
2010-09-05,2.8831,6.6111,15.3558,64.1896,22.2599
2010-09-06,4.8636,16.7745,12.9368,49.112,20.9217
2010-09-07,20.1432,33.0873,13.4371,17.7498,21.1043
2010-09-08,21.2926,43.6638,26.0508,29.5994,30.1517
2010-09-09,54.7177,62.5275,61.5402,57.2809,59.0166
2010-09-10,9.636,10.6406,8.6841,8.2736,9.3086
2010-09-11,1.4026,0.0,2.0105,0.9913,1.1011
2010-09-12,1.596,0.0,1.824,0.9726,1.0981
2010-09-13,0.6968,0.0,1.2687,0.0,0.4914
2010-09-14,1.1756,0.0,0.2509,1.9328,0.8398
2010-09-15,2.8477,0.1445,5.185,0.0,2.0443
2010-09-16,2.6137,0.9742,3.021,20.2958,6.7262
2010-09-17,19.3325,11.5215,33.9769,58.9542,30.9463
2010-09-18,29.3591,10.9097,31.0739,0.0,17.8357
2010-09-19,5.7898,64.155,10.3787,2.2539,20.6443
2010-09-20,11.2112,0.0,25.2648,0.4178,9.2234
2010-09-21,0.0,0.0,0.1137,0.0,0.0284
2010-09-22,0.0,0.0,0.0,0.0,0.0
2010-09-23,0.0,0.0,0.0,0.0,0.0
2010-09-24,0.0,0.0,0.0,0.0,0.0
2010-09-25,0.0,0.3895,0.0,0.0,0.0974
2010-09-26,0.0,0.0,0.0,0.0,0.0
2010-09-27,0.0,0.1886,0.0,0.0,0.0471
2010-09-28,1.9569,29.6414,12.6123,34.0117,19.5556
2010-09-29,0.1858,0.0,1.418,4.1307,1.4336
2010-09-30,3.56,10.2737,0.0,0.0,3.4584
2010-10-01,0.1212,5.0744,2.6079,0.5609,2.0911
2010-10-02,0.0,0.0,0.0,0.0,0.0
2010-10-03,0.0,0.0,0.0,0.0,0.0
2010-10-04,0.3956,0.0,0.0,0.0,0.0989
2010-10-05,1.8803,15.4312,1.8506,1.9464,5.2771
2010-10-06,4.1999,1.3639,15.4973,0.244,5.3263
2010-10-07,0.0,0.0,0.0,0.0,0.0
2010-10-08,0.0,0.0,0.0,0.0,0.0
2010-10-09,0.0,0.0,0.0,0.0,0.0
2010-10-10,0.0,0.0,0.0,0.0,0.0
2010-10-11,2.1161,0.0,7.1544,1.384,2.6636
2010-10-12,27.6387,8.353,16.3617,1.2798,13.4083
2010-10-13,0.0,0.9851,0.0,0.0,0.2463
2010-10-14,0.0,0.1911,0.2109,2.8993,0.8253
2010-10-15,0.3373,0.1101,0.2758,0.0,0.1808
2010-10-16,0.0,0.0,0.0,0.0,0.0
2010-10-17,0.0,0.0,0.0,0.0,0.0
2010-10-18,0.0,0.0,0.0,0.0,0.0
2010-10-19,9.0169,0.1085,4.4461,1.27,3.7104
2010-10-20,9.8186,8.8068,18.2928,24.6299,15.387
2010-10-21,4.8948,6.845,0.9398,0.1182,3.1994
2010-10-22,26.7852,3.2585,0.7625,2.9018,8.427
2010-10-23,0.8044,20.4584,6.5564,5.9609,8.445
2010-10-24,0.8186,0.0,4.3789,1.0536,1.5628
2010-10-25,0.0,0.0,0.0,0.0,0.0
2010-10-26,0.4646,0.0,0.0,0.0,0.1162
2010-10-27,0.0,0.0,0.0,0.0,0.0
2010-10-28,0.0,0.0,0.0,0.0,0.0
2010-10-29,0.0,0.0,0.0,0.0,0.0
2010-10-30,0.0,0.0,0.0,0.0,0.0
2010-10-31,0.0,0.0,0.0,0.0,0.0
2010-11-01,0.0,0.0,0.0,0.0,0.0
2010-11-02,0.0,0.0,0.0,0.0,0.0
2010-11-03,0.0,0.0,0.0,0.0,0.0
2010-11-04,0.8069,13.7169,5.9781,0.1514,5.1633
2010-11-05,0.5453,0.0,2.7507,24.1606,6.8641
2010-11-06,0.0,0.4469,0.0,0.0,0.1117
2010-11-07,0.0,0.6459,0.0,0.0,0.1615
2010-11-08,0.0,0.0,0.0,0.0,0.0
2010-11-09,0.0,0.0,0.0,0.0,0.0
2010-11-10,3.81,0.1804,13.176,0.2453,4.3529
2010-11-11,0.0,0.1758,0.0,0.0,0.044
2010-11-12,0.0,0.0,0.0,0.0,0.0
2010-11-13,0.0,0.0,0.0,0.0,0.0
2010-11-14,0.0,0.0,2.3203,31.892,8.5531
2010-11-15,0.8499,0.0,7.0053,32.574,10.1073
2010-11-16,8.3536,15.2657,20.9228,7.1795,12.9304
2010-11-17,0.0,0.0,0.0,0.0,0.0
2010-11-18,2.1849,0.0,0.0,0.0,0.5462
2010-11-19,0.0,0.0,0.0,0.0,0.0
2010-11-20,0.0,0.1106,0.0,0.0,0.0277
2010-11-21,13.7825,0.0,0.0,0.0,3.4456
2010-11-22,1.3615,54.6086,5.1341,15.7753,19.2199
2010-11-23,0.6161,0.0,0.2758,0.0,0.223
2010-11-24,14.4168,0.0,12.7839,2.0132,7.3035
2010-11-25,0.4487,0.0,0.5954,0.0,0.261
2010-11-26,0.0,0.0,0.0,0.0,0.0
2010-11-27,0.0,0.0,0.0,0.0,0.0
2010-11-28,0.0,0.0,0.0,0.0,0.0
2010-11-29,0.0,0.0,0.0,0.0,0.0
2010-11-30,0.0,0.0,0.0,0.0,0.0
2010-12-01,0.0,0.0,0.0,0.0,0.0
2010-12-02,0.0,0.0,0.0,0.0,0.0
2010-12-03,0.0,0.0,0.0,0.0,0.0
2010-12-04,0.0,0.0,0.0,0.0,0.0
2010-12-05,0.0,0.0,0.0,0.0,0.0
2010-12-06,0.0,0.0,0.0,0.0,0.0
2010-12-07,0.0,0.0,0.0,0.0,0.0
2010-12-08,0.0,0.0,0.0,0.0,0.0
2010-12-09,0.0,0.0,0.0,0.0,0.0
2010-12-10,0.0,0.0,0.0,0.0,0.0
2010-12-11,0.0,0.0,0.0,0.0,0.0
2010-12-12,0.0,0.0,0.0,0.0,0.0
2010-12-13,0.0,0.0,0.0,0.0,0.0
2010-12-14,0.0,0.0,0.0,0.0,0.0
2010-12-15,0.0,0.0,0.0,0.0,0.0
2010-12-16,0.0,0.0,0.0,0.0,0.0
2010-12-17,0.0,0.0,0.0,0.0,0.0
2010-12-18,0.0,0.0,0.0,0.0,0.0
2010-12-19,0.0,0.0,0.0,0.0,0.0
2010-12-20,0.0,0.0,0.0,0.0,0.0
2010-12-21,0.0,0.0,0.0,0.0,0.0
2010-12-22,0.0,0.0,0.0,0.0,0.0
2010-12-23,0.0,0.0,0.0,0.0,0.0
2010-12-24,0.0,0.0,0.0,0.0,0.0
2010-12-25,0.0,0.0,0.0,0.0,0.0
2010-12-26,0.0,0.0,0.0,0.0,0.0
2010-12-27,0.0,0.0,0.0,0.0,0.0
2010-12-28,0.0,0.0,0.0,0.0,0.0
2010-12-29,0.0,0.0,0.0,0.0,0.0
2010-12-30,0.0,0.0,0.0,0.0,0.0
2010-12-31,0.0,0.0,0.0,0.0,0.0
2011-01-01,0.0,0.0,0.0,0.0,0.0
2011-01-02,0.0,0.0,0.0,0.0,0.0
2011-01-03,0.0,0.0,0.0,0.0,0.0
2011-01-04,0.0,0.0,0.0,0.0,0.0
2011-01-05,0.0,0.0,0.0,0.0,0.0
2011-01-06,0.0,0.0,0.0,0.0,0.0
2011-01-07,0.0,0.0,0.0,0.0,0.0
2011-01-08,0.0,0.0,0.0,0.0,0.0
2011-01-09,0.0,0.0,0.0,0.0,0.0
2011-01-10,0.0,0.0,0.0,0.0,0.0
2011-01-11,0.0,0.0,0.0,0.0,0.0
2011-01-12,0.0,0.0,0.0,0.0,0.0
2011-01-13,0.0,0.0,0.0,0.0,0.0
2011-01-14,0.0,0.0,0.0,0.0,0.0
2011-01-15,0.0,0.0,0.0,0.0,0.0
2011-01-16,0.0,0.0,0.0,0.0,0.0
2011-01-17,0.0,0.0,0.0,0.0,0.0
2011-01-18,0.0,0.0,0.0,0.0,0.0
2011-01-19,0.0,0.0,0.0,0.0,0.0
2011-01-20,0.0,0.0,0.0,0.0,0.0
2011-01-21,0.0,0.0,0.0,0.0,0.0
2011-01-22,0.0,0.0,0.0,0.0,0.0
2011-01-23,0.0,0.0,0.0,0.0,0.0
2011-01-24,0.0,0.0,0.0,0.0,0.0
2011-01-25,0.0,0.0,0.0,0.0,0.0
2011-01-26,0.0,0.0,0.0,0.0,0.0
2011-01-27,0.0,0.0,0.0,0.0,0.0
2011-01-28,0.0,0.0,0.0,0.0,0.0
2011-01-29,0.0,0.0,0.0,0.0,0.0
2011-01-30,0.0,0.0,0.0,0.0,0.0
2011-01-31,0.0,0.0,0.0,0.0,0.0
2011-02-01,0.0,0.0,0.0,0.0,0.0
2011-02-02,0.0,0.0,0.0,0.0,0.0
2011-02-03,0.0,0.0,0.0,0.0,0.0
2011-02-04,0.0,0.0,0.0,0.0,0.0
2011-02-05,0.0,0.0,0.0,0.0,0.0
2011-02-06,0.0,0.0,0.0,0.0,0.0
2011-02-07,0.0,0.0,0.0,0.0,0.0
2011-02-08,0.0,0.0,0.0,0.0,0.0
2011-02-09,0.0,0.0,0.0,0.0,0.0
2011-02-10,0.0,0.0,0.0,0.0,0.0
2011-02-11,0.0,0.0,0.0,0.0,0.0
2011-02-12,0.0,0.0,0.0,0.0,0.0
2011-02-13,0.0,0.0,0.0,0.0,0.0
2011-02-14,0.0,0.0,0.0,0.0,0.0
2011-02-15,0.0,0.0,0.0,0.0,0.0
2011-02-16,0.0,0.0,0.0,0.0,0.0
2011-02-17,0.0,0.0,0.0,0.0,0.0
2011-02-18,0.0,0.0,0.0,0.0,0.0
2011-02-19,0.0,0.0,0.0,0.0,0.0
2011-02-20,0.0,0.0,0.0,0.0,0.0
2011-02-21,0.0,0.0,0.0,0.0,0.0
2011-02-22,0.0,0.0,0.0,0.0,0.0
2011-02-23,0.0,0.0,0.0,0.0,0.0
2011-02-24,0.0,0.0,0.0,0.0,0.0
2011-02-25,0.0,0.0,0.0,0.0,0.0
2011-02-26,0.0,0.0,0.0,0.0,0.0
2011-02-27,0.0,0.0,0.0,0.0,0.0
2011-02-28,0.0,0.0,0.0,0.0,0.0
2011-03-01,0.0,0.0,0.0,0.0,0.0
2011-03-02,0.0,0.0,0.0,0.0,0.0
2011-03-03,0.0,0.0,0.0,0.0,0.0
2011-03-04,0.0,0.0,0.0,0.0,0.0
2011-03-05,0.0,0.0,0.0,0.0,0.0
2011-03-06,0.0,0.0,0.0,0.0,0.0
2011-03-07,0.0,0.0,0.0,0.0,0.0
2011-03-08,0.0,0.0,0.0,0.0,0.0
2011-03-09,0.0,0.0,0.0,0.0,0.0
2011-03-10,0.0,0.0,0.0,0.0,0.0
2011-03-11,0.0,0.0,0.0,0.0,0.0
2011-03-12,0.0,0.0,0.0,0.0,0.0
2011-03-13,0.0,0.0,0.0,0.0,0.0
2011-03-14,0.0,0.0,0.0,0.0,0.0
2011-03-15,0.0,0.0,0.0,0.0,0.0
2011-03-16,0.0,0.0,0.0,0.0,0.0
2011-03-17,0.0,0.0,0.0,0.0,0.0
2011-03-18,0.0,0.0,0.0,0.0,0.0
2011-03-19,0.0,0.0,0.0,0.0,0.0
2011-03-20,0.0,0.0,0.0,0.0,0.0
2011-03-21,0.0,0.0,0.0,0.0,0.0
2011-03-22,0.0,0.0,0.0,0.0,0.0
2011-03-23,0.0,0.0,0.0,0.0,0.0
2011-03-24,0.0,0.0,0.0,0.0,0.0
2011-03-25,0.0,0.0,0.0,0.0,0.0
2011-03-26,0.0,0.0,0.0,0.0,0.0
2011-03-27,0.0,0.0,0.0,0.0,0.0
2011-03-28,0.0,0.0,0.0,0.0,0.0
2011-03-29,0.0,0.0,0.0,0.0,0.0
2011-03-30,0.0,0.0,0.0,0.0,0.0
2011-03-31,0.0,0.0,0.0,0.0,0.0
2011-04-01,0.0,0.0,0.0,0.0,0.0
2011-04-02,0.0,0.0,0.0,0.0,0.0
2011-04-03,0.0,0.0,0.0,0.0,0.0
2011-04-04,0.0,0.0,0.0,0.0,0.0
2011-04-05,0.0,0.0,0.0,0.0,0.0
2011-04-06,0.0,0.0,0.0,0.0,0.0
2011-04-07,0.0,0.0,0.0,0.0,0.0
2011-04-08,0.0,0.0,0.0,0.0,0.0
2011-04-09,0.0,0.0,0.0,0.0,0.0
2011-04-10,0.0,0.0,0.0,0.0,0.0
2011-04-11,0.0,0.0,0.0,0.0,0.0
2011-04-12,0.0,0.0,0.0,0.0,0.0
2011-04-13,0.0,0.0,0.0,0.0,0.0
2011-04-14,0.0,0.0,0.0,0.0,0.0
2011-04-15,0.0,0.0,0.0,0.0,0.0
2011-04-16,0.0,0.0,0.0,0.0,0.0
2011-04-17,0.0,0.0,0.0,0.0,0.0
2011-04-18,0.0,0.0,0.0,0.0,0.0
2011-04-19,0.0,0.0,0.0,0.0,0.0
2011-04-20,0.0,0.0,0.0,0.0,0.0
2011-04-21,0.0,0.0,0.0,0.0,0.0
2011-04-22,0.0,0.0,0.0,0.0,0.0
2011-04-23,0.0,0.0,0.0,0.0,0.0
2011-04-24,0.0,0.0,0.0,0.0,0.0
2011-04-25,0.0,0.0,0.0,0.0,0.0
2011-04-26,0.0,0.0,0.0,0.0,0.0
2011-04-27,0.0,0.0,0.0,0.0,0.0
2011-04-28,0.0,0.0,0.0,0.0,0.0
2011-04-29,0.0,0.0,0.0,0.0,0.0
2011-04-30,0.0,0.0,0.0,0.0,0.0
2011-05-01,0.0,0.0,0.0,0.0,0.0
2011-05-02,0.0,0.0,0.0,0.0,0.0
2011-05-03,0.0,0.0,0.0,0.0,0.0
2011-05-04,0.0,0.0,0.0,0.0,0.0
2011-05-05,0.0,0.0,0.0,0.0,0.0
2011-05-06,0.0,0.0,0.0,0.0,0.0
2011-05-07,0.0,0.0,0.0,0.0,0.0
2011-05-08,0.0,0.0,0.0,0.0,0.0
2011-05-09,0.0,0.0,0.0,0.0,0.0
2011-05-10,0.0,0.0,0.0,0.0,0.0
2011-05-11,0.0,0.0,0.0,0.0,0.0
2011-05-12,0.0,0.0,0.0,0.0,0.0
2011-05-13,0.0,0.0,0.0,0.0,0.0
2011-05-14,0.0,0.0,0.0,0.0,0.0
2011-05-15,0.0,0.0,0.0,0.0,0.0
2011-05-16,0.0,0.0,0.0,0.0,0.0
2011-05-17,0.0,0.0,0.0,0.0,0.0
2011-05-18,0.0,0.0,0.0,0.0,0.0
2011-05-19,0.0,0.0,0.0,0.0,0.0
2011-05-20,0.0,0.0,0.0,0.0,0.0
2011-05-21,0.0,0.0,0.0,0.0,0.0
2011-05-22,0.0,0.0,0.0,0.0,0.0
2011-05-23,0.0,0.0,0.0,0.0,0.0
2011-05-24,0.0,0.0,0.0,0.0,0.0
2011-05-25,0.0,0.0,0.0,0.0,0.0
2011-05-26,0.0,0.0,0.0,0.0,0.0
2011-05-27,0.0,0.0,0.0,0.0,0.0
2011-05-28,0.0,0.0,0.0,0.0,0.0
2011-05-29,0.0,0.0,0.0,0.0,0.0
2011-05-30,0.0,0.0,0.0,0.0,0.0
2011-05-31,0.2689,0.0,0.0,0.0,0.0672
2011-06-01,0.0,0.0,0.0,0.0,0.0
2011-06-02,0.0,0.0,0.0,0.0,0.0
2011-06-03,6.9195,4.7796,11.2614,21.4481,11.1022
2011-06-04,23.8436,20.2604,24.2745,0.8187,17.2993
2011-06-05,43.6368,32.7374,54.7036,22.3377,38.3539
2011-06-06,37.7673,28.7982,44.3523,29.2831,35.0502
2011-06-07,2.8463,3.1817,6.5717,20.6159,8.3039
2011-06-08,0.0,0.0,0.0,0.0,0.0
2011-06-09,0.2304,0.0,0.0,0.0,0.0576
2011-06-10,45.4251,25.3822,41.9896,1.304,28.5252
2011-06-11,84.4594,78.6805,58.3787,24.771,61.5724
2011-06-12,137.3095,68.9998,148.4059,75.43,107.5363
2011-06-13,25.6411,26.9169,32.0814,33.8698,29.6273
2011-06-14,4.362,3.4433,3.814,0.1336,2.9382
2011-06-15,39.8262,32.4557,33.5284,20.5257,31.584
2011-06-16,21.6758,40.9299,29.3118,54.2209,36.5346
2011-06-17,15.3061,51.9689,27.395,85.1369,44.9517
2011-06-18,1.8627,5.244,1.8427,2.0624,2.753
2011-06-19,3.0608,11.089,1.18,2.1284,4.3646
2011-06-20,1.0998,1.0382,0.8705,0.0,0.7521
2011-06-21,8.1207,15.0953,12.5236,12.2303,11.9925
2011-06-22,5.1269,6.6544,3.8013,0.2044,3.9467
2011-06-23,2.5498,6.8445,1.9324,0.1626,2.8723
2011-06-24,2.3056,1.9695,3.1343,0.0,1.8523
2011-06-25,0.138,0.9965,0.2148,0.0,0.3373
2011-06-26,0.3209,1.5247,2.8681,10.6623,3.844
2011-06-27,8.3197,14.4671,15.5853,19.7758,14.537
2011-06-28,10.2545,14.5746,11.8003,13.9685,12.6495
2011-06-29,15.8134,71.9531,14.3925,8.593,27.688
2011-06-30,2.1921,2.4799,3.1334,4.9293,3.1837
2011-07-01,1.218,5.8377,1.2143,0.1273,2.0993
2011-07-02,2.1596,1.6271,3.6974,3.9491,2.8583
2011-07-03,23.366,15.4955,34.9999,35.5651,27.3566
2011-07-04,4.4723,6.8593,4.6529,0.2189,4.0509
2011-07-05,12.7865,0.1098,6.7587,0.1155,4.9426
2011-07-06,0.88,0.1758,2.2994,5.2397,2.1487
2011-07-07,18.5215,38.2868,16.1951,2.8801,18.9709
2011-07-08,140.9312,113.2466,102.988,31.1239,97.0724
2011-07-09,78.8972,87.9195,104.7773,88.1956,89.9474
2011-07-10,28.209,36.0206,34.5019,54.2565,38.247
2011-07-11,12.4742,20.9747,13.6378,25.7696,18.2141
2011-07-12,51.3648,48.9101,69.2955,57.5992,56.7924
2011-07-13,35.0164,101.6328,38.9691,27.5085,50.7817
2011-07-14,79.5733,127.0267,111.1774,186.3112,126.0222
2011-07-15,105.5865,68.2932,90.5095,65.5561,82.4863
2011-07-16,7.319,3.133,5.6506,0.173,4.0689
2011-07-17,104.4333,70.1582,92.5496,48.5132,78.9136
2011-07-18,43.3209,88.6029,42.2188,51.3271,56.3674
2011-07-19,35.2887,61.9707,42.8898,54.8701,48.7548
2011-07-20,55.3753,66.2739,57.8719,40.8526,55.0934
2011-07-21,2.9078,7.8738,1.2741,2.0902,3.5365
2011-07-22,3.1733,3.1252,4.0687,0.1276,2.6237
2011-07-23,3.5689,29.1953,2.1079,2.4601,9.3331
2011-07-24,0.4711,1.4652,13.9038,29.1092,11.2373
2011-07-25,1.3319,10.9557,3.9746,14.6926,7.7387
2011-07-26,44.3811,20.4074,17.2297,11.3882,23.3516
2011-07-27,33.5535,46.5291,29.7426,3.2518,28.2692
2011-07-28,36.4242,28.078,17.5077,25.8472,26.9643
2011-07-29,102.122,96.0167,101.0603,94.5581,98.4393
2011-07-30,82.1171,307.7009,80.1809,101.2172,142.804
2011-07-31,186.4764,101.2729,159.9894,60.7392,127.1195
2011-08-01,83.2995,92.5355,64.711,44.478,71.256
2011-08-02,16.1004,13.5666,23.8872,46.8791,25.1083
2011-08-03,9.9337,9.9334,7.7209,7.0484,8.6591
2011-08-04,9.5087,13.3021,7.9653,14.8606,11.4092
2011-08-05,7.4378,14.1384,9.5388,23.9219,13.7592
2011-08-06,9.4196,27.6979,13.4448,25.1441,18.9266
2011-08-07,5.1633,15.3387,6.81,13.8981,10.3025
2011-08-08,1.9716,6.5402,3.3148,8.83,5.1641
2011-08-09,0.6204,2.0311,2.1161,5.4614,2.5572
2011-08-10,2.1054,3.5732,1.1886,0.0,1.7168
2011-08-11,0.0,1.3024,1.1037,4.8517,1.8144
2011-08-12,7.4387,17.8772,10.0333,22.6235,14.4932
2011-08-13,6.8641,16.7599,9.2403,18.1415,12.7515
2011-08-14,8.9743,29.9452,8.4124,11.3284,14.6651
2011-08-15,7.5947,19.501,9.2973,18.0625,13.6139
2011-08-16,4.4691,11.0003,5.0678,13.9518,8.6222
2011-08-17,10.5455,22.8441,9.2538,18.1214,15.1912
2011-08-18,7.074,11.2863,5.5033,2.8384,6.6755
2011-08-19,43.0925,27.1066,42.212,35.2404,36.9129
2011-08-20,2.3161,3.4541,1.512,2.9719,2.5635
2011-08-21,1.0347,17.1798,5.8686,22.138,11.5553
2011-08-22,4.5771,19.3227,13.7072,54.4713,23.0196
2011-08-23,16.3697,48.5862,18.0656,13.918,24.2349
2011-08-24,16.4927,14.0003,13.3196,26.4377,17.5626
2011-08-25,46.2457,29.6925,31.9853,4.8047,28.182
2011-08-26,20.4852,16.818,20.1255,28.7925,21.5553
2011-08-27,52.2787,17.2624,69.9087,59.7567,49.8016
2011-08-28,128.895,175.7632,182.8882,149.8039,159.3376
2011-08-29,204.5379,157.0818,205.7393,141.1504,177.1273
2011-08-30,93.5188,102.8617,58.7295,38.2651,73.3438
2011-08-31,4.8661,2.0698,6.3093,0.1688,3.3535
2011-09-01,2.9971,6.0799,4.7292,11.7595,6.3914
2011-09-02,37.5944,21.9209,30.6858,13.4362,25.9093
2011-09-03,31.0963,34.371,42.6798,63.0321,42.7948
2011-09-04,35.0644,34.7035,35.095,58.3982,40.8153
2011-09-05,17.8788,32.817,17.3584,28.2652,24.0799
2011-09-06,8.0074,22.7515,12.2075,20.8495,15.954
2011-09-07,13.7691,58.2224,21.3623,47.1944,35.1371
2011-09-08,3.1479,8.4915,2.2061,0.2055,3.5128
2011-09-09,0.5926,0.0,0.5573,0.0,0.2875
2011-09-10,1.0984,11.0497,0.4856,0.2032,3.2092
2011-09-11,2.5338,4.9805,4.9869,8.8342,5.3338
2011-09-12,42.7486,39.2057,36.0481,27.5023,36.3762
2011-09-13,5.6696,4.8362,10.5603,25.2892,11.5888
2011-09-14,24.5284,0.0,24.6309,2.3644,12.8809
2011-09-15,7.9832,31.9589,3.3524,2.5071,11.4504
2011-09-16,13.577,6.2164,4.9919,2.8513,6.9092
2011-09-17,0.6298,0.0,0.2342,0.0,0.216
2011-09-18,9.9542,21.3871,4.2482,0.5916,9.0453
2011-09-19,3.5373,3.9069,3.7529,0.1456,2.8357
2011-09-20,1.5867,0.0,0.6152,0.0,0.5505
2011-09-21,7.6991,1.7213,11.1794,13.7169,8.5792
2011-09-22,13.0537,0.1606,9.2979,4.3925,6.7262
2011-09-23,14.2258,0.5312,14.5978,23.7781,13.2832
2011-09-24,1.1331,0.0,1.7599,0.0,0.7232
2011-09-25,0.2833,0.0,0.44,0.0,0.1808
2011-09-26,0.0,0.0,0.0,0.0,0.0
2011-09-27,0.0,0.0,0.0,0.0,0.0
2011-09-28,0.0,0.0,0.0,0.0,0.0
2011-09-29,0.0,0.0,0.0,0.0,0.0
2011-09-30,0.0,0.0,0.0,0.0,0.0
2011-10-01,0.7498,5.5089,0.1925,0.1003,1.6379
2011-10-02,0.0,0.0,0.0,0.0,0.0
2011-10-03,0.0,0.2603,0.0,0.0,0.0651
2011-10-04,1.7902,0.0,2.0024,0.0,0.9482
2011-10-05,0.0,0.0,0.0,0.0,0.0
2011-10-06,3.0418,7.9212,0.9992,0.1924,3.0386
2011-10-07,0.0,0.0,0.0,0.0,0.0
2011-10-08,0.0,0.1145,0.0,0.0,0.0286
2011-10-09,0.0,0.0,0.0,0.0,0.0
2011-10-10,0.0,0.0,0.0,0.0,0.0
2011-10-11,0.0,0.0,0.0,0.0,0.0
2011-10-12,0.5836,1.3722,0.3293,0.0,0.5713
2011-10-13,49.0624,23.5451,52.4108,13.9433,34.7404
2011-10-14,6.7716,21.8625,11.1299,9.8088,12.3932
2011-10-15,11.3607,44.0887,5.0825,3.6903,16.0556
2011-10-16,0.652,0.4161,3.8968,14.5167,4.8704
2011-10-17,11.3389,16.0308,24.4548,34.4102,21.5587
2011-10-18,0.1209,1.5444,0.1037,0.0,0.4422
2011-10-19,0.0,0.0,0.0,0.0,0.0
2011-10-20,0.0,0.0,0.0,0.0,0.0
2011-10-21,0.0,0.0,0.0,0.0,0.0
2011-10-22,0.0,0.0,0.0,0.0,0.0
2011-10-23,0.0,0.0,0.0,0.0,0.0
2011-10-24,0.0,0.0,0.0,0.0,0.0
2011-10-25,0.0,0.0,0.0,0.0,0.0
2011-10-26,0.0,0.0,0.0,0.0,0.0
2011-10-27,0.0,0.0,0.0,0.0,0.0
2011-10-28,0.0,0.0,0.0,0.0,0.0
2011-10-29,0.0,0.0,0.0,0.0,0.0
2011-10-30,0.0,0.0,0.0,0.0,0.0
2011-10-31,0.0,0.0,0.0,0.0,0.0
2011-11-01,0.0,0.0,0.0,0.0,0.0
2011-11-02,0.0,0.0,0.0,0.0,0.0
2011-11-03,0.0,0.0,0.0,0.0,0.0
2011-11-04,0.0,0.0,0.0,0.0,0.0
2011-11-05,0.0,0.0,0.0,0.0,0.0
2011-11-06,0.0,0.0,0.0,0.0,0.0
2011-11-07,0.0,0.0,0.0,0.0,0.0
2011-11-08,0.0,0.0,0.0,0.0,0.0
2011-11-09,0.0,0.0,0.0,0.0,0.0
2011-11-10,0.0,0.0,0.0,0.0,0.0
2011-11-11,0.0,0.0,0.0,0.0,0.0
2011-11-12,0.0,0.0,0.0,0.0,0.0
2011-11-13,0.0,0.0,0.0,0.0,0.0
2011-11-14,0.0,0.0,0.0,0.0,0.0
2011-11-15,0.0,0.0,0.0,0.0,0.0
2011-11-16,0.0,0.0,0.0,0.0,0.0
2011-11-17,0.0,0.0,0.0,0.0,0.0
2011-11-18,0.0,0.0,0.0,0.0,0.0
2011-11-19,0.0,0.0,0.0,0.0,0.0
2011-11-20,0.0,0.0,0.0,0.0,0.0
2011-11-21,0.0,0.0,0.0,0.0,0.0
2011-11-22,0.0,0.0,0.0,0.0,0.0
2011-11-23,0.0,0.0,0.0,0.0,0.0
2011-11-24,0.0,0.0,0.0,0.0,0.0
2011-11-25,0.0,0.0,0.0,0.0,0.0
2011-11-26,0.0,0.0,0.0,0.0,0.0
2011-11-27,0.0,0.0,0.0,0.0,0.0
2011-11-28,0.0,0.0,0.0,0.0,0.0
2011-11-29,0.0,0.0,0.0,0.0,0.0
2011-11-30,0.0,0.0,0.0,0.0,0.0
2011-12-01,0.0,0.0,0.0,0.0,0.0
2011-12-02,0.0,0.0,0.0,0.0,0.0
2011-12-03,0.0,0.0,0.0,0.0,0.0
2011-12-04,0.0,0.0,0.0,0.0,0.0
2011-12-05,0.0,0.0,0.0,0.0,0.0
2011-12-06,0.0,0.0,0.0,0.0,0.0
2011-12-07,0.0,0.0,0.0,0.0,0.0
2011-12-08,0.0,0.0,0.0,0.0,0.0
2011-12-09,0.0,0.0,0.0,0.0,0.0
2011-12-10,0.0,0.0,0.0,0.0,0.0
2011-12-11,0.0,0.0,0.0,0.0,0.0
2011-12-12,0.0,0.0,0.0,0.0,0.0
2011-12-13,0.0,0.0,0.0,0.0,0.0
2011-12-14,0.0,0.0,0.0,0.0,0.0
2011-12-15,0.0,0.0,0.0,0.0,0.0
2011-12-16,0.0,0.0,0.0,0.0,0.0
2011-12-17,0.0,0.0,0.0,0.0,0.0
2011-12-18,0.0,0.0,0.0,0.0,0.0
2011-12-19,0.0,0.0,0.0,0.0,0.0
2011-12-20,0.0,0.0,0.0,0.0,0.0
2011-12-21,0.0,0.0,0.0,0.0,0.0
2011-12-22,0.0,0.0,0.0,0.0,0.0
2011-12-23,0.0,0.0,0.0,0.0,0.0
2011-12-24,0.0,0.0,0.0,0.0,0.0
2011-12-25,0.0,0.0,0.0,0.0,0.0
2011-12-26,0.0,0.0,0.0,0.0,0.0
2011-12-27,0.0,0.0,0.0,0.0,0.0
2011-12-28,0.0,0.0,0.0,0.0,0.0
2011-12-29,0.0,0.0,0.0,0.0,0.0
2011-12-30,0.0,0.0,0.0,0.0,0.0
2011-12-31,0.0,0.0,0.0,0.0,0.0
2012-01-01,0.0,0.0,0.0,0.0,0.0
2012-01-02,0.0,0.0,0.0,0.0,0.0
2012-01-03,0.0,0.0,0.0,0.0,0.0
2012-01-04,0.0,0.0,0.0,0.0,0.0
2012-01-05,0.0,0.0,0.0,0.0,0.0
2012-01-06,0.0,0.0,0.0,0.0,0.0
2012-01-07,0.0,0.0,0.0,0.0,0.0
2012-01-08,0.0,0.0,0.0,0.0,0.0
2012-01-09,0.0,0.0,0.0,0.0,0.0
2012-01-10,0.0,0.0,0.0,0.0,0.0
2012-01-11,0.0,0.0,0.0,0.0,0.0
2012-01-12,0.0,0.0,0.0,0.0,0.0
2012-01-13,0.0,0.0,0.0,0.0,0.0
2012-01-14,0.0,0.0,0.0,0.0,0.0
2012-01-15,0.0,0.0,0.0,0.0,0.0
2012-01-16,0.0,0.0,0.0,0.0,0.0
2012-01-17,0.0,0.0,0.0,0.0,0.0
2012-01-18,0.0,0.0,0.0,0.0,0.0
2012-01-19,0.0,0.0,0.0,0.0,0.0
2012-01-20,0.0,0.0,0.0,0.0,0.0
2012-01-21,0.0,0.0,0.0,0.0,0.0
2012-01-22,0.0,0.0,0.0,0.0,0.0
2012-01-23,0.0,0.0,0.0,0.0,0.0
2012-01-24,0.0,0.0,0.0,0.0,0.0
2012-01-25,0.0,0.0,0.0,0.0,0.0
2012-01-26,0.0,0.0,0.0,0.0,0.0
2012-01-27,0.0,0.0,0.0,0.0,0.0
2012-01-28,0.0,0.0,0.0,0.0,0.0
2012-01-29,0.0,0.0,0.0,0.0,0.0
2012-01-30,0.0,0.0,0.0,0.0,0.0
2012-01-31,0.0,0.0,0.0,0.0,0.0
2012-02-01,0.0,0.0,0.0,0.0,0.0
2012-02-02,0.0,0.0,0.0,0.0,0.0
2012-02-03,0.0,0.0,0.0,0.0,0.0
2012-02-04,0.0,0.0,0.0,0.0,0.0
2012-02-05,0.0,0.0,0.0,0.0,0.0
2012-02-06,0.0,0.0,0.0,0.0,0.0
2012-02-07,0.0,0.0,0.0,0.0,0.0
2012-02-08,0.0,0.0,0.0,0.0,0.0
2012-02-09,0.0,0.0,0.0,0.0,0.0
2012-02-10,0.0,0.0,0.0,0.0,0.0
2012-02-11,0.0,0.0,0.0,0.0,0.0
2012-02-12,0.0,0.0,0.0,0.0,0.0
2012-02-13,0.0,0.0,0.0,0.0,0.0
2012-02-14,0.0,0.0,0.0,0.0,0.0
2012-02-15,0.0,0.0,0.0,0.0,0.0
2012-02-16,0.0,0.0,0.0,0.0,0.0
2012-02-17,0.0,0.0,0.0,0.0,0.0
2012-02-18,0.0,0.0,0.0,0.0,0.0
2012-02-19,0.0,0.0,0.0,0.0,0.0
2012-02-20,0.0,0.0,0.0,0.0,0.0
2012-02-21,0.0,0.0,0.0,0.0,0.0
2012-02-22,0.0,0.0,0.0,0.0,0.0
2012-02-23,0.0,0.0,0.0,0.0,0.0
2012-02-24,0.0,0.0,0.0,0.0,0.0
2012-02-25,0.0,0.0,0.0,0.0,0.0
2012-02-26,0.0,0.0,0.0,0.0,0.0
2012-02-27,0.0,0.0,0.0,0.0,0.0
2012-02-28,0.0,0.0,0.0,0.0,0.0
2012-02-29,0.0,0.0,0.0,0.0,0.0
2012-03-01,0.0,0.0,0.0,0.0,0.0
2012-03-02,0.0,0.0,0.0,0.0,0.0
2012-03-03,0.0,0.0,0.0,0.0,0.0
2012-03-04,0.0,0.0,0.0,0.0,0.0
2012-03-05,0.0,0.0,0.0,0.0,0.0
2012-03-06,0.0,0.0,0.0,0.0,0.0
2012-03-07,0.0,0.0,0.0,0.0,0.0
2012-03-08,0.0,0.0,0.0,0.0,0.0
2012-03-09,0.0,0.0,0.0,0.0,0.0
2012-03-10,0.0,0.0,0.0,0.0,0.0
2012-03-11,0.0,0.0,0.0,0.0,0.0
2012-03-12,0.0,0.0,0.0,0.0,0.0
2012-03-13,0.0,0.0,0.0,0.0,0.0
2012-03-14,0.0,0.0,0.0,0.0,0.0
2012-03-15,0.0,0.0,0.0,0.0,0.0
2012-03-16,0.0,0.0,0.0,0.0,0.0
2012-03-17,0.0,0.0,0.0,0.0,0.0
2012-03-18,0.0,0.0,0.0,0.0,0.0
2012-03-19,0.0,0.0,0.0,0.0,0.0
2012-03-20,0.0,0.0,0.0,0.0,0.0
2012-03-21,0.0,0.0,0.0,0.0,0.0
2012-03-22,0.0,0.0,0.0,0.0,0.0
2012-03-23,0.0,0.0,0.0,0.0,0.0
2012-03-24,0.0,0.0,0.0,0.0,0.0
2012-03-25,0.0,0.0,0.0,0.0,0.0
2012-03-26,0.0,0.0,0.0,0.0,0.0
2012-03-27,0.0,0.0,0.0,0.0,0.0
2012-03-28,0.0,0.0,0.0,0.0,0.0
2012-03-29,0.0,0.0,0.0,0.0,0.0
2012-03-30,0.0,0.0,0.0,0.0,0.0
2012-03-31,0.0,0.0,0.0,0.0,0.0
2012-04-01,0.0,0.0,0.0,0.0,0.0
2012-04-02,0.0,0.0,0.0,0.0,0.0
2012-04-03,0.0,0.0,0.0,0.0,0.0
2012-04-04,0.0,0.0,0.0,0.0,0.0
2012-04-05,0.0,0.0,0.0,0.0,0.0
2012-04-06,0.0,0.0,0.0,0.0,0.0
2012-04-07,0.0,0.0,0.0,0.0,0.0
2012-04-08,0.0,0.0,0.0,0.0,0.0
2012-04-09,0.0,0.0,0.0,0.0,0.0
2012-04-10,0.0,0.0,0.0,0.0,0.0
2012-04-11,0.0,0.0,0.0,0.0,0.0
2012-04-12,0.0,0.0,0.0,0.0,0.0
2012-04-13,0.0,0.0,0.0,0.0,0.0
2012-04-14,0.0,0.0,0.0,0.0,0.0
2012-04-15,0.0,0.0,0.0,0.0,0.0
2012-04-16,0.0,0.0,0.0,0.0,0.0
2012-04-17,0.0,0.0,0.0,0.0,0.0
2012-04-18,0.0,0.0,0.0,0.0,0.0
2012-04-19,0.0,0.0,0.0,0.0,0.0
2012-04-20,0.0,0.0,0.0,0.0,0.0
2012-04-21,0.0,0.0,0.0,0.0,0.0
2012-04-22,0.0,0.0,0.0,0.0,0.0
2012-04-23,0.0,0.0,0.0,0.0,0.0
2012-04-24,0.0,0.0,0.0,0.0,0.0
2012-04-25,0.0,0.0,0.0,0.0,0.0
2012-04-26,0.0,0.0,0.0,0.0,0.0
2012-04-27,0.0,0.0,0.0,0.0,0.0
2012-04-28,0.0,0.0,0.0,0.0,0.0
2012-04-29,0.0,0.0,0.0,0.0,0.0
2012-04-30,0.0,0.0,0.0,0.0,0.0
2012-05-01,0.0,0.0,0.0,0.0,0.0
2012-05-02,0.0,0.0,0.0,0.0,0.0
2012-05-03,0.0,0.0,0.0,0.0,0.0
2012-05-04,0.0,0.0,0.0,0.0,0.0
2012-05-05,0.0,0.0,0.0,0.0,0.0
2012-05-06,0.0,0.0,0.0,0.0,0.0
2012-05-07,0.0,0.0,0.0,0.0,0.0
2012-05-08,0.0,0.0,0.0,0.0,0.0
2012-05-09,0.0,0.0,0.0,0.0,0.0
2012-05-10,0.0,0.0,0.0,0.0,0.0
2012-05-11,0.0,0.0,0.0,0.0,0.0
2012-05-12,0.0,0.0,0.0,0.0,0.0
2012-05-13,0.0,0.0,0.0,0.0,0.0
2012-05-14,0.0,0.0,0.0,0.0,0.0
2012-05-15,0.0,0.0,0.0,0.0,0.0
2012-05-16,0.0,0.0,0.0,0.0,0.0
2012-05-17,0.0,0.0,0.0,0.0,0.0
2012-05-18,0.0,0.0,0.0,0.0,0.0
2012-05-19,0.0,0.0,0.0,0.0,0.0
2012-05-20,0.0,0.0,0.0,0.0,0.0
2012-05-21,0.0,0.0,0.0,0.0,0.0
2012-05-22,0.0,0.0,0.0,0.0,0.0
2012-05-23,0.0,0.0,0.0,0.0,0.0
2012-05-24,0.0,0.0,0.0,0.0,0.0
2012-05-25,0.0,0.0,0.0,0.0,0.0
2012-05-26,0.0,0.0,0.0,0.0,0.0
2012-05-27,0.0,0.0,0.0,0.0,0.0
2012-05-28,0.0,0.0,0.0,0.0,0.0
2012-05-29,0.0,0.0,0.0,0.0,0.0
2012-05-30,0.0,0.0,0.0,0.0,0.0
2012-05-31,0.0,0.0,0.0,0.0,0.0
2012-06-01,0.0,0.0,0.0,0.0,0.0
2012-06-02,0.0,0.0,0.0,0.0,0.0
2012-06-03,0.0,0.0,0.0,0.0,0.0
2012-06-04,0.0,0.0,0.0,0.0,0.0
2012-06-05,0.0,0.0,0.0,0.0,0.0
2012-06-06,3.651,0.109,1.6258,0.0,1.3464
2012-06-07,1.0343,6.2287,2.866,3.007,3.284
2012-06-08,3.633,16.9741,16.1206,24.471,15.2997
2012-06-09,5.2602,30.2891,16.3518,19.3955,17.8241
2012-06-10,4.1898,18.8447,6.5852,4.2824,8.4755
2012-06-11,14.528,3.6717,21.3339,29.0637,17.1493
2012-06-12,0.312,0.0,0.147,0.0,0.1147
2012-06-13,0.8737,0.0,0.4116,0.0,0.3213
2012-06-14,0.0,0.0,0.0,0.0,0.0
2012-06-15,0.0,0.0,0.0,0.0,0.0
2012-06-16,3.9241,4.1561,4.8144,4.982,4.4691
2012-06-17,40.1288,62.5851,46.7832,46.1102,48.9018
2012-06-18,61.1571,84.5256,71.5764,74.198,72.8643
2012-06-19,0.1932,1.4013,0.3008,0.0,0.4738
2012-06-20,0.4632,0.1365,1.638,3.0275,1.3163
2012-06-21,0.276,1.9305,0.4297,0.0,0.6591
2012-06-22,0.156,0.0,0.0,0.0,0.039
2012-06-23,0.0,0.0,0.0,0.0,0.0
2012-06-24,4.407,24.4436,14.8143,18.8739,15.6347
2012-06-25,13.7742,28.1189,32.4597,47.3417,30.4236
2012-06-26,1.952,1.5685,1.3013,0.3401,1.2905
2012-06-27,8.2676,5.1525,12.0282,15.6301,10.2696
2012-06-28,17.8052,2.4005,10.8745,8.9834,10.0159
2012-06-29,42.3392,16.6854,19.4919,4.9189,20.8589
2012-06-30,0.3023,0.0,2.9821,5.8169,2.2753
2012-07-01,9.3344,1.714,3.9778,0.1457,3.793
2012-07-02,0.0,0.0,0.0,0.0,0.0
2012-07-03,43.227,34.8353,39.9853,38.7166,39.191
2012-07-04,58.1068,35.4605,42.9865,31.2186,41.9431
2012-07-05,77.7578,124.3955,82.5227,74.0463,89.6806
2012-07-06,24.8073,37.9287,66.043,102.4568,57.8089
2012-07-07,5.7251,8.2195,15.1136,23.8852,13.2358
2012-07-08,6.9993,16.0378,14.8138,19.8935,14.4361
2012-07-09,9.5956,36.7173,27.1623,35.5441,27.2548
2012-07-10,41.127,30.1389,37.5743,39.1489,36.9973
2012-07-11,15.8659,17.5323,16.5556,16.9225,16.7191
2012-07-12,81.3676,96.7289,72.9697,61.7176,78.1959
2012-07-13,5.8301,19.6159,11.2341,12.2031,12.2208
2012-07-14,15.4652,24.0187,16.5312,14.2097,17.5562
2012-07-15,7.5034,4.1377,4.7065,3.3967,4.9361
2012-07-16,6.2138,20.9309,10.6785,10.4452,12.0671
2012-07-17,5.5713,1.7735,4.6659,5.1558,4.2916
2012-07-18,18.1685,22.4942,31.9305,45.5353,29.5321
2012-07-19,42.4551,81.1263,83.7679,113.8484,80.2994
2012-07-20,14.6235,19.3676,18.6989,21.1755,18.4664
2012-07-21,4.1818,11.8314,7.2716,8.1292,7.8535
2012-07-22,0.2171,0.0,1.9954,3.9506,1.5408
2012-07-23,2.2667,13.5941,4.112,2.2475,5.5551
2012-07-24,5.6148,15.0845,6.4692,4.5642,7.9332
2012-07-25,7.7086,18.0476,11.9458,13.1642,12.7165
2012-07-26,0.6286,2.1239,3.9088,6.8911,3.3881
2012-07-27,3.8765,19.512,6.2577,3.4833,8.2824
2012-07-28,2.6556,2.0986,2.2146,2.0987,2.2669
2012-07-29,4.2223,14.802,10.4848,13.6545,10.7909
2012-07-30,5.9011,9.1352,10.3784,14.366,9.9452
2012-07-31,10.5574,31.5098,20.4674,24.3878,21.7306
2012-08-01,45.3319,44.2258,44.5354,45.3719,44.8662
2012-08-02,3.5192,8.7393,4.2078,3.2004,4.9167
2012-08-03,5.297,9.9926,9.7695,12.9666,9.5064
2012-08-04,8.6914,14.8301,7.5765,4.7285,8.9566
2012-08-05,3.1902,9.0703,6.9524,8.933,7.0365
2012-08-06,4.0376,2.9039,3.7437,4.1065,3.6979
2012-08-07,32.0789,41.3764,26.8517,19.7294,30.0091
2012-08-08,19.1987,13.1012,13.0849,9.2851,13.6675
2012-08-09,7.8064,12.7778,6.9528,4.1019,7.9097
2012-08-10,48.4451,24.4226,36.984,33.5799,35.8579
2012-08-11,14.1109,13.769,15.6019,17.6477,15.2824
2012-08-12,17.7748,25.1216,28.1243,36.9807,27.0004
2012-08-13,8.8949,8.0243,6.8133,5.1815,7.2285
2012-08-14,3.2178,3.0238,3.2924,3.6102,3.2861
2012-08-15,6.2213,6.1149,5.2524,4.3906,5.4948
2012-08-16,3.4681,6.3361,5.5276,6.4015,5.4333
2012-08-17,1.7596,7.7477,1.9334,0.1755,2.9041
2012-08-18,2.1156,6.6976,4.477,5.3845,4.6687
2012-08-19,20.584,94.4132,34.5508,24.1483,43.4241
2012-08-20,43.3821,53.0788,47.6152,50.6896,48.6914
2012-08-21,12.5575,22.8523,21.01,26.682,20.7754
2012-08-22,9.5999,3.9464,10.5573,13.8281,9.4829
2012-08-23,17.7656,4.3857,12.1972,11.3424,11.4227
2012-08-24,4.6901,0.1356,2.4966,2.0064,2.3322
2012-08-25,0.0,0.0,0.0,0.0,0.0
2012-08-26,6.8326,19.6259,13.6004,16.264,14.0807
2012-08-27,31.2971,37.1595,38.0623,37.9532,36.118
2012-08-28,119.8643,161.0446,118.8001,102.6497,125.5897
2012-08-29,52.5629,17.9588,27.6244,15.416,28.3905
2012-08-30,9.6936,2.8233,5.4618,2.0521,5.0077
2012-08-31,34.2642,2.412,17.1152,6.3215,15.0282
2012-09-01,41.2981,6.844,16.4054,4.3207,17.2171
2012-09-02,7.2097,5.0275,4.7176,3.0956,5.0126
2012-09-03,20.4469,23.1935,34.3252,48.1685,31.5335
2012-09-04,121.6984,95.1037,131.298,149.5061,124.4016
2012-09-05,60.4133,57.1328,33.0533,2.4156,38.2538
2012-09-06,14.4355,12.7584,87.7596,162.8355,69.4472
2012-09-07,12.6039,22.9791,27.1355,38.4087,25.2818
2012-09-08,7.4436,7.2241,14.3082,21.5213,12.6243
2012-09-09,14.4695,22.8354,40.5615,64.2841,35.5376
2012-09-10,56.331,14.2933,45.7408,48.4434,41.2021
2012-09-11,35.6449,78.6297,42.0418,33.982,47.5746
2012-09-12,27.8976,25.3236,19.6128,12.5714,21.3514
2012-09-13,5.9476,2.1439,5.2818,5.9122,4.8214
2012-09-14,7.037,15.8243,13.9497,18.1166,13.7319
2012-09-15,25.6283,26.2771,24.5123,23.2048,24.9056
2012-09-16,11.3774,3.3057,8.7508,9.3728,8.2017
2012-09-17,2.4636,3.5312,1.4174,0.1117,1.881
2012-09-18,7.8674,0.1992,2.5758,0.1453,2.6969
2012-09-19,11.6267,5.0974,14.8143,19.6301,12.7921
2012-09-20,0.0,0.0,0.0,0.0,0.0
2012-09-21,0.0,0.0,0.0,0.0,0.0
2012-09-22,1.412,0.0,1.4233,1.9816,1.2042
2012-09-23,0.0,0.0,0.0,0.0,0.0
2012-09-24,0.0,0.0,0.0,0.0,0.0
2012-09-25,0.0,0.0,0.0,0.0,0.0
2012-09-26,0.0,0.0,0.0,0.0,0.0
2012-09-27,0.0,0.0,0.0,0.0,0.0
2012-09-28,0.0,0.2603,0.0,0.0,0.0651
2012-09-29,0.0,0.0,0.0,0.0,0.0
2012-09-30,0.4836,0.1562,0.2279,0.0,0.2169
2012-10-01,2.2465,0.0,1.0584,0.0,0.8262
2012-10-02,39.8976,64.8319,52.7285,56.9288,53.5967
2012-10-03,1.4651,4.8742,2.8592,3.0179,3.0541
2012-10-04,0.4451,1.1876,1.7794,3.0078,1.605
2012-10-05,4.4675,4.9731,5.3158,5.5976,5.0885
2012-10-06,6.5229,6.9208,3.368,0.2078,4.2549
2012-10-07,37.2522,63.3024,23.8968,1.8527,31.576
2012-10-08,7.3329,13.8025,4.7984,0.3929,6.5817
2012-10-09,4.6924,14.541,4.0812,0.3032,5.9044
2012-10-10,0.0,0.0,0.0,0.0,0.0
2012-10-11,0.5148,0.0,0.2426,0.0,0.1894
2012-10-12,0.0,0.0,0.0,0.0,0.0
2012-10-13,0.0,0.0,0.0,0.0,0.0
2012-10-14,0.0,0.0,0.0,0.0,0.0
2012-10-15,0.0,0.0,0.0,0.0,0.0
2012-10-16,0.0,0.0,0.0,0.0,0.0
2012-10-17,0.0,0.0,0.0,0.0,0.0
2012-10-18,0.0,0.0,0.0,0.0,0.0
2012-10-19,0.0,0.0,0.0,0.0,0.0
2012-10-20,0.0,0.0,0.0,0.0,0.0
2012-10-21,0.0,0.0,0.0,0.0,0.0
2012-10-22,0.0,0.0,0.0,0.0,0.0
2012-10-23,0.0,0.0,0.0,0.0,0.0
2012-10-24,0.0,0.0,0.0,0.0,0.0
2012-10-25,0.0,0.0,0.0,0.0,0.0
2012-10-26,0.0,0.0,0.0,0.1868,0.0467
2012-10-27,0.0,0.0,0.0,0.0,0.0
2012-10-28,0.0,0.0,0.0,0.0,0.0
2012-10-29,0.0,0.0,0.0,0.0,0.0
2012-10-30,0.0,0.0,0.0,0.0,0.0
2012-10-31,0.0,0.0,0.0,0.0,0.0
2012-11-01,0.0,0.0,0.0,0.0,0.0
2012-11-02,0.0,0.0,0.0,0.0,0.0
2012-11-03,0.0,0.0,0.0,0.0,0.0
2012-11-04,0.0,0.0,0.0,0.0,0.0
2012-11-05,0.0,0.0,0.0,0.0,0.0
2012-11-06,0.0,0.0,0.0,0.0,0.0
2012-11-07,0.0,0.0,0.0,0.0,0.0
2012-11-08,0.0,0.0,0.0,0.0,0.0
2012-11-09,0.0,0.0,0.0,0.0,0.0
2012-11-10,0.0,0.0,0.0,0.0,0.0
2012-11-11,0.0,0.0,0.0,0.0,0.0
2012-11-12,0.0,0.0,0.0,0.0,0.0
2012-11-13,0.0,0.0,0.0,0.0,0.0
2012-11-14,0.0,0.0,0.0,0.0,0.0
2012-11-15,0.0,0.0,0.0,0.0,0.0
2012-11-16,0.0,0.0,0.0,0.0,0.0
2012-11-17,0.0,0.0,0.0,0.0,0.0
2012-11-18,0.0,0.0,0.0,0.0,0.0
2012-11-19,0.0,0.0,0.0,0.0,0.0
2012-11-20,0.0,0.0,0.0,0.0,0.0
2012-11-21,0.0,0.0,0.0,0.0,0.0
2012-11-22,0.0,0.0,0.0,0.0,0.0
2012-11-23,0.0,0.0,0.0,0.0,0.0
2012-11-24,0.0,0.0,0.0,0.0,0.0
2012-11-25,0.0,0.0,0.0,0.0,0.0
2012-11-26,0.0,0.0,0.0,0.0,0.0
2012-11-27,0.0,0.0,0.0,0.0,0.0
2012-11-28,0.0,0.0,0.0,0.0,0.0
2012-11-29,0.0,0.0,0.0,0.0,0.0
2012-11-30,0.0,0.0,0.0,0.0,0.0
2012-12-01,0.0,0.0,0.0,0.0,0.0
2012-12-02,0.0,0.0,0.0,0.0,0.0
2012-12-03,0.0,0.0,0.0,0.0,0.0
2012-12-04,0.0,0.0,0.0,0.0,0.0
2012-12-05,0.0,0.0,0.0,0.0,0.0
2012-12-06,0.0,0.0,0.0,0.0,0.0
2012-12-07,0.0,0.0,0.0,0.0,0.0
2012-12-08,0.0,0.0,0.0,0.0,0.0
2012-12-09,0.0,0.0,0.0,0.0,0.0
2012-12-10,0.0,0.0,0.0,0.0,0.0
2012-12-11,0.0,0.0,0.0,0.0,0.0
2012-12-12,0.0,0.0,0.0,0.0,0.0
2012-12-13,0.0,0.0,0.0,0.0,0.0
2012-12-14,0.0,0.0,0.0,0.0,0.0
2012-12-15,0.0,0.0,0.0,0.0,0.0
2012-12-16,0.0,0.0,0.0,0.0,0.0
2012-12-17,0.0,0.0,0.0,0.0,0.0
2012-12-18,0.0,0.0,0.0,0.0,0.0
2012-12-19,0.0,0.0,0.0,0.0,0.0
2012-12-20,0.0,0.0,0.0,0.0,0.0
2012-12-21,0.0,0.0,0.0,0.0,0.0
2012-12-22,0.0,0.0,0.0,0.0,0.0
2012-12-23,0.0,0.0,0.0,0.0,0.0
2012-12-24,0.0,0.0,0.0,0.0,0.0
2012-12-25,0.0,0.0,0.0,0.0,0.0
2012-12-26,0.0,0.0,0.0,0.0,0.0
2012-12-27,0.0,0.0,0.0,0.0,0.0
2012-12-28,0.0,0.0,0.0,0.0,0.0
2012-12-29,0.0,0.0,0.0,0.0,0.0
2012-12-30,0.0,0.0,0.0,0.0,0.0
2012-12-31,0.0,0.0,0.0,0.0,0.0
2013-01-01,0.0,0.0,0.0,0.0,0.0
2013-01-02,0.0,0.0,0.0,0.0,0.0
2013-01-03,0.0,0.0,0.0,0.0,0.0
2013-01-04,0.0,0.0,0.0,0.0,0.0
2013-01-05,0.0,0.0,0.0,0.0,0.0
2013-01-06,0.0,0.0,0.0,0.0,0.0
2013-01-07,0.0,0.0,0.0,0.0,0.0
2013-01-08,0.0,0.0,0.0,0.0,0.0
2013-01-09,0.0,0.0,0.0,0.0,0.0
2013-01-10,0.0,0.0,0.0,0.0,0.0
2013-01-11,0.0,0.0,0.0,0.0,0.0
2013-01-12,0.0,0.0,0.0,0.0,0.0
2013-01-13,0.0,0.0,0.0,0.0,0.0
2013-01-14,0.0,0.0,0.0,0.0,0.0
2013-01-15,0.0,0.0,0.0,0.0,0.0
2013-01-16,0.0,0.0,0.0,0.0,0.0
2013-01-17,0.0,0.0,0.0,0.0,0.0
2013-01-18,0.0,0.0,0.0,0.0,0.0
2013-01-19,0.0,0.0,0.0,0.0,0.0
2013-01-20,0.0,0.0,0.0,0.0,0.0
2013-01-21,0.0,0.0,0.0,0.0,0.0
2013-01-22,0.0,0.0,0.0,0.0,0.0
2013-01-23,0.0,0.0,0.0,0.0,0.0
2013-01-24,0.0,0.0,0.0,0.0,0.0
2013-01-25,0.0,0.0,0.0,0.0,0.0
2013-01-26,0.0,0.0,0.0,0.0,0.0
2013-01-27,0.0,0.0,0.0,0.0,0.0
2013-01-28,0.0,0.0,0.0,0.0,0.0
2013-01-29,0.0,0.0,0.0,0.0,0.0
2013-01-30,0.0,0.0,0.0,0.0,0.0
2013-01-31,0.0,0.0,0.0,0.0,0.0
2013-02-01,0.0,0.0,0.0,0.0,0.0
2013-02-02,0.0,0.0,0.0,0.0,0.0
2013-02-03,0.0,0.0,0.0,0.0,0.0
2013-02-04,0.0,0.0,0.0,0.0,0.0
2013-02-05,0.0,0.0,0.0,0.0,0.0
2013-02-06,0.0,0.0,0.0,0.0,0.0
2013-02-07,0.0,0.0,0.0,0.0,0.0
2013-02-08,0.0,0.0,0.0,0.0,0.0
2013-02-09,0.0,0.0,0.0,0.0,0.0
2013-02-10,0.0,0.0,0.0,0.0,0.0
2013-02-11,0.0,0.0,0.0,0.0,0.0
2013-02-12,0.0,0.0,0.0,0.0,0.0
2013-02-13,0.0,0.0,0.0,0.0,0.0
2013-02-14,0.0,0.0,0.0,0.0,0.0
2013-02-15,0.0,0.0,0.0,0.0,0.0
2013-02-16,0.0,0.0,0.0,0.0,0.0
2013-02-17,0.0,0.0,0.0,0.0,0.0
2013-02-18,0.0,0.0,0.0,0.0,0.0
2013-02-19,0.0,0.0,0.0,0.0,0.0
2013-02-20,0.0,0.0,0.0,0.0,0.0
2013-02-21,0.0,0.0,0.0,0.0,0.0
2013-02-22,0.0,0.0,0.0,0.0,0.0
2013-02-23,0.0,0.0,0.0,0.0,0.0
2013-02-24,0.0,0.0,0.0,0.0,0.0
2013-02-25,0.0,0.0,0.0,0.0,0.0
2013-02-26,0.0,0.0,0.0,0.0,0.0
2013-02-27,0.0,0.0,0.0,0.0,0.0
2013-02-28,0.0,0.0,0.0,0.0,0.0
2013-03-01,0.0,0.0,0.0,0.0,0.0
2013-03-02,0.0,0.0,0.0,0.0,0.0
2013-03-03,0.0,0.0,0.0,0.0,0.0
2013-03-04,0.0,0.0,0.0,0.0,0.0
2013-03-05,0.0,0.0,0.0,0.0,0.0
2013-03-06,0.0,0.0,0.0,0.0,0.0
2013-03-07,0.0,0.0,0.0,0.0,0.0
2013-03-08,0.0,0.0,0.0,0.0,0.0
2013-03-09,0.0,0.0,0.0,0.0,0.0
2013-03-10,0.0,0.0,0.0,0.0,0.0
2013-03-11,0.0,0.0,0.0,0.0,0.0
2013-03-12,0.0,0.0,0.0,0.0,0.0
2013-03-13,0.0,0.0,0.0,0.0,0.0
2013-03-14,0.0,0.0,0.0,0.0,0.0
2013-03-15,0.0,0.0,0.0,0.0,0.0
2013-03-16,0.0,0.0,0.0,0.0,0.0
2013-03-17,0.0,0.0,0.0,0.0,0.0
2013-03-18,0.0,0.0,0.0,0.0,0.0
2013-03-19,0.0,0.0,0.0,0.0,0.0
2013-03-20,0.0,0.0,0.0,0.0,0.0
2013-03-21,0.0,0.0,0.0,0.0,0.0
2013-03-22,0.0,0.0,0.0,0.0,0.0
2013-03-23,0.0,0.0,0.0,0.0,0.0
2013-03-24,0.0,0.0,0.0,0.0,0.0
2013-03-25,0.0,0.0,0.0,0.0,0.0
2013-03-26,0.0,0.0,0.0,0.0,0.0
2013-03-27,0.0,0.0,0.0,0.0,0.0
2013-03-28,0.0,0.0,0.0,0.0,0.0
2013-03-29,0.0,0.0,0.0,0.0,0.0
2013-03-30,0.0,0.0,0.0,0.0,0.0
2013-03-31,0.0,0.0,0.0,0.0,0.0
2013-04-01,0.0,0.0,0.0,0.0,0.0
2013-04-02,0.0,0.0,0.0,0.0,0.0
2013-04-03,0.0,0.0,0.0,0.0,0.0
2013-04-04,0.0,0.0,0.0,0.0,0.0
2013-04-05,0.0,0.0,0.0,0.0,0.0
2013-04-06,0.0,0.0,0.0,0.0,0.0
2013-04-07,0.0,0.0,0.0,0.0,0.0
2013-04-08,0.0,0.0,0.0,0.0,0.0
2013-04-09,0.0,0.0,0.0,0.0,0.0
2013-04-10,0.0,0.0,0.0,0.0,0.0
2013-04-11,0.0,0.0,0.0,0.0,0.0
2013-04-12,0.0,0.0,0.0,0.0,0.0
2013-04-13,0.0,0.0,0.0,0.0,0.0
2013-04-14,0.0,0.0,0.0,0.0,0.0
2013-04-15,0.0,0.0,0.0,0.0,0.0
2013-04-16,0.0,0.0,0.0,0.0,0.0
2013-04-17,0.0,0.0,0.0,0.0,0.0
2013-04-18,0.0,0.0,0.0,0.0,0.0
2013-04-19,0.0,0.0,0.0,0.0,0.0
2013-04-20,0.0,0.0,0.0,0.0,0.0
2013-04-21,0.0,0.0,0.0,0.0,0.0
2013-04-22,0.0,0.0,0.0,0.0,0.0
2013-04-23,0.0,0.0,0.0,0.0,0.0
2013-04-24,0.0,0.0,0.0,0.0,0.0
2013-04-25,0.0,0.0,0.0,0.0,0.0
2013-04-26,0.0,0.0,0.0,0.0,0.0
2013-04-27,0.0,0.0,0.0,0.0,0.0
2013-04-28,0.0,0.0,0.0,0.0,0.0
2013-04-29,0.0,0.0,0.0,0.0,0.0
2013-04-30,0.0,0.0,0.0,0.0,0.0
2013-05-01,0.0,0.0,0.0,0.0,0.0
2013-05-02,0.0,0.0,0.0,0.0,0.0
2013-05-03,0.0,0.0,0.0,0.0,0.0
2013-05-04,0.0,0.0,0.0,0.0,0.0
2013-05-05,0.0,0.0,0.0,0.0,0.0
2013-05-06,0.0,0.0,0.0,0.0,0.0
2013-05-07,0.0,0.0,0.0,0.0,0.0
2013-05-08,0.0,0.0,0.0,0.0,0.0
2013-05-09,0.0,0.0,0.0,0.0,0.0
2013-05-10,0.0,0.0,0.0,0.0,0.0
2013-05-11,0.0,0.0,0.0,0.0,0.0
2013-05-12,0.0,0.0,0.0,0.0,0.0
2013-05-13,0.0,0.0,0.0,0.0,0.0
2013-05-14,0.0,0.0,0.0,0.0,0.0
2013-05-15,0.0,0.0,0.0,0.0,0.0
2013-05-16,0.0,0.0,0.0,0.0,0.0
2013-05-17,0.0,0.0,0.0,0.0,0.0
2013-05-18,0.0,0.0,0.0,0.0,0.0
2013-05-19,0.0,0.0,0.0,0.0,0.0
2013-05-20,0.0,0.0,0.0,0.0,0.0
2013-05-21,0.0,0.0,0.0,0.0,0.0
2013-05-22,0.0,0.0,0.0,0.0,0.0
2013-05-23,0.0,0.0,0.0,0.0,0.0
2013-05-24,0.0,0.0,0.0,0.0,0.0
2013-05-25,0.0,0.0,0.0,0.0,0.0
2013-05-26,0.0,0.0,0.0,0.0,0.0
2013-05-27,0.0,0.0,0.0,0.0,0.0
2013-05-28,0.0,0.0,0.0,0.0,0.0
2013-05-29,2.2968,9.378,9.7532,15.8566,9.3211
2013-05-30,0.0,0.0,0.0,0.0,0.0
2013-05-31,0.0,0.0,0.0,0.0,0.0
2013-06-01,0.0,0.0,0.0,0.0,0.0
2013-06-02,0.0,0.0,0.0,0.0,0.0
2013-06-03,8.7743,12.498,10.1727,2.0681,8.3783
2013-06-04,1.9065,1.5553,0.5516,0.0,1.0033
2013-06-05,9.292,0.0,0.0,0.0,2.323
2013-06-06,0.0,0.0,0.0,0.0,0.0
2013-06-07,1.7658,0.0,0.6105,0.9726,0.8372
2013-06-08,60.8731,63.0739,64.9593,49.9334,59.7099
2013-06-09,42.9056,27.3644,34.1822,0.4116,26.216
2013-06-10,124.828,111.3765,199.8841,257.3271,173.3539
2013-06-11,87.7047,79.7333,71.5131,41.2409,70.048
2013-06-12,5.7793,4.6958,10.1655,28.1978,12.2096
2013-06-13,22.8616,23.9016,13.1465,14.854,18.6909
2013-06-14,15.4842,28.01,24.0851,32.7896,25.0922
2013-06-15,70.9414,95.8817,90.5135,65.5464,80.7207
2013-06-16,139.8808,150.7849,71.1664,44.3047,101.5342
2013-06-17,198.9137,256.0098,143.9025,126.9081,181.4335
2013-06-18,36.1344,16.4128,18.1772,16.3519,21.7691
2013-06-19,36.6606,68.1847,55.6995,69.4696,57.5036
2013-06-20,13.0633,3.1086,11.7294,14.8866,10.697
2013-06-21,6.2833,17.0598,16.48,59.8234,24.9116
2013-06-22,4.1206,18.0279,20.576,29.0577,17.9456
2013-06-23,2.9073,5.3025,4.7812,0.0,3.2478
2013-06-24,12.2204,6.0228,17.9596,8.888,11.2727
2013-06-25,61.8787,36.569,76.1739,66.159,60.1951
2013-06-26,52.5583,60.2476,48.6129,52.0569,53.3689
2013-06-27,6.1896,36.5353,14.4721,30.7393,21.9841
2013-06-28,8.7912,8.4904,16.9994,16.16,12.6103
2013-06-29,9.1847,15.4258,15.7764,23.8518,16.0597
2013-06-30,6.5895,5.6713,9.1262,22.572,10.9898
2013-07-01,4.0897,5.377,3.1128,2.0275,3.6517
2013-07-02,34.6951,25.3147,25.9762,8.4872,23.6183
2013-07-03,17.5851,13.3392,18.0099,45.0022,23.4841
2013-07-04,4.1668,2.5239,5.0275,5.2003,4.2296
2013-07-05,3.2956,4.1684,7.6744,2.1829,4.3303
2013-07-06,3.5844,7.4448,14.0229,18.0297,10.7705
2013-07-07,9.2667,18.7795,13.1889,19.8983,15.2834
2013-07-08,21.4311,9.2329,6.2564,5.1499,10.5176
2013-07-09,35.1051,26.1669,36.7977,41.888,34.9894
2013-07-10,31.3682,94.1646,26.586,26.7937,44.7281
2013-07-11,71.8709,152.5668,57.3535,89.5651,92.8391
2013-07-12,44.3198,72.6672,58.824,93.8063,67.4043
2013-07-13,77.289,123.6955,125.0976,130.3463,114.1071
2013-07-14,18.4866,14.0139,13.3779,9.9405,13.9547
2013-07-15,2.0397,11.8728,1.0301,1.0231,3.9914
2013-07-16,7.3532,14.448,9.3764,6.1443,9.3305
2013-07-17,14.5768,34.5977,22.8525,53.9755,31.5006
2013-07-18,38.9284,70.8991,69.6136,56.4334,58.9686
2013-07-19,38.4649,46.1191,22.8197,36.029,35.8582
2013-07-20,79.8252,97.3285,64.8037,31.3255,68.3207
2013-07-21,72.3221,71.3479,95.037,79.373,79.52
2013-07-22,25.6346,52.3808,24.5084,26.915,32.3597
2013-07-23,36.4835,37.4759,44.2106,21.0523,34.8056
2013-07-24,221.5692,167.9245,165.1552,85.3901,160.0097
2013-07-25,39.4083,83.828,34.8048,50.0731,52.0285
2013-07-26,8.0463,49.2541,10.937,18.8029,21.7601
2013-07-27,8.8821,20.37,10.6235,30.3126,17.547
2013-07-28,13.2271,37.3245,8.2942,20.7,19.8864
2013-07-29,16.4669,41.9456,12.5075,24.2174,23.7843
2013-07-30,2.9168,12.3834,9.226,10.9257,8.863
2013-07-31,18.5408,41.8329,31.4709,37.9033,32.437
2013-08-01,6.8728,28.5251,9.826,9.1162,13.585
2013-08-02,77.8179,85.7898,71.748,40.864,69.0549
2013-08-03,7.5474,21.706,15.7004,37.7033,20.6643
2013-08-04,5.0833,8.9371,6.6534,8.9058,7.3949
2013-08-05,1.2007,3.3181,2.7364,4.9135,3.0422
2013-08-06,0.5806,2.2358,1.1448,4.8882,2.2123
2013-08-07,6.7816,5.1747,8.0024,8.8586,7.2043
2013-08-08,9.398,18.5943,8.7115,5.0425,10.4366
2013-08-09,6.5893,16.1221,7.5111,5.2474,8.8675
2013-08-10,9.2064,22.221,11.1948,31.7192,18.5853
2013-08-11,4.8228,14.7071,9.3993,19.0569,11.9965
2013-08-12,9.3035,20.4792,12.1826,21.8243,15.9474
2013-08-13,5.6026,22.3246,8.5872,8.9802,11.3736
2013-08-14,20.2972,31.0951,21.6032,51.2943,31.0724
2013-08-15,12.1737,29.6608,22.4085,62.2798,31.6307
2013-08-16,5.9338,12.4335,4.6598,3.0582,6.5213
2013-08-17,11.1404,11.9766,9.6712,9.1397,10.482
2013-08-18,12.7347,35.304,21.5352,63.7504,33.3311
2013-08-19,1.8286,4.8671,4.1061,6.988,4.4474
2013-08-20,0.6423,2.1375,1.0888,2.9711,1.7099
2013-08-21,0.0,0.1004,0.0,0.9755,0.269
2013-08-22,0.9263,5.7958,2.8142,0.0,2.3841
2013-08-23,0.818,0.3423,1.4893,0.0,0.6624
2013-08-24,8.0873,20.151,11.768,16.712,14.1796
2013-08-25,6.5574,37.7903,18.6857,28.3582,22.8479
2013-08-26,13.1084,6.8739,5.7117,1.9584,6.9131
2013-08-27,7.7962,13.5097,5.9426,1.0853,7.0835
2013-08-28,1.6752,6.3203,0.1406,1.9511,2.5218
2013-08-29,2.1702,4.4223,4.5988,7.8222,4.7534
2013-08-30,2.3899,3.7282,4.275,4.9802,3.8433
2013-08-31,5.3819,7.4965,10.4314,1.1331,6.1107
2013-09-01,1.6612,3.8025,1.719,2.9387,2.5304
2013-09-02,0.0,0.0,0.0,0.0,0.0
2013-09-03,0.0,0.0,0.0,0.0,0.0
2013-09-04,0.6449,0.6927,2.4534,5.9425,2.4334
2013-09-05,0.7068,2.5914,0.6898,0.0,0.997
2013-09-06,3.1535,5.5817,7.0795,10.1748,6.4974
2013-09-07,1.4012,1.6586,1.6041,2.9398,1.9009
2013-09-08,0.9654,5.9091,4.9717,0.2453,3.0229
2013-09-09,3.1102,2.1425,1.4066,0.0,1.6648
2013-09-10,3.8609,5.5016,4.1192,3.2836,4.1913
2013-09-11,7.6517,22.8862,7.1535,41.0959,19.6968
2013-09-12,15.1599,7.5452,9.0162,28.8174,15.1347
2013-09-13,2.8418,10.7317,8.0008,26.926,12.1251
2013-09-14,0.0,2.355,4.063,39.2437,11.4154
2013-09-15,23.0881,28.6744,3.7916,0.9887,14.1357
2013-09-16,28.1096,47.7549,50.0728,18.9853,36.2306
2013-09-17,2.3772,0.0,5.1305,4.2097,2.9293
2013-09-18,6.4039,2.2797,3.3457,8.8436,5.2182
2013-09-19,42.9353,27.1144,20.9804,19.7582,27.6971
2013-09-20,29.4865,24.8278,5.9854,20.7061,20.2514
2013-09-21,0.3372,0.8956,0.0,0.0,0.3082
2013-09-22,0.0,0.0,0.1137,0.0,0.0284
2013-09-23,0.2413,0.5542,0.4231,0.0,0.3046
2013-09-24,13.4117,9.4883,20.5097,18.1371,15.3867
2013-09-25,14.6101,27.3092,41.3209,42.2924,31.3832
2013-09-26,8.2676,11.7751,4.3816,23.476,11.9751
2013-09-27,10.2959,16.2669,15.8377,10.2778,13.1696
2013-09-28,21.3055,8.242,2.8165,0.0,8.091
2013-09-29,11.3039,8.0282,2.6116,3.0001,6.2359
2013-09-30,3.3503,5.2824,1.0231,0.1821,2.4595
2013-10-01,0.0,0.2895,0.0,0.0,0.0724
2013-10-02,1.0176,7.1739,4.5217,0.1211,3.2086
2013-10-03,0.0,0.0,0.0,0.0,0.0
2013-10-04,0.0,3.387,2.0462,0.3642,1.4493
2013-10-05,0.0,0.0,0.0,0.0,0.0
2013-10-06,0.0,0.0,1.7052,0.3035,0.5022
2013-10-07,5.6954,4.3547,11.3543,13.6711,8.7689
2013-10-08,4.3824,0.8646,8.7104,0.3127,3.5675
2013-10-09,10.9244,2.9063,1.1809,0.9903,4.0005
2013-10-10,0.2316,1.3855,2.9902,0.358,1.2413
2013-10-11,7.429,1.0242,2.3167,0.0,2.6925
2013-10-12,1.6058,5.4664,6.916,56.0182,17.5016
2013-10-13,7.3178,0.0,6.8949,0.0,3.5532
2013-10-14,1.3531,3.8317,1.2692,0.0,1.6135
2013-10-15,8.9344,3.0823,8.1277,0.0,5.0361
2013-10-16,7.382,1.938,11.7261,0.0,5.2615
2013-10-17,5.1468,1.305,2.2367,1.9538,2.6606
2013-10-18,0.4649,1.3154,0.5288,0.0,0.5773
2013-10-19,0.0,0.0,0.0,0.0,0.0
2013-10-20,0.0,0.0,0.0,0.0,0.0
2013-10-21,0.0,0.0,0.0,0.0,0.0
2013-10-22,0.0,0.0,0.0,0.0,0.0
2013-10-23,0.0,0.0,0.0,0.0,0.0
2013-10-24,0.0,0.0,0.0,0.0,0.0
2013-10-25,0.0,0.0,0.0,0.0,0.0
2013-10-26,0.0,2.0076,0.0,0.0,0.5019
2013-10-27,0.0,0.5019,0.0,0.0,0.1255
2013-10-28,0.0,0.0,0.0,0.0,0.0
2013-10-29,0.0,0.0,0.0,0.0,0.0
2013-10-30,0.0,0.0,0.0,0.0,0.0
2013-10-31,0.0,0.0,0.0,0.0,0.0
2013-11-01,0.0,0.0,0.0,0.0,0.0
2013-11-02,0.0,0.0,0.0,0.0,0.0
2013-11-03,0.0,0.0,0.0,0.0,0.0
2013-11-04,0.0,0.0,0.0,0.0,0.0
2013-11-05,0.1337,0.9857,0.4345,1.1126,0.6666
2013-11-06,0.0,0.0,0.0,0.0,0.0
2013-11-07,0.0,0.0,0.0,0.0,0.0
2013-11-08,0.0,0.0,0.0,0.0,0.0
2013-11-09,0.0,0.0,0.0,0.0,0.0
2013-11-10,0.0,0.0,0.0,0.0,0.0
2013-11-11,0.0,0.0,0.0,0.0,0.0
2013-11-12,0.0,0.0,0.0,0.0,0.0
2013-11-13,0.0,0.0,0.0,0.0,0.0
2013-11-14,0.0,0.0,0.0,0.0,0.0
2013-11-15,0.0,0.0,0.0,0.0,0.0
2013-11-16,0.0,0.0,0.0,0.0,0.0
2013-11-17,0.0,0.0,0.0,0.0,0.0
2013-11-18,0.0,0.0,0.0,0.0,0.0
2013-11-19,0.0,0.0,0.0,0.0,0.0
2013-11-20,0.0,0.0,0.0,0.0,0.0
2013-11-21,0.0,0.0,0.0,0.0,0.0
2013-11-22,0.0,0.0,0.0,0.0,0.0
2013-11-23,0.0,0.0,0.0,0.0,0.0
2013-11-24,0.0,0.0,0.0,0.0,0.0
2013-11-25,3.4088,2.7597,1.1296,2.1759,2.3685
2013-11-26,0.0,0.0,0.0,0.0,0.0
2013-11-27,0.0,0.0,0.0,0.0,0.0
2013-11-28,0.0,0.0,0.0,0.0,0.0
2013-11-29,0.0,0.0,0.0,0.0,0.0
2013-11-30,0.0,0.0,0.0,0.0,0.0
2013-12-01,0.0,0.0,0.0,0.0,0.0
2013-12-02,0.0,0.1354,0.0,0.0,0.0338
2013-12-03,0.0,0.0,0.0,0.0,0.0
2013-12-04,0.2607,0.2184,0.0,0.1605,0.1599
2013-12-05,0.0,0.0,0.0,0.0,0.0
2013-12-06,0.0,0.0,0.0,0.0,0.0
2013-12-07,0.0,0.0,0.0,0.0,0.0
2013-12-08,0.0,0.0,0.0,0.0,0.0
2013-12-09,0.0,0.0,0.0,0.0,0.0
2013-12-10,0.0,0.0,0.0,0.0,0.0
2013-12-11,0.0,0.0,0.0,0.0,0.0
2013-12-12,0.0,0.0,0.0,0.0,0.0
2013-12-13,0.0,0.0,0.0,0.0,0.0
2013-12-14,0.0,0.0,0.0,0.0,0.0
2013-12-15,0.0,0.0,0.0,0.0,0.0
2013-12-16,0.0,0.0,0.0,0.0,0.0
2013-12-17,0.0,0.0,0.0,0.0,0.0
2013-12-18,0.0,0.0,0.0,0.0,0.0
2013-12-19,0.0,0.0,0.0,0.0,0.0
2013-12-20,0.0,0.0,0.0,0.0,0.0
2013-12-21,0.0,0.0,0.0,0.0,0.0
2013-12-22,0.0,0.0,0.0,0.0,0.0
2013-12-23,0.0,0.0,0.0,0.0,0.0
2013-12-24,0.0,0.0,0.0,0.0,0.0
2013-12-25,0.0,0.0,0.0,0.0,0.0
2013-12-26,0.0,0.0,0.0,0.0,0.0
2013-12-27,0.0,0.0,0.0,0.0,0.0
2013-12-28,0.0,0.0,0.0,0.0,0.0
2013-12-29,0.0,0.0,0.0,0.0,0.0
2013-12-30,0.0,0.0,0.0,0.0,0.0
2013-12-31,0.0,0.0,0.0,0.0,0.0
2014-01-01,0.0,0.0,0.0,0.0,0.0
2014-01-02,0.0,0.0,0.0,0.0,0.0
2014-01-03,0.0,0.0,0.0,0.0,0.0
2014-01-04,0.0,0.0,0.0,0.0,0.0
2014-01-05,0.0,0.0,0.0,0.0,0.0
2014-01-06,0.0,0.0,0.0,0.0,0.0
2014-01-07,0.0,0.0,0.0,0.0,0.0
2014-01-08,0.0,0.0,0.0,0.0,0.0
2014-01-09,0.0,0.0,0.0,0.0,0.0
2014-01-10,0.0,0.0,0.0,0.0,0.0
2014-01-11,0.0,0.0,0.0,0.0,0.0
2014-01-12,0.0,0.0,0.0,0.0,0.0
2014-01-13,0.0,0.0,0.0,0.0,0.0
2014-01-14,0.0,0.0,0.0,0.0,0.0
2014-01-15,0.0,0.0,0.0,0.0,0.0
2014-01-16,0.0,0.0,0.0,0.0,0.0
2014-01-17,0.0,0.0,0.0,0.0,0.0
2014-01-18,0.0,0.0,0.0,0.0,0.0
2014-01-19,0.0,0.0,0.0,0.0,0.0
2014-01-20,0.0,0.0,0.0,0.0,0.0
2014-01-21,0.0,0.0,0.0,0.0,0.0
2014-01-22,0.4692,0.3134,0.126,0.2332,0.2854
2014-01-23,0.0,0.0,0.0,0.0,0.0
2014-01-24,0.0,0.0,0.0,0.0,0.0
2014-01-25,0.0,0.0,0.0,0.0,0.0
2014-01-26,0.0,0.0,0.0,0.0,0.0
2014-01-27,0.0,0.0,0.0,0.0,0.0
2014-01-28,0.0,0.0,0.0,0.0,0.0
2014-01-29,0.0,0.0,0.0,0.0,0.0
2014-01-30,0.0,0.0,0.0,0.0,0.0
2014-01-31,0.0,0.0,0.0,0.0,0.0
2014-02-01,0.0,0.0,0.0,0.0,0.0
2014-02-02,0.0,0.0,0.0,0.0,0.0
2014-02-03,0.0,0.0,0.0,0.0,0.0
2014-02-04,0.0,0.0,0.0,0.0,0.0
2014-02-05,0.0,0.0,0.0,0.0,0.0
2014-02-06,0.0,0.0,0.0,0.0,0.0
2014-02-07,0.0,0.0,0.0,0.0,0.0
2014-02-08,0.0,0.0,0.0,0.0,0.0
2014-02-09,0.0,0.0,0.0,0.0,0.0
2014-02-10,0.0,0.0,0.0,0.0,0.0
2014-02-11,0.0,0.0,0.0,0.0,0.0
2014-02-12,0.0,0.0,0.0,0.0,0.0
2014-02-13,0.0,0.0,0.0,0.0,0.0
2014-02-14,0.0,0.1668,0.0,0.1883,0.0888
2014-02-15,0.0,0.0,0.0,0.0,0.0
2014-02-16,4.0831,2.8378,1.2117,2.2748,2.6018
2014-02-17,0.0,0.0,0.0,0.0,0.0
2014-02-18,0.0,0.0,0.0,0.0,0.0
2014-02-19,0.0,0.0,0.0,0.0,0.0
2014-02-20,0.0,0.0,0.0,0.0,0.0
2014-02-21,0.0,0.0,0.0,0.0,0.0
2014-02-22,0.0,0.0,0.0,0.0,0.0
2014-02-23,0.0,0.0,0.0,0.0,0.0
2014-02-24,0.0,0.0,0.0,0.0,0.0
2014-02-25,0.0,0.0,0.0,0.0,0.0
2014-02-26,0.0,0.0,0.0,0.0,0.0
2014-02-27,0.0,0.0,0.0,0.0,0.0
2014-02-28,0.0,0.0,0.0,0.0,0.0
2014-03-01,0.0,0.0,0.0,0.0,0.0
2014-03-02,0.0,0.0,0.0,0.0,0.0
2014-03-03,0.0,0.0,0.0,0.0,0.0
2014-03-04,0.0,0.0,0.0,0.0,0.0
2014-03-05,0.0,0.0,0.0,0.0,0.0
2014-03-06,0.0,0.0,0.0,0.0,0.0
2014-03-07,0.0,0.0,0.0,0.0,0.0
2014-03-08,0.0,0.0,0.0,0.0,0.0
2014-03-09,0.0,0.0,0.0,0.0,0.0
2014-03-10,0.0,0.1365,0.0,0.1541,0.0726
2014-03-11,0.0,0.0,0.0,0.0,0.0
2014-03-12,0.0,0.0,0.0,0.0,0.0
2014-03-13,0.0,0.0,0.0,0.0,0.0
2014-03-14,0.0,0.0,0.0,0.0,0.0
2014-03-15,0.0,0.0,0.0,0.0,0.0
2014-03-16,0.0,0.0,0.0,0.0,0.0
2014-03-17,0.0,0.0,0.0,0.0,0.0
2014-03-18,0.0,0.0,0.0,0.0,0.0
2014-03-19,0.0,0.0,0.0,0.0,0.0
2014-03-20,0.0,0.0,0.0,0.0,0.0
2014-03-21,0.0,0.0,0.0,0.0,0.0
2014-03-22,0.0,0.0,0.0,0.0,0.0
2014-03-23,0.0,0.0,0.0,0.0,0.0
2014-03-24,0.0,0.0,0.0,0.0,0.0
2014-03-25,0.0,0.0,0.0,0.0,0.0
2014-03-26,0.0,0.0,0.0,0.0,0.0
2014-03-27,0.0,0.0,0.0,0.0,0.0
2014-03-28,0.0,0.0,0.0,0.0,0.0
2014-03-29,0.0,0.0,0.0,0.0,0.0
2014-03-30,0.0,0.0,0.0,0.0,0.0
2014-03-31,0.0,0.0,0.0,0.0,0.0
2014-04-01,0.0,0.0,0.0,0.0,0.0
2014-04-02,0.0,0.0,0.0,0.0,0.0
2014-04-03,0.0,0.0,0.0,0.0,0.0
2014-04-04,0.0,0.0,0.0,0.0,0.0
2014-04-05,0.0,0.0,0.0,0.0,0.0
2014-04-06,0.0,0.0,0.0,0.0,0.0
2014-04-07,0.0,0.0,0.0,0.0,0.0
2014-04-08,0.0,0.0,0.0,0.0,0.0
2014-04-09,0.0,0.0,0.0,0.0,0.0
2014-04-10,0.0,0.0,0.0,0.0,0.0
2014-04-11,0.0,0.0,0.0,0.0,0.0
2014-04-12,0.0,0.0,0.0,0.0,0.0
2014-04-13,0.0,0.0,0.0,0.0,0.0
2014-04-14,0.0,0.0,0.0,0.0,0.0
2014-04-15,0.0,0.0,0.0,0.0,0.0
2014-04-16,0.0,0.0,0.0,0.0,0.0
2014-04-17,0.0,0.0,0.0,0.0,0.0
2014-04-18,0.0,0.0,0.0,0.0,0.0
2014-04-19,0.0,0.0,0.0,0.0,0.0
2014-04-20,0.0,0.0,0.0,0.0,0.0
2014-04-21,0.0,0.0,0.0,0.0,0.0
2014-04-22,0.0,0.0,0.0,0.0,0.0
2014-04-23,0.0,0.0,0.0,0.0,0.0
2014-04-24,0.0,0.0,0.0,0.0,0.0
2014-04-25,0.0,0.0,0.0,0.0,0.0
2014-04-26,0.0,0.0,0.0,0.0,0.0
2014-04-27,0.0,0.0,0.0,0.0,0.0
2014-04-28,0.0,0.0,0.0,0.0,0.0
2014-04-29,0.0,0.0,0.0,0.0,0.0
2014-04-30,0.0,0.0,0.0,0.0,0.0
2014-05-01,0.0,0.0,0.0,0.0,0.0
2014-05-02,0.0,0.0,0.0,0.0,0.0
2014-05-03,0.0,0.0,0.0,0.0,0.0
2014-05-04,0.0,0.0,0.0,0.0,0.0
2014-05-05,0.0,0.0,0.0,0.0,0.0
2014-05-06,0.0,0.0,0.0,0.0,0.0
2014-05-07,0.0,0.0,0.0,0.0,0.0
2014-05-08,0.0,0.0,0.0,0.0,0.0
2014-05-09,0.0,0.0,0.0,0.0,0.0
2014-05-10,0.0,0.0,0.0,0.0,0.0
2014-05-11,0.0,0.0,0.0,0.0,0.0
2014-05-12,0.0,0.0,0.0,0.0,0.0
2014-05-13,0.0,0.0,0.0,0.0,0.0
2014-05-14,0.0,0.0,0.0,0.0,0.0
2014-05-15,0.0,0.0,0.0,0.0,0.0
2014-05-16,0.0,0.0,0.0,0.0,0.0
2014-05-17,0.0,0.0,0.0,0.0,0.0
2014-05-18,0.0,0.0,0.0,0.0,0.0
2014-05-19,0.0,0.0,0.0,0.0,0.0
2014-05-20,0.0,0.0,0.0,0.0,0.0
2014-05-21,0.0,0.0,0.0,0.0,0.0
2014-05-22,0.0,0.0,0.0,0.0,0.0
2014-05-23,0.0,0.0,0.0,0.0,0.0
2014-05-24,0.0,0.0,0.0,0.0,0.0
2014-05-25,0.0,0.0,0.0,0.0,0.0
2014-05-26,0.0,0.0,0.0,0.0,0.0
2014-05-27,0.0,0.0,0.0,0.0,0.0
2014-05-28,0.0,0.5921,0.0,0.5775,0.2924
2014-05-29,0.0,0.0,0.0,0.0,0.0
2014-05-30,0.0,0.0,0.0,0.0,0.0
2014-05-31,0.0,0.0,0.0,0.0,0.0
2014-06-01,0.0,0.0,0.0,0.0,0.0
2014-06-02,0.0,0.0,0.0,0.0,0.0
2014-06-03,0.0,0.0,0.0,0.0,0.0
2014-06-04,0.6059,0.0,1.3305,0.0,0.4841
2014-06-05,0.0,0.0,0.0,0.0,0.0
2014-06-06,0.0,0.0,0.0,0.0,0.0
2014-06-07,0.0,0.0,0.0,0.0,0.0
2014-06-08,0.0,0.0,0.0,0.0,0.0
2014-06-09,0.0,0.0,0.0,0.0,0.0
2014-06-10,0.0,0.0,0.0,0.0,0.0
2014-06-11,0.0,0.0,0.0,0.0,0.0
2014-06-12,0.5596,0.4849,0.5051,0.0,0.3874
2014-06-13,2.88,0.0,5.643,0.1078,2.1577
2014-06-14,7.3124,8.2077,10.0926,0.1802,6.4482
2014-06-15,15.9194,8.8654,17.4799,19.0276,15.3231
2014-06-16,13.1576,4.8091,15.5422,24.0587,14.3919
2014-06-17,14.7334,22.851,28.6381,60.2205,31.6107
2014-06-18,0.6692,5.677,2.1258,2.164,2.659
2014-06-19,2.4947,3.1634,4.2245,0.0,2.4707
2014-06-20,1.2473,6.336,1.117,3.0683,2.9421
2014-06-21,0.5138,3.8411,2.9694,0.0,1.8311
2014-06-22,0.0,1.9977,0.6425,0.0,0.6601
2014-06-23,0.2205,1.7979,0.2644,0.0,0.5707
2014-06-24,0.0,0.0,0.0,0.0,0.0
2014-06-25,0.0,0.0,0.0,0.0,0.0
2014-06-26,0.7448,0.934,0.2758,0.0,0.4887
2014-06-27,0.0,0.0,0.0,0.0,0.0
2014-06-28,0.0,0.0,0.0,0.0,0.0
2014-06-29,0.0,0.0,0.0,0.0,0.0
2014-06-30,0.0,0.0,0.0,0.0,0.0
2014-07-01,2.205,2.1718,0.8825,0.0,1.3148
2014-07-02,15.1077,11.0069,10.8051,17.672,13.6479
2014-07-03,147.0655,48.7947,146.0555,37.5688,94.8711
2014-07-04,52.6425,26.0802,48.5333,57.437,46.1732
2014-07-05,8.2946,5.6922,3.6304,3.0993,5.1791
2014-07-06,5.5301,2.2722,0.0,0.0,1.9506
2014-07-07,1.16,0.7931,3.083,0.1108,1.2867
2014-07-08,84.3497,39.0649,68.9908,14.1387,51.636
2014-07-09,38.2133,23.0991,24.422,3.126,22.2151
2014-07-10,77.54,29.1051,33.8396,9.1215,37.4016
2014-07-11,82.5421,63.3118,50.6236,31.5055,56.9958
2014-07-12,103.4562,133.9301,109.9644,85.7827,108.2834
2014-07-13,79.8729,58.0804,63.9822,27.3018,57.3093
2014-07-14,31.0881,33.2454,37.0211,24.1883,31.3857
2014-07-15,41.6177,34.4565,31.2771,21.0616,32.1032
2014-07-16,194.4492,100.4841,143.578,94.2403,133.1879
2014-07-17,35.4246,85.3834,66.5107,78.4954,66.4535
2014-07-18,36.1201,42.4754,43.8529,41.2295,40.9195
2014-07-19,11.1587,45.0515,15.9997,21.962,23.543
2014-07-20,10.0955,50.0028,23.6921,6.9133,22.6759
2014-07-21,6.7533,24.2617,8.7137,5.0936,11.2056
2014-07-22,6.6566,20.6586,10.7564,14.4187,13.1226
2014-07-23,8.7352,23.7779,18.425,33.37,21.077
2014-07-24,8.2166,24.4734,16.0694,13.0822,15.4604
2014-07-25,4.0923,16.1679,7.8163,5.3334,8.3525
2014-07-26,5.9886,16.9749,11.1351,7.9743,10.5182
2014-07-27,4.942,16.4656,7.1386,11.079,9.9063
2014-07-28,99.3616,136.9525,144.6453,87.6396,117.1497
2014-07-29,38.3549,106.9736,87.1536,136.9409,92.3558
2014-07-30,70.035,137.2358,144.4028,212.7059,141.0949
2014-07-31,47.7639,73.6466,43.3329,55.2004,54.986
2014-08-01,74.3193,126.5863,105.9918,115.7131,105.6526
2014-08-02,12.9573,33.6894,16.1845,12.3115,18.7857
2014-08-03,18.7935,34.1676,36.8813,33.7924,30.9087
2014-08-04,29.4399,74.5575,50.622,82.0939,59.1783
2014-08-05,30.8443,70.6326,43.7798,53.6813,49.7345
2014-08-06,19.9279,31.6577,19.7189,27.2483,24.6382
2014-08-07,20.3326,36.888,33.6953,19.1544,27.5176
2014-08-08,11.7568,23.7552,16.5629,31.4999,20.8937
2014-08-09,3.77,8.8614,7.1269,0.2317,4.9975
2014-08-10,20.9301,17.1743,19.9844,26.8312,21.23
2014-08-11,3.2467,12.4068,5.8202,21.5165,10.7476
2014-08-12,8.4772,11.153,5.52,7.9254,8.2689
2014-08-13,1.714,16.3778,5.9993,8.9755,8.2666
2014-08-14,0.7387,7.5964,3.9156,5.0087,4.3148
2014-08-15,14.0489,18.6255,15.1762,14.1227,15.4933
2014-08-16,6.3277,13.4528,10.0254,8.0644,9.4676
2014-08-17,1.7228,6.3008,1.0691,0.0,2.2732
2014-08-18,4.0486,0.6927,2.4914,1.0855,2.0796
2014-08-19,5.1146,4.8349,6.404,0.7271,4.2702
2014-08-20,0.4241,0.1004,0.7722,0.0,0.3242
2014-08-21,26.1601,6.5983,16.3271,0.0,12.2714
2014-08-22,0.8832,2.0735,1.5292,3.9936,2.1199
2014-08-23,12.2919,14.1783,16.1019,22.0082,16.1451
2014-08-24,1.0506,12.0242,2.4868,15.6781,7.8099
2014-08-25,4.4549,22.5961,2.6264,0.989,7.6666
2014-08-26,7.7132,13.6595,14.1066,14.0966,12.394
2014-08-27,19.7631,31.849,19.9831,42.7768,28.593
2014-08-28,9.5828,13.6654,6.8176,8.9791,9.7612
2014-08-29,11.6791,0.9238,1.8788,0.0,3.6204
2014-08-30,3.0851,6.8079,2.669,2.9996,3.8904
2014-08-31,62.6098,56.1891,34.026,16.831,42.414
2014-09-01,76.7067,73.6288,112.7188,87.7694,87.7059
2014-09-02,74.1069,89.5915,47.3738,55.6736,66.6865
2014-09-03,29.5045,33.4448,35.5449,55.9932,38.6219
2014-09-04,7.8514,18.7004,10.779,21.9191,14.8125
2014-09-05,20.2716,36.3132,29.925,32.0068,29.6291
2014-09-06,38.4454,86.3849,24.7548,59.5612,52.2866
2014-09-07,0.4259,1.2249,0.5473,6.8288,2.2567
2014-09-08,0.0,4.2442,0.0,0.0,1.0611
2014-09-09,11.9475,12.4029,6.1449,6.9492,9.3611
2014-09-10,9.469,43.3151,22.1348,23.1434,24.5156
2014-09-11,10.6632,15.7448,11.9091,2.307,10.156
2014-09-12,1.4094,8.188,0.3747,0.0,2.493
2014-09-13,2.8627,5.2573,0.1103,0.0,2.0576
2014-09-14,0.6097,2.9776,1.8027,21.9497,6.8349
2014-09-15,0.3717,0.0,0.0,0.0,0.0929
2014-09-16,0.9757,0.0,0.0,0.0,0.2439
2014-09-17,0.0,1.5057,1.7052,0.3035,0.8786
2014-09-18,4.5824,2.6506,2.758,0.0,2.4977
2014-09-19,13.7333,14.2133,4.3586,0.0,8.0763
2014-09-20,3.691,13.2424,5.8989,8.9039,7.9341
2014-09-21,9.4046,6.647,8.4931,13.694,9.5597
2014-09-22,2.0473,1.3855,4.7601,0.0,2.0482
2014-09-23,0.0,0.0,0.0,0.0,0.0
2014-09-24,0.0,0.0,0.0,0.0,0.0
2014-09-25,0.0,0.0,0.0,0.0,0.0
2014-09-26,1.6548,19.3814,17.8218,22.7892,15.4118
2014-09-27,0.0,0.0,0.1103,0.0,0.0276
2014-09-28,0.0,0.0,0.0,0.0,0.0
2014-09-29,0.0,0.0,0.0,0.0,0.0
2014-09-30,0.0,0.0,0.0,0.0,0.0
2014-10-01,34.3235,21.4196,10.1493,0.0,16.4731
2014-10-02,0.0,10.2642,1.1368,0.2023,2.9008
2014-10-03,0.89,5.2718,0.0,0.0,1.5404
2014-10-04,0.0,0.0,0.0,0.0,0.0
2014-10-05,0.0,2.6099,0.0,0.0,0.6525
2014-10-06,0.0,0.0,0.0,0.0,0.0
2014-10-07,0.0,0.0,0.0,0.0,0.0
2014-10-08,2.485,3.0015,3.9158,4.0136,3.354
2014-10-09,0.0,0.0,0.0,0.0,0.0
2014-10-10,0.0,3.6137,0.0,0.0,0.9034
2014-10-11,0.0,0.5019,0.0,0.1706,0.1681
2014-10-12,0.0,7.4997,0.0,0.0,1.8749
2014-10-13,0.0,5.8062,0.0,0.0,1.4515
2014-10-14,0.0,0.0,0.0,0.0,0.0
2014-10-15,0.0,0.0,0.0,0.0,0.0
2014-10-16,0.0,0.0,0.0,0.0,0.0
2014-10-17,0.0,0.0,0.0,0.0,0.0
2014-10-18,0.0,0.0,0.0,0.0,0.0
2014-10-19,0.0,0.0,0.0,0.0,0.0
2014-10-20,0.0,0.0,0.0,0.0,0.0
2014-10-21,0.0,0.0,0.1103,0.0,0.0276
2014-10-22,0.0,0.0,0.0,0.0,0.0
2014-10-23,0.0,0.0,0.0,0.0,0.0
2014-10-24,0.0,0.0,0.0,0.0,0.0
2014-10-25,0.0,0.0,0.1103,0.0,0.0276
2014-10-26,0.0,0.3464,0.2644,0.0,0.1527
2014-10-27,0.0,0.0,0.0,0.0,0.0
2014-10-28,0.0,0.0,0.0,0.0,0.0
2014-10-29,0.0,0.0,0.0,0.0,0.0
2014-10-30,0.0,0.0,0.0,0.0,0.0
2014-10-31,0.0,0.0,0.0,0.0,0.0
2014-11-01,0.0,0.0,0.0,0.0,0.0
2014-11-02,0.0,0.0,0.0,0.0,0.0
2014-11-03,0.0,0.0,0.0,0.0,0.0
2014-11-04,0.0,0.0,0.0,0.0,0.0
2014-11-05,0.0,0.0,0.0,0.0,0.0
2014-11-06,0.0,0.0,0.0,0.0,0.0
2014-11-07,0.0,0.0,0.0,0.0,0.0
2014-11-08,0.0,0.0,0.0,0.0,0.0
2014-11-09,0.0,0.0,0.0,0.0,0.0
2014-11-10,0.0,0.0,0.0,0.0,0.0
2014-11-11,0.0,0.0,0.0,0.0,0.0
2014-11-12,0.0,0.0,0.0,0.3064,0.0766
2014-11-13,0.0,0.0,0.0,0.0,0.0
2014-11-14,1.7727,1.1841,0.4758,0.8811,1.0784
2014-11-15,1.7031,2.3697,2.6746,2.7987,2.3865
2014-11-16,1.3298,1.277,2.0699,1.6802,1.5892
2014-11-17,0.0,0.0,0.0,0.0,0.0
2014-11-18,0.0,0.6585,0.0,0.3953,0.2634
2014-11-19,0.0,0.0,0.0,0.0,0.0
2014-11-20,0.0,0.0,0.0,0.0,0.0
2014-11-21,0.0,0.0,0.0,0.0,0.0
2014-11-22,0.0,0.0,0.0,0.0,0.0
2014-11-23,0.0,0.0,0.0,0.0,0.0
2014-11-24,0.0,0.0,0.0,0.0,0.0
2014-11-25,0.0,0.0,0.0,0.0,0.0
2014-11-26,0.0,0.0,0.0,0.0,0.0
2014-11-27,0.0,0.0,0.0,0.0,0.0
2014-11-28,0.0,0.0,0.0,0.0,0.0
2014-11-29,0.0,0.0,0.0,0.0,0.0
2014-11-30,0.0,0.0,0.0,0.0,0.0
2014-12-01,0.0,0.0,0.0,0.0,0.0
2014-12-02,0.0,0.0,0.0,0.0,0.0
2014-12-03,0.0,0.0,0.0,0.0,0.0
2014-12-04,0.0,0.0,0.0,0.0,0.0
2014-12-05,0.0,0.0,0.0,0.0,0.0
2014-12-06,0.0,0.0,0.0,0.0,0.0
2014-12-07,0.0,0.0,0.0,0.0,0.0
2014-12-08,0.0,0.0,0.0,0.0,0.0
2014-12-09,0.0,0.0,0.0,0.0,0.0
2014-12-10,0.0,0.0,0.0,0.0,0.0
2014-12-11,0.0,0.0,0.0,0.0,0.0
2014-12-12,0.0,0.0,0.0,0.0,0.0
2014-12-13,15.206,5.4686,4.9074,5.1146,7.6741
2014-12-14,0.0,0.0,0.0,0.0,0.0
2014-12-15,0.0,0.0,0.0,0.0,0.0
2014-12-16,0.0,0.0,0.0,0.0,0.0
2014-12-17,0.0,0.0,0.0,0.0,0.0
2014-12-18,0.0,0.0,0.0,0.0,0.0
2014-12-19,0.0,0.0,0.0,0.0,0.0
2014-12-20,0.0,0.0,0.0,0.0,0.0
2014-12-21,0.0,0.0,0.0,0.0,0.0
2014-12-22,0.0,0.0,0.0,0.0,0.0
2014-12-23,0.0,0.0,0.0,0.0,0.0
2014-12-24,0.0,0.0,0.0,0.0,0.0
2014-12-25,0.0,0.0,0.0,0.0,0.0
2014-12-26,0.0,0.0,0.0,0.0,0.0
2014-12-27,0.0,0.0,0.0,0.0,0.0
2014-12-28,0.0,0.0,0.0,0.0,0.0
2014-12-29,0.0,0.0,0.0,0.0,0.0
2014-12-30,0.0,0.0,0.0,0.0,0.0
2014-12-31,0.0,0.0,0.0,0.0,0.0
2015-01-01,0.0,0.0,0.0,0.0,0.0
2015-01-02,0.0,0.0,0.0,0.0,0.0
2015-01-03,0.0,0.0,0.0,0.0,0.0
2015-01-04,0.0,0.0,0.0,0.0,0.0
2015-01-05,0.0,0.0,0.0,0.0,0.0
2015-01-06,0.0,0.0,0.0,0.0,0.0
2015-01-07,0.0,0.0,0.0,0.0,0.0
2015-01-08,0.0,0.0,0.0,0.0,0.0
2015-01-09,0.0,0.0,0.0,0.0,0.0
2015-01-10,0.0,0.0,0.0,0.0,0.0
2015-01-11,0.0,0.0,0.0,0.0,0.0
2015-01-12,0.0,0.0,0.0,0.0,0.0
2015-01-13,0.0,0.0,0.0,0.0,0.0
2015-01-14,0.0,0.0,0.0,0.0,0.0
2015-01-15,0.0,0.0,0.0,0.0,0.0
2015-01-16,0.0,0.0,0.0,0.0,0.0
2015-01-17,0.0,0.0,0.0,0.0,0.0
2015-01-18,0.0,0.0,0.0,0.0,0.0
2015-01-19,0.0,0.0,0.0,0.0,0.0
2015-01-20,0.0,0.0,0.0,0.0,0.0
2015-01-21,0.0,0.0,0.0,0.0,0.0
2015-01-22,0.0,0.0,0.0,0.0,0.0
2015-01-23,0.0,0.0,0.0,0.0,0.0
2015-01-24,0.0,0.0,0.0,0.0,0.0
2015-01-25,0.0,0.0,0.0,0.0,0.0
2015-01-26,0.0,0.0,0.0,0.0,0.0
2015-01-27,0.0,0.0,0.0,0.0,0.0
2015-01-28,0.0,0.0,0.0,0.0,0.0
2015-01-29,0.0,0.0,0.0,0.0,0.0
2015-01-30,0.0,0.0,0.0,0.0,0.0
2015-01-31,0.0,0.0,0.0,0.0,0.0
2015-02-01,0.0,0.0,0.0,0.0,0.0
2015-02-02,0.0,0.0,0.0,0.0,0.0
2015-02-03,0.0,0.0,0.0,0.0,0.0
2015-02-04,0.0,0.0,0.0,0.0,0.0
2015-02-05,0.0,0.0,0.0,0.0,0.0
2015-02-06,0.0,0.0,0.0,0.0,0.0
2015-02-07,0.0,0.0,0.0,0.0,0.0
2015-02-08,0.0,0.0,0.0,0.0,0.0
2015-02-09,0.0,0.0,0.0,0.0,0.0
2015-02-10,0.0,0.0,0.0,0.0,0.0
2015-02-11,0.0,0.0,0.0,0.0,0.0
2015-02-12,0.0,0.0,0.0,0.0,0.0
2015-02-13,0.0,0.0,0.0,0.0,0.0
2015-02-14,0.0,0.0,0.0,0.0,0.0
2015-02-15,0.0,0.0,0.0,0.0,0.0
2015-02-16,0.0,0.0,0.0,0.0,0.0
2015-02-17,0.0,0.0,0.0,0.0,0.0
2015-02-18,0.0,0.0,0.0,0.0,0.0
2015-02-19,0.0,0.0,0.0,0.0,0.0
2015-02-20,0.0,0.0,0.0,0.0,0.0
2015-02-21,0.0,0.0,0.0,0.0,0.0
2015-02-22,0.0,0.0,0.0,0.0,0.0
2015-02-23,0.0,0.0,0.0,0.0,0.0
2015-02-24,0.0,0.0,0.0,0.0,0.0
2015-02-25,0.0,0.0,0.0,0.0,0.0
2015-02-26,0.0,0.0,0.0,0.0,0.0
2015-02-27,0.0,0.0,0.0,0.0,0.0
2015-02-28,0.0,0.0,0.0,0.0,0.0
2015-03-01,8.9237,11.9696,8.9108,12.0273,10.4579
2015-03-02,2.2899,1.986,6.378,10.0945,5.1871
2015-03-03,0.0,0.0,0.0,0.0,0.0
2015-03-04,0.0,0.0,0.0,0.0,0.0
2015-03-05,0.0,0.0,0.0,0.0,0.0
2015-03-06,0.0,0.0,0.0,0.0,0.0
2015-03-07,0.0,0.0,0.0,0.0,0.0
2015-03-08,0.0,0.0,0.0,0.0,0.0
2015-03-09,0.0,0.0,0.0,0.0,0.0
2015-03-10,0.0,0.0,0.0,0.0,0.0
2015-03-11,0.0,0.0,0.0,0.0,0.0
2015-03-12,0.1043,0.0,0.0,0.0,0.0261
2015-03-13,0.0,0.0,0.0,0.0,0.0
2015-03-14,1.7048,3.986,2.0914,2.0413,2.4559
2015-03-15,0.0,0.0,0.0,0.2965,0.0741
2015-03-16,0.0,0.0,0.0,0.0,0.0
2015-03-17,0.0,0.0,0.0,0.0,0.0
2015-03-18,0.0,0.0,0.0,0.0,0.0
2015-03-19,0.0,0.0,0.0,0.0,0.0
2015-03-20,0.0,0.0,0.0,0.0,0.0
2015-03-21,0.0,0.0,0.0,0.0,0.0
2015-03-22,0.0,0.0,0.0,0.0,0.0
2015-03-23,0.0,0.0,0.0,0.0,0.0
2015-03-24,0.0,0.0,0.0,0.0,0.0
2015-03-25,0.0,0.0,0.0,0.0,0.0
2015-03-26,0.0,0.0,0.0,0.0,0.0
2015-03-27,0.0,0.0,0.0,0.0,0.0
2015-03-28,0.0,0.0,0.0,0.0,0.0
2015-03-29,0.0,1.0975,0.0,0.0,0.2744
2015-03-30,0.0,0.0,0.0,0.1384,0.0346
2015-03-31,0.0,0.0,0.0,0.0,0.0
2015-04-01,0.0,0.0,0.0,0.0,0.0
2015-04-02,0.0,0.0,0.0,0.0,0.0
2015-04-03,0.0,0.0,0.0,0.0,0.0
2015-04-04,0.0,0.0,0.0,0.0,0.0
2015-04-05,0.0,0.0,0.0,0.0,0.0
2015-04-06,0.0,0.0,0.0,0.0,0.0
2015-04-07,0.0,0.0,0.0,0.0,0.0
2015-04-08,0.0,0.0,0.0,0.0,0.0
2015-04-09,0.0,0.0,0.0,0.0,0.0
2015-04-10,0.0,0.0,0.0,0.0,0.0
2015-04-11,0.0,0.0,0.0,0.0,0.0
2015-04-12,0.0,0.0,0.0,0.0,0.0
2015-04-13,0.0,0.0,0.0,0.0,0.0
2015-04-14,0.0,0.0,0.0,0.5139,0.1285
2015-04-15,0.7299,0.8351,0.1959,0.4122,0.5433
2015-04-16,0.0,0.1242,0.0,0.0,0.0311
2015-04-17,0.0,0.0,0.0,0.0,0.0
2015-04-18,0.0,0.0,0.0,0.0,0.0
2015-04-19,0.0,0.0,0.0,0.0,0.0
2015-04-20,0.0,0.0,0.0,0.0,0.0
2015-04-21,0.0,0.0,0.0,0.0,0.0
2015-04-22,0.0,0.7453,0.0,0.0,0.1863
2015-04-23,0.0,0.0,0.0,0.0,0.0
2015-04-24,0.0,0.0,0.0,0.0,0.0
2015-04-25,0.0,0.0,0.0,0.0,0.0
2015-04-26,0.0,0.0,0.0,0.0,0.0
2015-04-27,0.0,0.0,0.0,0.0,0.0
2015-04-28,0.0,0.0,0.0,0.0,0.0
2015-04-29,0.0,0.0,0.0,0.0,0.0
2015-04-30,0.0,0.0,0.0,0.0,0.0
2015-05-01,0.0,0.0,0.0,0.0,0.0
2015-05-02,0.0,0.0,0.0,0.0,0.0
2015-05-03,0.0,0.0,0.0,0.0,0.0
2015-05-04,0.0,0.0,0.0,0.0,0.0
2015-05-05,0.0,0.0,0.0,0.0,0.0
2015-05-06,1.1465,0.9742,0.3538,0.3139,0.6971
2015-05-07,0.0,0.0,0.0,0.0,0.0
2015-05-08,0.0,0.0,0.0,0.0,0.0
2015-05-09,0.0,0.0,0.0,0.0,0.0
2015-05-10,0.0,0.0,0.0,0.0,0.0
2015-05-11,0.0,0.0,0.0,0.0,0.0
2015-05-12,0.0,0.0,0.0,0.0,0.0
2015-05-13,0.0,0.0,0.0,0.0,0.0
2015-05-14,0.0,0.0,0.0,0.0,0.0
2015-05-15,0.0,0.0,0.0,0.0,0.0
2015-05-16,0.0,0.0,0.0,0.4673,0.1168
2015-05-17,0.0,0.0,0.0,0.0,0.0
2015-05-18,0.0,0.0,0.0,0.0,0.0
2015-05-19,0.0,0.0,0.0,0.0,0.0
2015-05-20,0.0,0.0,0.0,0.0,0.0
2015-05-21,0.0,0.0,0.0,0.0,0.0
2015-05-22,0.0,0.0,0.0,0.0,0.0
2015-05-23,0.0,0.0,0.0,0.0,0.0
2015-05-24,0.0,0.0,0.0,0.0,0.0
2015-05-25,0.0,0.0,0.0,0.0,0.0
2015-05-26,0.0,0.0,0.0,0.0,0.0
2015-05-27,0.0,0.0,0.0,0.0,0.0
2015-05-28,0.0,0.0,0.0,0.0,0.0
2015-05-29,0.0,0.0,0.0,0.0,0.0
2015-05-30,0.0,0.0,0.0,0.0,0.0
2015-05-31,0.0,0.0,0.0,0.0,0.0
2015-06-01,0.0,0.0,0.0,0.0,0.0
2015-06-02,0.0,0.0,0.0,0.0,0.0
2015-06-03,0.0,0.0,0.0,0.0,0.0
2015-06-04,0.0,0.0,0.0,0.0,0.0
2015-06-05,0.5575,0.0,0.0,0.0,0.1394
2015-06-06,0.0,0.0,0.0,0.0,0.0
2015-06-07,1.8048,0.0,0.1103,0.0,0.4788
2015-06-08,3.0964,6.8195,3.1609,0.1385,3.3038
2015-06-09,0.5933,0.0,0.0,0.0,0.1483
2015-06-10,3.7168,0.0,0.0,0.0,0.9292
2015-06-11,0.2424,2.9226,2.1464,0.4,1.4279
2015-06-12,41.4463,13.0627,54.1301,28.8431,34.3706
2015-06-13,9.9229,3.9179,11.1975,0.2355,6.3184
2015-06-14,23.8287,33.3397,15.5473,6.5392,19.8137
2015-06-15,77.829,66.3123,50.6967,27.8052,55.6608
2015-06-16,22.2383,17.1106,10.4306,13.1343,15.7284
2015-06-17,46.4511,21.8554,37.2646,13.214,29.6963
2015-06-18,26.076,0.1164,13.2389,4.0137,10.8613
2015-06-19,221.8544,126.0332,205.375,80.2305,158.3733
2015-06-20,139.4798,62.2033,159.802,88.1509,112.409
2015-06-21,92.3681,69.9605,96.9507,39.1057,74.5962
2015-06-22,82.4618,151.194,94.4854,115.2049,110.8365
2015-06-23,71.4822,79.3554,80.7723,60.8493,73.1148
2015-06-24,46.0624,77.791,67.4241,84.7593,69.0092
2015-06-25,6.9596,9.5933,10.65,16.0489,10.813
2015-06-26,2.5302,5.0366,6.562,9.0574,5.7965
2015-06-27,0.8835,2.0655,2.0261,4.9382,2.4783
2015-06-28,0.1199,0.0,0.1103,0.0,0.0576
2015-06-29,0.3635,1.9683,0.6619,0.0,0.7484
2015-06-30,8.7262,8.8909,2.8749,19.4603,9.9881
2015-07-01,3.1416,0.2016,3.3832,0.9929,1.9298
2015-07-02,0.0,0.0,0.2813,3.8657,1.0368
2015-07-03,0.0,0.0,0.0,0.0,0.0
2015-07-04,0.2686,0.0,1.6968,0.0,0.4914
2015-07-05,0.0,0.0,0.0,0.0,0.0
2015-07-06,0.0,2.3381,0.0,0.0,0.5845
2015-07-07,0.6603,0.0,0.2932,0.2198,0.2933
2015-07-08,5.3387,6.5126,3.5638,4.889,5.076
2015-07-09,2.8609,6.7216,1.573,1.9696,3.2813
2015-07-10,0.7313,8.0243,2.2404,0.0,2.749
2015-07-11,0.7163,3.9145,2.1676,0.0,1.6996
2015-07-12,3.2826,4.0214,5.8762,0.1327,3.3282
2015-07-13,0.3947,3.0169,0.7933,0.0,1.0512
2015-07-14,0.6825,0.0,0.9107,0.3866,0.495
2015-07-15,0.3029,1.7853,0.6653,0.0,0.6884
2015-07-16,2.9892,0.5336,1.2338,2.9697,1.9316
2015-07-17,3.2284,6.2159,6.4092,4.0983,4.9879
2015-07-18,3.9645,10.3059,4.5714,7.8365,6.6696
2015-07-19,3.4154,11.9978,6.8218,7.0962,7.3328
2015-07-20,1.6485,3.4111,6.0281,6.2124,4.325
2015-07-21,33.5143,86.6191,92.0007,194.2233,101.5893
2015-07-22,46.0079,101.5212,80.5107,102.4996,82.6349
2015-07-23,50.4648,37.9789,63.9884,81.7061,58.5345
2015-07-24,39.5521,34.5628,34.7504,44.4998,38.3413
2015-07-25,30.9652,51.5074,26.2599,17.0653,31.4494
2015-07-26,5.4952,17.007,9.2872,8.1981,9.9969
2015-07-27,8.0041,19.2169,12.4506,10.0329,12.4261
2015-07-28,24.3142,27.8532,33.5047,48.4414,33.5284
2015-07-29,29.8306,53.9669,39.0382,62.0962,46.233
2015-07-30,19.0296,59.2195,31.7303,37.7094,36.9222
2015-07-31,8.4373,14.8084,10.8875,17.8803,13.0034
2015-08-01,3.5599,16.1335,4.4138,0.6156,6.1807
2015-08-02,2.24,4.3612,5.0038,1.1041,3.1773
2015-08-03,1.5602,9.7074,3.6317,8.0951,5.7486
2015-08-04,0.104,0.1501,0.9772,1.0116,0.5607
2015-08-05,9.1255,7.8518,2.6863,2.0498,5.4284
2015-08-06,10.8221,13.1137,17.7083,13.9072,13.8878
2015-08-07,3.4962,5.9957,2.128,1.9956,3.4039
2015-08-08,4.9825,15.7898,4.7461,3.9962,7.3787
2015-08-09,12.4278,8.3132,6.8119,2.0565,7.4024
2015-08-10,7.0886,4.6409,10.2113,10.1138,8.0137
2015-08-11,5.3619,6.1655,3.5928,6.9074,5.5069
2015-08-12,5.9694,1.0438,6.7465,8.9604,5.68
2015-08-13,5.8393,6.6479,3.2863,6.0613,5.4587
2015-08-14,5.4274,2.1451,8.0386,16.6895,8.0752
2015-08-15,6.8264,14.9549,7.1502,10.1056,9.7593
2015-08-16,3.7901,2.6693,8.7536,11.9592,6.7931
2015-08-17,6.3525,15.7373,9.3731,1.1624,8.1563
2015-08-18,11.5917,0.8118,15.2968,6.4112,8.5279
2015-08-19,0.2323,0.0,0.4383,2.9523,0.9057
2015-08-20,0.0,0.0,0.0,0.0,0.0
2015-08-21,2.7285,2.3023,0.4198,1.9613,1.853
2015-08-22,2.9768,8.9916,6.6669,4.0541,5.6723
2015-08-23,0.3836,4.0536,0.2274,0.0,1.1662
2015-08-24,0.1905,1.1547,1.2042,0.1193,0.6672
2015-08-25,6.3978,23.5789,10.145,5.9996,11.5303
2015-08-26,16.0586,96.0025,44.6402,99.0328,63.9335
2015-08-27,0.4861,0.0,4.2028,6.1258,2.7037
2015-08-28,12.8588,20.8451,11.4989,7.1989,13.1004
2015-08-29,7.104,7.7139,6.0029,5.0817,6.4756
2015-08-30,21.42,20.0426,15.6015,9.0342,16.5246
2015-08-31,15.7377,8.6077,12.0698,28.4933,16.2271
2015-09-01,4.5437,0.1351,4.7545,6.9286,4.0905
2015-09-02,6.327,4.7238,4.6589,1.1933,4.2257
2015-09-03,0.64,0.0,0.8981,3.9452,1.3708
2015-09-04,0.3956,0.0,0.0,0.0,0.0989
2015-09-05,0.0,0.0,0.0,0.0,0.0
2015-09-06,0.0,0.0,0.0,0.0,0.0
2015-09-07,0.1978,0.0,0.0,0.0,0.0495
2015-09-08,0.0,0.0,0.0,0.0,0.0
2015-09-09,29.6595,0.0,0.0,0.0,7.4149
2015-09-10,3.4038,34.347,5.5153,4.3896,11.9139
2015-09-11,12.138,4.1835,23.1433,23.7649,15.8074
2015-09-12,0.0,0.0,0.0,0.0,0.0
2015-09-13,9.1114,20.9392,12.6915,9.8313,13.1433
2015-09-14,17.017,3.9266,16.1575,0.5987,9.425
2015-09-15,70.5665,0.1878,18.2577,0.0,22.253
2015-09-16,4.2709,0.3118,2.0409,0.0,1.6559
2015-09-17,6.9975,1.2264,1.048,0.0,2.318
2015-09-18,2.5686,32.4203,0.7495,0.0,8.9346
2015-09-19,3.6288,18.5333,22.9701,39.8998,21.258
2015-09-20,21.6649,34.4547,31.5506,32.9702,30.1601
2015-09-21,16.3699,12.1807,36.7388,50.6715,28.9902
2015-09-22,7.8201,2.2242,28.6844,62.5397,25.3171
2015-09-23,1.9668,2.3057,1.9958,0.0,1.5671
2015-09-24,0.1734,0.0,1.3221,0.0,0.3739
2015-09-25,0.0,0.0,0.0,0.0,0.0
2015-09-26,0.0,0.0,0.0,0.0,0.0
2015-09-27,0.0,0.0,0.0,0.0,0.0
2015-09-28,0.0,0.0,0.0,0.0,0.0
2015-09-29,0.0,0.0,0.0,0.0,0.0
2015-09-30,0.0,0.0,0.0,0.0,0.0
2015-10-01,0.0,0.0,0.0,0.0,0.0
2015-10-02,1.2318,0.2098,0.0,0.0,0.3604
2015-10-03,7.1381,5.1026,4.5104,13.2059,7.4893
2015-10-04,39.3393,65.9453,32.9188,35.186,43.3474
2015-10-05,7.4568,0.4899,1.7721,1.3374,2.7641
2015-10-06,9.0739,12.1661,2.2204,0.2035,5.916
2015-10-07,0.1978,0.0,0.0,0.0,0.0495
2015-10-08,0.0,0.0,0.0,0.0,0.0
2015-10-09,0.0,0.0,0.0,0.0,0.0
2015-10-10,0.0,0.0,0.0,0.0,0.0
2015-10-11,0.0,0.0,0.0,0.0,0.0
2015-10-12,2.6161,0.4747,10.8095,18.4679,8.0921
2015-10-13,0.0,0.1944,0.0,0.0,0.0486
2015-10-14,0.0,0.0,0.0,0.9664,0.2416
2015-10-15,0.0,0.0,0.0,0.0,0.0
2015-10-16,0.0,0.0,0.0,0.0,0.0
2015-10-17,0.0,0.0,0.0,0.0,0.0
2015-10-18,0.0,0.0,0.0,0.0,0.0
2015-10-19,0.0,0.0,0.0,0.0,0.0
2015-10-20,0.0,0.0,0.0,0.0,0.0
2015-10-21,0.0,0.0,0.0,0.0,0.0
2015-10-22,0.0,0.0,0.0,0.0,0.0
2015-10-23,0.0,0.0,0.0,0.0,0.0
2015-10-24,0.0,0.0,0.0,0.0,0.0
2015-10-25,0.0,0.0,0.0,0.0,0.0
2015-10-26,0.2814,12.7541,0.915,0.0,3.4876
2015-10-27,0.0,0.0,0.0,0.0,0.0
2015-10-28,0.0,0.0,0.0,0.0,0.0
2015-10-29,0.0,0.0,0.0,0.0,0.0
2015-10-30,0.0,0.0,0.0,0.0,0.0
2015-10-31,0.0,0.0,0.0,0.0,0.0
2015-11-01,0.0,0.0,0.0,0.0,0.0
2015-11-02,0.0,0.0,0.0,0.0,0.0
2015-11-03,0.0,0.0,0.0,0.0,0.0
2015-11-04,0.0,0.0,0.0,0.0,0.0
2015-11-05,0.0,0.0,0.0,0.0,0.0
2015-11-06,0.0,0.0,0.0,0.0,0.0
2015-11-07,0.0,0.0,0.0,0.0,0.0
2015-11-08,0.0,0.0,0.0,0.0,0.0
2015-11-09,0.0,0.0,0.0,0.0,0.0
2015-11-10,0.0,0.0,0.0,0.0,0.0
2015-11-11,0.0,0.0,0.0,0.0,0.0
2015-11-12,0.0,0.0,0.0,0.0,0.0
2015-11-13,0.0,0.0,0.0,0.0,0.0
2015-11-14,0.0,0.0,0.0,0.0,0.0
2015-11-15,0.0,0.0,0.0,0.0,0.0
2015-11-16,0.0,0.0,0.0,0.0,0.0
2015-11-17,0.0,0.0,0.0,0.0,0.0
2015-11-18,0.0,0.0,0.0,0.0,0.0
2015-11-19,0.0,0.0,0.0,0.0,0.0
2015-11-20,0.0,0.0,0.0,0.0,0.0
2015-11-21,0.0,0.0,0.0,0.0,0.0
2015-11-22,1.2544,27.2779,2.114,7.7949,9.6103
2015-11-23,0.3815,39.9972,4.3827,22.6137,16.8438
2015-11-24,0.0,0.0,2.3906,32.8584,8.8123
2015-11-25,0.0,0.0,0.0,0.0,0.0
2015-11-26,0.0,0.0,0.0,0.0,0.0
2015-11-27,0.0,0.0,0.0,0.0,0.0
2015-11-28,0.0,0.0,0.0,0.0,0.0
2015-11-29,0.0,0.0,0.0,0.0,0.0
2015-11-30,0.0,0.0,0.0,0.0,0.0
2015-12-01,0.0,0.0,0.0,0.0,0.0
2015-12-02,0.0,0.0,0.0,0.0,0.0
2015-12-03,0.0,0.0,0.0,0.0,0.0
2015-12-04,0.0,0.0,0.0,0.0,0.0
2015-12-05,0.0,0.0,0.0,0.0,0.0
2015-12-06,0.0,0.0,0.0,0.0,0.0
2015-12-07,0.0,0.0,0.0,0.0,0.0
2015-12-08,0.0,0.0,0.0,0.0,0.0
2015-12-09,0.0,0.0,0.0,0.0,0.0
2015-12-10,0.0,0.0,0.0,0.0,0.0
2015-12-11,0.0,0.0,0.0,0.0,0.0
2015-12-12,0.0,0.0,0.0,0.0,0.0
2015-12-13,0.0,0.0,0.0,0.0,0.0
2015-12-14,0.0,0.0,0.0,0.0,0.0
2015-12-15,0.0,0.0,0.0,0.0,0.0
2015-12-16,0.0,0.0,0.0,0.0,0.0
2015-12-17,0.0,0.0,0.0,0.0,0.0
2015-12-18,0.0,0.0,0.0,0.0,0.0
2015-12-19,0.0,0.0,0.0,0.0,0.0
2015-12-20,0.0,0.0,0.0,0.0,0.0
2015-12-21,0.0,0.0,0.0,0.0,0.0
2015-12-22,0.0,0.0,0.0,0.0,0.0
2015-12-23,0.0,0.0,0.0,0.0,0.0
2015-12-24,0.0,0.0,0.0,0.0,0.0
2015-12-25,0.0,0.0,0.0,0.0,0.0
2015-12-26,0.0,0.0,0.0,0.0,0.0
2015-12-27,0.0,0.0,0.0,0.0,0.0
2015-12-28,0.0,0.0,0.0,0.0,0.0
2015-12-29,0.0,0.0,0.0,0.0,0.0
2015-12-30,0.0,0.0,0.0,0.0,0.0
2015-12-31,0.0,0.0,0.0,0.0,0.0
2016-01-01,0.0,0.0,0.0,0.0,0.0
2016-01-02,0.0,0.0,0.0,0.0,0.0
2016-01-03,0.0,0.0,0.0,0.0,0.0
2016-01-04,0.0,0.0,0.0,0.0,0.0
2016-01-05,0.0,0.0,0.0,0.0,0.0
2016-01-06,0.0,0.0,0.0,0.0,0.0
2016-01-07,0.0,0.0,0.0,0.0,0.0
2016-01-08,0.0,0.0,0.0,0.0,0.0
2016-01-09,0.0,0.0,0.0,0.0,0.0
2016-01-10,0.0,0.0,0.0,0.0,0.0
2016-01-11,0.0,0.0,0.0,0.0,0.0
2016-01-12,0.0,0.0,0.0,0.0,0.0
2016-01-13,0.0,0.0,0.0,0.0,0.0
2016-01-14,0.0,0.0,0.0,0.0,0.0
2016-01-15,0.0,0.0,0.0,0.0,0.0
2016-01-16,0.0,0.0,0.0,0.0,0.0
2016-01-17,0.0,0.0,0.0,0.0,0.0
2016-01-18,0.0,0.0,0.0,0.0,0.0
2016-01-19,0.0,0.0,0.0,0.0,0.0
2016-01-20,0.0,0.0,0.0,0.0,0.0
2016-01-21,0.0,0.0,0.0,0.0,0.0
2016-01-22,0.0,0.0,0.0,0.0,0.0
2016-01-23,0.0,0.0,0.0,0.0,0.0
2016-01-24,0.0,0.0,0.0,0.0,0.0
2016-01-25,0.0,0.0,0.0,0.0,0.0
2016-01-26,0.0,0.0,0.0,0.0,0.0
2016-01-27,0.0,0.0,0.0,0.0,0.0
2016-01-28,0.0,0.0,0.0,0.0,0.0
2016-01-29,0.0,0.0,0.0,0.0,0.0
2016-01-30,0.0,0.0,0.0,0.0,0.0
2016-01-31,0.0,0.0,0.0,0.0,0.0
2016-02-01,0.0,0.0,0.0,0.0,0.0
2016-02-02,0.0,0.0,0.0,0.0,0.0
2016-02-03,0.0,0.0,0.0,0.0,0.0
2016-02-04,0.0,0.0,0.0,0.0,0.0
2016-02-05,0.0,0.0,0.0,0.0,0.0
2016-02-06,0.0,0.0,0.0,0.0,0.0
2016-02-07,0.0,0.0,0.0,0.0,0.0
2016-02-08,0.0,0.0,0.0,0.0,0.0
2016-02-09,0.0,0.0,0.0,0.0,0.0
2016-02-10,0.0,0.0,0.0,0.0,0.0
2016-02-11,0.0,0.0,0.0,0.0,0.0
2016-02-12,0.0,0.0,0.0,0.0,0.0
2016-02-13,0.0,0.0,0.0,0.0,0.0
2016-02-14,0.0,0.0,0.0,0.0,0.0
2016-02-15,0.0,0.0,0.0,0.0,0.0
2016-02-16,0.0,0.0,0.0,0.0,0.0
2016-02-17,0.0,0.0,0.0,0.0,0.0
2016-02-18,0.0,0.0,0.0,0.0,0.0
2016-02-19,0.0,0.0,0.0,0.0,0.0
2016-02-20,0.0,0.0,0.0,0.0,0.0
2016-02-21,0.0,0.0,0.0,0.0,0.0
2016-02-22,0.0,0.0,0.0,0.0,0.0
2016-02-23,0.0,0.0,0.0,0.0,0.0
2016-02-24,0.0,0.0,0.0,0.0,0.0
2016-02-25,0.0,0.0,0.0,0.0,0.0
2016-02-26,0.0,0.0,0.0,0.0,0.0
2016-02-27,0.0,0.0,0.0,0.0,0.0
2016-02-28,0.0,0.0,0.0,0.0,0.0
2016-02-29,0.0,0.0,0.0,0.0,0.0
2016-03-01,0.0,0.0,0.0,0.0,0.0
2016-03-02,0.0,0.3768,0.0,0.0,0.0942
2016-03-03,0.0,0.1532,0.0,0.0,0.0383
2016-03-04,0.0,0.0,0.0,0.3507,0.0877
2016-03-05,4.8429,5.3259,8.6149,6.7978,6.3954
2016-03-06,0.0,0.0,0.0,0.0,0.0
2016-03-07,0.0,0.0,0.0,0.0,0.0
2016-03-08,0.0,0.0,0.0,0.0,0.0
2016-03-09,0.0,0.0,0.0,0.0,0.0
2016-03-10,0.0,0.0,0.0,0.0,0.0
2016-03-11,0.0,0.0,0.0,0.0,0.0
2016-03-12,0.0,0.0,0.0,0.0,0.0
2016-03-13,0.0,0.0,0.0,0.0,0.0
2016-03-14,0.0,0.0,0.0,0.0,0.0
2016-03-15,0.0,0.0,0.0,0.0,0.0
2016-03-16,0.0,0.0,0.0,0.0,0.0
2016-03-17,0.0,0.0,0.0,0.0,0.0
2016-03-18,0.0,0.0,0.0,0.0,0.0
2016-03-19,0.0,0.0,0.0,0.0,0.0
2016-03-20,0.0,0.0,0.0,0.0,0.0
2016-03-21,0.0,0.0,0.0,0.0,0.0
2016-03-22,0.0,0.0,0.0,0.0,0.0
2016-03-23,0.0,0.0,0.0,0.0,0.0
2016-03-24,0.0,0.0,0.0,0.0,0.0
2016-03-25,0.0,0.0,0.0,0.0,0.0
2016-03-26,0.0,0.0,0.0,0.0,0.0
2016-03-27,0.0,0.0,0.0,0.0,0.0
2016-03-28,0.0,0.0,0.0,0.0,0.0
2016-03-29,0.0,0.0,0.0,0.0,0.0
2016-03-30,0.0,0.0,0.0,0.0,0.0
2016-03-31,0.0,0.0,0.0,0.0,0.0
2016-04-01,0.0,0.0,0.0,0.0,0.0
2016-04-02,0.0,0.0,0.0,0.0,0.0
2016-04-03,0.0,0.0,0.0,0.0,0.0
2016-04-04,0.0,0.0,0.0,0.0,0.0
2016-04-05,0.0,0.0,0.0,0.0,0.0
2016-04-06,0.0,0.0,0.0,0.0,0.0
2016-04-07,0.0,0.0,0.0,0.0,0.0
2016-04-08,0.0,0.0,0.0,0.0,0.0
2016-04-09,0.0,0.0,0.0,0.0,0.0
2016-04-10,0.0,0.0,0.0,0.0,0.0
2016-04-11,0.0,0.0,0.0,0.0,0.0
2016-04-12,0.0,0.0,0.0,0.0,0.0
2016-04-13,0.0,0.0,0.0,0.0,0.0
2016-04-14,0.0,0.0,0.0,0.0,0.0
2016-04-15,0.0,0.0,0.0,0.0,0.0
2016-04-16,0.0,0.0,0.0,0.0,0.0
2016-04-17,0.0,0.0,0.0,0.0,0.0
2016-04-18,0.0,0.0,0.0,0.0,0.0
2016-04-19,0.0,0.0,0.0,0.0,0.0
2016-04-20,0.0,0.0,0.0,0.0,0.0
2016-04-21,0.0,0.0,0.0,0.0,0.0
2016-04-22,0.0,0.0,0.0,0.0,0.0
2016-04-23,0.0,0.0,0.0,0.0,0.0
2016-04-24,0.0,0.0,0.0,0.0,0.0
2016-04-25,0.0,0.0,0.0,0.0,0.0
2016-04-26,0.0,0.0,0.0,0.0,0.0
2016-04-27,0.0,0.0,0.0,0.0,0.0
2016-04-28,0.0,0.0,0.0,0.0,0.0
2016-04-29,0.0,0.0,0.0,0.0,0.0
2016-04-30,0.0,0.0,0.0,0.0,0.0
2016-05-01,0.0,0.0,0.0,0.0,0.0
2016-05-02,0.0,0.0,0.0,0.0,0.0
2016-05-03,0.0,0.0,0.0,0.0,0.0
2016-05-04,0.0,0.0,0.0,0.0,0.0
2016-05-05,0.0,0.0,0.0,0.0,0.0
2016-05-06,0.0,0.0,0.0,0.0,0.0
2016-05-07,0.0,0.0,0.0,0.0,0.0
2016-05-08,0.0,0.0,0.0,0.0,0.0
2016-05-09,0.0,0.0,0.0,1.4823,0.3706
2016-05-10,0.0,2.36,0.0,0.0,0.59
2016-05-11,0.0,0.0,0.0,0.0,0.0
2016-05-12,0.0,2.693,0.0,1.8282,1.1303
2016-05-13,0.0,0.0,0.0,0.0,0.0
2016-05-14,0.0,0.0,0.0,0.0,0.0
2016-05-15,0.0,0.0,0.0,0.0,0.0
2016-05-16,0.0,0.0,0.0,0.0,0.0
2016-05-17,0.0,0.0,0.0,0.0,0.0
2016-05-18,0.0,0.0,0.0,0.0,0.0
2016-05-19,0.0,0.0,0.0,0.0,0.0
2016-05-20,0.0,0.0,0.0,0.0,0.0
2016-05-21,0.0,0.0,0.0,0.0,0.0
2016-05-22,0.0,0.0,0.0,0.0,0.0
2016-05-23,0.0,0.0,0.0,0.0,0.0
2016-05-24,1.115,0.0,0.0,0.0,0.2787
2016-05-25,0.0,0.0,0.0,0.0,0.0
2016-05-26,0.3717,0.0,0.0,0.0,0.0929
2016-05-27,0.2275,0.0,0.0,0.0,0.0569
2016-05-28,0.0,0.0,0.0,0.0,0.0
2016-05-29,0.0,0.0,0.0,0.0,0.0
2016-05-30,0.0,0.0,0.0,0.0,0.0
2016-05-31,0.0,0.0,0.0,0.0,0.0
2016-06-01,0.0,0.0,0.0,0.0,0.0
2016-06-02,0.0,0.0,0.0,0.0,0.0
2016-06-03,0.0,0.0,0.0,0.0,0.0
2016-06-04,0.0,0.0,0.0,0.0,0.0
2016-06-05,0.0,0.0,0.0,0.0,0.0
2016-06-06,0.0,0.0,0.0,0.0,0.0
2016-06-07,0.0,0.0,0.0,0.0,0.0
2016-06-08,0.0,0.0,0.0,0.0,0.0
2016-06-09,0.0,0.0,0.0,0.0,0.0
2016-06-10,0.0,0.0,0.0,0.0,0.0
2016-06-11,3.1593,0.0,0.0,0.0,0.7898
2016-06-12,13.7427,0.0,26.7136,0.5474,10.2509
2016-06-13,0.0,0.0,0.3067,0.1564,0.1158
2016-06-14,1.919,0.0,0.1103,0.0,0.5073
2016-06-15,1.8872,4.8621,4.5784,0.4432,2.9427
2016-06-16,2.5097,5.8595,0.0,0.0,2.0923
2016-06-17,0.0,0.0,0.0,0.0,0.0
2016-06-18,1.3059,0.0,3.6922,0.0,1.2495
2016-06-19,0.6059,0.0,1.1032,0.0,0.4273
2016-06-20,36.2099,22.8111,18.8779,0.3128,19.5529
2016-06-21,91.8695,3.2582,90.4361,17.9345,50.8746
2016-06-22,17.6347,55.3547,30.7273,45.25,37.2417
2016-06-23,2.6379,14.6368,2.0733,0.0,4.837
2016-06-24,35.1042,42.5685,43.4476,31.0924,38.0532
2016-06-25,86.9669,79.8314,109.5399,42.3849,79.6808
2016-06-26,121.5498,121.1398,100.6852,92.1558,108.8826
2016-06-27,31.3041,27.3179,45.2417,50.8876,38.6878
2016-06-28,35.8269,17.6961,76.5328,62.3703,48.1065
2016-06-29,81.1558,32.2262,70.506,15.2802,49.7921
2016-06-30,15.1968,8.2002,7.6772,0.2346,7.8272
2016-07-01,61.2938,20.7079,85.8965,59.1451,56.7608
2016-07-02,65.5447,147.9289,94.8331,104.3862,103.1732
2016-07-03,74.1861,156.389,114.3252,126.6191,117.8799
2016-07-04,31.632,62.8576,44.7089,92.8837,58.0206
2016-07-05,32.8956,47.5609,52.6698,52.1302,46.3141
2016-07-06,10.4321,45.0188,10.6324,19.424,21.3768
2016-07-07,7.3507,4.0814,7.2064,4.8528,5.8728
2016-07-08,5.6253,5.3341,2.6014,5.7086,4.8174
2016-07-09,7.823,4.9287,14.2382,20.3494,11.8348
2016-07-10,2.359,22.3902,11.0066,41.2107,19.2416
2016-07-11,6.0669,18.6184,16.6069,63.7071,26.2498
2016-07-12,4.33,14.5415,18.4986,42.1774,19.8869
2016-07-13,14.0007,27.7142,17.6618,27.1716,21.6371
2016-07-14,10.4406,14.2954,13.6876,15.2492,13.4182
2016-07-15,17.6216,16.2225,13.4496,18.3658,16.4149
2016-07-16,6.2554,10.2516,4.0673,14.1757,8.6875
2016-07-17,20.4528,39.167,11.5579,8.0237,19.8004
2016-07-18,16.4515,28.991,23.1353,44.8557,28.3584
2016-07-19,52.7972,112.747,66.145,117.3338,87.2557
2016-07-20,70.7824,91.165,78.8006,108.4,87.287
2016-07-21,18.9216,53.103,24.4034,38.3284,33.6891
2016-07-22,12.931,9.04,13.8241,10.5979,11.5983
2016-07-23,12.8754,19.8467,14.0505,15.166,15.4846
2016-07-24,5.9429,11.1706,13.7568,26.2235,14.2735
2016-07-25,4.0387,0.0,17.288,7.4531,7.195
2016-07-26,0.9406,2.1663,1.4358,0.0,1.1357
2016-07-27,34.4258,2.0402,45.5796,2.8681,21.2284
2016-07-28,25.614,4.8275,18.1183,31.1185,19.9196
2016-07-29,71.168,31.6308,77.358,57.308,59.3662
2016-07-30,93.1128,59.8583,105.3093,81.6358,84.9791
2016-07-31,31.8643,64.1294,21.4394,31.385,37.2045
2016-08-01,69.8827,191.969,150.7864,202.0723,153.6776
2016-08-02,34.8595,43.3371,54.6015,59.2207,48.0047
2016-08-03,12.2204,35.254,32.014,82.2128,40.4253
2016-08-04,13.3266,33.7957,24.1849,50.8073,30.5286
2016-08-05,23.9767,12.2288,20.4273,23.3817,20.0036
2016-08-06,74.2762,101.1034,106.3017,59.4384,85.2799
2016-08-07,12.2314,20.9283,16.938,22.5776,18.1688
2016-08-08,5.5642,5.8049,7.0319,7.8288,6.5575
2016-08-09,4.469,6.9423,7.7068,22.0838,10.3005
2016-08-10,10.7277,17.1156,14.3982,22.4636,16.1763
2016-08-11,9.1339,14.2738,5.2517,10.9703,9.9074
2016-08-12,16.8119,10.5083,6.0536,10.1862,10.89
2016-08-13,2.0,8.8984,2.3566,3.9601,4.3038
2016-08-14,0.169,0.0,1.4105,1.0429,0.6556
2016-08-15,3.9671,0.0,3.3268,1.7729,2.2667
2016-08-16,1.8232,5.7517,2.877,1.0429,2.8737
2016-08-17,2.4599,1.0908,1.1461,1.0429,1.4349
2016-08-18,6.0889,7.9917,11.0673,13.4579,9.6515
2016-08-19,0.5201,0.9869,4.605,1.2775,1.8474
2016-08-20,6.099,1.2281,1.4855,1.9036,2.6791
2016-08-21,2.792,2.3381,3.2868,0.0,2.1042
2016-08-22,2.0044,4.677,2.2078,0.4119,2.3253
2016-08-23,8.3447,11.4151,8.2779,16.8772,11.2287
2016-08-24,13.3456,54.1606,12.8614,13.834,23.5504
2016-08-25,3.43,4.7063,4.4257,2.359,3.7303
2016-08-26,2.3574,5.7175,1.9116,3.0447,3.2578
2016-08-27,90.5038,69.0164,38.7075,22.0497,55.0694
2016-08-28,59.9902,21.5209,36.4047,9.2331,31.7872
2016-08-29,46.8318,14.3819,50.058,35.6208,36.7231
2016-08-30,2.0306,0.1927,3.0015,7.5245,3.1873
2016-08-31,1.9158,10.1089,3.3385,7.5706,5.7334
2016-09-01,2.3373,5.9654,2.3873,1.1993,2.9723
2016-09-02,7.6313,1.6259,8.8972,14.9454,8.275
2016-09-03,12.133,4.1953,18.2305,8.4207,10.7449
2016-09-04,3.2456,6.4979,3.2311,10.0838,5.7646
2016-09-05,0.2907,0.0,0.0,0.0,0.0727
2016-09-06,0.6851,0.0,0.2644,0.0,0.2374
2016-09-07,1.5491,0.0,1.0876,0.9647,0.9003
2016-09-08,3.6406,22.1412,9.3241,12.7173,11.9558
2016-09-09,0.4854,7.0586,5.3894,21.8478,8.6953
2016-09-10,8.4135,7.32,16.4742,0.6172,8.2062
2016-09-11,1.7029,0.0,12.4382,0.4895,3.6576
2016-09-12,2.8131,0.0,5.9037,0.0,2.1792
2016-09-13,1.0915,0.0,0.5288,0.0,0.4051
2016-09-14,4.5336,0.0,10.8122,0.0,3.8365
2016-09-15,23.9615,1.0054,1.5217,0.0,6.6222
2016-09-16,57.9101,76.9739,58.8212,49.3003,60.7514
2016-09-17,100.9592,110.6485,46.7531,16.2713,68.658
2016-09-18,51.9719,32.5055,53.8659,27.5612,41.4761
2016-09-19,33.1738,33.8314,26.775,15.6875,27.3669
2016-09-20,11.2785,19.7976,27.9191,17.2418,19.0592
2016-09-21,75.5329,101.2931,108.9395,70.0614,88.9567
2016-09-22,129.2981,51.2611,82.0378,20.2881,70.7213
2016-09-23,41.9823,25.221,28.4411,26.3807,30.5063
2016-09-24,140.6558,107.7359,71.001,42.8357,90.5571
2016-09-25,2.6495,2.6913,1.5806,0.9756,1.9743
2016-09-26,10.7472,6.149,10.0942,39.9061,16.7241
2016-09-27,0.0,0.1067,0.5288,0.0,0.1589
2016-09-28,0.6234,9.3428,1.9402,0.0,2.9766
2016-09-29,0.0,0.0,0.584,0.0,0.146
2016-09-30,0.0,0.0,0.5288,0.0,0.1322
2016-10-01,1.3071,0.0,2.5811,0.0,0.9721
2016-10-02,21.2598,17.184,11.1423,21.7637,17.8374
2016-10-03,11.7796,3.6356,1.776,1.8511,4.7606
2016-10-04,8.1852,2.9885,0.8598,0.0,3.0084
2016-10-05,26.0765,7.2744,38.483,19.9498,22.9459
2016-10-06,9.4671,26.4413,16.2266,7.8734,15.0021
2016-10-07,4.0531,0.0,5.3608,9.021,4.6087
2016-10-08,0.0,0.0,0.5288,0.0,0.1322
2016-10-09,0.0,0.0,0.5288,0.0,0.1322
2016-10-10,0.0,0.0,0.0,0.0,0.0
2016-10-11,0.0,0.0,0.0,0.0,0.0
2016-10-12,0.0,0.0,0.0,0.0,0.0
2016-10-13,0.0,0.0,0.0,0.0,0.0
2016-10-14,0.0,0.0,0.0,0.0,0.0
2016-10-15,0.0,0.0,0.0,0.0,0.0
2016-10-16,0.0,0.0,0.0,0.0,0.0
2016-10-17,0.0,0.0,0.0,0.0,0.0
2016-10-18,0.0,0.0,0.0,0.0,0.0
2016-10-19,0.0,0.0,0.0,0.0,0.0
2016-10-20,0.0,0.0,0.0,0.0,0.0
2016-10-21,0.0,0.0,0.0,0.0,0.0
2016-10-22,0.0,0.0,0.0,0.0,0.0
2016-10-23,0.0,0.0,0.0,0.0,0.0
2016-10-24,0.0,0.0,0.0,0.0,0.0
2016-10-25,0.0,0.0,0.0,0.0,0.0
2016-10-26,0.0,0.0,0.0,0.0,0.0
2016-10-27,0.0,0.0,0.0,0.0,0.0
2016-10-28,0.0,0.0,0.0,0.0,0.0
2016-10-29,0.0,0.0,0.0,0.0,0.0
2016-10-30,0.0,0.0,0.0,0.0,0.0
2016-10-31,0.0,0.0,0.0,0.0,0.0
2016-11-01,0.0,0.0,0.0,0.0,0.0
2016-11-02,0.0,0.0,0.0,0.0,0.0
2016-11-03,0.0,0.0,0.0,0.0,0.0
2016-11-04,0.0,0.0,0.0,0.0,0.0
2016-11-05,0.0,0.0,0.0,0.0,0.0
2016-11-06,0.0,0.0,0.0,0.0,0.0
2016-11-07,0.0,0.0,0.0,0.0,0.0
2016-11-08,0.0,0.0,0.0,0.0,0.0
2016-11-09,0.0,0.0,0.0,0.0,0.0
2016-11-10,0.0,0.0,0.0,0.0,0.0
2016-11-11,0.0,0.0,0.0,0.0,0.0
2016-11-12,0.0,0.0,0.0,0.0,0.0
2016-11-13,0.0,0.0,0.0,0.0,0.0
2016-11-14,0.0,0.0,0.0,0.0,0.0
2016-11-15,0.0,0.0,0.0,0.0,0.0
2016-11-16,0.0,0.0,0.0,0.0,0.0
2016-11-17,0.0,0.0,0.0,0.0,0.0
2016-11-18,0.0,0.0,0.0,0.0,0.0
2016-11-19,0.0,0.0,0.0,0.0,0.0
2016-11-20,0.0,0.0,0.0,0.0,0.0
2016-11-21,0.0,0.0,0.0,0.0,0.0
2016-11-22,0.0,0.0,0.0,0.0,0.0
2016-11-23,0.0,0.0,0.0,0.0,0.0
2016-11-24,0.0,0.0,0.0,0.0,0.0
2016-11-25,0.0,0.0,0.0,0.0,0.0
2016-11-26,0.0,0.0,0.0,0.0,0.0
2016-11-27,0.0,0.0,0.0,0.0,0.0
2016-11-28,0.0,0.0,0.0,0.0,0.0
2016-11-29,0.0,0.0,0.0,0.0,0.0
2016-11-30,0.0,0.0,0.0,0.0,0.0
2016-12-01,0.0,0.0,0.0,0.0,0.0
2016-12-02,0.0,0.0,0.0,0.0,0.0
2016-12-03,0.0,0.0,0.0,0.0,0.0
2016-12-04,0.0,0.0,0.0,0.0,0.0
2016-12-05,0.0,0.0,0.0,0.0,0.0
2016-12-06,0.0,0.0,0.0,0.0,0.0
2016-12-07,0.0,0.0,0.0,0.0,0.0
2016-12-08,0.0,0.0,0.0,0.0,0.0
2016-12-09,0.0,0.0,0.0,0.0,0.0
2016-12-10,0.0,0.0,0.0,0.0,0.0
2016-12-11,0.0,0.0,0.0,0.0,0.0
2016-12-12,0.0,0.0,0.0,0.0,0.0
2016-12-13,0.0,0.0,0.0,0.0,0.0
2016-12-14,0.0,0.0,0.0,0.0,0.0
2016-12-15,0.0,0.0,0.0,0.0,0.0
2016-12-16,0.0,0.0,0.0,0.0,0.0
2016-12-17,0.0,0.0,0.0,0.0,0.0
2016-12-18,0.0,0.0,0.0,0.0,0.0
2016-12-19,0.0,0.0,0.0,0.0,0.0
2016-12-20,0.0,0.0,0.0,0.0,0.0
2016-12-21,0.0,0.0,0.0,0.0,0.0
2016-12-22,0.0,0.0,0.0,0.0,0.0
2016-12-23,0.0,0.0,0.0,0.0,0.0
2016-12-24,0.0,0.0,0.0,0.0,0.0
2016-12-25,0.0,0.0,0.0,0.0,0.0
2016-12-26,0.0,0.0,0.0,0.0,0.0
2016-12-27,0.0,0.0,0.0,0.0,0.0
2016-12-28,0.0,0.0,0.0,0.0,0.0
2016-12-29,0.0,0.0,0.0,0.0,0.0
2016-12-30,0.0,0.0,0.0,0.0,0.0
2016-12-31,0.0,0.0,0.0,0.0,0.0
2017-01-01,0.0,0.0,0.0,0.0,0.0
2017-01-02,0.0,0.0,0.0,0.0,0.0
2017-01-03,0.0,0.0,0.0,0.0,0.0
2017-01-04,0.0,0.0,0.0,0.0,0.0
2017-01-05,0.0,0.0,0.0,0.0,0.0
2017-01-06,0.0,0.0,0.0,0.0,0.0
2017-01-07,0.0,0.0,0.0,0.0,0.0
2017-01-08,0.0,0.0,0.0,0.0,0.0
2017-01-09,0.0,0.0,0.0,0.0,0.0
2017-01-10,0.0,0.0,0.0,0.0,0.0
2017-01-11,0.0,0.0,0.0,0.0,0.0
2017-01-12,0.0,0.0,0.0,0.0,0.0
2017-01-13,0.0,0.0,0.0,0.0,0.0
2017-01-14,0.0,0.0,0.0,0.0,0.0
2017-01-15,0.0,0.0,0.0,0.0,0.0
2017-01-16,0.0,0.0,0.0,0.0,0.0
2017-01-17,0.0,0.0,0.0,0.0,0.0
2017-01-18,0.0,0.0,0.0,0.0,0.0
2017-01-19,0.0,0.0,0.0,0.0,0.0
2017-01-20,0.0,0.0,0.0,0.0,0.0
2017-01-21,0.0,0.0,0.0,0.0,0.0
2017-01-22,0.0,0.0,0.0,0.0,0.0
2017-01-23,0.0,0.0,0.0,0.0,0.0
2017-01-24,0.0,0.0,0.0,0.0,0.0
2017-01-25,0.0,0.0,0.0,0.0,0.0
2017-01-26,0.0,0.0,0.0,0.0,0.0
2017-01-27,0.0,0.0,0.0,0.0,0.0
2017-01-28,0.0,0.0,0.0,0.0,0.0
2017-01-29,0.0,0.0,0.0,0.0,0.0
2017-01-30,0.0,0.0,0.0,0.0,0.0
2017-01-31,0.0,0.0,0.0,0.0,0.0
2017-02-01,0.0,0.0,0.0,0.0,0.0
2017-02-02,0.0,0.0,0.0,0.0,0.0
2017-02-03,0.0,0.0,0.0,0.0,0.0
2017-02-04,0.0,0.0,0.0,0.0,0.0
2017-02-05,0.0,0.0,0.0,0.0,0.0
2017-02-06,0.0,0.0,0.0,0.0,0.0
2017-02-07,0.0,0.0,0.0,0.0,0.0
2017-02-08,0.0,0.0,0.0,0.0,0.0
2017-02-09,0.0,0.0,0.0,0.0,0.0
2017-02-10,0.0,0.0,0.0,0.0,0.0
2017-02-11,0.0,0.0,0.0,0.0,0.0
2017-02-12,0.0,0.0,0.0,0.0,0.0
2017-02-13,0.0,0.0,0.0,0.0,0.0
2017-02-14,0.0,0.0,0.0,0.0,0.0
2017-02-15,0.0,0.0,0.0,0.0,0.0
2017-02-16,0.0,0.0,0.0,0.0,0.0
2017-02-17,0.0,0.0,0.0,0.0,0.0
2017-02-18,0.0,0.0,0.0,0.0,0.0
2017-02-19,0.0,0.0,0.0,0.0,0.0
2017-02-20,0.0,0.0,0.0,0.0,0.0
2017-02-21,0.0,0.0,0.0,0.0,0.0
2017-02-22,0.0,0.0,0.0,0.0,0.0
2017-02-23,0.0,0.0,0.0,0.0,0.0
2017-02-24,0.0,0.0,0.0,0.0,0.0
2017-02-25,0.0,0.0,0.0,0.0,0.0
2017-02-26,0.0,0.0,0.0,0.0,0.0
2017-02-27,0.0,0.0,0.0,0.0,0.0
2017-02-28,0.0,0.0,0.0,0.0,0.0
2017-03-01,0.0,0.0,0.0,0.0,0.0
2017-03-02,0.0,0.0,0.0,0.0,0.0
2017-03-03,0.0,0.0,0.0,0.0,0.0
2017-03-04,0.0,0.0,0.0,0.0,0.0
2017-03-05,0.0,0.0,0.0,0.0,0.0
2017-03-06,0.0,0.0,0.0,0.0,0.0
2017-03-07,0.0,0.0,0.0,0.0,0.0
2017-03-08,0.0,0.0,0.0,0.0,0.0
2017-03-09,0.0,0.0,0.0,0.0,0.0
2017-03-10,0.0,0.0,0.0,0.0,0.0
2017-03-11,0.0,0.0,0.0,0.0,0.0
2017-03-12,0.0,0.0,0.0,0.0,0.0
2017-03-13,0.0,0.0,0.0,0.0,0.0
2017-03-14,0.0,0.0,0.0,0.0,0.0
2017-03-15,0.0,0.0,0.0,0.0,0.0
2017-03-16,0.0,0.0,0.0,0.0,0.0
2017-03-17,0.0,0.0,0.0,0.0,0.0
2017-03-18,0.0,0.0,0.0,0.0,0.0
2017-03-19,0.0,0.0,0.0,0.0,0.0
2017-03-20,0.0,0.0,0.0,0.0,0.0
2017-03-21,0.0,0.0,0.0,0.0,0.0
2017-03-22,0.0,0.0,0.0,0.0,0.0
2017-03-23,0.0,0.0,0.0,0.0,0.0
2017-03-24,0.0,0.0,0.0,0.0,0.0
2017-03-25,0.0,0.0,0.0,0.0,0.0
2017-03-26,0.0,0.0,0.0,0.0,0.0
2017-03-27,0.0,0.0,0.0,0.0,0.0
2017-03-28,0.0,0.0,0.0,0.0,0.0
2017-03-29,0.0,0.0,0.0,0.0,0.0
2017-03-30,0.0,0.0,0.0,0.0,0.0
2017-03-31,0.0,0.0,0.0,0.0,0.0
2017-04-01,0.0,0.0,0.0,0.0,0.0
2017-04-02,0.0,0.0,0.0,0.0,0.0
2017-04-03,0.0,0.0,0.0,0.0,0.0
2017-04-04,0.0,0.0,0.0,0.0,0.0
2017-04-05,0.0,0.0,0.0,0.0,0.0
2017-04-06,0.0,0.0,0.0,0.0,0.0
2017-04-07,0.0,0.0,0.0,0.0,0.0
2017-04-08,0.0,0.0,0.0,0.0,0.0
2017-04-09,0.0,0.0,0.0,0.0,0.0
2017-04-10,0.0,0.0,0.0,0.0,0.0
2017-04-11,0.0,0.0,0.0,0.0,0.0
2017-04-12,0.0,0.0,0.0,0.0,0.0
2017-04-13,0.0,0.0,0.0,0.0,0.0
2017-04-14,0.0,0.0,0.0,0.0,0.0
2017-04-15,0.0,0.0,0.0,0.0,0.0
2017-04-16,0.0,0.0,0.0,0.0,0.0
2017-04-17,0.0,0.0,0.0,0.0,0.0
2017-04-18,0.0,0.0,0.0,0.0,0.0
2017-04-19,0.0,0.0,0.0,0.0,0.0
2017-04-20,0.0,0.0,0.0,0.0,0.0
2017-04-21,0.0,0.0,0.0,0.0,0.0
2017-04-22,0.0,0.0,0.0,0.0,0.0
2017-04-23,0.0,0.0,0.0,0.0,0.0
2017-04-24,0.0,0.0,0.0,0.0,0.0
2017-04-25,0.0,0.0,0.0,0.0,0.0
2017-04-26,0.0,0.0,0.0,0.0,0.0
2017-04-27,0.0,0.0,0.0,0.0,0.0
2017-04-28,0.0,0.0,0.0,0.0,0.0
2017-04-29,0.0,0.0,0.0,0.0,0.0
2017-04-30,0.0,0.0,0.0,0.0,0.0
2017-05-01,0.0,0.0,0.0,0.0,0.0
2017-05-02,0.0,0.0,0.0,0.0,0.0
2017-05-03,0.0,0.0,0.0,0.0,0.0
2017-05-04,0.0,0.0,0.0,0.0,0.0
2017-05-05,0.0,0.0,0.0,0.0,0.0
2017-05-06,0.0,0.0,0.0,0.0,0.0
2017-05-07,0.0,0.0,0.0,0.0,0.0
2017-05-08,0.0,0.0,0.0,0.0,0.0
2017-05-09,0.0,0.0,0.0,0.0,0.0
2017-05-10,0.0,0.0,0.0,0.0,0.0
2017-05-11,0.0,0.0,0.0,0.0,0.0
2017-05-12,0.0,0.0,0.0,0.0,0.0
2017-05-13,0.9391,0.0,1.5228,0.5604,0.7556
2017-05-14,0.1048,0.0,0.3079,0.3123,0.1813
2017-05-15,0.0,0.0,0.0,0.0,0.0
2017-05-16,0.0,0.0,0.0,0.0,0.0
2017-05-17,0.0,0.0,0.0,0.0,0.0
2017-05-18,0.0,0.0,0.0,0.0,0.0
2017-05-19,0.0,0.0,0.0,0.0,0.0
2017-05-20,0.0,0.0,0.0,0.0,0.0
2017-05-21,0.0,0.0,0.0,0.0,0.0
2017-05-22,0.0,0.0,0.0,0.0,0.0
2017-05-23,0.0,0.0,0.0,0.0,0.0
2017-05-24,0.0,0.0,0.0,0.0,0.0
2017-05-25,0.0,0.0,0.0,0.0,0.0
2017-05-26,0.0,0.0,0.0,0.0,0.0
2017-05-27,0.0,0.0,0.0,0.0,0.0
2017-05-28,0.0,0.0,0.0,0.0,0.0
2017-05-29,0.0,0.0,0.0,0.0,0.0
2017-05-30,0.0,0.0,0.0,0.0,0.0
2017-05-31,0.0,0.8031,0.0,0.0,0.2008
2017-06-01,0.0,0.0,0.0,0.0,0.0
2017-06-02,5.3324,0.1345,4.6334,0.0,2.5251
2017-06-03,0.0,0.0,0.0,0.0,0.0
2017-06-04,3.2718,0.0,6.59,7.9781,4.46
2017-06-05,1.5776,0.0,0.1655,0.0,0.4358
2017-06-06,0.1212,0.0,0.2206,0.0,0.0854
2017-06-07,0.0,0.0,0.0,0.0,0.0
2017-06-08,25.0721,35.5711,7.1374,1.0797,17.2151
2017-06-09,19.4066,48.2443,17.0162,2.4766,21.7859
2017-06-10,25.0537,104.9077,40.9106,42.6105,53.3706
2017-06-11,2.1002,0.0,1.0118,1.7729,1.2212
2017-06-12,71.9097,2.5275,42.9789,0.9049,29.5802
2017-06-13,45.4722,20.0042,18.3732,20.3148,26.0411
2017-06-14,0.0,0.0,0.0,0.0,0.0
2017-06-15,7.8044,0.4417,27.8268,75.8578,27.9827
2017-06-16,0.2121,1.9534,1.0271,6.7266,2.4798
2017-06-17,1.0221,0.0,0.0,0.0,0.2555
2017-06-18,1.3938,0.0,0.2191,1.4079,0.7552
2017-06-19,3.2743,2.2645,1.6649,0.2346,1.8596
2017-06-20,2.3799,5.1257,4.4539,3.7161,3.9189
2017-06-21,0.407,3.896,1.5991,2.0602,1.9906
2017-06-22,6.936,34.137,7.6129,19.6842,17.0925
2017-06-23,23.8985,57.5545,16.5724,9.057,26.7706
2017-06-24,1.6528,1.1604,3.8362,2.369,2.2546
2017-06-25,21.9834,104.8817,108.2713,155.9082,97.7611
2017-06-26,80.852,53.3647,66.2009,34.7516,58.7923
2017-06-27,58.0794,42.5688,26.6849,36.2135,40.8867
2017-06-28,71.8535,124.4846,80.0207,102.0306,94.5973
2017-06-29,81.2871,120.7148,101.7723,130.7728,108.6367
2017-06-30,22.593,70.6494,27.9348,77.6041,49.6953
2017-07-01,36.4787,41.8898,72.9054,52.911,51.0462
2017-07-02,23.7264,48.3279,77.3101,89.6056,59.7425
2017-07-03,13.92,36.9406,47.2372,122.5188,55.1542
2017-07-04,7.0645,8.8853,8.3511,14.837,9.7845
2017-07-05,5.0202,11.026,8.8576,7.4133,8.0793
2017-07-06,1.6718,5.6393,3.7911,2.2405,3.3357
2017-07-07,14.3419,27.1585,10.3848,6.099,14.4961
2017-07-08,0.7303,19.5301,3.2126,0.43,5.9757
2017-07-09,4.3438,2.5876,7.8523,16.4229,7.8016
2017-07-10,0.6758,14.7891,2.7924,15.0717,8.3323
2017-07-11,6.4334,16.2576,5.6222,7.7051,9.0046
2017-07-12,2.3633,16.0036,3.8286,10.2626,8.1145
2017-07-13,0.6295,1.049,1.9574,1.2254,1.2153
2017-07-14,32.5398,88.5156,33.2554,53.2644,51.8938
2017-07-15,37.6258,100.797,76.0918,97.5134,78.007
2017-07-16,33.0695,72.2832,65.4262,84.5171,63.824
2017-07-17,57.6238,49.6429,51.5065,45.7294,51.1257
2017-07-18,132.6348,143.8614,141.0423,85.0732,125.6529
2017-07-19,64.2992,82.8872,94.1156,146.9314,97.0583
2017-07-20,26.8637,22.1082,32.5723,28.4361,27.4951
2017-07-21,30.1329,67.4962,58.4103,70.3189,56.5896
2017-07-22,84.3172,84.9819,88.3258,86.1086,85.9334
2017-07-23,36.1029,71.7441,44.9743,67.5329,55.0885
2017-07-24,2.16,10.5976,5.5552,21.3365,9.9123
2017-07-25,5.8468,4.6039,5.3579,8.7989,6.1519
2017-07-26,6.6047,3.2788,7.6872,9.3654,6.734
2017-07-27,8.5489,12.0688,6.6728,8.4459,8.9341
2017-07-28,8.6702,4.4335,11.7467,27.8773,13.1819
2017-07-29,5.5339,12.4482,5.5225,9.9866,8.3728
2017-07-30,6.7013,13.1248,3.4942,9.6388,8.2398
2017-07-31,5.7116,7.6838,5.7603,5.8409,6.2492
2017-08-01,10.6758,30.6033,13.1566,13.5474,16.9958
2017-08-02,4.875,16.215,4.5288,6.2517,7.9676
2017-08-03,3.4294,9.5006,6.9768,8.6187,7.1314
2017-08-04,1.8192,7.891,4.733,9.25,5.9233
2017-08-05,0.9782,2.9189,2.3676,0.9908,1.8139
2017-08-06,0.0,0.9792,0.2644,0.0,0.3109
2017-08-07,9.163,0.0,1.3111,0.3406,2.7037
2017-08-08,7.5001,3.0518,16.7828,36.0522,15.8467
2017-08-09,0.7807,1.2174,1.3789,2.6594,1.5091
2017-08-10,8.1711,10.0781,3.0803,12.5566,8.4715
2017-08-11,3.4264,19.8729,2.7318,5.3468,7.8445
2017-08-12,3.204,19.9112,8.1482,12.3333,10.8992
2017-08-13,3.9838,7.6614,10.4163,12.7307,8.6981
2017-08-14,10.2268,18.8311,28.8775,32.1709,22.5266
2017-08-15,25.6139,32.7995,59.2477,130.4443,62.0264
2017-08-16,8.4813,30.1723,14.4642,30.1812,20.8247
2017-08-17,2.4094,5.0554,2.9936,1.011,2.8674
2017-08-18,3.2939,9.777,1.6863,1.0429,3.95
2017-08-19,2.2194,34.731,6.0205,9.912,13.2207
2017-08-20,39.067,38.1178,63.5229,32.2073,43.2287
2017-08-21,102.8878,110.6538,124.1232,147.2504,121.2288
2017-08-22,15.9012,5.2042,11.6177,7.9621,10.1713
2017-08-23,6.7421,0.388,0.589,2.7637,2.6207
2017-08-24,8.3818,6.4552,10.319,6.5624,7.9296
2017-08-25,11.2496,37.8239,6.8206,5.8714,15.4414
2017-08-26,78.3179,87.4516,78.4636,83.4754,81.9271
2017-08-27,36.759,80.3372,42.026,89.1248,62.0617
2017-08-28,66.2015,67.8348,55.3676,102.0402,72.861
2017-08-29,134.8026,124.3603,98.5748,130.1776,121.9788
2017-08-30,178.2625,95.5408,264.451,95.1463,158.3502
2017-08-31,8.1726,4.3516,16.895,36.3619,16.4453
2017-09-01,0.6624,0.0,0.709,2.1639,0.8838
2017-09-02,5.2645,11.2187,4.7689,1.212,5.616
2017-09-03,19.1589,16.2656,10.1722,18.205,15.9504
2017-09-04,2.6313,6.1133,10.3336,20.4977,9.894
2017-09-05,0.0,0.0,0.0,0.0,0.0
2017-09-06,0.0,0.0,0.341,0.2346,0.1439
2017-09-07,0.0,0.0,0.0,0.0,0.0
2017-09-08,0.0,0.0,0.0,0.0,0.0
2017-09-09,0.8489,8.8654,7.3228,30.8229,11.965
2017-09-10,1.1556,6.3489,3.2088,8.5071,4.8051
2017-09-11,5.2035,0.0,0.1137,0.0,1.3293
2017-09-12,0.2989,0.5259,11.0454,24.3302,9.0501
2017-09-13,70.0675,57.3799,74.3823,29.9839,57.9534
2017-09-14,0.3536,0.0,1.1507,2.9722,1.1191
2017-09-15,40.8967,42.26,43.1787,55.0947,45.3575
2017-09-16,2.2369,3.218,6.6298,22.994,8.7697
2017-09-17,27.11,6.9586,19.7679,1.0166,13.7133
2017-09-18,2.2732,20.3221,0.7722,0.0,5.8419
2017-09-19,0.0,0.1424,1.1368,0.9341,0.5533
2017-09-20,241.8926,252.6842,231.983,162.7471,222.3267
2017-09-21,72.4208,51.0662,82.2622,91.0607,74.2025
2017-09-22,25.0291,20.6041,5.6446,17.261,17.1347
2017-09-23,0.96,2.2314,0.5884,7.2206,2.7501
2017-09-24,0.0,0.0,0.0,0.0,0.0
2017-09-25,0.0,0.0,0.0,0.0,0.0
2017-09-26,0.0,0.0,0.0,0.0,0.0
2017-09-27,0.0,0.0,0.0,0.0,0.0
2017-09-28,0.0,0.0,0.0,0.0,0.0
2017-09-29,0.7437,0.2856,1.0758,6.737,2.2105
2017-09-30,20.7247,6.9424,3.4067,2.186,8.3149
2017-10-01,0.1978,12.2574,0.0,0.9673,3.3556
2017-10-02,0.0,0.0,0.0,0.0,0.0
2017-10-03,0.0,0.0,0.0,0.0,0.0
2017-10-04,0.0,0.0,0.0,0.0,0.0
2017-10-05,0.0,0.0,0.0,0.0,0.0
2017-10-06,0.0,0.0,0.0,0.0,0.0
2017-10-07,6.9867,4.3624,8.8727,16.964,9.2965
2017-10-08,46.4968,40.3454,14.7326,13.5553,28.7825
2017-10-09,10.1877,19.3423,34.9782,51.132,28.91
2017-10-10,8.0057,0.7862,0.0,0.0,2.198
2017-10-11,5.3665,18.0039,13.3183,34.9803,17.9173
2017-10-12,0.0,0.0,0.1137,0.1261,0.0599
2017-10-13,0.9889,0.2514,0.0,0.0,0.3101
2017-10-14,2.0625,22.5011,2.6048,9.036,9.0511
2017-10-15,7.5721,2.9534,26.4599,44.646,20.4078
2017-10-16,3.7342,0.0,6.9111,5.6513,4.0742
2017-10-17,10.5093,0.0,25.8516,13.4794,12.4601
2017-10-18,0.0,0.0,0.0,0.0,0.0
2017-10-19,0.0,0.0,0.0,0.0,0.0
2017-10-20,0.0,0.0,0.0,0.0,0.0
2017-10-21,0.0,0.0,0.0,0.0,0.0
2017-10-22,0.0,0.0,0.0,0.0,0.0
2017-10-23,0.0,0.0,0.0,0.0,0.0
2017-10-24,0.0,0.0,0.0,0.0,0.0
2017-10-25,0.0,0.0,0.0,0.0,0.0
2017-10-26,0.0,0.0,0.0,0.0,0.0
2017-10-27,0.0,0.0,0.0,0.0,0.0
2017-10-28,0.0,0.0,0.0,0.0,0.0
2017-10-29,0.0,0.0,0.0,0.0,0.0
2017-10-30,0.0,0.0,0.0,0.0,0.0
2017-10-31,0.0,0.0,0.0,0.0,0.0
2017-11-01,0.0,0.0,0.0,0.0,0.0
2017-11-02,0.0,0.0,0.0,0.0,0.0
2017-11-03,0.0,0.0,0.0,0.0,0.0
2017-11-04,0.0,0.0,0.0,0.0,0.0
2017-11-05,0.0,0.0,0.0,0.0,0.0
2017-11-06,0.0,0.0,0.0,0.0,0.0
2017-11-07,0.0,0.0,0.0,0.0,0.0
2017-11-08,0.0,0.0,0.0,0.0,0.0
2017-11-09,0.0,0.0,0.0,0.0,0.0
2017-11-10,0.0,0.0,0.0,0.0,0.0
2017-11-11,0.0,0.0,0.0,0.0,0.0
2017-11-12,0.0,0.0,0.0,0.0,0.0
2017-11-13,0.0,0.0,0.0,0.0,0.0
2017-11-14,0.0,0.0,0.0,0.0,0.0
2017-11-15,0.0,0.0,0.0,0.0,0.0
2017-11-16,0.0,0.0,0.0,0.0,0.0
2017-11-17,0.0,0.0,0.0,0.0,0.0
2017-11-18,0.0,0.0,0.0,0.0,0.0
2017-11-19,0.0,0.0,0.0,0.0,0.0
2017-11-20,0.0,0.6385,0.0,0.3289,0.2419
2017-11-21,0.0,0.0,0.0,0.0,0.0
2017-11-22,0.0,0.0,0.0,0.0,0.0
2017-11-23,0.0,0.0,0.0,0.0,0.0
2017-11-24,0.0,0.0,0.0,0.0,0.0
2017-11-25,0.0,0.0,0.0,0.0,0.0
2017-11-26,0.0,0.0,0.0,0.0,0.0
2017-11-27,0.0,0.0,0.0,0.0,0.0
2017-11-28,0.0,0.0,0.0,0.0,0.0
2017-11-29,0.0,0.0,0.0,0.0,0.0
2017-11-30,0.0,0.0,0.0,0.0,0.0
2017-12-01,0.0,0.0,0.0,0.0,0.0
2017-12-02,0.0,0.0,0.0,0.0,0.0
2017-12-03,0.0,0.0,0.0,0.0,0.0
2017-12-04,0.0,0.0,0.0,0.0,0.0
2017-12-05,21.0921,11.4075,19.505,13.1364,16.2852
2017-12-06,58.5934,19.6286,34.3542,15.4613,32.0094
2017-12-07,0.0,0.0,0.0,0.0,0.0
2017-12-08,0.0,0.0,0.0,0.0,0.0
2017-12-09,0.0,0.0,0.0,0.0,0.0
2017-12-10,0.0,0.0,0.0,0.0,0.0
2017-12-11,0.0,0.0,0.0,0.0,0.0
2017-12-12,0.0,0.0,0.0,0.0,0.0
2017-12-13,0.0,0.0,0.0,0.0,0.0
2017-12-14,0.0,0.0,0.0,0.0,0.0
2017-12-15,0.0,0.0,0.0,0.0,0.0
2017-12-16,0.0,0.0,0.0,0.0,0.0
2017-12-17,0.0,0.0,0.0,0.0,0.0
2017-12-18,0.0,0.0,0.0,0.0,0.0
2017-12-19,0.0,0.0,0.0,0.0,0.0
2017-12-20,0.0,0.0,0.0,0.0,0.0
2017-12-21,0.0,0.0,0.0,0.0,0.0
2017-12-22,0.0,0.0,0.0,0.0,0.0
2017-12-23,0.0,0.0,0.0,0.0,0.0
2017-12-24,0.0,0.0,0.0,0.0,0.0
2017-12-25,0.0,0.0,0.0,0.0,0.0
2017-12-26,0.0,0.0,0.0,0.0,0.0
2017-12-27,0.0,0.0,0.0,0.0,0.0
2017-12-28,0.0,0.0,0.0,0.0,0.0
2017-12-29,0.0,0.0,0.0,0.0,0.0
2017-12-30,0.0,0.0,0.0,0.0,0.0
2017-12-31,0.0,0.0,0.0,0.0,0.0
2018-01-01,0.0,0.0,0.0,0.0,0.0
2018-01-02,0.0,0.0,0.0,0.0,0.0
2018-01-03,0.0,0.0,0.0,0.0,0.0
2018-01-04,0.0,0.0,0.0,0.0,0.0
2018-01-05,0.0,0.0,0.0,0.0,0.0
2018-01-06,0.0,0.0,0.0,0.0,0.0
2018-01-07,0.0,0.0,0.0,0.0,0.0
2018-01-08,0.0,0.0,0.0,0.0,0.0
2018-01-09,0.0,0.0,0.0,0.0,0.0
2018-01-10,0.0,0.0,0.0,0.0,0.0
2018-01-11,0.0,0.0,0.0,0.0,0.0
2018-01-12,0.0,0.0,0.0,0.0,0.0
2018-01-13,0.0,0.0,0.0,0.0,0.0
2018-01-14,0.0,0.0,0.0,0.0,0.0
2018-01-15,0.0,0.0,0.0,0.0,0.0
2018-01-16,0.0,0.0,0.0,0.0,0.0
2018-01-17,0.0,0.0,0.0,0.0,0.0
2018-01-18,0.0,0.0,0.0,0.0,0.0
2018-01-19,0.0,0.0,0.0,0.0,0.0
2018-01-20,0.0,0.0,0.0,0.0,0.0
2018-01-21,0.0,0.0,0.0,0.0,0.0
2018-01-22,0.0,0.0,0.0,0.0,0.0
2018-01-23,0.0,0.0,0.0,0.0,0.0
2018-01-24,0.0,0.0,0.0,0.0,0.0
2018-01-25,0.0,0.0,0.0,0.0,0.0
2018-01-26,0.0,0.0,0.0,0.0,0.0
2018-01-27,0.0,0.0,0.0,0.0,0.0
2018-01-28,0.0,0.0,0.0,0.0,0.0
2018-01-29,0.0,0.0,0.0,0.0,0.0
2018-01-30,0.0,0.0,0.0,0.0,0.0
2018-01-31,0.0,0.0,0.0,0.0,0.0
2018-02-01,0.0,0.0,0.0,0.0,0.0
2018-02-02,0.0,0.0,0.0,0.0,0.0
2018-02-03,0.0,0.0,0.0,0.0,0.0
2018-02-04,0.0,0.0,0.0,0.0,0.0
2018-02-05,0.0,0.0,0.0,0.0,0.0
2018-02-06,0.0,0.0,0.0,0.0,0.0
2018-02-07,0.0,0.0,0.0,0.0,0.0
2018-02-08,0.0,0.0,0.0,0.0,0.0
2018-02-09,0.0,0.0,0.0,0.0,0.0
2018-02-10,0.0,0.0,0.0,0.0,0.0
2018-02-11,0.0,0.0,0.0,0.0,0.0
2018-02-12,0.0,0.0,0.0,0.0,0.0
2018-02-13,0.0,0.0,0.0,0.0,0.0
2018-02-14,0.0,0.0,0.0,0.0,0.0
2018-02-15,0.0,0.0,0.0,0.0,0.0
2018-02-16,0.0,0.0,0.0,0.0,0.0
2018-02-17,0.0,0.0,0.0,0.0,0.0
2018-02-18,0.0,0.0,0.0,0.0,0.0
2018-02-19,0.0,0.0,0.0,0.0,0.0
2018-02-20,0.0,0.0,0.0,0.0,0.0
2018-02-21,0.0,0.0,0.0,0.0,0.0
2018-02-22,0.0,0.0,0.0,0.0,0.0
2018-02-23,0.0,0.0,0.0,0.0,0.0
2018-02-24,0.0,0.0,0.0,0.0,0.0
2018-02-25,0.0,0.0,0.0,0.0,0.0
2018-02-26,0.0,0.0,0.0,0.0,0.0
2018-02-27,0.0,0.0,0.0,0.0,0.0
2018-02-28,0.0,0.0,0.0,0.0,0.0
2018-03-01,0.0,0.0,0.0,0.0,0.0
2018-03-02,0.0,0.0,0.0,0.0,0.0
2018-03-03,0.0,0.0,0.0,0.0,0.0
2018-03-04,0.0,0.0,0.0,0.0,0.0
2018-03-05,0.0,0.0,0.0,0.0,0.0
2018-03-06,0.0,0.0,0.0,0.0,0.0
2018-03-07,0.0,0.0,0.0,0.0,0.0
2018-03-08,0.0,0.0,0.0,0.0,0.0
2018-03-09,0.0,0.0,0.0,0.0,0.0
2018-03-10,0.0,0.0,0.0,0.0,0.0
2018-03-11,0.0,0.0,0.0,0.0,0.0
2018-03-12,0.0,0.0,0.0,0.0,0.0
2018-03-13,0.0,0.0,0.0,0.0,0.0
2018-03-14,0.0,0.0,0.0,0.0,0.0
2018-03-15,0.0,0.0,0.0,0.0,0.0
2018-03-16,0.0,0.1948,0.0,0.0,0.0487
2018-03-17,0.0,0.0,0.0,0.1027,0.0257
2018-03-18,0.0,0.0,0.0,0.0,0.0
2018-03-19,0.0,0.0,0.0,0.0,0.0
2018-03-20,0.0,0.0,0.0,0.0,0.0
2018-03-21,0.0,0.0,0.0,0.0,0.0
2018-03-22,0.0,0.0,0.0,0.0,0.0
2018-03-23,0.0,0.0,0.0,0.0,0.0
2018-03-24,0.0,0.0,0.0,0.0,0.0
2018-03-25,0.0,0.0,0.0,0.0,0.0
2018-03-26,0.0,0.0,0.0,0.0,0.0
2018-03-27,0.0,0.0,0.0,0.0,0.0
2018-03-28,0.0,0.0,0.0,0.0,0.0
2018-03-29,0.0,0.0,0.0,0.0,0.0
2018-03-30,0.0,0.0,0.0,0.0,0.0
2018-03-31,0.0,0.0,0.0,0.0,0.0
2018-04-01,0.0,0.0,0.0,0.0,0.0
2018-04-02,0.0,0.0,0.0,0.0,0.0
2018-04-03,0.0,0.0,0.0,0.0,0.0
2018-04-04,0.0,0.0,0.0,0.0,0.0
2018-04-05,0.0,0.0,0.0,0.0,0.0
2018-04-06,0.0,0.0,0.0,0.0,0.0
2018-04-07,0.0,0.0,0.0,0.0,0.0
2018-04-08,0.0,0.0,0.0,0.0,0.0
2018-04-09,0.0,0.0,0.0,0.0,0.0
2018-04-10,0.0,0.0,0.0,0.0,0.0
2018-04-11,0.0,0.0,0.0,0.0,0.0
2018-04-12,0.0,0.0,0.0,0.0,0.0
2018-04-13,0.0,0.0,0.0,0.0,0.0
2018-04-14,0.0,0.0,0.0,0.0,0.0
2018-04-15,0.0,0.0,0.0,0.0,0.0
2018-04-16,0.0,0.0,0.0,0.0,0.0
2018-04-17,0.0,0.0,0.0,0.0,0.0
2018-04-18,0.0,0.0,0.0,0.0,0.0
2018-04-19,0.0,0.0,0.0,0.0,0.0
2018-04-20,0.0,0.0,0.0,0.0,0.0
2018-04-21,0.0,0.0,0.0,0.0,0.0
2018-04-22,0.0,0.0,0.0,0.0,0.0
2018-04-23,0.0,0.0,0.0,0.0,0.0
2018-04-24,0.0,0.0,0.0,0.0,0.0
2018-04-25,0.0,0.0,0.0,0.0,0.0
2018-04-26,0.0,0.0,0.0,0.0,0.0
2018-04-27,0.0,0.0,0.0,0.0,0.0
2018-04-28,0.0,0.0,0.0,0.0,0.0
2018-04-29,0.0,0.0,0.0,0.0,0.0
2018-04-30,0.0,0.0,0.0,0.0,0.0
2018-05-01,0.0,0.0,0.0,0.0,0.0
2018-05-02,0.0,0.0,0.0,0.0,0.0
2018-05-03,0.0,0.0,0.0,0.0,0.0
2018-05-04,0.0,0.0,0.0,0.0,0.0
2018-05-05,0.0,0.0,0.0,0.0,0.0
2018-05-06,0.0,0.0,0.0,0.0,0.0
2018-05-07,0.0,0.0,0.0,0.0,0.0
2018-05-08,0.0,0.0,0.0,0.0,0.0
2018-05-09,0.0,0.0,0.0,0.0,0.0
2018-05-10,0.0,0.0,0.0,0.0,0.0
2018-05-11,0.0,0.0,0.0,0.0,0.0
2018-05-12,0.0,0.0,0.0,0.0,0.0
2018-05-13,0.0,0.0,0.0,0.0,0.0
2018-05-14,0.0,0.0,0.0,0.0,0.0
2018-05-15,0.0,0.0,0.0,0.0,0.0
2018-05-16,0.0,0.0,0.0,0.0,0.0
2018-05-17,0.0,0.0,0.0,0.0,0.0
2018-05-18,0.0,0.0,0.0,0.0,0.0
2018-05-19,0.0,0.0,0.0,0.0,0.0
2018-05-20,0.0,0.0,0.0,0.0,0.0
2018-05-21,0.0,0.0,0.0,0.0,0.0
2018-05-22,0.0,0.0,0.0,0.0,0.0
2018-05-23,0.0,0.0,0.0,0.0,0.0
2018-05-24,0.0,0.0,0.0,0.0,0.0
2018-05-25,0.0,0.0,0.0,0.0,0.0
2018-05-26,0.0,0.0,0.0,0.0,0.0
2018-05-27,0.0,0.0,0.0,0.0,0.0
2018-05-28,0.0,0.0,0.0,0.0,0.0
2018-05-29,0.0,0.0,0.0,0.0,0.0
2018-05-30,0.0,0.0,0.0,0.0,0.0
2018-05-31,0.0,0.0,0.0,0.0,0.0
2018-06-01,0.0,0.0,0.0,0.0,0.0
2018-06-02,0.0,0.0,0.1655,0.0,0.0414
2018-06-03,8.6306,3.0444,20.5017,1.0989,8.3189
2018-06-04,0.0,0.0,0.0,0.0,0.0
2018-06-05,34.3002,48.8407,33.446,22.3977,34.7462
2018-06-06,0.0,0.0,0.0,0.0,0.0
2018-06-07,23.0602,12.9103,13.7433,19.0056,17.1799
2018-06-08,31.3372,11.9524,24.1382,4.5105,17.9846
2018-06-09,46.1093,128.9509,69.5158,55.1996,74.9439
2018-06-10,145.1365,33.6782,87.9773,27.0298,73.4555
2018-06-11,7.0517,6.7021,6.349,4.5759,6.1697
2018-06-12,0.9039,1.8331,1.4185,1.1152,1.3177
2018-06-13,0.6269,0.0,0.5288,0.0,0.2889
2018-06-14,0.1602,5.251,0.6943,0.0,1.5264
2018-06-15,3.1227,2.0069,4.6409,2.0022,2.9432
2018-06-16,23.448,1.615,6.0772,0.1275,7.8169
2018-06-17,48.3823,39.3914,54.7857,28.3504,42.7274
2018-06-18,75.1284,55.8163,62.8095,44.3695,59.5309
2018-06-19,1.5398,0.0,1.8527,0.2091,0.9004
2018-06-20,0.1905,0.0,0.7495,0.0,0.235
2018-06-21,0.1299,0.0,0.6392,0.0,0.1923
2018-06-22,9.0336,26.0221,1.989,2.8359,9.9702
2018-06-23,16.7921,43.6519,33.0195,39.6476,33.2778
2018-06-24,107.8044,31.0581,28.0419,24.0526,47.7393
2018-06-25,144.3432,156.9795,211.3974,157.1641,167.471
2018-06-26,54.3885,109.9999,80.9842,116.4288,90.4503
2018-06-27,12.0335,43.1763,10.5548,26.049,22.9534
2018-06-28,3.7863,4.8268,9.7586,19.6785,9.5126
2018-06-29,32.4398,63.7514,41.3608,57.1795,48.6829
2018-06-30,13.9557,19.6945,31.8001,47.2197,28.1675
2018-07-01,4.5274,4.9982,3.9499,1.9665,3.8605
2018-07-02,0.841,2.5291,0.8632,0.0,1.0583
2018-07-03,87.8036,72.7107,102.3281,57.2546,80.0242
2018-07-04,98.6498,79.4191,119.8823,68.2052,91.5391
2018-07-05,46.8895,108.0613,58.7893,107.5692,80.3273
2018-07-06,9.5322,16.6787,17.6223,17.2205,15.2634
2018-07-07,8.366,29.1443,18.2405,51.7366,26.8719
2018-07-08,63.703,135.003,165.7349,253.5311,154.493
2018-07-09,132.2684,57.7229,121.7508,79.9163,97.9146
2018-07-10,172.9245,179.0192,149.1809,120.5561,155.4202
2018-07-11,84.1837,139.9827,128.9102,147.4268,125.1258
2018-07-12,5.8111,6.2333,12.3303,18.9158,10.8226
2018-07-13,3.3843,12.7967,6.9582,12.5505,8.9224
2018-07-14,14.4854,43.1712,26.7605,56.631,35.262
2018-07-15,20.1934,41.9382,37.795,60.7722,40.1747
2018-07-16,42.9364,118.6245,105.0275,149.8782,104.1166
2018-07-17,24.8154,34.2615,40.5537,52.4848,38.0288
2018-07-18,14.2125,38.6469,18.8209,29.269,25.2373
2018-07-19,19.4916,36.8849,13.1326,12.7352,20.5611
2018-07-20,13.4957,19.5307,7.4728,11.5051,13.0011
2018-07-21,15.3272,32.5031,22.916,29.5937,25.085
2018-07-22,8.1916,36.4602,18.9752,19.7889,20.854
2018-07-23,1.8606,5.0609,6.7266,6.1765,4.9562
2018-07-24,5.2958,7.3596,8.2345,10.289,7.7947
2018-07-25,0.9339,5.7947,4.57,4.502,3.9501
2018-07-26,4.4666,3.3982,3.821,3.356,3.7605
2018-07-27,3.3734,5.0509,2.0876,2.1075,3.1549
2018-07-28,4.4611,4.0378,1.8636,2.2306,3.1483
2018-07-29,0.1969,0.0,0.9772,0.9739,0.537
2018-07-30,0.0,3.6952,0.6425,0.0,1.0844
2018-07-31,0.8485,5.7503,0.9671,2.9467,2.6282
2018-08-01,1.3225,4.3645,3.2766,1.968,2.7329
2018-08-02,3.7254,4.208,5.0896,4.1401,4.2908
2018-08-03,1.994,2.0743,5.752,4.5847,3.6012
2018-08-04,7.2771,12.4728,11.8673,11.9795,10.8992
2018-08-05,17.5387,27.5705,9.4016,9.6753,16.0465
2018-08-06,2.3231,2.1811,4.4685,5.2903,3.5657
2018-08-07,1.028,1.7905,3.2349,2.816,2.2173
2018-08-08,0.7766,3.1567,1.9806,2.0075,1.9804
2018-08-09,1.7193,4.7943,6.1031,5.1043,4.4303
2018-08-10,3.9448,1.9027,8.5313,6.6834,5.2656
2018-08-11,7.702,14.8519,17.1082,12.46,13.0305
2018-08-12,12.3188,21.646,16.7511,14.1309,16.2117
2018-08-13,14.326,32.6977,15.4277,22.1193,21.1427
2018-08-14,5.029,30.8934,9.9949,10.5205,14.1094
2018-08-15,1.5176,11.6163,1.9305,4.821,4.9714
2018-08-16,3.7402,25.66,8.0539,13.6445,12.7747
2018-08-17,7.769,16.9884,14.5978,15.9003,13.8139
2018-08-18,3.8299,3.3616,7.7776,17.3649,8.0835
2018-08-19,11.719,14.2878,13.0601,8.7615,11.9571
2018-08-20,17.4824,22.9901,16.3141,16.1123,18.2247
2018-08-21,7.2331,113.916,12.6212,26.16,39.9826
2018-08-22,22.1971,44.0494,23.1157,38.5879,31.9875
2018-08-23,15.5528,60.4418,26.4569,16.5045,29.739
2018-08-24,8.1905,25.0027,9.2973,9.6443,13.0337
2018-08-25,8.5796,20.8694,5.6787,5.7801,10.2269
2018-08-26,12.1782,28.5627,11.1331,11.3335,15.8019
2018-08-27,7.1605,14.9663,8.2678,11.728,10.5306
2018-08-28,9.6633,15.4792,10.6443,2.7151,9.6255
2018-08-29,4.938,11.0873,6.1182,6.5924,7.184
2018-08-30,1.7312,1.253,2.7145,1.0171,1.679
2018-08-31,4.2686,5.7555,6.7327,0.4078,4.2912
2018-09-01,2.8565,2.8263,6.4997,4.0154,4.0495
2018-09-02,9.2203,10.6435,14.411,10.1001,11.0937
2018-09-03,6.9452,17.3802,7.0571,12.0369,10.8548
2018-09-04,1.7854,0.0,5.685,13.6857,5.289
2018-09-05,0.0,0.0,0.7562,0.1825,0.2347
2018-09-06,0.3117,0.0,0.9701,0.0,0.3205
2018-09-07,0.1387,0.0,1.0577,0.0,0.2991
2018-09-08,4.0739,2.1682,2.3521,5.157,3.4378
2018-09-09,0.7231,3.2251,4.9523,6.3973,3.8245
2018-09-10,2.6293,0.0,5.7651,1.7729,2.5418
2018-09-11,0.0,0.0,0.0,0.0,0.0
2018-09-12,0.6059,0.0,1.1032,0.0,0.4273
2018-09-13,0.0,0.0,0.0,0.0,0.0
2018-09-14,2.7568,7.9738,5.0195,0.0,3.9375
2018-09-15,1.1264,0.0,1.3335,0.0,0.615
2018-09-16,1.3533,10.0148,2.7047,1.3865,3.8648
2018-09-17,2.0957,0.0,3.5958,0.5474,1.5597
2018-09-18,0.4646,0.0,0.5063,6.4962,1.8668
2018-09-19,11.7799,0.3757,6.3416,0.0,4.6243
2018-09-20,0.2552,0.0,0.5288,0.0,0.196
2018-09-21,1.0015,2.0407,2.0009,6.0348,2.7695
2018-09-22,0.0,0.0,0.2792,0.3293,0.1521
2018-09-23,0.0,22.3766,0.6328,7.9781,7.7469
2018-09-24,0.0,0.0,0.0,0.0,0.0
2018-09-25,0.0,0.0,0.0,0.0,0.0
2018-09-26,0.0,0.0,0.0,0.0,0.0
2018-09-27,0.0,0.0,0.0,0.0,0.0
2018-09-28,21.7227,20.2935,4.2022,0.2346,11.6132
2018-09-29,7.0899,23.1852,6.1498,2.1553,9.645
2018-09-30,0.0,0.0,0.0,0.0,0.0
2018-10-01,0.0,0.0,0.0,0.0,0.0
2018-10-02,0.0,0.0,0.0,0.0,0.0
2018-10-03,0.0,0.0,0.1137,0.0,0.0284
2018-10-04,0.0,0.0,0.0,0.0,0.0
2018-10-05,0.0,0.0,0.0,0.0,0.0
2018-10-06,0.0,0.0,0.0,0.0,0.0
2018-10-07,0.0,0.0,0.0,0.0,0.0
2018-10-08,0.0,0.0,0.0,0.0,0.0
2018-10-09,0.0,0.0,0.0,0.0,0.0
2018-10-10,0.0,0.0,0.0,0.0,0.0
2018-10-11,0.0,0.0,0.0,0.0,0.0
2018-10-12,0.0,0.0,0.0,0.0,0.0
2018-10-13,0.0,0.0,0.0,0.0,0.0
2018-10-14,0.0,0.0,0.0,0.0,0.0
2018-10-15,0.0,0.0,0.0,0.0,0.0
2018-10-16,0.0,0.0,0.0,0.0,0.0
2018-10-17,0.0,0.0,0.0,0.0,0.0
2018-10-18,0.0,28.7834,0.0,0.0,7.1959
2018-10-19,13.3546,35.9304,3.5714,0.4692,13.3314
2018-10-20,0.0,0.7779,0.0,0.0,0.1945
2018-10-21,0.0,0.0,0.0,0.0,0.0
2018-10-22,0.0,0.0,0.0,0.0,0.0
2018-10-23,0.0,0.0,0.0,0.0,0.0
2018-10-24,0.0,0.0,0.0,0.0,0.0
2018-10-25,0.0,0.0,0.0,0.0,0.0
2018-10-26,0.0,0.0,0.0,0.0,0.0
2018-10-27,0.0,0.0,0.0,0.0,0.0
2018-10-28,0.0,0.0,0.0,0.0,0.0
2018-10-29,0.0,0.0,0.0,0.0,0.0
2018-10-30,0.0,0.0,0.0,0.0,0.0
2018-10-31,0.0,0.0,0.0,0.0,0.0
2018-11-01,0.0,0.0,0.0,0.0,0.0
2018-11-02,0.0,0.0,0.0,0.0,0.0
2018-11-03,0.0,0.0,0.0,0.0,0.0
2018-11-04,1.6158,1.905,0.4198,1.2761,1.3042
2018-11-05,7.3511,10.2062,0.0,0.0,4.3893
2018-11-06,0.0,0.0,0.0,0.0,0.0
2018-11-07,0.0,0.0,0.0,0.0,0.0
2018-11-08,0.0,0.0,0.0,0.0,0.0
2018-11-09,0.0,0.0,0.0,0.0,0.0
2018-11-10,0.0,0.0,0.0,0.0,0.0
2018-11-11,0.0,0.0,0.0,0.0,0.0
2018-11-12,0.0,0.0,0.0,0.0,0.0
2018-11-13,0.0,0.0,0.0,0.0,0.0
2018-11-14,0.0,0.0,0.0,0.0,0.0
2018-11-15,0.0,0.0,0.0,0.0,0.0
2018-11-16,0.0,0.0,0.0,0.0,0.0
2018-11-17,0.0,0.0,0.0,0.0,0.0
2018-11-18,0.0,0.0,0.0,0.0,0.0
2018-11-19,0.0,0.0,0.0,0.0,0.0
2018-11-20,0.0,0.0,0.0,0.0,0.0
2018-11-21,0.0,0.0,0.0,0.0,0.0
2018-11-22,0.0,1.6681,0.0,1.921,0.8973
2018-11-23,0.0,0.0,0.0,0.0,0.0
2018-11-24,0.0,0.0,0.0,0.0,0.0
2018-11-25,0.0,0.0,0.0,0.0,0.0
2018-11-26,0.0,0.0,0.0,0.0,0.0
2018-11-27,0.0,0.0,0.0,0.0,0.0
2018-11-28,0.0,0.0,0.0,0.0,0.0
2018-11-29,0.0,0.0,0.0,0.0,0.0
2018-11-30,0.0,0.0,0.0,0.0,0.0
2018-12-01,0.0,0.0,0.0,0.0,0.0
2018-12-02,0.0,0.0,0.0,0.0,0.0
2018-12-03,0.0,0.0,0.0,0.0,0.0
2018-12-04,0.0,0.0,0.0,0.0,0.0
2018-12-05,0.0,0.0,0.0,0.0,0.0
2018-12-06,0.0,0.0,0.0,0.0,0.0
2018-12-07,0.0,0.0,0.0,0.0,0.0
2018-12-08,0.0,0.0,0.0,0.0,0.0
2018-12-09,0.0,0.0,0.0,0.0,0.0
2018-12-10,0.0,0.0,0.0,0.0,0.0
2018-12-11,0.0,0.0,0.0,0.0,0.0
2018-12-12,0.0,0.0,0.0,0.0,0.0
2018-12-13,0.0,0.0,0.0,0.0,0.0
2018-12-14,0.0,0.0,0.0,0.0,0.0
2018-12-15,0.0,0.0,0.0,0.0,0.0
2018-12-16,0.0,0.0,0.0,0.0,0.0
2018-12-17,0.0,0.0,0.0,0.0,0.0
2018-12-18,0.0,0.0,0.0,0.0,0.0
2018-12-19,0.0,0.0,0.0,0.0,0.0
2018-12-20,0.0,0.0,0.0,0.0,0.0
2018-12-21,0.0,0.0,0.0,0.0,0.0
2018-12-22,0.0,0.0,0.0,0.0,0.0
2018-12-23,0.0,0.0,0.0,0.0,0.0
2018-12-24,0.0,0.0,0.0,0.0,0.0
2018-12-25,0.0,0.0,0.0,0.0,0.0
2018-12-26,0.0,0.0,0.0,0.0,0.0
2018-12-27,0.0,0.0,0.0,0.0,0.0
2018-12-28,0.0,0.0,0.0,0.0,0.0
2018-12-29,0.0,0.0,0.0,0.0,0.0
2018-12-30,0.0,0.0,0.0,0.0,0.0
2018-12-31,0.0,0.0,0.0,0.0,0.0
2019-01-01,0.0,0.0,0.0,0.0,0.0
2019-01-02,0.0,0.0,0.0,0.0,0.0
2019-01-03,0.0,0.0,0.0,0.0,0.0
2019-01-04,0.0,0.0,0.0,0.0,0.0
2019-01-05,0.0,0.0,0.0,0.0,0.0
2019-01-06,0.0,0.0,0.0,0.0,0.0
2019-01-07,0.0,0.0,0.0,0.0,0.0
2019-01-08,0.0,0.0,0.0,0.0,0.0
2019-01-09,0.0,0.0,0.0,0.0,0.0
2019-01-10,0.0,0.0,0.0,0.0,0.0
2019-01-11,0.0,0.0,0.0,0.0,0.0
2019-01-12,0.0,0.0,0.0,0.0,0.0
2019-01-13,0.0,0.0,0.0,0.0,0.0
2019-01-14,0.0,0.0,0.0,0.0,0.0
2019-01-15,0.0,0.0,0.0,0.0,0.0
2019-01-16,0.0,0.0,0.0,0.0,0.0
2019-01-17,0.0,0.0,0.0,0.0,0.0
2019-01-18,0.0,0.0,0.0,0.0,0.0
2019-01-19,0.0,0.0,0.0,0.0,0.0
2019-01-20,0.0,0.0,0.0,0.0,0.0
2019-01-21,0.0,0.0,0.0,0.0,0.0
2019-01-22,0.0,0.0,0.0,0.0,0.0
2019-01-23,0.0,0.0,0.0,0.0,0.0
2019-01-24,0.0,0.0,0.0,0.0,0.0
2019-01-25,0.0,0.0,0.0,0.0,0.0
2019-01-26,0.0,0.0,0.0,0.0,0.0
2019-01-27,0.0,0.0,0.0,0.0,0.0
2019-01-28,0.0,0.0,0.0,0.0,0.0
2019-01-29,0.0,0.0,0.0,0.0,0.0
2019-01-30,0.0,0.0,0.0,0.0,0.0
2019-01-31,0.0,0.0,0.0,0.0,0.0
2019-02-01,0.0,0.0,0.0,0.0,0.0
2019-02-02,0.0,0.0,0.0,0.0,0.0
2019-02-03,0.0,0.0,0.0,0.0,0.0
2019-02-04,0.0,0.0,0.0,0.0,0.0
2019-02-05,0.0,0.0,0.0,0.0,0.0
2019-02-06,0.0,0.0,0.0,0.0,0.0
2019-02-07,0.0,0.0,0.0,0.0,0.0
2019-02-08,0.0,0.0,0.0,0.0,0.0
2019-02-09,0.0,0.0,0.0,0.0,0.0
2019-02-10,0.0,0.0,0.0,0.0,0.0
2019-02-11,0.0,0.0,0.0,0.0,0.0
2019-02-12,0.0,0.0,0.0,0.0,0.0
2019-02-13,0.0,0.0,0.0,0.0,0.0
2019-02-14,0.0,0.0,0.0,0.0,0.0
2019-02-15,0.0,0.0,0.0,0.0,0.0
2019-02-16,0.0,0.0,0.0,0.0,0.0
2019-02-17,0.0,0.0,0.0,0.0,0.0
2019-02-18,0.0,0.0,0.0,0.0,0.0
2019-02-19,0.0,0.0,0.0,0.0,0.0
2019-02-20,0.0,0.0,0.0,0.0,0.0
2019-02-21,0.0,0.0,0.0,0.0,0.0
2019-02-22,0.0,0.0,0.0,0.0,0.0
2019-02-23,0.0,0.0,0.0,0.0,0.0
2019-02-24,0.0,0.0,0.0,0.0,0.0
2019-02-25,0.0,0.0,0.0,0.0,0.0
2019-02-26,0.0,0.0,0.0,0.0,0.0
2019-02-27,0.0,0.0,0.0,0.0,0.0
2019-02-28,0.0,0.0,0.0,0.0,0.0
2019-03-01,0.0,0.0,0.0,0.0,0.0
2019-03-02,0.0,0.0,0.0,0.0,0.0
2019-03-03,0.0,0.0,0.0,0.0,0.0
2019-03-04,0.0,0.0,0.0,0.0,0.0
2019-03-05,0.0,0.0,0.0,0.0,0.0
2019-03-06,0.0,0.0,0.0,0.0,0.0
2019-03-07,0.0,0.0,0.0,0.0,0.0
2019-03-08,0.0,0.0,0.0,0.0,0.0
2019-03-09,0.0,0.0,0.0,0.0,0.0
2019-03-10,0.0,0.0,0.0,0.0,0.0
2019-03-11,0.0,0.0,0.0,0.0,0.0
2019-03-12,0.0,0.0,0.0,0.0,0.0
2019-03-13,0.0,0.0,0.0,0.0,0.0
2019-03-14,0.0,0.0,0.0,0.0,0.0
2019-03-15,0.0,0.0,0.0,0.0,0.0
2019-03-16,0.0,0.0,0.0,0.0,0.0
2019-03-17,0.0,0.0,0.0,0.0,0.0
2019-03-18,0.0,0.0,0.0,0.0,0.0
2019-03-19,0.0,0.0,0.0,0.0,0.0
2019-03-20,0.0,0.0,0.0,0.0,0.0
2019-03-21,0.0,0.0,0.0,0.0,0.0
2019-03-22,0.0,0.0,0.0,0.0,0.0
2019-03-23,0.0,0.0,0.0,0.0,0.0
2019-03-24,0.0,0.0,0.0,0.0,0.0
2019-03-25,0.0,0.0,0.0,0.0,0.0
2019-03-26,0.0,0.0,0.0,0.0,0.0
2019-03-27,0.0,0.0,0.0,0.0,0.0
2019-03-28,0.0,0.0,0.0,0.0,0.0
2019-03-29,0.0,0.0,0.0,0.0,0.0
2019-03-30,0.0,0.0,0.0,0.0,0.0
2019-03-31,0.0,0.0,0.0,0.0,0.0
2019-04-01,0.0,0.0,0.0,0.0,0.0
2019-04-02,0.0,0.0,0.0,0.0,0.0
2019-04-03,0.0,0.0,0.0,0.0,0.0
2019-04-04,0.0,0.0,0.0,0.0,0.0
2019-04-05,0.0,0.0,0.0,0.0,0.0
2019-04-06,0.0,0.0,0.0,0.0,0.0
2019-04-07,0.0,0.0,0.0,0.0,0.0
2019-04-08,0.0,0.0,0.0,0.0,0.0
2019-04-09,0.0,0.0,0.0,0.0,0.0
2019-04-10,0.0,0.0,0.0,0.0,0.0
2019-04-11,0.0,0.0,0.0,0.0,0.0
2019-04-12,0.0,0.0,0.0,0.0,0.0
2019-04-13,0.0,0.0,0.0,0.0,0.0
2019-04-14,0.0,0.0,0.0,0.0,0.0
2019-04-15,0.0,0.0,0.0,0.0,0.0
2019-04-16,0.0,0.1133,0.0,0.0,0.0283
2019-04-17,0.0,0.0,0.0,0.0,0.0
2019-04-18,0.0,0.0,0.0,0.0,0.0
2019-04-19,0.0,0.0,0.0,0.0,0.0
2019-04-20,0.0,0.0,0.0,0.0,0.0
2019-04-21,0.0,0.0,0.0,0.0,0.0
2019-04-22,0.0,0.0,0.0,0.0,0.0
2019-04-23,0.0,0.0,0.0,0.0,0.0
2019-04-24,0.0,0.0,0.0,0.0,0.0
2019-04-25,0.0,0.0,0.0,0.0,0.0
2019-04-26,0.0,0.0,0.0,0.0,0.0
2019-04-27,0.0,0.0,0.0,0.0,0.0
2019-04-28,0.0,0.0,0.0,0.0,0.0
2019-04-29,0.0,0.0,0.0,0.0,0.0
2019-04-30,0.0,0.0,0.0,0.0,0.0
2019-05-01,0.0,0.0,0.0,0.0,0.0
2019-05-02,0.0,0.0,0.0,0.0,0.0
2019-05-03,0.0,0.0,0.0,0.0,0.0
2019-05-04,0.0,0.0,0.0,0.0,0.0
2019-05-05,0.0,0.0,0.0,0.0,0.0
2019-05-06,0.0,0.0,0.0,0.0,0.0
2019-05-07,0.0,0.0,0.0,0.0,0.0
2019-05-08,0.0,0.0,0.0,0.0,0.0
2019-05-09,0.0,0.0,0.0,0.0,0.0
2019-05-10,0.0,0.0,0.0,0.0,0.0
2019-05-11,0.0,0.0,0.0,0.0,0.0
2019-05-12,0.0,0.0,0.0,0.0,0.0
2019-05-13,0.0,0.0,0.0,0.0,0.0
2019-05-14,0.0,0.0,0.0,0.0,0.0
2019-05-15,0.0,0.0,0.0,0.0,0.0
2019-05-16,0.0,0.0,0.0,0.0,0.0
2019-05-17,0.0,0.0,0.0,0.0,0.0
2019-05-18,0.0,0.0,0.0,0.0,0.0
2019-05-19,0.0,0.0,0.0,0.0,0.0
2019-05-20,0.0,0.0,0.0,0.0,0.0
2019-05-21,0.0,0.0,0.0,0.0,0.0
2019-05-22,0.0,0.0,0.0,0.0,0.0
2019-05-23,0.0,0.0,0.0,0.0,0.0
2019-05-24,0.0,0.0,0.0,0.0,0.0
2019-05-25,0.0,0.0,0.0,0.0,0.0
2019-05-26,0.0,0.0,0.0,0.0,0.0
2019-05-27,0.0,0.0,0.0,0.0,0.0
2019-05-28,0.0,0.0,0.0,0.0,0.0
2019-05-29,0.0,0.0,0.0,0.0,0.0
2019-05-30,0.0,0.0,0.0,0.0,0.0
2019-05-31,0.0,0.0,0.0,0.0,0.0
2019-06-01,0.0,0.0,0.0,0.0,0.0
2019-06-02,0.0,0.0,0.0,0.0,0.0
2019-06-03,0.0,0.0,0.0,0.0,0.0
2019-06-04,0.0,0.0,0.0,0.0,0.0
2019-06-05,0.0,0.0,0.0,0.0,0.0
2019-06-06,0.0,0.0,0.0,0.0,0.0
2019-06-07,0.0,0.0,0.0,0.0,0.0
2019-06-08,0.0,0.0,0.0,0.0,0.0
2019-06-09,0.0,0.0,0.0,0.0,0.0
2019-06-10,1.434,0.0,1.7651,0.0,0.7998
2019-06-11,28.4401,26.994,46.6321,41.6636,35.9325
2019-06-12,1.294,1.9797,4.8004,0.6975,2.1929
2019-06-13,15.0638,21.5596,11.6725,10.4423,14.6846
2019-06-14,11.3723,22.6698,12.8477,6.5775,13.3668
2019-06-15,37.6862,18.4283,38.7771,18.9942,28.4714
2019-06-16,18.9704,0.7249,15.4181,1.6685,9.1955
2019-06-17,5.2648,10.9418,7.5191,6.3878,7.5284
2019-06-18,6.8203,1.3509,6.4446,6.3502,5.2415
2019-06-19,18.6538,0.2819,24.2408,9.2455,13.1055
2019-06-20,0.8672,0.0,1.6059,2.0598,1.1332
2019-06-21,0.0,0.0,0.5288,0.0,0.1322
2019-06-22,0.0,0.0,0.0,0.0,0.0
2019-06-23,0.0,0.389,0.0,0.0,0.0973
2019-06-24,4.5339,0.2447,3.8425,1.7729,2.5985
2019-06-25,4.0012,2.0106,5.3877,16.457,6.9641
2019-06-26,4.3753,0.6806,8.3281,1.0429,3.6067
2019-06-27,23.9161,10.4684,6.6109,1.173,10.5421
2019-06-28,5.3897,28.9995,40.8639,94.77,42.5058
2019-06-29,136.1451,268.8798,234.9689,237.8659,219.4649
2019-06-30,88.5354,164.4412,123.7471,133.4455,127.5423
2019-07-01,111.9776,204.8918,106.7818,98.2346,130.4715
2019-07-02,232.2919,232.8633,307.5086,171.5393,236.0508
2019-07-03,44.7527,17.9737,27.9176,10.051,25.1738
2019-07-04,11.7269,5.4316,4.8547,3.2068,6.305
2019-07-05,22.4531,15.4,31.3839,34.2148,25.8629
2019-07-06,59.0786,106.3664,79.056,97.6443,85.5363
2019-07-07,37.3844,69.1603,76.1059,123.2732,76.481
2019-07-08,38.2016,15.0328,29.2358,12.1951,23.6663
2019-07-09,76.1641,93.542,102.7039,69.6387,85.5122
2019-07-10,12.0183,37.3146,14.2297,28.214,22.9442
2019-07-11,65.4682,98.7416,54.3893,66.8546,71.3634
2019-07-12,38.9748,38.0321,25.0459,26.8807,32.2334
2019-07-13,3.6825,4.4039,5.2286,7.9421,5.3143
2019-07-14,14.9291,59.7377,19.1749,22.4617,29.0759
2019-07-15,4.0661,3.8485,4.7254,4.1991,4.2098
2019-07-16,3.065,9.0162,2.852,1.1252,4.0146
2019-07-17,3.282,4.6639,7.1978,7.9075,5.7628
2019-07-18,2.8289,0.0,8.9053,9.0426,5.1942
2019-07-19,1.0048,18.1242,6.6887,10.5438,9.0904
2019-07-20,12.6159,0.191,5.4647,3.4527,5.4311
2019-07-21,10.0306,17.1944,11.7348,21.825,15.1962
2019-07-22,26.4709,6.6981,13.5847,5.0995,12.9633
2019-07-23,3.4406,4.3697,0.1137,0.0,1.981
2019-07-24,108.757,7.3166,64.5674,6.7358,46.8442
2019-07-25,51.5704,170.0658,83.9908,157.5126,115.7849
2019-07-26,34.8844,66.7557,50.0835,59.5919,52.8289
2019-07-27,130.6778,239.0236,200.5165,229.908,200.0315
2019-07-28,48.9076,260.9117,50.6759,87.3593,111.9636
2019-07-29,7.2855,11.1494,8.3803,15.9436,10.6897
2019-07-30,32.0412,73.6858,63.078,95.4813,66.0716
2019-07-31,52.434,83.4148,74.3669,108.3724,79.647
2019-08-01,12.3235,10.211,23.0615,51.3888,24.2462
2019-08-02,29.9222,71.6037,42.5223,48.0493,48.0244
2019-08-03,80.2039,76.3568,130.6825,154.0802,110.3308
2019-08-04,176.866,172.448,251.8416,294.7396,223.9738
2019-08-05,36.7198,109.503,95.768,100.2325,85.5558
2019-08-06,8.5191,16.2479,15.6589,31.3282,17.9385
2019-08-07,21.0616,21.0663,17.8184,41.8531,25.4498
2019-08-08,9.9655,10.4534,9.962,30.1908,15.1429
2019-08-09,3.4982,2.765,7.4584,13.1397,6.7153
2019-08-10,6.6869,11.8606,7.6769,15.3782,10.4006
2019-08-11,4.6619,9.902,8.2035,13.564,9.0829
2019-08-12,3.8215,5.4774,8.4786,8.1031,6.4702
2019-08-13,3.0926,3.0082,3.3714,3.4387,3.2277
2019-08-14,2.9063,5.1878,7.768,9.1745,6.2591
2019-08-15,3.3191,7.8109,7.2302,6.2368,6.1492
2019-08-16,3.8632,55.3201,8.2964,12.8996,20.0948
2019-08-17,3.4224,6.803,4.906,4.9247,5.014
2019-08-18,2.6892,4.4363,4.5154,5.9695,4.4026
2019-08-19,1.6432,2.1837,4.7336,5.7829,3.5859
2019-08-20,0.6511,2.3628,2.2137,4.8208,2.5121
2019-08-21,1.9852,0.0,3.2544,0.0,1.3099
2019-08-22,7.1162,27.7292,24.7608,56.921,29.1318
2019-08-23,5.4005,15.148,7.1393,17.4635,11.2878
2019-08-24,2.2771,3.8437,4.2704,6.9797,4.3427
2019-08-25,6.1567,6.6105,10.0959,25.1084,11.9929
2019-08-26,3.2552,4.9608,4.4292,9.7176,5.5907
2019-08-27,1.0885,0.4459,0.8664,2.2057,1.1516
2019-08-28,3.7463,4.7359,6.3601,3.6605,4.6257
2019-08-29,3.8182,2.1019,2.0322,0.2296,2.0455
2019-08-30,7.6272,0.8341,8.7398,8.5101,6.4278
2019-08-31,21.5263,69.8705,14.2152,12.3285,29.4851
2019-09-01,11.7693,100.505,26.0227,37.1375,43.8586
2019-09-02,10.328,9.2983,28.8565,37.4621,21.4862
2019-09-03,114.8933,80.4026,119.0659,45.4212,89.9458
2019-09-04,144.7356,140.6231,140.5748,89.8405,128.9435
2019-09-05,134.1807,185.4421,194.2974,71.0265,146.2367
2019-09-06,66.1453,60.6149,50.4694,74.3855,62.9038
2019-09-07,33.7349,64.7342,23.9132,30.1814,38.1409
2019-09-08,93.8812,86.0536,129.8044,111.2896,105.2572
2019-09-09,18.452,20.9621,30.9682,49.9944,30.0942
2019-09-10,22.5666,11.6269,42.1281,33.6395,27.4903
2019-09-11,8.836,15.1463,7.2507,9.6987,10.2329
2019-09-12,6.386,6.5238,6.2216,5.6471,6.1946
2019-09-13,19.797,44.4062,52.5322,55.9294,43.1662
2019-09-14,15.0361,59.3207,39.3833,44.3538,39.5235
2019-09-15,12.7012,32.5767,49.406,86.8824,45.3916
2019-09-16,11.1831,7.3674,18.6845,27.3466,16.1454
2019-09-17,10.9539,64.4344,40.5009,90.8578,51.6868
2019-09-18,22.3121,112.4193,30.7591,55.3165,55.2017
2019-09-19,32.4034,41.6065,55.4033,40.1812,42.3986
2019-09-20,40.0399,3.0334,11.4654,8.3192,15.7145
2019-09-21,47.5819,1.3811,32.113,5.793,21.7172
2019-09-22,1.5092,7.2687,1.6295,3.624,3.5079
2019-09-23,0.5575,0.0,0.0,0.0,0.1394
2019-09-24,0.1212,0.0,0.2206,0.0,0.0854
2019-09-25,44.4054,21.578,21.0211,15.4488,25.6133
2019-09-26,12.8562,13.5159,1.3173,1.7447,7.3585
2019-09-27,44.9917,14.2331,25.3262,32.6089,29.29
2019-09-28,1.9983,0.0,3.252,0.7092,1.4899
2019-09-29,0.2464,0.0,0.1384,0.3546,0.1849
2019-09-30,3.1934,0.0,2.2615,0.0,1.3637
2019-10-01,1.0551,0.0,1.3111,0.3837,0.6875
2019-10-02,0.0,0.0,0.0,0.0,0.0
2019-10-03,0.0,0.0,0.0,0.0,0.0
2019-10-04,1.3938,0.0,0.0,0.0,0.3484
2019-10-05,5.1402,0.0,13.1071,8.8524,6.7749
2019-10-06,0.1387,1.0055,1.7046,9.6055,3.1136
2019-10-07,0.0,0.0,0.0,0.0,0.0
2019-10-08,0.0,0.0,0.0,0.0,0.0
2019-10-09,3.2846,7.5352,13.3565,14.8503,9.7567
2019-10-10,4.3961,38.0844,7.7356,14.2067,16.1057
2019-10-11,3.7638,17.6127,4.523,0.0,6.4749
2019-10-12,0.0,0.0,0.0,0.0,0.0
2019-10-13,0.3292,55.9853,2.2619,1.0104,14.8967
2019-10-14,0.0,0.0,0.0,0.0,0.0
2019-10-15,0.0,0.0,0.0,0.0,0.0
2019-10-16,0.0,0.0,0.0,0.0,0.0
2019-10-17,0.0,0.0,0.0,0.0,0.0
2019-10-18,0.0,0.0,0.0,0.0,0.0
2019-10-19,2.0274,13.7629,3.0295,3.8563,5.669
2019-10-20,14.8882,14.0966,14.5934,11.0002,13.6446
2019-10-21,5.132,3.3891,6.4837,6.8742,5.4697
2019-10-22,23.7747,13.8661,8.0628,5.0466,12.6875
2019-10-23,11.9396,7.9849,7.2737,9.196,9.0985
2019-10-24,3.6245,0.0,1.1032,0.0,1.1819
2019-10-25,7.374,8.997,9.8845,21.5597,11.9538
2019-10-26,1.792,0.0,0.9036,0.0,0.6739
2019-10-27,1.9546,0.0,2.0543,0.8865,1.2238
2019-10-28,0.0,0.0,0.0,0.0,0.0
2019-10-29,0.0,0.0,0.0,0.0,0.0
2019-10-30,0.0,0.0,0.0,0.0,0.0
2019-10-31,0.0,0.0,0.0,0.0,0.0
2019-11-01,0.0,0.0,0.0,0.0,0.0
2019-11-02,32.1982,16.5811,11.9483,5.2124,16.485
2019-11-03,0.0,0.0,0.0,0.0,0.0
2019-11-04,0.0,0.0,0.0,0.0,0.0
2019-11-05,0.0,0.0,0.0,0.0,0.0
2019-11-06,0.0,0.0,0.0,0.0,0.0
2019-11-07,0.0,0.0,0.0,0.0,0.0
2019-11-08,12.5473,0.1138,23.9793,2.2685,9.7272
2019-11-09,12.269,6.2473,30.1483,13.7585,15.6058
2019-11-10,0.0,0.0,0.0,0.0,0.0
2019-11-11,0.0,0.0,0.0,0.0,0.0
2019-11-12,0.0,0.0,0.0,0.0,0.0
2019-11-13,0.0,0.0,0.0,0.0,0.0
2019-11-14,0.0,0.0,0.0,0.0,0.0
2019-11-15,0.0,0.0,0.0,0.0,0.0
2019-11-16,0.0,0.0,0.0,0.0,0.0
2019-11-17,0.0,0.0,0.0,0.0,0.0
2019-11-18,0.0,0.0,0.0,0.0,0.0
2019-11-19,0.0,0.0,0.0,0.0,0.0
2019-11-20,0.0,0.0,0.0,0.0,0.0
2019-11-21,0.0,0.0,0.0,0.0,0.0
2019-11-22,0.0,0.0,0.0,0.0,0.0
2019-11-23,0.0,0.0,0.0,0.0,0.0
2019-11-24,0.0,0.0,0.0,0.0,0.0
2019-11-25,0.0,0.0,0.0,0.0,0.0
2019-11-26,0.0,0.0,0.0,0.0,0.0
2019-11-27,0.0,0.0,0.0,0.0,0.0
2019-11-28,0.0,0.0,0.0,0.0,0.0
2019-11-29,0.0,0.0,0.0,0.0,0.0
2019-11-30,0.0,0.0,0.0,0.0,0.0
2019-12-01,0.0,0.0,0.0,0.0,0.0
2019-12-02,0.0,0.0,0.0,0.0,0.0
2019-12-03,0.0,0.0,0.0,0.0,0.0
2019-12-04,0.0,0.0,0.0,0.0,0.0
2019-12-05,1.1724,0.9653,1.105,0.9627,1.0514
2019-12-06,0.0,0.0,0.0,0.0,0.0
2019-12-07,0.0,0.0,0.0,0.0,0.0
2019-12-08,0.0,0.0,0.0,0.0,0.0
2019-12-09,0.0,0.0,0.0,0.0,0.0
2019-12-10,0.0,0.0,0.0,0.0,0.0
2019-12-11,0.0,0.0,0.0,0.0,0.0
2019-12-12,0.0,0.0,0.0,0.0,0.0
2019-12-13,0.0,0.0,0.0,0.0,0.0
2019-12-14,0.0,0.0,0.0,0.0,0.0
2019-12-15,0.0,0.0,0.0,0.0,0.0
2019-12-16,0.0,0.0,0.0,0.0,0.0
2019-12-17,0.0,0.0,0.0,0.0,0.0
2019-12-18,0.0,0.0,0.0,0.0,0.0
2019-12-19,0.0,0.0,0.0,0.0,0.0
2019-12-20,0.0,0.0,0.0,0.0,0.0
2019-12-21,0.0,0.0,0.0,0.0,0.0
2019-12-22,0.0,0.0,0.0,0.0,0.0
2019-12-23,0.0,0.0,0.0,0.0,0.0
2019-12-24,0.0,0.0,0.0,0.0,0.0
2019-12-25,0.0,0.0,0.0,0.0,0.0
2019-12-26,0.0,0.0,0.0,0.0,0.0
2019-12-27,0.0,0.0,0.0,0.0,0.0
2019-12-28,0.0,0.0,0.0,0.0,0.0
2019-12-29,0.0,0.0,0.0,0.0,0.0
2019-12-30,0.0,0.0,0.0,0.0,0.0
2019-12-31,0.0,0.0,0.0,0.0,0.0
2020-01-01,0.0,0.0,0.0,0.0,0.0
2020-01-02,0.0,0.0,0.0,0.0,0.0
2020-01-03,0.0,0.0,0.0,0.0,0.0
2020-01-04,0.0,0.0,0.0,0.0,0.0
2020-01-05,0.0,0.0,0.0,0.0,0.0
2020-01-06,0.0,0.0,0.0,0.0,0.0
2020-01-07,0.0,0.0,0.0,0.0,0.0
2020-01-08,0.0,0.0,0.0,0.0,0.0
2020-01-09,0.0,0.0,0.0,0.0,0.0
2020-01-10,0.0,0.0,0.0,0.0,0.0
2020-01-11,0.0,0.0,0.0,0.0,0.0
2020-01-12,0.0,0.0,0.0,0.0,0.0
2020-01-13,0.0,0.0,0.0,0.0,0.0
2020-01-14,0.0,0.0,0.0,0.0,0.0
2020-01-15,0.0,0.0,0.0,0.0,0.0
2020-01-16,0.0,0.0,0.0,0.0,0.0
2020-01-17,0.0,0.0,0.0,0.0,0.0
2020-01-18,0.0,0.0,0.0,0.0,0.0
2020-01-19,0.0,0.0,0.0,0.0,0.0
2020-01-20,0.0,0.0,0.0,0.0,0.0
2020-01-21,0.0,0.0,0.0,0.0,0.0
2020-01-22,0.0,0.0,0.0,0.0,0.0
2020-01-23,0.0,0.0,0.0,0.0,0.0
2020-01-24,0.0,0.0,0.0,0.0,0.0
2020-01-25,0.0,0.0,0.0,0.0,0.0
2020-01-26,0.0,0.0,0.0,0.0,0.0
2020-01-27,0.0,0.0,0.0,0.0,0.0
2020-01-28,0.0,0.0,0.0,0.0,0.0
2020-01-29,0.0,0.0,0.0,0.0,0.0
2020-01-30,0.0,0.0,0.0,0.0,0.0
2020-01-31,0.0,0.0,0.0,0.0,0.0
2020-02-01,0.0,0.0,0.0,0.0,0.0
2020-02-02,0.0,0.0,0.0,0.0,0.0
2020-02-03,0.0,0.0,0.0,0.0,0.0
2020-02-04,0.0,0.0,0.0,0.0,0.0
2020-02-05,0.0,0.0,0.0,0.0,0.0
2020-02-06,0.0,0.0,0.0,0.0,0.0
2020-02-07,0.0,0.0,0.0,0.0,0.0
2020-02-08,0.0,0.0,0.0,0.0,0.0
2020-02-09,0.0,0.0,0.0,0.0,0.0
2020-02-10,0.0,0.0,0.0,0.0,0.0
2020-02-11,0.0,0.0,0.0,0.0,0.0
2020-02-12,0.0,0.0,0.0,0.0,0.0
2020-02-13,0.0,0.0,0.0,0.0,0.0
2020-02-14,0.0,0.0,0.0,0.0,0.0
2020-02-15,0.0,0.0,0.0,0.0,0.0
2020-02-16,0.0,0.0,0.0,0.0,0.0
2020-02-17,0.0,0.0,0.0,0.0,0.0
2020-02-18,0.0,0.0,0.0,0.0,0.0
2020-02-19,0.0,0.0,0.0,0.0,0.0
2020-02-20,0.0,0.0,0.0,0.0,0.0
2020-02-21,0.0,0.0,0.0,0.0,0.0
2020-02-22,0.0,0.0,0.0,0.0,0.0
2020-02-23,0.0,0.0,0.0,0.0,0.0
2020-02-24,0.0,0.0,0.0,0.0,0.0
2020-02-25,0.0,0.0,0.0,0.0,0.0
2020-02-26,0.0,0.0,0.0,0.0,0.0
2020-02-27,0.0,0.0,0.0,0.0,0.0
2020-02-28,0.0,0.0,0.0,0.0,0.0
2020-02-29,0.0,0.0,0.0,0.0,0.0
2020-03-01,0.0,0.0,0.0,0.0,0.0
2020-03-02,0.0,0.0,0.0,0.0,0.0
2020-03-03,0.0,0.0,0.0,0.0,0.0
2020-03-04,0.0,0.0,0.0,0.0,0.0
2020-03-05,0.0,0.0,0.0,0.0,0.0
2020-03-06,0.0,0.0,0.0,0.0,0.0
2020-03-07,0.0,0.0,0.0,0.0,0.0
2020-03-08,0.0,0.0,0.0,0.0,0.0
2020-03-09,0.0,0.0,0.0,0.0,0.0
2020-03-10,0.0,0.0,0.0,0.0,0.0
2020-03-11,0.0,0.0,0.0,0.0,0.0
2020-03-12,0.0,0.0,0.0,0.0,0.0
2020-03-13,0.0,0.0,0.0,0.0,0.0
2020-03-14,0.0,0.0,0.0,0.0,0.0
2020-03-15,0.0,0.0,0.0,0.0,0.0
2020-03-16,0.0,0.0,0.0,0.0,0.0
2020-03-17,0.0,0.0,0.0,0.0,0.0
2020-03-18,0.0,0.0,0.0,0.0,0.0
2020-03-19,0.0,0.0,0.0,0.0,0.0
2020-03-20,0.0,0.0,0.0,0.0,0.0
2020-03-21,0.0,0.0,0.0,0.0,0.0
2020-03-22,0.0,0.0,0.0,0.0,0.0
2020-03-23,0.0,0.0,0.0,0.0,0.0
2020-03-24,0.0,0.0,0.0,0.0,0.0
2020-03-25,0.0,0.0,0.0,0.0,0.0
2020-03-26,0.0,0.0,0.0,0.0,0.0
2020-03-27,0.1043,0.0,0.0,0.0,0.0261
2020-03-28,0.0,0.0,0.0,0.0,0.0
2020-03-29,0.0,0.0,0.0,0.0,0.0
2020-03-30,0.0,0.0,0.0,0.0,0.0
2020-03-31,0.0,0.0,0.0,0.0,0.0
2020-04-01,0.0,0.0,0.0,0.0,0.0
2020-04-02,0.0,0.0,0.0,0.0,0.0
2020-04-03,0.0,0.0,0.0,0.0,0.0
2020-04-04,0.0,0.0,0.0,0.0,0.0
2020-04-05,0.0,0.0,0.0,0.0,0.0
2020-04-06,0.0,0.0,0.0,0.0,0.0
2020-04-07,0.0,0.0,0.0,0.0,0.0
2020-04-08,0.0,0.0,0.0,0.0,0.0
2020-04-09,0.0,0.0,0.0,0.0,0.0
2020-04-10,0.0,0.0,0.0,0.0,0.0
2020-04-11,0.0,0.0,0.0,0.0,0.0
2020-04-12,0.0,2.2654,0.195,1.0372,0.8744
2020-04-13,0.0,0.0,0.0,0.0,0.0
2020-04-14,0.0,0.0,0.0,0.0,0.0
2020-04-15,0.0,0.0,0.0,0.0,0.0
2020-04-16,0.0,0.0,0.0,0.0,0.0
2020-04-17,0.0,0.0,0.0,0.0,0.0
2020-04-18,0.0,0.0,0.0,0.0,0.0
2020-04-19,0.0,0.0,0.0,0.0,0.0
2020-04-20,0.0,0.0,0.0,0.0,0.0
2020-04-21,0.0,0.0,0.0,0.0,0.0
2020-04-22,0.0,0.0,0.0,0.0,0.0
2020-04-23,0.0,0.0,0.0,0.0,0.0
2020-04-24,0.0,0.0,0.0,0.0,0.0
2020-04-25,0.0,0.0,0.0,0.0,0.0
2020-04-26,0.0,0.0,0.0,0.0,0.0
2020-04-27,0.0,0.0,0.0,0.0,0.0
2020-04-28,0.0,0.0,0.0,0.0,0.0
2020-04-29,0.0,0.0,0.0,0.0,0.0
2020-04-30,0.0,0.0,0.0,0.0,0.0
2020-05-01,0.0,0.5664,0.0,0.2593,0.2064
2020-05-02,0.0,0.0,0.0,0.0,0.0
2020-05-03,0.0,0.0,0.0,0.0,0.0
2020-05-04,0.0,0.0,0.0,0.0,0.0
2020-05-05,0.0,0.0,0.0,0.0,0.0
2020-05-06,0.0,0.0,0.0,0.0,0.0
2020-05-07,0.0,0.0,0.0,0.0,0.0
2020-05-08,0.0,0.0,0.0,0.0,0.0
2020-05-09,0.0,0.0,0.0,0.0,0.0
2020-05-10,0.0,0.0,0.0,0.0,0.0
2020-05-11,0.0,0.0,0.0,0.0,0.0
2020-05-12,0.0,0.0,0.0,0.0,0.0
2020-05-13,0.0,0.0,0.0,0.0,0.0
2020-05-14,0.0,0.0,0.0,0.0,0.0
2020-05-15,0.0,0.3064,0.0,0.2989,0.1513
2020-05-16,0.0,0.0,0.0,0.0,0.0
2020-05-17,0.0,0.0,0.0,0.0,0.0
2020-05-18,0.0,0.0,0.0,0.0,0.0
2020-05-19,0.0,0.0,0.0,0.0,0.0
2020-05-20,0.0,0.0,0.0,0.0,0.0
2020-05-21,0.0,0.0,0.0,0.0,0.0
2020-05-22,0.0,0.0,0.0,0.0,0.0
2020-05-23,0.0,0.0,0.0,0.0,0.0
2020-05-24,0.0,0.0,0.0,0.0,0.0
2020-05-25,0.0,0.0,0.0,0.0,0.0
2020-05-26,0.0,0.0,0.0,0.0,0.0
2020-05-27,0.0,0.0,0.0,0.0,0.0
2020-05-28,0.0,0.0,0.0,0.0,0.0
2020-05-29,0.0,0.0,0.0,0.0,0.0
2020-05-30,0.0,0.0,0.0,0.0,0.0
2020-05-31,0.0,0.0,0.0,0.0,0.0
2020-06-01,0.9898,0.0,0.1103,0.0,0.275
2020-06-02,0.0,0.0,0.0,0.0,0.0
2020-06-03,31.4752,20.9083,17.7298,14.2795,21.0982
2020-06-04,41.9968,63.8077,28.3241,39.6112,43.435
2020-06-05,57.4335,59.8662,44.42,43.1332,51.2132
2020-06-06,29.1003,30.6103,48.5364,31.7127,34.9899
2020-06-07,1.1337,0.0,3.5374,17.8856,5.6392
2020-06-08,21.0262,2.9094,15.9408,12.9323,13.2022
2020-06-09,0.0,0.0,0.0,0.0,0.0
2020-06-10,0.0,0.0,0.5684,0.391,0.2399
2020-06-11,2.9697,5.4176,2.5166,4.8774,3.9453
2020-06-12,2.4837,3.6157,6.8749,0.4591,3.3583
2020-06-13,4.1102,24.1088,25.3852,11.6871,16.3228
2020-06-14,12.2606,2.7649,24.4107,73.6394,28.2689
2020-06-15,12.823,0.0,0.0,0.0,3.2058
2020-06-16,36.6839,2.5025,25.8732,3.3848,17.1111
2020-06-17,6.9673,0.2834,0.7057,0.0,1.9891
2020-06-18,1.2943,0.0,0.4413,0.0,0.4339
2020-06-19,48.5979,36.4189,37.9888,18.6023,35.402
2020-06-20,4.016,0.7305,1.5406,1.8938,2.0452
2020-06-21,0.9458,0.0,4.7409,23.0347,7.1804
2020-06-22,5.6258,7.918,24.236,54.4027,23.0456
2020-06-23,8.4209,11.7356,6.4227,19.2476,11.4567
2020-06-24,3.78,2.2304,0.2943,1.0169,1.8304
2020-06-25,0.0,0.0,0.0,0.8865,0.2216
2020-06-26,2.3202,0.0,6.9204,2.0075,2.812
2020-06-27,0.4847,0.0,0.8825,0.0,0.3418
2020-06-28,11.638,0.2514,28.3083,1.9552,10.5382
2020-06-29,28.1817,0.6475,22.9667,2.4353,13.5578
2020-06-30,63.0553,0.7172,13.8832,29.8263,26.8705
2020-07-01,6.1696,4.193,7.9794,13.8905,8.0581
2020-07-02,18.2329,3.6828,6.4737,3.7022,8.0229
2020-07-03,33.8866,15.262,11.3121,0.0,15.1152
2020-07-04,142.98,91.5404,115.8446,60.3434,102.6771
2020-07-05,176.6378,208.9916,239.8601,186.7876,203.0693
2020-07-06,60.8492,73.714,126.045,123.6498,96.0645
2020-07-07,24.0865,46.216,34.4222,53.3031,39.507
2020-07-08,65.5254,88.4715,67.3412,89.0795,77.6044
2020-07-09,11.5386,12.6907,25.7953,29.9612,19.9965
2020-07-10,9.2997,11.7359,9.3123,17.1639,11.878
2020-07-11,9.1534,3.1491,3.9469,10.1432,6.5981
2020-07-12,17.4865,12.8534,18.4456,10.6501,14.8589
2020-07-13,38.4799,20.7551,44.7026,7.1307,27.7671
2020-07-14,24.3425,5.6028,29.7321,12.6931,18.0926
2020-07-15,97.9525,29.9938,61.1135,2.6906,47.9376
2020-07-16,162.7167,91.4788,120.2307,13.4135,96.9599
2020-07-17,69.3609,21.9993,103.2143,13.7528,52.0818
2020-07-18,37.3547,23.6231,43.821,17.8703,30.6673
2020-07-19,11.2281,29.2418,9.713,19.1828,17.3414
2020-07-20,3.1309,3.9563,8.4038,13.6808,7.2929
2020-07-21,3.1553,0.4894,4.4998,0.8081,2.2381
2020-07-22,0.0,0.0,0.0,0.0,0.0
2020-07-23,16.588,11.8264,36.8067,14.4832,19.9261
2020-07-24,26.818,8.7834,22.5811,27.6577,21.46
2020-07-25,16.6127,1.2982,17.045,21.5653,14.1303
2020-07-26,4.635,1.4461,5.6906,4.503,4.0687
2020-07-27,84.6024,31.5573,60.3342,2.4258,44.7299
2020-07-28,56.1861,23.3199,25.9614,5.5659,27.7583
2020-07-29,50.5672,8.84,19.7638,17.7006,24.2179
2020-07-30,22.5084,5.1513,12.6414,11.1006,12.8504
2020-07-31,26.6813,0.4108,5.3912,3.0079,8.8728
2020-08-01,2.2729,0.0,1.3516,0.1564,0.9452
2020-08-02,2.4552,0.0,0.1103,0.0,0.6414
2020-08-03,4.3297,1.1669,3.0442,8.9428,4.3709
2020-08-04,229.4153,73.5843,196.3281,89.0638,147.0979
2020-08-05,67.3188,57.5074,122.8553,173.4526,105.2835
2020-08-06,273.4122,215.9923,158.7162,123.5603,192.9202
2020-08-07,45.0648,43.1626,70.8828,74.8187,58.4822
2020-08-08,13.8951,35.3436,15.7557,36.1601,25.2886
2020-08-09,12.1164,16.2143,19.7335,17.3151,16.3448
2020-08-10,3.0779,6.9591,2.5449,8.5887,5.2927
2020-08-11,8.7757,31.4632,13.0427,33.1232,21.6012
2020-08-12,23.6539,31.8157,44.6463,52.9497,38.2664
2020-08-13,32.2089,58.3842,68.817,127.1539,71.641
2020-08-14,29.9426,54.1727,46.6545,64.0005,48.6926
2020-08-15,33.1358,27.924,74.5591,108.0458,60.9162
2020-08-16,23.1498,56.2288,37.769,47.6425,41.1975
2020-08-17,9.4046,17.5758,10.6711,17.6295,13.8202
2020-08-18,27.402,86.2333,57.6869,77.2829,62.1513
2020-08-19,19.4742,56.6159,20.9543,31.3267,32.0928
2020-08-20,11.3676,17.582,28.0857,43.8906,25.2315
2020-08-21,46.8417,58.7247,52.3422,113.1384,67.7618
2020-08-22,47.1321,79.2898,73.879,94.895,73.799
2020-08-23,7.4717,14.3736,16.706,19.4244,14.4939
2020-08-24,5.2549,11.7615,10.7167,12.0024,9.9339
2020-08-25,5.4994,17.4209,11.3158,10.2914,11.1319
2020-08-26,7.8112,12.3357,5.8762,10.6458,9.1672
2020-08-27,2.9446,6.9701,5.5774,13.7505,7.3107
2020-08-28,6.0577,13.8053,10.2975,23.7874,13.487
2020-08-29,93.6277,121.3072,88.8414,92.7831,99.1398
2020-08-30,51.3646,93.8806,56.0727,69.3143,67.6581
2020-08-31,36.2015,70.0775,48.0055,36.5589,47.7108
2020-09-01,13.4168,12.2646,12.0484,25.6205,15.8376
2020-09-02,4.5623,1.0364,7.6658,3.0968,4.0903
2020-09-03,0.0,0.0,0.0,0.0,0.0
2020-09-04,0.1858,0.3513,0.6328,8.5834,2.4383
2020-09-05,13.015,5.6809,4.0872,3.6504,6.6084
2020-09-06,0.0,0.0,0.0,0.0,0.0
2020-09-07,19.4989,24.2651,15.8049,55.6687,28.8094
2020-09-08,0.5514,0.7811,1.2315,8.2007,2.6912
2020-09-09,0.0,0.0,0.0,0.8865,0.2216
2020-09-10,4.6439,25.574,11.0609,21.5522,15.7078
2020-09-11,0.0,12.3361,0.9734,2.2865,3.899
2020-09-12,12.6758,96.5182,24.7088,83.9953,54.4745
2020-09-13,22.6254,14.4953,21.4284,15.7017,18.5627
2020-09-14,4.0344,0.3454,5.5035,13.9936,5.9692
2020-09-15,3.8861,2.5554,13.485,6.9448,6.7178
2020-09-16,3.6172,108.7479,9.8867,4.2692,31.6303
2020-09-17,5.4134,3.9412,9.6162,4.2491,5.805
2020-09-18,9.2985,4.7761,3.264,2.6962,5.0087
2020-09-19,4.2991,2.3977,1.8863,2.0017,2.6462
2020-09-20,6.3481,3.7882,8.3795,8.0917,6.6519
2020-09-21,0.3467,1.7155,2.6442,0.0,1.1766
2020-09-22,9.6883,8.2468,24.6946,62.6119,26.3104
2020-09-23,192.4361,300.5867,214.9248,29.8409,184.4471
2020-09-24,75.6358,60.5911,93.1089,51.5475,70.2208
2020-09-25,1.3795,0.8007,3.7182,2.633,2.1329
2020-09-26,1.7982,12.8821,5.0976,13.8971,8.4187
2020-09-27,0.0,0.0,0.0,0.0,0.0
2020-09-28,0.0,0.0,0.341,0.2346,0.1439
2020-09-29,0.2205,0.0,0.3781,0.1408,0.1849
2020-09-30,1.6706,0.0,3.243,0.0,1.2284
2020-10-01,0.0,0.0,5.1155,3.5191,2.1586
2020-10-02,0.0,0.0,0.2644,0.0,0.0661
2020-10-03,0.0,0.0,0.0,0.8957,0.2239
2020-10-04,27.2137,19.4023,44.6628,23.2509,28.6324
2020-10-05,0.0,0.0,0.0,0.0,0.0
2020-10-06,2.4159,0.0,0.2274,0.1564,0.6999
2020-10-07,0.0,0.0,0.2109,2.6594,0.7176
2020-10-08,0.0,0.0,0.0,0.0,0.0
2020-10-09,0.0,0.0,0.0,0.0,0.0
2020-10-10,0.5575,0.0,0.0,0.0,0.1394
2020-10-11,0.9355,53.9952,1.7386,0.1741,14.2108
2020-10-12,0.5575,0.5937,0.0,0.0,0.2878
2020-10-13,0.0,0.0,0.0,0.0,0.0
2020-10-14,1.8279,4.8494,6.6401,13.7101,6.7569
2020-10-15,94.9418,96.495,72.2194,53.6174,79.3184
2020-10-16,28.981,8.8835,15.7179,0.4819,13.5161
2020-10-17,0.441,3.7071,0.8804,4.4415,2.3675
2020-10-18,0.0,0.0,0.0,0.0,0.0
2020-10-19,0.0,0.0,0.0,0.0,0.0
2020-10-20,0.0,0.0,0.2274,0.1564,0.096
2020-10-21,15.3319,0.0,0.1137,0.0,3.8614
2020-10-22,3.9222,25.6534,5.6925,8.4503,10.9296
2020-10-23,1.7163,19.6662,1.1478,9.6772,8.0519
2020-10-24,0.7911,0.0,0.0,0.0,0.1978
2020-10-25,0.0,0.0,0.0,0.0,0.0
2020-10-26,4.8251,0.0,0.0,0.0,1.2063
2020-10-27,0.0,0.0,0.0,0.0,0.0
2020-10-28,0.0,0.0,0.0,0.0,0.0
2020-10-29,0.0,0.0,0.0,0.0,0.0
2020-10-30,0.0,0.0,0.0,0.0,0.0
2020-10-31,0.0,0.0,0.0,0.0,0.0
2020-11-01,0.0,0.0,0.0,0.0,0.0
2020-11-02,0.0,0.0,0.0,0.0,0.0
2020-11-03,0.0,0.0,0.0,0.0,0.0
2020-11-04,0.0,0.0,0.0,0.0,0.0
2020-11-05,0.0,0.0,0.0,0.0,0.0
2020-11-06,0.0,0.0,0.0,0.0,0.0
2020-11-07,0.0,0.0,0.0,0.0,0.0
2020-11-08,0.0,0.0,0.0,0.0,0.0
2020-11-09,0.0,0.0,0.0,0.0,0.0
2020-11-10,0.0,0.0,0.0,0.0,0.0
2020-11-11,0.0,0.0,0.0,0.0,0.0
2020-11-12,0.0,0.0,0.0,0.0,0.0
2020-11-13,0.0,0.0,0.0,0.0,0.0
2020-11-14,0.0,0.0,0.0,0.0,0.0
2020-11-15,0.0,0.0,0.0,0.0,0.0
2020-11-16,0.0,0.0,0.0,0.0,0.0
2020-11-17,0.0,0.0,0.0,0.0,0.0
2020-11-18,0.0,0.0,0.0,0.0,0.0
2020-11-19,0.0,0.0,0.0,0.0,0.0
2020-11-20,0.0,0.0,0.0,0.0,0.0
2020-11-21,0.0,0.0,0.0,0.0,0.0
2020-11-22,0.0,0.0,0.0,0.0,0.0
2020-11-23,0.0,0.0,0.0,0.0,0.0
2020-11-24,0.0,0.0,0.0,0.0,0.0
2020-11-25,0.0,0.0,0.0,0.0,0.0
2020-11-26,0.0,0.0,0.0,0.0,0.0
2020-11-27,0.0,0.0,0.0,0.0,0.0
2020-11-28,0.0,0.0,0.0,0.0,0.0
2020-11-29,0.0,0.0,0.0,0.0,0.0
2020-11-30,0.0,0.0,0.0,0.0,0.0
2020-12-01,0.0,0.0,0.0,0.0,0.0
2020-12-02,0.0,0.0,0.0,0.0,0.0
2020-12-03,0.0,0.0,0.0,0.0,0.0
2020-12-04,0.0,0.0,0.0,0.0,0.0
2020-12-05,0.0,0.0,0.0,0.0,0.0
2020-12-06,0.0,0.0,0.0,0.0,0.0
2020-12-07,0.0,0.0,0.0,0.0,0.0
2020-12-08,0.0,0.0,0.0,0.0,0.0
2020-12-09,0.0,0.0,0.0,0.0,0.0
2020-12-10,0.1823,0.1825,0.3123,0.2186,0.2239
2020-12-11,1.8654,0.8172,0.1434,0.0,0.7065
2020-12-12,1.2705,1.2098,1.5619,2.502,1.636
2020-12-13,0.3667,0.2273,0.952,0.4975,0.5109
2020-12-14,9.2133,0.1231,4.2727,0.2898,3.4747
2020-12-15,3.8892,6.0567,2.0727,4.0152,4.0084
2020-12-16,0.0,0.0,0.0,0.0,0.0
2020-12-17,0.0,0.0,0.0,0.0,0.0
2020-12-18,0.0,0.0,0.0,0.0,0.0
2020-12-19,0.0,0.0,0.0,0.0,0.0
2020-12-20,0.0,0.0,0.0,0.0,0.0
2020-12-21,0.0,0.0,0.0,0.0,0.0
2020-12-22,0.0,0.0,0.0,0.0,0.0
2020-12-23,0.0,0.0,0.0,0.0,0.0
2020-12-24,0.0,0.0,0.0,0.0,0.0
2020-12-25,0.0,0.0,0.0,0.0,0.0
2020-12-26,0.0,0.0,0.0,0.0,0.0
2020-12-27,0.0,0.0,0.0,0.0,0.0
2020-12-28,0.0,0.0,0.0,0.0,0.0
2020-12-29,0.0,0.0,0.0,0.0,0.0
2020-12-30,0.0,0.0,0.0,0.0,0.0
2020-12-31,0.0,0.0,0.0,0.0,0.0
2021-01-01,0.0,0.0,0.0,0.0,0.0
2021-01-02,0.0,0.0,0.0,0.0,0.0
2021-01-03,0.0,0.0,0.0,0.0,0.0
2021-01-04,0.0,0.0,0.0,0.0,0.0
2021-01-05,0.0,0.0,0.0,0.0,0.0
2021-01-06,0.0,0.0,0.0,0.0,0.0
2021-01-07,0.0,0.0,0.0,0.0,0.0
2021-01-08,0.2146,0.7908,0.2824,0.7104,0.4995
2021-01-09,0.0,0.4531,0.0,0.2074,0.1651
2021-01-10,0.4938,0.6157,0.3314,0.5892,0.5075
2021-01-11,0.0,0.0,0.0,0.0,0.0
2021-01-12,0.0,0.0,0.0,0.0,0.0
2021-01-13,0.0,0.0,0.0,0.0,0.0
2021-01-14,0.0,0.0,0.0,0.0,0.0
2021-01-15,0.0,0.0,0.0,0.0,0.0
2021-01-16,0.0,0.0,0.0,0.0,0.0
2021-01-17,0.0,0.0,0.0,0.0,0.0
2021-01-18,0.0,0.0,0.0,0.0,0.0
2021-01-19,0.0,0.0,0.0,0.0,0.0
2021-01-20,0.0,0.0,0.0,0.0,0.0
2021-01-21,0.0,0.0,0.0,0.0,0.0
2021-01-22,0.0,0.0,0.0,0.0,0.0
2021-01-23,0.0,0.0,0.0,0.0,0.0
2021-01-24,0.0,0.0,0.0,0.0,0.0
2021-01-25,0.0,0.0,0.0,0.0,0.0
2021-01-26,0.0,0.0,0.0,0.0,0.0
2021-01-27,0.0,0.0,0.0,0.0,0.0
2021-01-28,0.0,0.0,0.0,0.0,0.0
2021-01-29,0.0,0.0,0.0,0.0,0.0
2021-01-30,0.0,0.0,0.0,0.0,0.0
2021-01-31,0.0,0.0,0.0,0.0,0.0
2021-02-01,0.0,0.0,0.0,0.0,0.0
2021-02-02,0.0,0.0,0.0,0.0,0.0
2021-02-03,0.0,0.0,0.0,0.0,0.0
2021-02-04,0.0,0.0,0.0,0.0,0.0
2021-02-05,0.0,0.0,0.0,0.0,0.0
2021-02-06,0.0,0.0,0.0,0.0,0.0
2021-02-07,0.0,0.0,0.0,0.0,0.0
2021-02-08,0.0,0.0,0.0,0.0,0.0
2021-02-09,0.0,0.0,0.0,0.0,0.0
2021-02-10,0.0,0.0,0.0,0.0,0.0
2021-02-11,0.0,0.0,0.0,0.0,0.0
2021-02-12,0.0,0.0,0.0,0.0,0.0
2021-02-13,0.0,0.0,0.0,0.0,0.0
2021-02-14,0.0,0.0,0.0,0.0,0.0
2021-02-15,0.0,0.0,0.0,0.0,0.0
2021-02-16,0.0,0.0,0.0,0.0,0.0
2021-02-17,0.0,0.0,0.0,0.0,0.0
2021-02-18,0.0,0.0,0.0,0.0,0.0
2021-02-19,0.8046,27.5559,3.2866,13.6769,11.331
2021-02-20,0.0,1.1327,0.0,0.5186,0.4128
2021-02-21,0.0,0.0,0.0,0.0,0.0
2021-02-22,0.0,0.0,0.0,0.0,0.0
2021-02-23,0.0,0.0,0.0,0.0,0.0
2021-02-24,0.0,0.0,0.0,0.0,0.0
2021-02-25,0.0,0.0,0.0,0.0,0.0
2021-02-26,0.0,0.0,0.0,0.0,0.0
2021-02-27,0.0,0.0,0.0,0.0,0.0
2021-02-28,0.0,0.0,0.0,0.0,0.0
2021-03-01,0.0,0.0,0.0,0.0,0.0
2021-03-02,0.0,0.0,0.0,0.0,0.0
2021-03-03,0.0,0.0,0.0,0.0,0.0
2021-03-04,0.0,0.0,0.0,0.0,0.0
2021-03-05,0.0,0.0,0.0,0.0,0.0
2021-03-06,0.0,0.0,0.0,0.0,0.0
2021-03-07,0.0,0.0,0.0,0.0,0.0
2021-03-08,0.0,0.0,0.0,0.0,0.0
2021-03-09,0.0,0.0,0.0,0.0,0.0
2021-03-10,0.0,0.0,0.0,0.0,0.0
2021-03-11,0.0,0.0,0.0,0.0,0.0
2021-03-12,0.0,0.0,0.0,0.0,0.0
2021-03-13,0.0,0.0,0.0,0.0,0.0
2021-03-14,0.0,0.0,0.0,0.0,0.0
2021-03-15,0.0,0.0,0.0,0.0,0.0
2021-03-16,0.0,0.0,0.0,0.0,0.0
2021-03-17,0.0,0.0,0.0,0.0,0.0
2021-03-18,0.0,0.0,0.0,0.0,0.0
2021-03-19,0.0,0.0,0.0,0.0,0.0
2021-03-20,0.0,0.0,0.0,0.0,0.0
2021-03-21,0.0,0.0,0.0,0.0,0.0
2021-03-22,0.0,0.0,0.0,0.0,0.0
2021-03-23,0.0,0.445,0.0,0.221,0.1665
2021-03-24,0.0,0.0,0.0,0.0,0.0
2021-03-25,0.0,0.0,0.0,0.0,0.0
2021-03-26,0.0,0.0,0.0,0.0,0.0
2021-03-27,0.0,0.0,0.0,0.0,0.0
2021-03-28,0.0,0.0,0.0,0.0,0.0
2021-03-29,0.0,0.0,0.0,0.0,0.0
2021-03-30,0.0,0.0,0.0,0.0,0.0
2021-03-31,0.0,0.0,0.0,0.0,0.0
2021-04-01,0.0,0.0,0.0,0.0,0.0
2021-04-02,0.0,0.0,0.0,0.0,0.0
2021-04-03,0.0,0.0,0.0,0.0,0.0
2021-04-04,0.0,0.0,0.0,0.0,0.0
2021-04-05,0.0,0.0,0.0,0.0,0.0
2021-04-06,0.0,0.0,0.0,0.0,0.0
2021-04-07,0.0,0.0,0.0,0.0,0.0
2021-04-08,0.0,0.0,0.0,0.0,0.0
2021-04-09,0.0,0.0,0.0,0.0,0.0
2021-04-10,0.0,0.0,0.0,0.0,0.0
2021-04-11,0.0,0.0,0.0,0.0,0.0
2021-04-12,0.0,0.0,0.0,0.0,0.0
2021-04-13,0.0,0.0,0.0,0.0,0.0
2021-04-14,0.0,0.0,0.0,0.0,0.0
2021-04-15,0.0,0.0,0.0,0.0,0.0
2021-04-16,0.0,0.0,0.0,0.0,0.0
2021-04-17,0.0,0.0,0.0,0.0,0.0
2021-04-18,0.0,0.0,0.0,0.0,0.0
2021-04-19,0.0,0.0,0.0,0.0,0.0
2021-04-20,0.0,0.0,0.0,0.0,0.0
2021-04-21,0.0,0.0,0.0,0.0,0.0
2021-04-22,0.0,0.0,0.0,0.0,0.0
2021-04-23,0.0,0.0,0.0,0.0,0.0
2021-04-24,0.0,0.0,0.0,0.0,0.0
2021-04-25,0.0,0.0,0.0,0.0,0.0
2021-04-26,0.0,0.0,0.0,0.0,0.0
2021-04-27,0.0,0.0,0.0,0.0,0.0
2021-04-28,0.0,0.0,0.0,0.0,0.0
2021-04-29,0.0,0.0,0.0,0.0,0.0
2021-04-30,0.0,0.0,0.0,0.0,0.0
2021-05-01,0.0,0.0,0.0,0.0,0.0
2021-05-02,0.0,0.0,0.0,0.0,0.0
2021-05-03,0.0,0.0,0.0,0.0,0.0
2021-05-04,0.0,0.0,0.0,0.0,0.0
2021-05-05,0.0,0.0,0.0,0.0,0.0
2021-05-06,0.0,0.0,0.0,0.0,0.0
2021-05-07,0.0,0.0,0.0,0.0,0.0
2021-05-08,0.0,0.0,0.0,0.0,0.0
2021-05-09,0.0,0.0,0.0,0.0,0.0
2021-05-10,0.0,0.0,0.0,0.0,0.0
2021-05-11,0.0,0.0,0.0,0.0,0.0
2021-05-12,0.0,0.0,0.0,0.0,0.0
2021-05-13,0.0,0.0,0.0,0.0,0.0
2021-05-14,0.0,0.0,0.0,0.0,0.0
2021-05-15,0.3222,0.0,0.0,0.0,0.0805
2021-05-16,2.1556,1.1995,3.5295,3.124,2.5022
2021-05-17,17.3759,11.8099,10.4257,6.3485,11.49
2021-05-18,178.6724,35.0297,145.6056,48.4832,101.9477
2021-05-19,3.6468,0.0,4.5029,0.1449,2.0736
2021-05-20,15.3335,8.3175,4.0807,7.472,8.8009
2021-05-21,0.0,0.0,0.0,0.0,0.0
2021-05-22,0.0,0.0,0.0,0.0,0.0
2021-05-23,0.1693,0.0,1.2377,4.4721,1.4698
2021-05-24,0.0,1.8522,0.0,2.133,0.9963
2021-05-25,0.0,0.0,0.0,0.0,0.0
2021-05-26,0.0,0.0,0.0,0.0,0.0
2021-05-27,0.3386,0.1784,0.6387,0.4312,0.3967
2021-05-28,0.0,0.0,0.0,0.0,0.0
2021-05-29,0.0,0.3681,0.0,0.4239,0.198
2021-05-30,0.0,0.0,0.0,0.0,0.0
2021-05-31,0.7782,41.3437,3.559,18.9281,16.1522
2021-06-01,19.0795,22.3655,29.9724,0.322,17.9349
2021-06-02,7.0001,4.6945,14.2802,19.4206,11.3489
2021-06-03,3.2436,12.0927,5.7365,0.0,5.2682
2021-06-04,0.0,2.2712,0.0,0.0,0.5678
2021-06-05,0.7882,0.3157,0.9587,0.0,0.5156
2021-06-06,21.1915,2.0923,22.3061,71.9541,29.386
2021-06-07,13.1199,5.6174,16.8911,0.0,8.9071
2021-06-08,17.4576,8.0418,13.1972,0.8602,9.8892
2021-06-09,63.7299,111.3623,59.2391,62.3856,74.1792
2021-06-10,139.7931,158.7475,209.6504,137.0592,161.3126
2021-06-11,52.0318,29.1364,90.8756,37.1886,52.3081
2021-06-12,95.0508,69.7861,122.9484,75.3832,90.7921
2021-06-13,42.0625,59.4302,63.3345,41.7736,51.6502
2021-06-14,10.3882,4.0126,5.0038,0.4692,4.9685
2021-06-15,3.2989,8.196,4.6682,1.4282,4.3978
2021-06-16,38.1778,2.6299,8.3136,6.5344,13.9139
2021-06-17,73.993,52.2576,36.9696,59.7833,55.7509
2021-06-18,54.2355,165.1387,129.824,144.9519,123.5375
2021-06-19,17.9596,39.3823,25.6139,29.2336,28.0473
2021-06-20,18.6869,57.6051,20.1253,25.5756,30.4982
2021-06-21,27.8484,23.9878,24.8834,13.4654,22.5463
2021-06-22,4.4043,4.6404,3.9532,6.6744,4.9181
2021-06-23,3.9135,0.8321,5.1335,3.5458,3.3562
2021-06-24,3.1256,11.1762,8.6458,10.0143,8.2405
2021-06-25,4.6738,15.2625,4.2871,4.808,7.2578
2021-06-26,31.0714,14.6391,18.3644,6.4,17.6187
2021-06-27,0.5933,0.0,0.6821,0.4692,0.4362
2021-06-28,28.6285,19.5805,30.7679,41.109,30.0215
2021-06-29,0.4302,5.6649,0.5457,3.8856,2.6316
2021-06-30,0.3676,0.2141,0.331,0.1307,0.2609
2021-07-01,4.1362,1.9512,4.0144,3.2635,3.3413
2021-07-02,0.2464,0.1069,0.2943,1.0823,0.4325
2021-07-03,0.7774,4.6925,2.287,0.2206,1.9944
2021-07-04,0.0,0.0,0.0,0.0,0.0
2021-07-05,0.0,0.0,0.0,0.0,0.0
2021-07-06,0.1858,0.0,0.0,0.0,0.0464
2021-07-07,12.3918,1.3614,9.8735,0.0,5.9067
2021-07-08,5.3288,33.7828,11.1817,1.358,12.9128
2021-07-09,48.0255,26.4877,63.163,49.0481,46.6811
2021-07-10,22.5453,9.2996,20.2104,4.8394,14.2237
2021-07-11,27.6293,15.6359,22.7693,0.6256,16.665
2021-07-12,9.6294,0.0,1.8089,0.0,2.8596
2021-07-13,60.4421,82.9118,52.5994,87.3901,70.8359
2021-07-14,110.2942,116.6502,76.8688,34.1097,84.4807
2021-07-15,50.111,17.6497,30.5498,8.8444,26.7887
2021-07-16,94.7402,13.6078,150.8459,11.129,67.5807
2021-07-17,28.9735,56.3708,51.4145,17.1061,38.4662
2021-07-18,199.4926,180.0986,187.4886,64.9683,158.012
2021-07-19,78.2652,280.7424,124.6362,178.3246,165.4921
2021-07-20,48.8218,181.8774,123.202,359.5329,178.3585
2021-07-21,14.6828,47.6715,34.6813,54.8401,37.9689
2021-07-22,86.3196,137.6299,96.1614,182.8647,125.7439
2021-07-23,18.194,53.2598,20.2286,20.7219,28.1011
2021-07-24,13.558,55.1412,14.073,34.24,29.2531
2021-07-25,8.9661,15.9716,15.8915,8.9696,12.4497
2021-07-26,3.8327,34.1934,12.2941,18.4748,17.1988
2021-07-27,9.0037,12.6927,7.6866,23.5054,13.2221
2021-07-28,9.449,12.1856,17.5679,25.2117,16.1035
2021-07-29,9.6369,35.743,10.5205,23.1291,19.7574
2021-07-30,2.8031,3.7399,5.8972,9.8848,5.5813
2021-07-31,2.6642,4.915,3.8333,2.0859,3.3746
2021-08-01,2.5297,5.4726,7.5743,5.1231,5.1749
2021-08-02,7.8842,6.2229,12.8079,10.8843,9.4498
2021-08-03,6.9177,12.7259,10.4614,11.6688,10.4434
2021-08-04,10.9953,27.2605,21.9221,38.4374,24.6538
2021-08-05,4.8561,8.4086,5.861,9.8033,7.2322
2021-08-06,1.9348,2.3719,1.8257,0.9908,1.7808
2021-08-07,1.5583,9.1557,0.4303,0.0,2.7861
2021-08-08,1.1832,0.0,1.9158,2.0392,1.2846
2021-08-09,1.9849,18.7031,3.3149,3.8263,6.9573
2021-08-10,0.862,0.0,1.9078,2.6855,1.3638
2021-08-11,0.7076,10.1726,3.186,4.7974,4.7159
2021-08-12,8.3057,4.1848,13.1604,6.1217,7.9432
2021-08-13,7.3384,22.3798,18.7115,18.0366,16.6166
2021-08-14,4.4906,6.7865,9.8624,5.539,6.6696
2021-08-15,36.4684,22.8059,33.2403,19.9903,28.1262
2021-08-16,21.9135,22.8918,35.8206,6.2861,21.728
2021-08-17,10.8149,13.7372,2.2779,0.1748,6.7512
2021-08-18,17.6673,4.1946,11.4393,12.9376,11.5597
2021-08-19,51.008,29.1632,43.2208,38.1905,40.3956
2021-08-20,14.9363,12.6332,20.6492,21.7098,17.4821
2021-08-21,50.74,35.2845,55.3069,62.523,50.9636
2021-08-22,12.8247,8.6851,16.5055,29.8097,16.9562
2021-08-23,0.9411,0.0,0.0,0.0,0.2353
2021-08-24,0.2907,0.0,0.0,0.0,0.0727
2021-08-25,2.2301,2.1393,0.0,0.0,1.0924
2021-08-26,1.226,0.2917,1.048,0.0,0.6414
2021-08-27,2.0926,2.3577,1.4099,2.8529,2.1783
2021-08-28,1.5892,0.1945,2.974,0.0,1.1894
2021-08-29,0.0,1.1669,0.0,0.0,0.2917
2021-08-30,0.2121,0.0,0.3861,0.0,0.1496
2021-08-31,36.6662,19.9565,34.3981,13.6699,26.1727
2021-09-01,93.2934,180.1244,126.2042,145.9527,136.3937
2021-09-02,10.3316,19.6703,12.2996,37.8258,20.0318
2021-09-03,6.8818,11.6062,9.0636,2.2425,7.4485
2021-09-04,51.4426,20.9706,33.9644,6.9772,28.3387
2021-09-05,28.9637,16.1205,39.267,71.8047,39.039
2021-09-06,5.7852,15.3009,5.8156,4.3316,7.8083
2021-09-07,15.6943,2.2502,6.7494,10.9188,8.9032
2021-09-08,56.1554,71.6807,61.0672,20.1133,52.2542
2021-09-09,23.1444,30.6567,23.3965,42.7124,29.9775
2021-09-10,11.3207,32.4458,10.7727,17.6132,18.0381
2021-09-11,8.9503,30.3091,13.8493,18.1366,17.8113
2021-09-12,26.7149,63.6494,29.6545,41.4915,40.3776
2021-09-13,29.3654,45.8805,49.8477,89.9001,53.7484
2021-09-14,7.9215,23.852,21.6747,65.3607,29.7022
2021-09-15,2.1498,6.6612,7.5902,15.4626,7.9659
2021-09-16,1.9893,8.6252,5.2618,3.9111,4.9469
2021-09-17,1.3461,0.4504,4.5031,4.8699,2.7924
2021-09-18,0.0,2.3478,0.0,0.8874,0.8088
2021-09-19,0.9027,1.3909,0.9583,4.5657,1.9544
2021-09-20,63.6156,31.2474,72.738,50.5456,54.5367
2021-09-21,6.2981,78.9792,13.7665,30.3486,32.3481
2021-09-22,47.8105,74.4443,62.4597,75.2496,64.991
2021-09-23,7.2739,27.9954,12.2747,23.2404,17.6961
2021-09-24,2.2912,14.6027,0.9145,1.4148,4.8058
2021-09-25,0.0,0.1125,1.7532,11.6073,3.3683
2021-09-26,4.1163,1.3614,5.2953,0.0,2.6932
2021-09-27,5.3819,1.9174,3.9722,6.6675,4.4848
2021-09-28,12.0008,0.0,21.5121,0.0,8.3782
2021-09-29,50.9384,58.4927,105.5118,87.5444,75.6218
2021-09-30,19.6031,5.373,39.5737,61.6378,31.5469
2021-10-01,1.6461,6.9879,1.5208,13.3405,5.8738
2021-10-02,0.0,0.0,0.0,0.0,0.0
2021-10-03,0.0,0.0,0.0,0.0,0.0
2021-10-04,0.0,0.0,0.0,0.0,0.0
2021-10-05,0.0,0.0,0.0,0.0,0.0
2021-10-06,1.5011,15.4464,0.1791,0.0,4.2816
2021-10-07,19.3855,39.7311,17.8109,64.3432,35.3177
2021-10-08,0.5504,35.0896,6.7224,11.3841,13.4366
2021-10-09,0.546,9.6243,5.9169,15.8029,7.9725
2021-10-10,0.0,0.1944,5.7492,17.0507,5.7486
2021-10-11,1.7221,16.8052,1.3785,7.1701,6.769
2021-10-12,10.5941,24.1697,4.2532,12.3846,12.8504
2021-10-13,0.0,14.1792,1.7578,23.7702,9.9268
2021-10-14,0.0,0.0,0.0,0.0,0.0
2021-10-15,0.0,0.0,0.0,0.0,0.0
2021-10-16,0.0,0.0,0.0,0.0,0.0
2021-10-17,0.0,0.0,0.0,0.0,0.0
2021-10-18,0.0,0.0,0.0,0.0,0.0
2021-10-19,0.0,0.0,0.0,0.0,0.0
2021-10-20,0.0,0.0,0.0,0.0,0.0
2021-10-21,0.0,0.0,0.0,0.0,0.0
2021-10-22,0.0,0.0,0.0,0.0,0.0
2021-10-23,0.0,0.0,0.0,0.0,0.0
2021-10-24,0.0,0.0,0.0,0.0,0.0
2021-10-25,0.0,0.0,0.0,0.0,0.0
2021-10-26,0.0,0.0,0.0,0.0,0.0
2021-10-27,0.0,0.0,0.0,0.0,0.0
2021-10-28,0.0,0.0,0.0,0.0,0.0
2021-10-29,0.0,0.0,0.0,0.0,0.0
2021-10-30,0.0,0.0,0.0,0.0,0.0
2021-10-31,0.0,0.0,0.0,0.0,0.0
2021-11-01,0.0,0.0,0.0,0.0,0.0
2021-11-02,0.0,0.0,0.0,0.0,0.0
2021-11-03,0.0,0.0,0.0,0.0,0.0
2021-11-04,0.0,0.0,0.0,0.0,0.0
2021-11-05,0.0,0.0,0.0,0.0,0.0
2021-11-06,5.2273,0.0,1.4068,0.0,1.6585
2021-11-07,1.0066,5.0659,0.678,1.6321,2.0957
2021-11-08,0.0,0.0,0.0,0.0,0.0
2021-11-09,0.0,0.0,0.0,0.0,0.0
2021-11-10,0.0,0.0,0.0,0.0,0.0
2021-11-11,0.0,0.0,0.0,0.0,0.0
2021-11-12,0.0,0.0,0.0,0.0,0.0
2021-11-13,0.0,0.0,0.0,0.0,0.0
2021-11-14,0.0,0.0,0.0,0.0,0.0
2021-11-15,0.0,0.0,0.0,0.0,0.0
2021-11-16,0.0,0.0,0.0,0.0,0.0
2021-11-17,0.0,0.0,0.0,0.0,0.0
2021-11-18,3.312,0.0,2.1011,0.832,1.5613
2021-11-19,1.822,0.0,0.6813,1.797,1.0751
2021-11-20,0.0,0.0,0.0,0.0,0.0
2021-11-21,0.7423,0.0,0.174,0.3427,0.3147
2021-11-22,11.4033,17.6788,19.9507,27.2269,19.0649
2021-11-23,0.0,0.0,0.0,0.0,0.0
2021-11-24,0.0,0.0,0.0,0.0,0.0
2021-11-25,0.0,0.0,0.0,0.0,0.0
2021-11-26,0.0,0.0,0.0,0.0,0.0
2021-11-27,0.0,0.0,0.0,0.0,0.0
2021-11-28,0.0,0.0,0.0,0.0,0.0
2021-11-29,0.0,0.0,0.0,0.0,0.0
2021-11-30,0.0,0.0,0.0,0.0,0.0
2021-12-01,0.7843,0.0,0.565,0.4701,0.4548
2021-12-02,84.4655,84.1,70.0958,59.2926,74.4885
2021-12-03,4.7947,1.2465,4.1842,2.4285,3.1635
2021-12-04,0.0,0.1041,0.0,0.0,0.026
2021-12-05,0.0,0.0,0.0,0.0,0.0
2021-12-06,0.0,0.0,0.0,0.0,0.0
2021-12-07,0.0,0.0,0.0,0.0,0.0
2021-12-08,0.0,0.0,0.0,0.0,0.0
2021-12-09,0.0,0.0,0.0,0.0,0.0
2021-12-10,0.0,0.0,0.0,0.0,0.0
2021-12-11,0.0,0.0,0.0,0.0,0.0
2021-12-12,0.0,0.0,0.0,0.0,0.0
2021-12-13,0.0,0.0,0.0,0.0,0.0
2021-12-14,0.0,0.0,0.0,0.0,0.0
2021-12-15,0.0,0.0,0.0,0.0,0.0
2021-12-16,0.0,0.0,0.0,0.0,0.0
2021-12-17,0.0,0.0,0.0,0.0,0.0
2021-12-18,0.0,0.0,0.0,0.0,0.0
2021-12-19,0.0,0.0,0.0,0.0,0.0
2021-12-20,0.0,0.0,0.0,0.0,0.0
2021-12-21,0.0,0.0,0.0,0.0,0.0
2021-12-22,0.0,0.0,0.0,0.0,0.0
2021-12-23,0.0,0.0,0.0,0.0,0.0
2021-12-24,0.0,0.0,0.0,0.0,0.0
2021-12-25,0.0,0.0,0.0,0.0,0.0
2021-12-26,0.0,0.0,0.0,0.0,0.0
2021-12-27,0.0,0.0,0.0,0.0,0.0
2021-12-28,0.0,0.0,0.0,0.0,0.0
2021-12-29,0.0,0.0,0.0,0.0,0.0
2021-12-30,0.0,0.0,0.0,0.0,0.0
2021-12-31,0.0,0.0,0.0,0.0,0.0
2022-01-01,0.0,0.0,0.0,0.0,0.0
2022-01-02,0.0,0.0,0.0,0.0,0.0
2022-01-03,0.0,0.0,0.0,0.0,0.0
2022-01-04,0.0,0.0,0.0,0.0,0.0
2022-01-05,0.0,0.0,0.0,0.0,0.0
2022-01-06,0.0,0.0,0.0,0.0,0.0
2022-01-07,0.0,0.0,0.0,0.0,0.0
2022-01-08,0.0,0.0,0.0,0.0,0.0
2022-01-09,1.6138,0.0,2.2615,0.0,0.9688
2022-01-10,0.0,0.0,0.0,0.0,0.0
2022-01-11,0.0,0.0,0.0,0.0,0.0
2022-01-12,0.0,0.0,0.0,0.0,0.0
2022-01-13,0.0,0.0,0.0,0.0,0.0
2022-01-14,0.0,0.0,0.0,0.0,0.0
2022-01-15,0.0,0.0,0.0,0.0,0.0
2022-01-16,0.0,0.0,0.0,0.0,0.0
2022-01-17,0.0,0.0,0.0,0.0,0.0
2022-01-18,0.0,0.0,0.0,0.0,0.0
2022-01-19,0.0,0.0,0.0,0.0,0.0
2022-01-20,0.0,0.0,0.0,0.0,0.0
2022-01-21,0.0,0.0,0.0,0.0,0.0
2022-01-22,0.0,0.0,0.0,0.0,0.0
2022-01-23,0.1212,0.0,0.2206,0.0,0.0854
2022-01-24,0.0,0.0,0.0,0.0,0.0
2022-01-25,0.0,0.0,0.0,0.0,0.0
2022-01-26,0.0,0.0,0.0,0.0,0.0
2022-01-27,0.0,0.0,0.0,0.0,0.0
2022-01-28,0.0,0.0,0.0,0.0,0.0
2022-01-29,0.0,0.0,0.0,0.0,0.0
2022-01-30,0.0,0.0,0.0,0.0,0.0
2022-01-31,0.0,0.0,0.0,0.0,0.0
2022-02-01,0.0,0.0,0.0,0.0,0.0
2022-02-02,0.0,0.0,0.0,0.0,0.0
2022-02-03,0.0,0.0,0.0,0.0,0.0
2022-02-04,0.0,0.0,0.0,0.0,0.0
2022-02-05,0.0,0.0,0.0,0.0,0.0
2022-02-06,0.0,0.0,0.0,0.0,0.0
2022-02-07,0.0,0.0,0.0,0.0,0.0
2022-02-08,0.0,0.0,0.0,0.0,0.0
2022-02-09,0.0,0.0,0.0,0.0,0.0
2022-02-10,0.0,0.0,0.0,0.0,0.0
2022-02-11,0.0,0.0,0.0,0.0,0.0
2022-02-12,0.0,0.0,0.0,0.0,0.0
2022-02-13,0.0,0.0,0.0,0.0,0.0
2022-02-14,0.0,0.0,0.0,0.0,0.0
2022-02-15,0.0,0.0,0.0,0.0,0.0
2022-02-16,0.0,0.0,0.0,0.0,0.0
2022-02-17,0.0,0.0,0.0,0.0,0.0
2022-02-18,0.0,0.0,0.0,0.0,0.0
2022-02-19,0.0,0.0,0.0,0.0,0.0
2022-02-20,0.0,0.0,0.0,0.0,0.0
2022-02-21,0.0,0.0,0.0,0.0,0.0
2022-02-22,0.0,0.0,0.0,0.0,0.0
2022-02-23,0.0,0.0,0.0,0.0,0.0
2022-02-24,0.0,0.0,0.0,0.0,0.0
2022-02-25,0.0,0.0,0.0,0.0,0.0
2022-02-26,0.0,0.0,0.0,0.0,0.0
2022-02-27,0.0,0.0,0.0,0.0,0.0
2022-02-28,0.0,0.0,0.0,0.0,0.0
2022-03-01,0.0,0.0,0.0,0.0,0.0
2022-03-02,0.0,0.0,0.0,0.0,0.0
2022-03-03,0.0,0.0,0.0,0.0,0.0
2022-03-04,0.0,0.0,0.0,0.0,0.0
2022-03-05,0.0,0.0,0.0,0.0,0.0
2022-03-06,0.0,0.0,0.0,0.0,0.0
2022-03-07,0.0,0.0,0.0,0.0,0.0
2022-03-08,0.0,0.0,0.0,0.0,0.0
2022-03-09,0.0,0.0,0.0,0.0,0.0
2022-03-10,0.0,0.0,0.0,0.0,0.0
2022-03-11,0.0,0.0,0.0,0.0,0.0
2022-03-12,0.0,0.0,0.0,0.0,0.0
2022-03-13,0.0,0.0,0.0,0.0,0.0
2022-03-14,0.0,0.0,0.0,0.0,0.0
2022-03-15,0.0,0.0,0.0,0.0,0.0
2022-03-16,0.0,0.0,0.0,0.0,0.0
2022-03-17,0.0,0.0,0.0,0.0,0.0
2022-03-18,0.0,0.0,0.0,0.0,0.0
2022-03-19,0.0,0.0,0.0,0.0,0.0
2022-03-20,0.0,0.0,0.0,0.0,0.0
2022-03-21,0.0,0.0,0.0,0.0,0.0
2022-03-22,0.0,0.0,0.0,0.0,0.0
2022-03-23,0.0,0.0,0.0,0.0,0.0
2022-03-24,0.0,0.0,0.0,0.0,0.0
2022-03-25,0.0,0.0,0.0,0.0,0.0
2022-03-26,0.0,0.0,0.0,0.0,0.0
2022-03-27,0.0,0.0,0.0,0.0,0.0
2022-03-28,0.0,0.0,0.0,0.0,0.0
2022-03-29,0.0,0.0,0.0,0.0,0.0
2022-03-30,0.0,0.0,0.0,0.0,0.0
2022-03-31,0.0,0.0,0.0,0.0,0.0
2022-04-01,0.0,0.0,0.0,0.0,0.0
2022-04-02,0.0,0.0,0.0,0.0,0.0
2022-04-03,0.0,0.0,0.0,0.0,0.0
2022-04-04,0.0,0.0,0.0,0.0,0.0
2022-04-05,0.0,0.0,0.0,0.0,0.0
2022-04-06,0.0,0.0,0.0,0.0,0.0
2022-04-07,0.0,0.0,0.0,0.0,0.0
2022-04-08,0.0,0.0,0.0,0.0,0.0
2022-04-09,0.0,0.0,0.0,0.0,0.0
2022-04-10,0.0,0.0,0.0,0.0,0.0
2022-04-11,0.0,0.0,0.0,0.0,0.0
2022-04-12,0.0,0.0,0.0,0.0,0.0
2022-04-13,0.0,0.0,0.0,0.0,0.0
2022-04-14,0.0,0.0,0.0,0.0,0.0
2022-04-15,0.0,0.0,0.0,0.0,0.0
2022-04-16,0.0,0.0,0.0,0.0,0.0
2022-04-17,0.0,0.0,0.0,0.0,0.0
2022-04-18,0.0,0.0,0.0,0.0,0.0
2022-04-19,0.0,0.0,0.0,0.0,0.0
2022-04-20,0.0,0.0,0.0,0.0,0.0
2022-04-21,0.0,0.0,0.0,0.0,0.0
2022-04-22,0.0,0.0,0.0,0.0,0.0
2022-04-23,0.0,0.0,0.0,0.0,0.0
2022-04-24,0.0,0.0,0.0,0.0,0.0
2022-04-25,0.0,0.0,0.0,0.0,0.0
2022-04-26,0.0,0.0,0.0,0.0,0.0
2022-04-27,0.0,0.0,0.0,0.0,0.0
2022-04-28,0.0,0.0,0.0,0.0,0.0
2022-04-29,0.0,0.0,0.0,0.0,0.0
2022-04-30,0.0,0.0,0.0,0.0,0.0
2022-05-01,0.0,0.0,0.0,0.0,0.0
2022-05-02,0.0,0.0,0.0,0.0,0.0
2022-05-03,0.0,0.0,0.0,0.0,0.0
2022-05-04,0.0,0.0,0.0,0.0,0.0
2022-05-05,0.0,0.0,0.0,0.0,0.0
2022-05-06,0.0,0.0,0.0,0.0,0.0
2022-05-07,0.0,0.0,0.0,0.0,0.0
2022-05-08,0.0,0.0,0.0,0.0,0.0
2022-05-09,0.0,0.0,0.0,0.0,0.0
2022-05-10,0.0,0.0,0.0,0.0,0.0
2022-05-11,0.0,0.0,0.0,0.0,0.0
2022-05-12,0.0,0.0,0.0,0.0,0.0
2022-05-13,0.0,0.0,0.0,0.0,0.0
2022-05-14,0.0,0.0,0.0,0.0,0.0
2022-05-15,0.0,0.0,0.0,0.0,0.0
2022-05-16,0.0,0.0,0.0,0.0,0.0
2022-05-17,0.0,0.0,0.0,0.0,0.0
2022-05-18,0.0,0.0,0.0,0.0,0.0
2022-05-19,0.0,0.0,0.0,0.0,0.0
2022-05-20,0.0,0.0,0.0,0.0,0.0
2022-05-21,0.0,0.0,0.0,0.0,0.0
2022-05-22,0.1212,0.0,0.2206,0.0,0.0854
2022-05-23,0.0,0.0,0.0,0.0,0.0
2022-05-24,1.7655,0.0,0.0,0.0,0.4414
2022-05-25,1.3009,0.0,0.0,0.0,0.3252
2022-05-26,0.0,0.0,0.0,0.0,0.0
2022-05-27,0.0,0.0,0.0,0.0,0.0
2022-05-28,0.0,0.0,0.0,0.0,0.0
2022-05-29,0.0,0.0,0.0,0.0,0.0
2022-05-30,0.0,0.0,0.0,0.0,0.0
2022-05-31,0.0,0.0,0.0,0.0,0.0
2022-06-01,0.0,0.0,0.0,0.0,0.0
2022-06-02,0.0,0.0,0.0,0.0,0.0
2022-06-03,0.0,0.0,0.0,0.0,0.0
2022-06-04,0.0,0.0,0.0,0.0,0.0
2022-06-05,0.0,0.0,0.0,0.0,0.0
2022-06-06,0.0,0.0,0.0,0.0,0.0
2022-06-07,0.0,0.0,0.0,0.0,0.0
2022-06-08,0.0,0.0,0.0,0.0,0.0
2022-06-09,0.4646,0.0,0.0,0.0,0.1162
2022-06-10,5.2158,0.7955,13.9386,16.1106,9.0151
2022-06-11,48.0692,15.9442,31.8105,0.391,24.0537
2022-06-12,24.968,4.3476,18.9239,1.3929,12.4081
2022-06-13,1.0686,2.1777,0.0,0.0,0.8116
2022-06-14,0.8483,0.0,1.5445,0.0,0.5982
2022-06-15,0.0,0.0,0.0,0.0,0.0
2022-06-16,13.9994,0.1621,8.8334,0.0,5.7487
2022-06-17,7.7196,1.5139,9.2335,16.1579,8.6562
2022-06-18,7.1458,0.2087,0.6653,0.1887,2.0521
2022-06-19,10.4888,8.8772,11.0511,0.0,7.6043
2022-06-20,40.3206,23.2486,12.6817,5.7577,20.5022
2022-06-21,41.4699,11.9444,32.8137,15.229,25.3643
2022-06-22,18.0404,14.4056,14.1268,10.416,14.2472
2022-06-23,4.564,6.9671,25.4846,51.9498,22.2414
2022-06-24,3.0973,3.1089,7.4946,33.0177,11.6796
2022-06-25,13.1316,22.1373,25.7345,38.3235,24.8317
2022-06-26,0.4735,0.2018,0.8484,6.6306,2.0386
2022-06-27,2.9715,0.0,3.243,0.0,1.5536
2022-06-28,10.6295,10.471,8.0168,6.2453,8.8407
2022-06-29,13.7577,13.1993,16.154,37.145,20.064
2022-06-30,44.169,8.5181,46.7356,44.2213,35.911
2022-07-01,182.3219,60.6064,124.7128,31.7733,99.8536
2022-07-02,67.0524,77.2819,101.3921,96.8126,85.6347
2022-07-03,10.117,21.4272,18.8761,24.4108,18.7078
2022-07-04,15.881,44.4851,22.4185,25.5023,27.0717
2022-07-05,126.8016,171.789,144.2302,190.7371,158.3895
2022-07-06,130.2203,150.9696,167.0808,134.4949,145.6914
2022-07-07,117.1475,148.5514,121.3353,105.0856,123.0299
2022-07-08,50.0277,132.7313,55.3684,125.693,90.9551
2022-07-09,7.8826,23.7308,8.3843,17.7637,14.4403
2022-07-10,5.9525,21.9095,27.4323,41.2553,24.1374
2022-07-11,12.972,56.9482,24.0716,46.6099,35.1504
2022-07-12,38.6755,88.7076,88.7371,148.8976,91.2545
2022-07-13,35.3034,85.7077,40.2871,71.9672,58.3163
2022-07-14,76.3072,168.7168,112.9706,136.649,123.6609
2022-07-15,59.3371,107.3996,81.4225,99.7947,86.9885
2022-07-16,19.6593,36.3968,27.2862,37.8804,30.3057
2022-07-17,20.5133,44.5929,30.1219,44.4946,34.9307
2022-07-18,6.9219,14.1897,7.8876,9.8097,9.7022
2022-07-19,9.5861,26.7682,27.4714,30.2029,23.5071
2022-07-20,9.4658,31.9822,22.452,17.6339,20.3835
2022-07-21,15.063,21.3449,21.0289,41.1829,24.6549
2022-07-22,10.9139,12.6142,2.9196,4.0998,7.6369
2022-07-23,3.4224,2.6435,4.9865,6.7943,4.4617
2022-07-24,12.7,27.3212,12.594,23.1672,18.9456
2022-07-25,6.3581,33.4426,13.895,44.467,24.5407
2022-07-26,3.7067,14.9769,7.098,13.1336,9.7288
2022-07-27,24.5148,8.3038,10.0115,3.0632,11.4733
2022-07-28,6.1516,0.4117,11.2596,3.0504,5.2183
2022-07-29,0.1978,0.0,0.0,0.0,0.0495
2022-07-30,0.1515,0.0,0.2758,0.0,0.1068
2022-07-31,0.3332,1.8271,0.6068,0.0,0.6918
2022-08-01,1.4102,2.9326,1.7537,0.0,1.5241
2022-08-02,5.6546,4.6765,8.7752,3.037,5.5358
2022-08-03,11.3989,0.8414,6.6775,6.143,6.2652
2022-08-04,9.2413,3.6546,13.8646,2.9477,7.4271
2022-08-05,16.5837,6.8283,15.5502,8.1546,11.7792
2022-08-06,20.9519,9.5572,18.9214,41.4136,22.711
2022-08-07,6.9942,15.6464,14.4664,34.3805,17.8719
2022-08-08,45.1579,73.7591,43.5106,62.638,56.2664
2022-08-09,71.0804,51.8971,94.7486,69.5304,71.8141
2022-08-10,22.8667,65.6413,42.509,22.9163,38.4833
2022-08-11,20.9687,44.9353,45.9634,72.0034,45.9677
2022-08-12,19.023,44.9631,35.4508,41.4635,35.2251
2022-08-13,16.0352,27.7804,29.2036,41.0365,28.5139
2022-08-14,12.7723,6.667,16.1603,16.2362,12.9589
2022-08-15,9.905,12.869,11.3575,17.1285,12.815
2022-08-16,10.9663,31.2196,16.9981,30.0957,22.3199
2022-08-17,35.4178,39.5183,47.5192,24.5492,36.7511
2022-08-18,12.216,12.557,14.4572,30.4791,17.4273
2022-08-19,5.7334,17.3321,5.5116,6.1968,8.6935
2022-08-20,8.8793,6.7098,19.1887,12.2017,11.7449
2022-08-21,6.3988,11.9572,6.5162,9.5124,8.5962
2022-08-22,2.2462,3.8398,3.5848,4.0521,3.4307
2022-08-23,7.6048,11.3072,10.5777,10.1504,9.91
2022-08-24,10.4226,11.328,9.4948,11.4766,10.6805
2022-08-25,3.8389,8.5499,5.0606,16.6887,8.5345
2022-08-26,2.8232,11.1851,5.4378,1.988,5.3585
2022-08-27,0.1276,0.0,0.2644,0.0,0.098
2022-08-28,0.0,3.1117,0.6425,0.0,0.9385
2022-08-29,7.484,0.0,1.7815,10.6375,4.9757
2022-08-30,0.0,0.0,0.1655,0.0,0.0414
2022-08-31,0.0,0.0,0.0,0.0,0.0
2022-09-01,4.8568,15.399,11.2733,19.5374,12.7666
2022-09-02,0.0,0.0,0.2644,0.0,0.0661
2022-09-03,2.7579,7.8876,12.1317,1.0429,5.955
2022-09-04,32.2771,0.0,52.4302,2.0075,21.6787
2022-09-05,2.4553,2.5667,4.2754,1.0751,2.5931
2022-09-06,21.9174,6.4913,0.3781,0.115,7.2254
2022-09-07,7.9271,0.0,1.3011,0.0,2.3071
2022-09-08,50.6053,70.627,47.1877,76.1277,61.1369
2022-09-09,42.6008,48.5427,88.4837,139.7568,79.846
2022-09-10,7.4003,30.1143,39.5315,100.4758,44.3805
2022-09-11,4.5346,9.7047,12.4192,15.2324,10.4727
2022-09-12,39.8394,9.0238,10.6578,20.5686,20.0224
2022-09-13,69.3102,61.6454,64.1175,6.8069,50.47
2022-09-14,28.2568,45.7636,32.287,16.9233,30.8077
2022-09-15,20.1934,49.6237,30.7263,99.8424,50.0964
2022-09-16,48.6866,94.3182,58.2467,76.3044,69.389
2022-09-17,46.4635,105.0498,53.7413,88.6852,73.4849
2022-09-18,31.0429,57.803,53.752,41.0584,45.9141
2022-09-19,15.0336,24.0169,17.9377,17.6889,18.6693
2022-09-20,8.2126,1.0731,11.7371,1.9741,5.7492
2022-09-21,7.4427,28.559,6.8398,25.9127,17.1885
2022-09-22,0.8182,1.1074,0.4851,0.0,0.6027
2022-09-23,2.9829,10.5037,8.8943,8.4972,7.7195
2022-09-24,21.532,5.6959,13.3485,0.0,10.1441
2022-09-25,1.323,1.1128,1.6198,11.7541,3.9524
2022-09-26,3.3451,0.4416,1.4344,2.5575,1.9446
2022-09-27,1.9677,0.0,1.7537,0.0,0.9304
2022-09-28,8.9789,0.0,0.2758,0.0,2.3137
2022-09-29,6.7119,0.4001,5.7917,0.0,3.2259
2022-09-30,2.1037,0.5371,1.8964,0.4143,1.2379
2022-10-01,22.8584,0.0,0.0,0.0,5.7146
2022-10-02,0.5844,15.0037,9.0956,25.6023,12.5715
2022-10-03,0.0,0.0,0.0,0.0,0.0
2022-10-04,0.0,0.0,0.0,0.0,0.0
2022-10-05,0.0,0.0,0.0,0.0,0.0
2022-10-06,0.0,0.0,0.0,0.0,0.0
2022-10-07,9.8905,14.7533,0.6068,0.0,6.3126
2022-10-08,97.3392,139.2775,103.4219,88.4838,107.1306
2022-10-09,9.816,9.7592,2.0699,2.0598,5.9262
2022-10-10,0.0,0.0,0.0,0.0,0.0
2022-10-11,0.0,0.0,0.0,0.0,0.0
2022-10-12,11.4679,39.9944,2.0652,16.5734,17.5252
2022-10-13,11.6298,0.0,29.2261,2.8679,10.9309
2022-10-14,9.7142,1.597,11.8988,6.2052,7.3538
2022-10-15,26.3569,46.4789,46.1202,34.0572,38.2533
2022-10-16,0.0,0.0,0.0,0.0,0.0
2022-10-17,0.0,0.0,0.0,0.0,0.0
2022-10-18,0.2424,3.1275,3.3371,5.3445,3.0129
2022-10-19,0.0,0.9153,0.1137,0.1426,0.2929
2022-10-20,0.7911,0.0,0.0,0.0,0.1978
2022-10-21,0.0,0.0,0.0,0.0,0.0
2022-10-22,2.8477,0.1195,5.3256,1.8097,2.5256
2022-10-23,0.0,0.0,0.0,0.0,0.0
2022-10-24,0.0,0.0,0.0,0.0,0.0
2022-10-25,0.0,0.0,0.0,0.0,0.0
2022-10-26,0.0,0.0,0.0,0.0,0.0
2022-10-27,0.0,0.0,0.0,0.0,0.0
2022-10-28,0.0,0.0,0.0,0.0,0.0
2022-10-29,0.0,0.0,0.0,0.0,0.0
2022-10-30,0.0,0.0,0.0,0.0,0.0
2022-10-31,0.0,0.0,0.0,0.0,0.0
2022-11-01,0.0,0.0,0.0,0.0,0.0
2022-11-02,0.0,0.0,0.0,0.0,0.0
2022-11-03,0.0,0.0,0.0,0.0,0.0
2022-11-04,0.0,0.0,0.0,0.0,0.0
2022-11-05,0.0,0.0,0.0,0.0,0.0
2022-11-06,0.0,0.0,0.0,0.0,0.0
2022-11-07,0.0,0.0,0.0,0.0,0.0
2022-11-08,0.0,0.0,0.0,0.0,0.0
2022-11-09,0.0,0.0,0.0,0.0,0.0
2022-11-10,0.0,0.0,0.0,0.0,0.0
2022-11-11,0.0,0.0,0.0,0.0,0.0
2022-11-12,0.0,0.0,0.0,0.0,0.0
2022-11-13,0.0,0.0,0.0,0.0,0.0
2022-11-14,0.0,0.0,0.0,0.0,0.0
2022-11-15,0.0,0.0,0.0,0.0,0.0
2022-11-16,0.0,0.0,0.0,0.0,0.0
2022-11-17,0.0,0.0,0.0,0.0,0.0
2022-11-18,0.0,0.0,0.0,0.0,0.0
2022-11-19,0.0,0.0,0.0,0.0,0.0
2022-11-20,0.0,0.0,0.0,0.0,0.0
2022-11-21,0.0,0.0,0.0,0.0,0.0
2022-11-22,0.0,0.0,0.0,0.0,0.0
2022-11-23,0.0,0.0,0.0,0.0,0.0
2022-11-24,0.0,0.0,0.0,0.0,0.0
2022-11-25,0.0,0.0,0.0,0.0,0.0
2022-11-26,0.0,0.0,0.0,0.0,0.0
2022-11-27,0.0,0.0,0.0,0.0,0.0
2022-11-28,0.0,0.0,0.0,0.0,0.0
2022-11-29,0.0,0.0,0.0,0.0,0.0
2022-11-30,0.0,0.0,0.0,0.0,0.0
2022-12-01,0.0,0.0,0.0,0.0,0.0
2022-12-02,0.0,0.0,0.0,0.0,0.0
2022-12-03,0.0,0.0,0.0,0.0,0.0
2022-12-04,0.0,0.0,0.0,0.0,0.0
2022-12-05,0.0,0.0,0.0,0.0,0.0
2022-12-06,0.0,0.0,0.0,0.0,0.0
2022-12-07,0.0,0.0,0.0,0.0,0.0
2022-12-08,0.0,0.0,0.0,0.0,0.0
2022-12-09,0.0,0.0,0.0,0.0,0.0
2022-12-10,0.0,0.0,0.0,0.0,0.0
2022-12-11,0.0,0.0,0.0,0.0,0.0
2022-12-12,0.0,0.0,0.0,0.0,0.0
2022-12-13,0.0,0.0,0.0,0.0,0.0
2022-12-14,0.0,0.0,0.0,0.0,0.0
2022-12-15,0.0,0.0,0.0,0.0,0.0
2022-12-16,0.0,0.0,0.0,0.0,0.0
2022-12-17,0.0,0.0,0.0,0.0,0.0
2022-12-18,0.0,0.0,0.0,0.0,0.0
2022-12-19,0.0,0.0,0.0,0.0,0.0
2022-12-20,0.0,0.0,0.0,0.0,0.0
2022-12-21,0.0,0.0,0.0,0.0,0.0
2022-12-22,0.0,0.0,0.0,0.0,0.0
2022-12-23,0.0,0.0,0.0,0.0,0.0
2022-12-24,0.0,0.0,0.0,0.0,0.0
2022-12-25,0.0,0.0,0.0,0.0,0.0
2022-12-26,0.0,0.0,0.0,0.0,0.0
2022-12-27,0.0,0.0,0.0,0.0,0.0
2022-12-28,0.0,0.0,0.0,0.0,0.0
2022-12-29,0.0,0.0,0.0,0.0,0.0
2022-12-30,0.0,0.0,0.0,0.0,0.0
2022-12-31,0.0,0.0,0.0,0.0,0.0
2023-01-01,0.0,0.0,0.0,0.0,0.0
2023-01-02,0.0,0.0,0.0,0.0,0.0
2023-01-03,0.0,0.0,0.0,0.0,0.0
2023-01-04,0.0,0.0,0.0,0.0,0.0
2023-01-05,0.0,0.0,0.0,0.0,0.0
2023-01-06,0.0,0.0,0.0,0.0,0.0
2023-01-07,0.0,0.0,0.0,0.0,0.0
2023-01-08,0.0,0.0,0.0,0.0,0.0
2023-01-09,0.0,0.0,0.0,0.0,0.0
2023-01-10,0.0,0.0,0.0,0.0,0.0
2023-01-11,0.0,0.0,0.0,0.0,0.0
2023-01-12,0.0,0.0,0.0,0.0,0.0
2023-01-13,0.0,0.0,0.0,0.0,0.0
2023-01-14,0.0,0.0,0.0,0.0,0.0
2023-01-15,0.0,0.0,0.0,0.0,0.0
2023-01-16,0.0,0.0,0.0,0.0,0.0
2023-01-17,0.0,0.0,0.0,0.0,0.0
2023-01-18,0.0,0.0,0.0,0.0,0.0
2023-01-19,0.0,0.0,0.0,0.0,0.0
2023-01-20,0.0,0.0,0.0,0.0,0.0
2023-01-21,0.0,0.0,0.0,0.0,0.0
2023-01-22,0.0,0.0,0.0,0.0,0.0
2023-01-23,0.0,0.0,0.0,0.0,0.0
2023-01-24,0.0,0.0,0.0,0.0,0.0
2023-01-25,0.0,0.0,0.0,0.0,0.0
2023-01-26,0.0,0.0,0.0,0.0,0.0
2023-01-27,0.0,0.0,0.0,0.0,0.0
2023-01-28,0.0,0.0,0.0,0.0,0.0
2023-01-29,0.0,0.0,0.0,0.0,0.0
2023-01-30,0.0,0.0,0.0,0.0,0.0
2023-01-31,0.0,0.0,0.0,0.0,0.0
2023-02-01,0.0,0.0,0.0,0.0,0.0
2023-02-02,0.0,0.0,0.0,0.0,0.0
2023-02-03,0.0,0.0,0.0,0.0,0.0
2023-02-04,0.0,0.0,0.0,0.0,0.0
2023-02-05,0.0,0.0,0.0,0.0,0.0
2023-02-06,0.0,0.0,0.0,0.0,0.0
2023-02-07,0.0,0.0,0.0,0.0,0.0
2023-02-08,0.0,0.0,0.0,0.0,0.0
2023-02-09,0.0,0.0,0.0,0.0,0.0
2023-02-10,0.0,0.0,0.0,0.0,0.0
2023-02-11,0.0,0.0,0.0,0.0,0.0
2023-02-12,0.0,0.0,0.0,0.0,0.0
2023-02-13,0.0,0.0,0.0,0.0,0.0
2023-02-14,0.0,0.0,0.0,0.0,0.0
2023-02-15,0.0,0.0,0.0,0.0,0.0
2023-02-16,0.0,0.0,0.0,0.0,0.0
2023-02-17,0.0,0.0,0.0,0.0,0.0
2023-02-18,0.0,0.0,0.0,0.0,0.0
2023-02-19,0.0,0.0,0.0,0.0,0.0
2023-02-20,0.0,0.0,0.0,0.0,0.0
2023-02-21,0.0,0.0,0.0,0.0,0.0
2023-02-22,0.0,0.0,0.0,0.0,0.0
2023-02-23,0.0,0.0,0.0,0.0,0.0
2023-02-24,0.0,0.0,0.0,0.0,0.0
2023-02-25,0.0,0.0,0.0,0.0,0.0
2023-02-26,0.0,0.0,0.0,0.0,0.0
2023-02-27,0.0,0.0,0.0,0.0,0.0
2023-02-28,0.0,0.0,0.0,0.0,0.0
2023-03-01,0.0,0.0,0.0,0.0,0.0
2023-03-02,0.0,0.0,0.0,0.0,0.0
2023-03-03,0.0,0.0,0.0,0.0,0.0
2023-03-04,0.0,0.0,0.0,0.0,0.0
2023-03-05,0.0,0.0,0.0,0.0,0.0
2023-03-06,0.0,0.0,0.0,0.0,0.0
2023-03-07,0.0,0.0,0.0,0.0,0.0
2023-03-08,0.0613,0.0,0.0952,0.0,0.0391
2023-03-09,0.0,0.0,0.0,0.0,0.0
2023-03-10,0.0,0.0,0.0,0.0,0.0
2023-03-11,0.0,0.0,0.0,0.0,0.0
2023-03-12,0.0,0.0,0.0,0.0,0.0
2023-03-13,0.0,0.0,0.0,0.0,0.0
2023-03-14,0.0,0.0,0.0,0.0,0.0
2023-03-15,0.0,0.0,0.0,0.0,0.0
2023-03-16,0.0,0.0,0.0,0.0,0.0
2023-03-17,0.505,0.1024,1.8159,0.0,0.6058
2023-03-18,0.0,0.0,0.0,0.0,0.0
2023-03-19,0.0,0.0,0.0,0.0,0.0
2023-03-20,0.0,1.5597,0.0,0.0,0.3899
2023-03-21,21.9957,3.2333,21.3688,2.264,12.2155
2023-03-22,0.1867,10.1378,0.0,0.0,2.5811
2023-03-23,0.0,0.0,0.0,0.0,0.0
2023-03-24,0.0,0.0,0.0,0.0,0.0
2023-03-25,0.0,0.0,0.0,0.0,0.0
2023-03-26,0.0,0.0,0.0,0.0,0.0
2023-03-27,0.0,0.0,0.0,0.0,0.0
2023-03-28,0.0,0.0,0.0,0.0,0.0
2023-03-29,0.0,0.0,0.0,0.0,0.0
2023-03-30,0.0,0.0,0.0,0.0,0.0
2023-03-31,0.0,0.0,0.0,0.0,0.0
2023-04-01,0.0,0.0,0.0,0.0131,0.0033
2023-04-02,0.0,0.0,0.0,0.0,0.0
2023-04-03,0.0,0.0,0.0,0.0,0.0
2023-04-04,0.0,0.0,0.0,0.0,0.0
2023-04-05,0.0,0.0,0.0,0.0,0.0
2023-04-06,0.0,0.0,0.0,0.0,0.0
2023-04-07,0.0,0.0,0.0,0.0,0.0
2023-04-08,0.0,0.0,0.0,0.0,0.0
2023-04-09,0.0,0.0,0.0,0.0,0.0
2023-04-10,0.0,1.1697,0.0,0.0,0.2924
2023-04-11,0.0,0.0,0.0,0.0,0.0
2023-04-12,0.0,0.0,0.0,0.0,0.0
2023-04-13,4.4778,0.0,6.9504,0.0,2.8571
2023-04-14,0.0,0.0,0.0,0.0,0.0
2023-04-15,0.0,0.0,0.0,0.0,0.0
2023-04-16,0.0,0.0,0.0,0.0,0.0
2023-04-17,0.0,0.0,0.0,0.0,0.0
2023-04-18,0.0,0.0,0.0,0.0,0.0
2023-04-19,0.0,0.0,0.0,0.0,0.0
2023-04-20,0.0,0.0,0.0,0.0,0.0
2023-04-21,0.0,0.0,0.0,0.0,0.0
2023-04-22,0.0,0.0,0.0,0.0,0.0
2023-04-23,0.0,0.0,0.0,0.0,0.0
2023-04-24,0.0,0.0,0.0,0.0,0.0
2023-04-25,0.0,0.0,0.0,0.0,0.0
2023-04-26,0.0,0.0,0.0,0.0,0.0
2023-04-27,0.0,0.0,0.0,0.0,0.0
2023-04-28,0.0,0.0,0.0,0.0,0.0
2023-04-29,0.0613,0.0,0.0952,0.0,0.0391
2023-04-30,0.7469,0.0,0.0,0.0,0.1867
2023-05-01,0.0,0.0,0.0,0.0,0.0
2023-05-02,5.7883,0.0,0.0,0.0,1.4471
2023-05-03,0.4651,0.1004,1.7336,0.0,0.5748
2023-05-04,0.0,0.0,0.0,0.0,0.0
2023-05-05,0.0,0.0,0.0,0.0,0.0
2023-05-06,0.0,0.0,0.0,0.0,0.0
2023-05-07,0.0,0.0,0.0,0.0,0.0
2023-05-08,0.0,0.0,0.0,0.0,0.0
2023-05-09,0.0,0.0,0.0,0.0,0.0
2023-05-10,0.0,0.0,0.0,0.0,0.0
2023-05-11,0.0,0.0,0.0,0.0,0.0
2023-05-12,0.0,0.0,0.0,0.0,0.0
2023-05-13,0.0,0.0,0.0,0.0,0.0
2023-05-14,0.0,0.0,0.0,0.0,0.0
2023-05-15,0.0,0.0,0.0,0.0,0.0
2023-05-16,0.0,0.0,0.0,0.0,0.0
2023-05-17,0.0,0.0,0.0,0.0,0.0
2023-05-18,0.0,0.0,0.0,0.0,0.0
2023-05-19,0.0,0.0,0.0,0.0,0.0
2023-05-20,0.0,0.0,0.0,0.0,0.0
2023-05-21,0.0,0.0,0.0,0.0,0.0
2023-05-22,0.0,0.0,0.0,0.0,0.0
2023-05-23,0.0,0.0,0.0,0.0,0.0
2023-05-24,0.0,0.0,0.0,0.0,0.0
2023-05-25,0.0,0.0,0.0,0.0,0.0
2023-05-26,3.0967,0.0,1.6186,0.0,1.1788
2023-05-27,0.1867,0.0,0.0,0.0,0.0467
2023-05-28,0.0,0.0,0.0,0.0,0.0
2023-05-29,0.0,0.0,0.0,0.0,0.0
2023-05-30,0.0,0.0,0.0,0.0,0.0
2023-05-31,0.0,0.0,0.0,0.0,0.0
2023-06-01,0.0,0.0,0.0,0.0,0.0
2023-06-02,0.0,0.0,0.0,0.0,0.0
2023-06-03,0.0,0.0,0.0,0.0,0.0
2023-06-04,0.0,0.0,0.0,0.0,0.0
2023-06-05,0.0,0.0,0.0,0.0,0.0
2023-06-06,0.0,0.0,0.0,0.0,0.0
2023-06-07,0.0,0.0,0.0,0.0,0.0
2023-06-08,0.0,0.0,0.0,0.0,0.0
2023-06-09,0.0,0.0,0.0,0.0,0.0
2023-06-10,0.0,0.0,0.0,0.0,0.0
2023-06-11,0.3268,0.0,0.0,0.0,0.0817
2023-06-12,6.1357,0.0291,1.9994,0.0,2.041
2023-06-13,0.6842,0.0,0.0476,0.0,0.183
2023-06-14,9.2214,17.8378,16.6958,9.6588,13.3534
2023-06-15,2.2857,9.8512,4.1559,4.1117,5.1011
2023-06-16,0.0,0.0577,0.4196,0.3588,0.209
2023-06-17,2.463,7.4394,3.1658,6.6408,4.9272
2023-06-18,0.2801,0.0,0.0,0.0,0.07
2023-06-19,0.0,0.0,0.4914,0.1045,0.149
2023-06-20,0.0,0.0,0.0,0.2659,0.0665
2023-06-21,0.108,0.0022,0.0,0.0,0.0275
2023-06-22,0.0,1.1697,0.0,0.0,0.2924
2023-06-23,0.0,0.0,0.0,0.0,0.0
2023-06-24,4.4631,17.9852,7.5229,5.8678,8.9597
2023-06-25,105.1719,124.8141,104.4683,46.5876,95.2605
2023-06-26,59.7241,86.0107,53.3726,48.796,61.9759
2023-06-27,65.0861,75.3706,71.4287,66.1817,69.5168
2023-06-28,29.8099,39.6682,52.8884,26.0694,37.109
2023-06-29,140.3448,90.6491,129.7011,121.8025,120.6244
2023-06-30,57.6236,72.4437,56.2988,74.7701,65.2841
2023-07-01,69.4375,96.2966,112.9818,64.8606,85.8941
2023-07-02,20.8139,60.6401,34.4869,48.7553,41.1741
2023-07-03,31.7895,39.8924,56.6074,59.5351,46.9561
2023-07-04,31.4072,21.3612,16.9366,4.147,18.463
2023-07-05,48.9764,37.3119,47.0659,3.0656,34.1049
2023-07-06,26.9715,4.7456,39.4035,4.9799,19.0251
2023-07-07,33.1293,68.1511,51.9442,31.5897,46.2036
2023-07-08,49.7976,79.3328,63.0102,62.2347,63.5938
2023-07-09,9.4707,40.7905,11.0635,19.7074,20.258
2023-07-10,11.083,10.0696,22.4522,28.7051,18.0775
2023-07-11,3.4225,3.6801,4.5672,1.9963,3.4165
2023-07-12,0.9326,2.3778,4.0215,1.5985,2.2326
2023-07-13,0.9681,7.583,3.9652,4.2974,4.2034
2023-07-14,50.0153,26.8805,35.0187,18.1592,32.5184
2023-07-15,68.4794,39.2076,57.6611,47.5062,53.2136
2023-07-16,3.7662,16.6953,8.826,6.737,9.0061
2023-07-17,32.6645,58.257,24.0229,33.5217,37.1165
2023-07-18,116.5181,113.1477,89.1937,35.0075,88.4668
2023-07-19,95.3235,114.9991,75.3701,156.9939,110.6716
2023-07-20,115.6424,288.1433,140.8687,161.3092,176.4909
2023-07-21,38.2271,91.418,48.6045,51.5202,57.4425
2023-07-22,125.4389,90.1331,160.2797,112.4273,122.0697
2023-07-23,40.2449,102.6115,60.4737,80.4591,70.9473
2023-07-24,63.9188,52.5861,75.8406,37.0442,57.3474
2023-07-25,39.5613,86.1268,71.6033,73.5403,67.7079
2023-07-26,63.2909,135.3029,86.0565,65.3203,87.4926
2023-07-27,175.1645,119.7478,116.0748,36.4655,111.8632
2023-07-28,119.9717,110.4509,136.0437,147.4521,128.4796
2023-07-29,23.9138,82.2571,50.519,51.6335,52.0808
2023-07-30,15.5821,40.9171,22.76,9.5838,22.2108
2023-07-31,6.4827,20.9735,13.8311,15.3206,14.152
2023-08-01,4.6752,10.4431,10.2591,9.1327,8.6275
2023-08-02,7.1938,17.8626,4.5871,4.4344,8.5195
2023-08-03,1.2495,4.4281,8.0343,9.1231,5.7088
2023-08-04,3.7516,9.4132,9.4057,8.9913,7.8904
2023-08-05,5.1319,7.1308,7.3751,4.408,6.0114
2023-08-06,0.278,2.8631,6.3794,10.6334,5.0385
2023-08-07,1.8325,1.3332,4.5387,6.3832,3.5219
2023-08-08,1.0438,2.3668,1.6228,0.8865,1.48
2023-08-09,0.8956,8.4242,1.6574,1.069,3.0115
2023-08-10,3.2019,7.0561,1.3697,2.0259,3.4134
2023-08-11,4.3262,7.7603,5.5372,1.4115,4.7588
2023-08-12,4.2301,1.0795,2.8134,5.5536,3.4192
2023-08-13,0.6329,5.3747,3.3812,4.1844,3.3933
2023-08-14,3.9899,2.6233,6.6997,7.6197,5.2332
2023-08-15,1.2163,0.0128,5.0239,0.0,1.5633
2023-08-16,0.1623,8.4915,0.7831,1.9432,2.845
2023-08-17,1.2869,2.3504,0.7371,1.0171,1.3479
2023-08-18,1.0243,12.4773,0.6362,3.624,4.4405
2023-08-19,1.9442,4.6862,2.4432,0.0784,2.288
2023-08-20,6.7025,9.9828,2.5953,0.782,5.0156
2023-08-21,1.3549,5.9429,4.6909,6.2718,4.5651
2023-08-22,10.8685,6.2224,20.0667,6.4169,10.8936
2023-08-23,5.4529,25.4545,15.6413,18.9917,16.3851
2023-08-24,4.6736,9.3442,6.974,14.4677,8.8649
2023-08-25,6.9367,14.7532,7.376,6.1874,8.8133
2023-08-26,21.9203,24.9691,37.5661,37.5973,30.5132
2023-08-27,23.0901,24.3132,21.4714,8.8963,19.4428
2023-08-28,19.3233,38.1644,21.2273,16.8279,23.8857
2023-08-29,5.6582,0.0526,7.4197,1.9266,3.7643
2023-08-30,0.2147,0.0,0.3332,0.0,0.137
2023-08-31,0.0,0.0,0.0,0.0,0.0
2023-09-01,1.1801,0.0182,0.0,0.1045,0.3257
2023-09-02,26.7208,34.2237,11.9619,0.0,18.2266
2023-09-03,17.9278,13.8354,19.9433,10.4741,15.5452
2023-09-04,2.9642,0.0135,1.1848,3.5458,1.9271
2023-09-05,0.0,0.0,0.0,2.6594,0.6649
2023-09-06,0.0307,0.0,0.0476,0.0,0.0196
2023-09-07,16.1251,5.5512,12.8029,1.7067,9.0465
2023-09-08,62.7273,128.6577,111.5562,103.46,101.6003
2023-09-09,57.6398,57.8009,65.2306,54.1356,58.7017
2023-09-10,4.007,36.8704,2.9575,0.0782,10.9783
2023-09-11,0.2325,0.6082,0.2644,0.6694,0.4436
2023-09-12,3.7008,1.5778,0.2457,0.0261,1.3876
2023-09-13,0.0613,1.7546,1.078,0.0,0.7235
2023-09-14,5.7176,4.0298,11.1182,0.046,5.2279
2023-09-15,20.4663,8.1654,38.027,0.1151,16.6935
2023-09-16,2.3401,5.0294,11.61,21.9248,10.2261
2023-09-17,2.9258,25.2035,4.7455,5.2302,9.5262
2023-09-18,19.3743,25.5688,28.2128,17.8599,22.7539
2023-09-19,10.5949,25.2844,18.8449,34.4277,22.288
2023-09-20,13.1469,5.882,13.9803,5.3653,9.5936
2023-09-21,23.0834,27.4376,14.9669,6.7068,18.0487
2023-09-22,23.7677,3.5385,11.6521,2.6809,10.4098
2023-09-23,38.0233,20.802,4.0101,5.3498,17.0463
2023-09-24,19.9097,53.6129,21.8171,31.9777,31.8294
2023-09-25,5.0662,0.1899,12.1852,29.8513,11.8231
2023-09-26,38.6159,26.2261,0.6818,2.8162,17.085
2023-09-27,6.0516,22.0466,7.9823,21.5275,14.402
2023-09-28,22.2312,41.8796,36.9253,61.9509,40.7467
2023-09-29,27.8315,3.2988,33.6957,7.2437,18.0174
2023-09-30,7.6136,39.2742,7.3107,2.336,14.1336
2023-10-01,18.284,15.0899,9.5614,2.9752,11.4776
2023-10-02,3.3424,10.1419,3.9828,2.028,4.8738
2023-10-03,0.0,0.0,0.0,0.0,0.0
2023-10-04,0.0,0.0,0.0,0.0,0.0
2023-10-05,0.0,0.0,0.0,0.0,0.0
2023-10-06,0.0,0.0,0.0,0.0,0.0
2023-10-07,0.0,0.0,0.0,0.0,0.0
2023-10-08,0.0,0.0,0.0,0.0,0.0
2023-10-09,0.0,0.0,0.0,0.0,0.0
2023-10-10,0.0,0.0,0.0,0.0,0.0
2023-10-11,0.0,0.0,0.0,0.0,0.0
2023-10-12,0.0,0.0,0.0,0.0,0.0
2023-10-13,0.0,0.0,0.0,0.0,0.0
2023-10-14,0.0,0.0,0.0,0.0,0.0
2023-10-15,0.0,0.0,0.0,0.0,0.0
2023-10-16,0.0,0.0,0.0,0.0,0.0
2023-10-17,0.0,0.0,0.0,0.0,0.0
2023-10-18,0.0,0.0,0.0,0.0,0.0
2023-10-19,0.0,0.0,0.0,0.0,0.0
2023-10-20,0.0,0.0,0.0,0.0,0.0
2023-10-21,0.0347,0.0,0.2644,0.0,0.0748
2023-10-22,0.0,0.0,0.0,0.0,0.0
2023-10-23,0.0,0.0,0.0,0.0,0.0
2023-10-24,0.0,0.0,0.0,0.0,0.0
2023-10-25,0.0,0.0,0.0,0.0,0.0
2023-10-26,0.0,0.0,0.0,0.0,0.0
2023-10-27,0.0,0.0,0.0,0.0,0.0
2023-10-28,0.0,0.0,0.0,0.0,0.0
2023-10-29,0.0,0.0,0.0,0.0,0.0
2023-10-30,0.0,0.0,0.0,0.0,0.0
2023-10-31,0.0,0.0,0.0,0.0,0.0
2023-11-01,0.0,0.0,0.0,0.0,0.0
2023-11-02,0.0,0.0,0.0,0.0,0.0
2023-11-03,0.0,0.0,0.0,0.0,0.0
2023-11-04,0.0,0.0,0.0,0.0,0.0
2023-11-05,0.0,0.0,0.0,0.0,0.0
2023-11-06,0.0,0.0,0.0,0.0,0.0
2023-11-07,0.0,0.0,0.0,0.0,0.0
2023-11-08,0.0,0.0,0.0,0.0,0.0
2023-11-09,16.6832,1.503,0.0,0.0,4.5465
2023-11-10,2.5572,0.9953,7.6454,16.4662,6.916
2023-11-11,0.184,0.0,0.2856,0.0,0.1174
2023-11-12,0.0,0.0,0.0,0.0,0.0
2023-11-13,0.0,0.0,0.0,0.0,0.0
2023-11-14,0.0,0.0,0.0,0.0,0.0
2023-11-15,0.0,0.0,0.0,0.0,0.0
2023-11-16,0.0,0.0,0.0,0.0,0.0
2023-11-17,0.0,0.0,0.0,0.0,0.0
2023-11-18,0.0,0.0,0.0,0.0,0.0
2023-11-19,0.0,0.0,0.0,0.0,0.0
2023-11-20,0.0,0.0,0.0,0.0,0.0
2023-11-21,0.0,0.0,0.0,0.0,0.0
2023-11-22,0.0,0.0,0.0,0.0,0.0
2023-11-23,0.0,0.0,0.0,0.0,0.0
2023-11-24,0.0,0.0,0.0,0.0,0.0
2023-11-25,0.0,0.0,0.0,0.0,0.0
2023-11-26,5.9824,0.0201,2.8222,0.0,2.2062
2023-11-27,4.4436,0.3607,4.7146,11.7481,5.3167
2023-11-28,0.9332,0.0201,0.3467,0.0,0.325
2023-11-29,0.0,0.0,0.0,0.0,0.0
2023-11-30,0.0,0.0,0.0,0.0,0.0
2023-12-01,0.0,0.0,0.0,0.0,0.0
2023-12-02,0.0,0.0,0.0,0.0,0.0
2023-12-03,0.0,0.0,0.0,0.0,0.0
2023-12-04,0.0,0.0,0.0,0.0,0.0
2023-12-05,0.0,0.0,0.0,0.0,0.0
2023-12-06,0.0,0.0,0.0,0.0,0.0
2023-12-07,0.0,0.0,0.0,0.0,0.0
2023-12-08,0.0,0.0,0.0,0.0,0.0
2023-12-09,0.0,0.0,0.0,0.0,0.0
2023-12-10,0.0,0.0,0.0,0.0,0.0
2023-12-11,0.0,0.0,0.0,0.0,0.0
2023-12-12,0.0,0.0,0.0,0.0,0.0
2023-12-13,0.0,0.0,0.0,0.0,0.0
2023-12-14,0.0,0.0,0.0,0.0,0.0
2023-12-15,0.0,0.0,0.0,0.0,0.0
2023-12-16,0.0,0.0,0.0,0.0,0.0
2023-12-17,0.0,0.0,0.0,0.0,0.0
2023-12-18,0.0,0.0,0.0,0.0,0.0
2023-12-19,0.0,0.0,0.0,0.0,0.0
2023-12-20,0.0,0.0,0.0,0.0,0.0
2023-12-21,0.0,0.0,0.0,0.0,0.0
2023-12-22,0.0,0.0,0.0,0.0,0.0
2023-12-23,0.0,0.0,0.0,0.0,0.0
2023-12-24,0.0,0.0,0.0,0.0,0.0
2023-12-25,0.0,0.0,0.0,0.0,0.0
2023-12-26,0.0,0.0,0.0,0.0,0.0
2023-12-27,0.0,0.0,0.0,0.0,0.0
2023-12-28,0.0,0.0,0.0,0.0,0.0
2023-12-29,0.0,0.0,0.0,0.0,0.0
2023-12-30,0.0,0.0,0.0,0.0,0.0
2023-12-31,0.0,0.0,0.0,0.0,0.0
